ref_area,sex,classif1,classif2,time,emp_nifl_sex_ocu_mts_rt
lso,sex_f,ocu_isco08_1,mts_aggregate_1,2019,29.106
lso,sex_f,ocu_isco08_1,mts_aggregate_1,2024,65.31
lso,sex_f,ocu_isco08_1,mts_aggregate_2,2019,29.771
lso,sex_f,ocu_isco08_1,mts_aggregate_2,2024,44.213
lso,sex_f,ocu_isco08_1,mts_aggregate_total,2019,29.477
lso,sex_f,ocu_isco08_1,mts_aggregate_total,2024,54.319
lso,sex_f,ocu_isco08_1,mts_details_mrd,2019,29.771
lso,sex_f,ocu_isco08_1,mts_details_mrd,2024,46.241
lso,sex_f,ocu_isco08_1,mts_details_sgle,2024,71.406
lso,sex_f,ocu_isco08_1,mts_details_total,2019,29.477
lso,sex_f,ocu_isco08_1,mts_details_total,2024,54.319
lso,sex_f,ocu_isco08_1,mts_details_wid,2019,26.906
lso,sex_f,ocu_isco08_1,mts_details_wid,2024,62.259
lso,sex_f,ocu_isco08_2,mts_aggregate_1,2019,27.581
lso,sex_f,ocu_isco08_2,mts_aggregate_1,2024,32.935
lso,sex_f,ocu_isco08_2,mts_aggregate_2,2019,20.102
lso,sex_f,ocu_isco08_2,mts_aggregate_2,2024,22.679
lso,sex_f,ocu_isco08_2,mts_aggregate_total,2019,23.049
lso,sex_f,ocu_isco08_2,mts_aggregate_total,2024,27.3
lso,sex_f,ocu_isco08_2,mts_details_mrd,2019,20.207
lso,sex_f,ocu_isco08_2,mts_details_mrd,2024,22.119
lso,sex_f,ocu_isco08_2,mts_details_sep,2019,22.864
lso,sex_f,ocu_isco08_2,mts_details_sep,2024,27.288
lso,sex_f,ocu_isco08_2,mts_details_sgle,2019,33.753
lso,sex_f,ocu_isco08_2,mts_details_sgle,2024,43.061
lso,sex_f,ocu_isco08_2,mts_details_total,2019,23.049
lso,sex_f,ocu_isco08_2,mts_details_total,2024,27.3
lso,sex_f,ocu_isco08_2,mts_details_wid,2019,24.902
lso,sex_f,ocu_isco08_2,mts_details_wid,2024,27.464
lso,sex_f,ocu_isco08_3,mts_aggregate_1,2019,49.176
lso,sex_f,ocu_isco08_3,mts_aggregate_1,2024,72.804
lso,sex_f,ocu_isco08_3,mts_aggregate_2,2019,53.211
lso,sex_f,ocu_isco08_3,mts_aggregate_2,2024,53.484
lso,sex_f,ocu_isco08_3,mts_aggregate_total,2019,51.371
lso,sex_f,ocu_isco08_3,mts_aggregate_total,2024,64.172
lso,sex_f,ocu_isco08_3,mts_details_mrd,2019,52.613
lso,sex_f,ocu_isco08_3,mts_details_mrd,2024,53.484
lso,sex_f,ocu_isco08_3,mts_details_sep,2024,62.021
lso,sex_f,ocu_isco08_3,mts_details_sgle,2019,55.467
lso,sex_f,ocu_isco08_3,mts_details_sgle,2024,75.477
lso,sex_f,ocu_isco08_3,mts_details_total,2019,51.371
lso,sex_f,ocu_isco08_3,mts_details_total,2024,64.172
lso,sex_f,ocu_isco08_3,mts_details_wid,2019,45.486
lso,sex_f,ocu_isco08_3,mts_details_wid,2024,74.314
lso,sex_f,ocu_isco08_4,mts_aggregate_1,2019,62.714
lso,sex_f,ocu_isco08_4,mts_aggregate_1,2024,63.789
lso,sex_f,ocu_isco08_4,mts_aggregate_2,2019,55.225
lso,sex_f,ocu_isco08_4,mts_aggregate_2,2024,51.354
lso,sex_f,ocu_isco08_4,mts_aggregate_total,2019,59.254
lso,sex_f,ocu_isco08_4,mts_aggregate_total,2024,59.158
lso,sex_f,ocu_isco08_4,mts_details_mrd,2019,55.225
lso,sex_f,ocu_isco08_4,mts_details_mrd,2024,51.354
lso,sex_f,ocu_isco08_4,mts_details_sep,2019,53.326
lso,sex_f,ocu_isco08_4,mts_details_sep,2024,75.824
lso,sex_f,ocu_isco08_4,mts_details_sgle,2019,68.211
lso,sex_f,ocu_isco08_4,mts_details_sgle,2024,70.416
lso,sex_f,ocu_isco08_4,mts_details_total,2019,59.254
lso,sex_f,ocu_isco08_4,mts_details_total,2024,59.158
lso,sex_f,ocu_isco08_4,mts_details_wid,2019,61.033
lso,sex_f,ocu_isco08_4,mts_details_wid,2024,41.059
lso,sex_f,ocu_isco08_5,mts_aggregate_1,2019,86.208
lso,sex_f,ocu_isco08_5,mts_aggregate_1,2024,89.176
lso,sex_f,ocu_isco08_5,mts_aggregate_2,2019,80.93
lso,sex_f,ocu_isco08_5,mts_aggregate_2,2024,85.293
lso,sex_f,ocu_isco08_5,mts_aggregate_total,2019,83.559
lso,sex_f,ocu_isco08_5,mts_aggregate_total,2024,87.43
lso,sex_f,ocu_isco08_5,mts_details_mrd,2019,80.757
lso,sex_f,ocu_isco08_5,mts_details_mrd,2024,85.354
lso,sex_f,ocu_isco08_5,mts_details_sep,2019,88.595
lso,sex_f,ocu_isco08_5,mts_details_sep,2024,84.368
lso,sex_f,ocu_isco08_5,mts_details_sgle,2019,82.488
lso,sex_f,ocu_isco08_5,mts_details_sgle,2024,92.288
lso,sex_f,ocu_isco08_5,mts_details_total,2019,83.559
lso,sex_f,ocu_isco08_5,mts_details_total,2024,87.43
lso,sex_f,ocu_isco08_5,mts_details_union,2019,100
lso,sex_f,ocu_isco08_5,mts_details_wid,2019,88.07
lso,sex_f,ocu_isco08_5,mts_details_wid,2024,87.055
lso,sex_f,ocu_isco08_6,mts_aggregate_1,2019,99.246
lso,sex_f,ocu_isco08_6,mts_aggregate_1,2024,100
lso,sex_f,ocu_isco08_6,mts_aggregate_2,2019,95.314
lso,sex_f,ocu_isco08_6,mts_aggregate_2,2024,100
lso,sex_f,ocu_isco08_6,mts_aggregate_total,2019,97.326
lso,sex_f,ocu_isco08_6,mts_aggregate_total,2024,100
lso,sex_f,ocu_isco08_6,mts_details_mrd,2019,95.276
lso,sex_f,ocu_isco08_6,mts_details_mrd,2024,100
lso,sex_f,ocu_isco08_6,mts_details_sep,2019,100
lso,sex_f,ocu_isco08_6,mts_details_sep,2024,100
lso,sex_f,ocu_isco08_6,mts_details_sgle,2019,98.376
lso,sex_f,ocu_isco08_6,mts_details_sgle,2024,100
lso,sex_f,ocu_isco08_6,mts_details_total,2019,97.326
lso,sex_f,ocu_isco08_6,mts_details_total,2024,100
lso,sex_f,ocu_isco08_6,mts_details_wid,2019,99.414
lso,sex_f,ocu_isco08_6,mts_details_wid,2024,100
lso,sex_f,ocu_isco08_7,mts_aggregate_1,2019,89.862
lso,sex_f,ocu_isco08_7,mts_aggregate_1,2024,96.429
lso,sex_f,ocu_isco08_7,mts_aggregate_2,2019,90.736
lso,sex_f,ocu_isco08_7,mts_aggregate_2,2024,93.152
lso,sex_f,ocu_isco08_7,mts_aggregate_total,2019,90.354
lso,sex_f,ocu_isco08_7,mts_aggregate_total,2024,94.877
lso,sex_f,ocu_isco08_7,mts_details_mrd,2019,90.516
lso,sex_f,ocu_isco08_7,mts_details_mrd,2024,93.467
lso,sex_f,ocu_isco08_7,mts_details_sep,2019,81.373
lso,sex_f,ocu_isco08_7,mts_details_sep,2024,96.1
lso,sex_f,ocu_isco08_7,mts_details_sgle,2019,97.114
lso,sex_f,ocu_isco08_7,mts_details_sgle,2024,97.608
lso,sex_f,ocu_isco08_7,mts_details_total,2019,90.354
lso,sex_f,ocu_isco08_7,mts_details_total,2024,94.877
lso,sex_f,ocu_isco08_7,mts_details_union,2019,100
lso,sex_f,ocu_isco08_7,mts_details_union,2024,84.882
lso,sex_f,ocu_isco08_7,mts_details_wid,2019,84.188
lso,sex_f,ocu_isco08_7,mts_details_wid,2024,96.037
lso,sex_f,ocu_isco08_8,mts_aggregate_1,2019,88.738
lso,sex_f,ocu_isco08_8,mts_aggregate_1,2024,85.469
lso,sex_f,ocu_isco08_8,mts_aggregate_2,2019,88.924
lso,sex_f,ocu_isco08_8,mts_aggregate_2,2024,82.313
lso,sex_f,ocu_isco08_8,mts_aggregate_total,2019,88.854
lso,sex_f,ocu_isco08_8,mts_aggregate_total,2024,83.995
lso,sex_f,ocu_isco08_8,mts_details_mrd,2019,89.034
lso,sex_f,ocu_isco08_8,mts_details_mrd,2024,82.313
lso,sex_f,ocu_isco08_8,mts_details_sep,2019,83.365
lso,sex_f,ocu_isco08_8,mts_details_sep,2024,93.385
lso,sex_f,ocu_isco08_8,mts_details_sgle,2019,88.992
lso,sex_f,ocu_isco08_8,mts_details_sgle,2024,80.218
lso,sex_f,ocu_isco08_8,mts_details_total,2019,88.854
lso,sex_f,ocu_isco08_8,mts_details_total,2024,83.995
lso,sex_f,ocu_isco08_8,mts_details_wid,2019,92.436
lso,sex_f,ocu_isco08_8,mts_details_wid,2024,83.584
lso,sex_f,ocu_isco08_9,mts_aggregate_1,2019,95.433
lso,sex_f,ocu_isco08_9,mts_aggregate_1,2024,97.016
lso,sex_f,ocu_isco08_9,mts_aggregate_2,2019,93.373
lso,sex_f,ocu_isco08_9,mts_aggregate_2,2024,95.96
lso,sex_f,ocu_isco08_9,mts_aggregate_total,2019,94.594
lso,sex_f,ocu_isco08_9,mts_aggregate_total,2024,96.613
lso,sex_f,ocu_isco08_9,mts_details_mrd,2019,93.266
lso,sex_f,ocu_isco08_9,mts_details_mrd,2024,96.179
lso,sex_f,ocu_isco08_9,mts_details_sep,2019,96.619
lso,sex_f,ocu_isco08_9,mts_details_sep,2024,97.375
lso,sex_f,ocu_isco08_9,mts_details_sgle,2019,95.793
lso,sex_f,ocu_isco08_9,mts_details_sgle,2024,98.462
lso,sex_f,ocu_isco08_9,mts_details_total,2019,94.594
lso,sex_f,ocu_isco08_9,mts_details_total,2024,96.613
lso,sex_f,ocu_isco08_9,mts_details_union,2019,100
lso,sex_f,ocu_isco08_9,mts_details_union,2024,85.187
lso,sex_f,ocu_isco08_9,mts_details_wid,2019,94.45
lso,sex_f,ocu_isco08_9,mts_details_wid,2024,95.008
lso,sex_f,ocu_isco08_total,mts_aggregate_1,2019,84.365
lso,sex_f,ocu_isco08_total,mts_aggregate_1,2024,91.872
lso,sex_f,ocu_isco08_total,mts_aggregate_2,2019,77.451
lso,sex_f,ocu_isco08_total,mts_aggregate_2,2024,87.395
lso,sex_f,ocu_isco08_total,mts_aggregate_total,2019,80.926
lso,sex_f,ocu_isco08_total,mts_aggregate_total,2024,89.9
lso,sex_f,ocu_isco08_total,mts_details_mrd,2019,77.272
lso,sex_f,ocu_isco08_total,mts_details_mrd,2024,87.464
lso,sex_f,ocu_isco08_total,mts_details_sep,2019,83.141
lso,sex_f,ocu_isco08_total,mts_details_sep,2024,90.551
lso,sex_f,ocu_isco08_total,mts_details_sgle,2019,84.054
lso,sex_f,ocu_isco08_total,mts_details_sgle,2024,92.029
lso,sex_f,ocu_isco08_total,mts_details_total,2019,80.926
lso,sex_f,ocu_isco08_total,mts_details_total,2024,89.9
lso,sex_f,ocu_isco08_total,mts_details_union,2019,92.385
lso,sex_f,ocu_isco08_total,mts_details_union,2024,82.1
lso,sex_f,ocu_isco08_total,mts_details_wid,2019,85.119
lso,sex_f,ocu_isco08_total,mts_details_wid,2024,92.393
lso,sex_f,ocu_skill_l1,mts_aggregate_1,2019,95.433
lso,sex_f,ocu_skill_l1,mts_aggregate_1,2024,97.016
lso,sex_f,ocu_skill_l1,mts_aggregate_2,2019,93.373
lso,sex_f,ocu_skill_l1,mts_aggregate_2,2024,95.96
lso,sex_f,ocu_skill_l1,mts_aggregate_total,2019,94.594
lso,sex_f,ocu_skill_l1,mts_aggregate_total,2024,96.613
lso,sex_f,ocu_skill_l1,mts_details_mrd,2019,93.266
lso,sex_f,ocu_skill_l1,mts_details_mrd,2024,96.179
lso,sex_f,ocu_skill_l1,mts_details_sep,2019,96.619
lso,sex_f,ocu_skill_l1,mts_details_sep,2024,97.375
lso,sex_f,ocu_skill_l1,mts_details_sgle,2019,95.793
lso,sex_f,ocu_skill_l1,mts_details_sgle,2024,98.462
lso,sex_f,ocu_skill_l1,mts_details_total,2019,94.594
lso,sex_f,ocu_skill_l1,mts_details_total,2024,96.613
lso,sex_f,ocu_skill_l1,mts_details_union,2019,100
lso,sex_f,ocu_skill_l1,mts_details_union,2024,85.187
lso,sex_f,ocu_skill_l1,mts_details_wid,2019,94.45
lso,sex_f,ocu_skill_l1,mts_details_wid,2024,95.008
lso,sex_f,ocu_skill_l2,mts_aggregate_1,2019,89.588
lso,sex_f,ocu_skill_l2,mts_aggregate_1,2024,94.367
lso,sex_f,ocu_skill_l2,mts_aggregate_2,2019,86.43
lso,sex_f,ocu_skill_l2,mts_aggregate_2,2024,92.966
lso,sex_f,ocu_skill_l2,mts_aggregate_total,2019,87.938
lso,sex_f,ocu_skill_l2,mts_aggregate_total,2024,93.715
lso,sex_f,ocu_skill_l2,mts_details_mrd,2019,86.318
lso,sex_f,ocu_skill_l2,mts_details_mrd,2024,93.029
lso,sex_f,ocu_skill_l2,mts_details_sep,2019,85.432
lso,sex_f,ocu_skill_l2,mts_details_sep,2024,92.544
lso,sex_f,ocu_skill_l2,mts_details_sgle,2019,87.727
lso,sex_f,ocu_skill_l2,mts_details_sgle,2024,92.713
lso,sex_f,ocu_skill_l2,mts_details_total,2019,87.938
lso,sex_f,ocu_skill_l2,mts_details_total,2024,93.715
lso,sex_f,ocu_skill_l2,mts_details_union,2019,95.728
lso,sex_f,ocu_skill_l2,mts_details_union,2024,86.769
lso,sex_f,ocu_skill_l2,mts_details_wid,2019,92.352
lso,sex_f,ocu_skill_l2,mts_details_wid,2024,96.056
lso,sex_f,ocu_skill_l3_4,mts_aggregate_1,2019,34.3
lso,sex_f,ocu_skill_l3_4,mts_aggregate_1,2024,54.676
lso,sex_f,ocu_skill_l3_4,mts_aggregate_2,2019,29.626
lso,sex_f,ocu_skill_l3_4,mts_aggregate_2,2024,36.369
lso,sex_f,ocu_skill_l3_4,mts_aggregate_total,2019,31.571
lso,sex_f,ocu_skill_l3_4,mts_aggregate_total,2024,45.433
lso,sex_f,ocu_skill_l3_4,mts_details_mrd,2019,29.494
lso,sex_f,ocu_skill_l3_4,mts_details_mrd,2024,36.34
lso,sex_f,ocu_skill_l3_4,mts_details_sep,2019,28.006
lso,sex_f,ocu_skill_l3_4,mts_details_sep,2024,41.708
lso,sex_f,ocu_skill_l3_4,mts_details_sgle,2019,39.608
lso,sex_f,ocu_skill_l3_4,mts_details_sgle,2024,63.574
lso,sex_f,ocu_skill_l3_4,mts_details_total,2019,31.571
lso,sex_f,ocu_skill_l3_4,mts_details_total,2024,45.433
lso,sex_f,ocu_skill_l3_4,mts_details_wid,2019,31.987
lso,sex_f,ocu_skill_l3_4,mts_details_wid,2024,51.207
lso,sex_f,ocu_skill_total,mts_aggregate_1,2019,84.365
lso,sex_f,ocu_skill_total,mts_aggregate_1,2024,91.872
lso,sex_f,ocu_skill_total,mts_aggregate_2,2019,77.451
lso,sex_f,ocu_skill_total,mts_aggregate_2,2024,87.395
lso,sex_f,ocu_skill_total,mts_aggregate_total,2019,80.926
lso,sex_f,ocu_skill_total,mts_aggregate_total,2024,89.9
lso,sex_f,ocu_skill_total,mts_details_mrd,2019,77.272
lso,sex_f,ocu_skill_total,mts_details_mrd,2024,87.464
lso,sex_f,ocu_skill_total,mts_details_sep,2019,83.141
lso,sex_f,ocu_skill_total,mts_details_sep,2024,90.551
lso,sex_f,ocu_skill_total,mts_details_sgle,2019,84.054
lso,sex_f,ocu_skill_total,mts_details_sgle,2024,92.029
lso,sex_f,ocu_skill_total,mts_details_total,2019,80.926
lso,sex_f,ocu_skill_total,mts_details_total,2024,89.9
lso,sex_f,ocu_skill_total,mts_details_union,2019,92.385
lso,sex_f,ocu_skill_total,mts_details_union,2024,82.1
lso,sex_f,ocu_skill_total,mts_details_wid,2019,85.119
lso,sex_f,ocu_skill_total,mts_details_wid,2024,92.393
lso,sex_m,ocu_isco08_1,mts_aggregate_1,2019,54.43
lso,sex_m,ocu_isco08_1,mts_aggregate_1,2024,47.951
lso,sex_m,ocu_isco08_1,mts_aggregate_2,2019,24.106
lso,sex_m,ocu_isco08_1,mts_aggregate_2,2024,46.405
lso,sex_m,ocu_isco08_1,mts_aggregate_total,2019,28.745
lso,sex_m,ocu_isco08_1,mts_aggregate_total,2024,46.79
lso,sex_m,ocu_isco08_1,mts_details_mrd,2019,24.356
lso,sex_m,ocu_isco08_1,mts_details_mrd,2024,46.808
lso,sex_m,ocu_isco08_1,mts_details_sep,2024,46.402
lso,sex_m,ocu_isco08_1,mts_details_sgle,2024,48.359
lso,sex_m,ocu_isco08_1,mts_details_total,2019,28.745
lso,sex_m,ocu_isco08_1,mts_details_total,2024,46.79
lso,sex_m,ocu_isco08_1,mts_details_wid,2019,72.935
lso,sex_m,ocu_isco08_2,mts_aggregate_1,2019,31.318
lso,sex_m,ocu_isco08_2,mts_aggregate_1,2024,49.624
lso,sex_m,ocu_isco08_2,mts_aggregate_2,2019,26.257
lso,sex_m,ocu_isco08_2,mts_aggregate_2,2024,32.984
lso,sex_m,ocu_isco08_2,mts_aggregate_total,2019,27.406
lso,sex_m,ocu_isco08_2,mts_aggregate_total,2024,37.736
lso,sex_m,ocu_isco08_2,mts_details_mrd,2019,25.568
lso,sex_m,ocu_isco08_2,mts_details_mrd,2024,33.727
lso,sex_m,ocu_isco08_2,mts_details_sgle,2019,37.21
lso,sex_m,ocu_isco08_2,mts_details_sgle,2024,66.218
lso,sex_m,ocu_isco08_2,mts_details_total,2019,27.406
lso,sex_m,ocu_isco08_2,mts_details_total,2024,37.736
lso,sex_m,ocu_isco08_3,mts_aggregate_1,2019,39.042
lso,sex_m,ocu_isco08_3,mts_aggregate_1,2024,75.226
lso,sex_m,ocu_isco08_3,mts_aggregate_2,2019,36.864
lso,sex_m,ocu_isco08_3,mts_aggregate_2,2024,54.745
lso,sex_m,ocu_isco08_3,mts_aggregate_total,2019,37.357
lso,sex_m,ocu_isco08_3,mts_aggregate_total,2024,60.922
lso,sex_m,ocu_isco08_3,mts_details_mrd,2019,35.698
lso,sex_m,ocu_isco08_3,mts_details_mrd,2024,55.887
lso,sex_m,ocu_isco08_3,mts_details_sep,2024,65.015
lso,sex_m,ocu_isco08_3,mts_details_sgle,2019,49.157
lso,sex_m,ocu_isco08_3,mts_details_sgle,2024,71.072
lso,sex_m,ocu_isco08_3,mts_details_total,2019,37.357
lso,sex_m,ocu_isco08_3,mts_details_total,2024,60.922
lso,sex_m,ocu_isco08_3,mts_details_wid,2019,36.364
lso,sex_m,ocu_isco08_3,mts_details_wid,2024,100
lso,sex_m,ocu_isco08_4,mts_aggregate_1,2019,53.068
lso,sex_m,ocu_isco08_4,mts_aggregate_1,2024,69.934
lso,sex_m,ocu_isco08_4,mts_aggregate_2,2019,45.609
lso,sex_m,ocu_isco08_4,mts_aggregate_2,2024,57.875
lso,sex_m,ocu_isco08_4,mts_aggregate_total,2019,47.706
lso,sex_m,ocu_isco08_4,mts_aggregate_total,2024,61.32
lso,sex_m,ocu_isco08_4,mts_details_mrd,2019,45.609
lso,sex_m,ocu_isco08_4,mts_details_mrd,2024,57.875
lso,sex_m,ocu_isco08_4,mts_details_sgle,2019,50.508
lso,sex_m,ocu_isco08_4,mts_details_sgle,2024,63.737
lso,sex_m,ocu_isco08_4,mts_details_total,2019,47.706
lso,sex_m,ocu_isco08_4,mts_details_total,2024,61.32
lso,sex_m,ocu_isco08_5,mts_aggregate_1,2019,76.556
lso,sex_m,ocu_isco08_5,mts_aggregate_1,2024,84.021
lso,sex_m,ocu_isco08_5,mts_aggregate_2,2019,63.441
lso,sex_m,ocu_isco08_5,mts_aggregate_2,2024,72.931
lso,sex_m,ocu_isco08_5,mts_aggregate_total,2019,67.786
lso,sex_m,ocu_isco08_5,mts_aggregate_total,2024,77.045
lso,sex_m,ocu_isco08_5,mts_details_mrd,2019,63.214
lso,sex_m,ocu_isco08_5,mts_details_mrd,2024,73.184
lso,sex_m,ocu_isco08_5,mts_details_sep,2019,67.047
lso,sex_m,ocu_isco08_5,mts_details_sep,2024,69.147
lso,sex_m,ocu_isco08_5,mts_details_sgle,2019,82.193
lso,sex_m,ocu_isco08_5,mts_details_sgle,2024,88.707
lso,sex_m,ocu_isco08_5,mts_details_total,2019,67.786
lso,sex_m,ocu_isco08_5,mts_details_total,2024,77.045
lso,sex_m,ocu_isco08_5,mts_details_wid,2019,60.883
lso,sex_m,ocu_isco08_5,mts_details_wid,2024,80.912
lso,sex_m,ocu_isco08_6,mts_aggregate_1,2019,99.314
lso,sex_m,ocu_isco08_6,mts_aggregate_1,2024,99.702
lso,sex_m,ocu_isco08_6,mts_aggregate_2,2019,98.882
lso,sex_m,ocu_isco08_6,mts_aggregate_2,2024,99.942
lso,sex_m,ocu_isco08_6,mts_aggregate_total,2019,99.092
lso,sex_m,ocu_isco08_6,mts_aggregate_total,2024,99.814
lso,sex_m,ocu_isco08_6,mts_details_mrd,2019,98.88
lso,sex_m,ocu_isco08_6,mts_details_mrd,2024,99.942
lso,sex_m,ocu_isco08_6,mts_details_sep,2019,99.272
lso,sex_m,ocu_isco08_6,mts_details_sep,2024,99.779
lso,sex_m,ocu_isco08_6,mts_details_sgle,2019,99.434
lso,sex_m,ocu_isco08_6,mts_details_sgle,2024,99.676
lso,sex_m,ocu_isco08_6,mts_details_total,2019,99.092
lso,sex_m,ocu_isco08_6,mts_details_total,2024,99.814
lso,sex_m,ocu_isco08_6,mts_details_union,2024,100
lso,sex_m,ocu_isco08_6,mts_details_wid,2019,98.725
lso,sex_m,ocu_isco08_6,mts_details_wid,2024,99.736
lso,sex_m,ocu_isco08_7,mts_aggregate_1,2019,93.054
lso,sex_m,ocu_isco08_7,mts_aggregate_1,2024,97.886
lso,sex_m,ocu_isco08_7,mts_aggregate_2,2019,84.207
lso,sex_m,ocu_isco08_7,mts_aggregate_2,2024,92.099
lso,sex_m,ocu_isco08_7,mts_aggregate_total,2019,87.285
lso,sex_m,ocu_isco08_7,mts_aggregate_total,2024,94.23
lso,sex_m,ocu_isco08_7,mts_details_mrd,2019,84.023
lso,sex_m,ocu_isco08_7,mts_details_mrd,2024,92.216
lso,sex_m,ocu_isco08_7,mts_details_sep,2019,94.767
lso,sex_m,ocu_isco08_7,mts_details_sep,2024,99.25
lso,sex_m,ocu_isco08_7,mts_details_sgle,2019,93.882
lso,sex_m,ocu_isco08_7,mts_details_sgle,2024,98.342
lso,sex_m,ocu_isco08_7,mts_details_total,2019,87.285
lso,sex_m,ocu_isco08_7,mts_details_total,2024,94.23
lso,sex_m,ocu_isco08_7,mts_details_union,2019,100
lso,sex_m,ocu_isco08_7,mts_details_union,2024,87.892
lso,sex_m,ocu_isco08_7,mts_details_wid,2019,87.463
lso,sex_m,ocu_isco08_7,mts_details_wid,2024,92.711
lso,sex_m,ocu_isco08_8,mts_aggregate_1,2019,78.627
lso,sex_m,ocu_isco08_8,mts_aggregate_1,2024,83.223
lso,sex_m,ocu_isco08_8,mts_aggregate_2,2019,63.65
lso,sex_m,ocu_isco08_8,mts_aggregate_2,2024,56.23
lso,sex_m,ocu_isco08_8,mts_aggregate_total,2019,66.801
lso,sex_m,ocu_isco08_8,mts_aggregate_total,2024,62.571
lso,sex_m,ocu_isco08_8,mts_details_mrd,2019,63.533
lso,sex_m,ocu_isco08_8,mts_details_mrd,2024,55.789
lso,sex_m,ocu_isco08_8,mts_details_sep,2019,74.924
lso,sex_m,ocu_isco08_8,mts_details_sep,2024,78.74
lso,sex_m,ocu_isco08_8,mts_details_sgle,2019,86.328
lso,sex_m,ocu_isco08_8,mts_details_sgle,2024,92.362
lso,sex_m,ocu_isco08_8,mts_details_total,2019,66.801
lso,sex_m,ocu_isco08_8,mts_details_total,2024,62.571
lso,sex_m,ocu_isco08_8,mts_details_union,2024,77.267
lso,sex_m,ocu_isco08_8,mts_details_wid,2019,49.679
lso,sex_m,ocu_isco08_8,mts_details_wid,2024,72.685
lso,sex_m,ocu_isco08_9,mts_aggregate_1,2019,95.078
lso,sex_m,ocu_isco08_9,mts_aggregate_1,2024,99.001
lso,sex_m,ocu_isco08_9,mts_aggregate_2,2019,78.538
lso,sex_m,ocu_isco08_9,mts_aggregate_2,2024,95.406
lso,sex_m,ocu_isco08_9,mts_aggregate_total,2019,87.638
lso,sex_m,ocu_isco08_9,mts_aggregate_total,2024,97.475
lso,sex_m,ocu_isco08_9,mts_details_mrd,2019,78.371
lso,sex_m,ocu_isco08_9,mts_details_mrd,2024,95.572
lso,sex_m,ocu_isco08_9,mts_details_sep,2019,90.273
lso,sex_m,ocu_isco08_9,mts_details_sep,2024,97.686
lso,sex_m,ocu_isco08_9,mts_details_sgle,2019,97.431
lso,sex_m,ocu_isco08_9,mts_details_sgle,2024,99.486
lso,sex_m,ocu_isco08_9,mts_details_total,2019,87.638
lso,sex_m,ocu_isco08_9,mts_details_total,2024,97.475
lso,sex_m,ocu_isco08_9,mts_details_union,2019,90.434
lso,sex_m,ocu_isco08_9,mts_details_union,2024,86.97
lso,sex_m,ocu_isco08_9,mts_details_wid,2019,79.515
lso,sex_m,ocu_isco08_9,mts_details_wid,2024,97.132
lso,sex_m,ocu_isco08_total,mts_aggregate_1,2019,90.55
lso,sex_m,ocu_isco08_total,mts_aggregate_1,2024,95.15
lso,sex_m,ocu_isco08_total,mts_aggregate_2,2019,73.604
lso,sex_m,ocu_isco08_total,mts_aggregate_2,2024,82.882
lso,sex_m,ocu_isco08_total,mts_aggregate_total,2019,80.524
lso,sex_m,ocu_isco08_total,mts_aggregate_total,2024,88.537
lso,sex_m,ocu_isco08_total,mts_details_mrd,2019,73.477
lso,sex_m,ocu_isco08_total,mts_details_mrd,2024,83.117
lso,sex_m,ocu_isco08_total,mts_details_sep,2019,83.33
lso,sex_m,ocu_isco08_total,mts_details_sep,2024,90.47
lso,sex_m,ocu_isco08_total,mts_details_sgle,2019,93.284
lso,sex_m,ocu_isco08_total,mts_details_sgle,2024,96.661
lso,sex_m,ocu_isco08_total,mts_details_total,2019,80.524
lso,sex_m,ocu_isco08_total,mts_details_total,2024,88.537
lso,sex_m,ocu_isco08_total,mts_details_union,2019,88.527
lso,sex_m,ocu_isco08_total,mts_details_union,2024,69.512
lso,sex_m,ocu_isco08_total,mts_details_wid,2019,82.387
lso,sex_m,ocu_isco08_total,mts_details_wid,2024,94.557
lso,sex_m,ocu_skill_l1,mts_aggregate_1,2019,95.078
lso,sex_m,ocu_skill_l1,mts_aggregate_1,2024,99.001
lso,sex_m,ocu_skill_l1,mts_aggregate_2,2019,78.538
lso,sex_m,ocu_skill_l1,mts_aggregate_2,2024,95.406
lso,sex_m,ocu_skill_l1,mts_aggregate_total,2019,87.638
lso,sex_m,ocu_skill_l1,mts_aggregate_total,2024,97.475
lso,sex_m,ocu_skill_l1,mts_details_mrd,2019,78.371
lso,sex_m,ocu_skill_l1,mts_details_mrd,2024,95.572
lso,sex_m,ocu_skill_l1,mts_details_sep,2019,90.273
lso,sex_m,ocu_skill_l1,mts_details_sep,2024,97.686
lso,sex_m,ocu_skill_l1,mts_details_sgle,2019,97.431
lso,sex_m,ocu_skill_l1,mts_details_sgle,2024,99.486
lso,sex_m,ocu_skill_l1,mts_details_total,2019,87.638
lso,sex_m,ocu_skill_l1,mts_details_total,2024,97.475
lso,sex_m,ocu_skill_l1,mts_details_union,2019,90.434
lso,sex_m,ocu_skill_l1,mts_details_union,2024,86.97
lso,sex_m,ocu_skill_l1,mts_details_wid,2019,79.515
lso,sex_m,ocu_skill_l1,mts_details_wid,2024,97.132
lso,sex_m,ocu_skill_l2,mts_aggregate_1,2019,92.599
lso,sex_m,ocu_skill_l2,mts_aggregate_1,2024,96.354
lso,sex_m,ocu_skill_l2,mts_aggregate_2,2019,81.449
lso,sex_m,ocu_skill_l2,mts_aggregate_2,2024,85.917
lso,sex_m,ocu_skill_l2,mts_aggregate_total,2019,85.749
lso,sex_m,ocu_skill_l2,mts_aggregate_total,2024,90.517
lso,sex_m,ocu_skill_l2,mts_details_mrd,2019,81.366
lso,sex_m,ocu_skill_l2,mts_details_mrd,2024,85.982
lso,sex_m,ocu_skill_l2,mts_details_sep,2019,87.466
lso,sex_m,ocu_skill_l2,mts_details_sep,2024,93.155
lso,sex_m,ocu_skill_l2,mts_details_sgle,2019,94.489
lso,sex_m,ocu_skill_l2,mts_details_sgle,2024,97.655
lso,sex_m,ocu_skill_l2,mts_details_total,2019,85.749
lso,sex_m,ocu_skill_l2,mts_details_total,2024,90.517
lso,sex_m,ocu_skill_l2,mts_details_union,2019,95.099
lso,sex_m,ocu_skill_l2,mts_details_union,2024,81.296
lso,sex_m,ocu_skill_l2,mts_details_wid,2019,88.127
lso,sex_m,ocu_skill_l2,mts_details_wid,2024,95.115
lso,sex_m,ocu_skill_l3_4,mts_aggregate_1,2019,38.589
lso,sex_m,ocu_skill_l3_4,mts_aggregate_1,2024,60.964
lso,sex_m,ocu_skill_l3_4,mts_aggregate_2,2019,29.004
lso,sex_m,ocu_skill_l3_4,mts_aggregate_2,2024,45.564
lso,sex_m,ocu_skill_l3_4,mts_aggregate_total,2019,30.99
lso,sex_m,ocu_skill_l3_4,mts_aggregate_total,2024,49.927
lso,sex_m,ocu_skill_l3_4,mts_details_mrd,2019,28.416
lso,sex_m,ocu_skill_l3_4,mts_details_mrd,2024,46.319
lso,sex_m,ocu_skill_l3_4,mts_details_sep,2024,41.722
lso,sex_m,ocu_skill_l3_4,mts_details_sgle,2019,41.276
lso,sex_m,ocu_skill_l3_4,mts_details_sgle,2024,65.597
lso,sex_m,ocu_skill_l3_4,mts_details_total,2019,30.99
lso,sex_m,ocu_skill_l3_4,mts_details_total,2024,49.927
lso,sex_m,ocu_skill_l3_4,mts_details_wid,2019,46.917
lso,sex_m,ocu_skill_l3_4,mts_details_wid,2024,79.393
lso,sex_m,ocu_skill_total,mts_aggregate_1,2019,90.55
lso,sex_m,ocu_skill_total,mts_aggregate_1,2024,95.15
lso,sex_m,ocu_skill_total,mts_aggregate_2,2019,73.604
lso,sex_m,ocu_skill_total,mts_aggregate_2,2024,82.882
lso,sex_m,ocu_skill_total,mts_aggregate_total,2019,80.524
lso,sex_m,ocu_skill_total,mts_aggregate_total,2024,88.537
lso,sex_m,ocu_skill_total,mts_details_mrd,2019,73.477
lso,sex_m,ocu_skill_total,mts_details_mrd,2024,83.117
lso,sex_m,ocu_skill_total,mts_details_sep,2019,83.33
lso,sex_m,ocu_skill_total,mts_details_sep,2024,90.47
lso,sex_m,ocu_skill_total,mts_details_sgle,2019,93.284
lso,sex_m,ocu_skill_total,mts_details_sgle,2024,96.661
lso,sex_m,ocu_skill_total,mts_details_total,2019,80.524
lso,sex_m,ocu_skill_total,mts_details_total,2024,88.537
lso,sex_m,ocu_skill_total,mts_details_union,2019,88.527
lso,sex_m,ocu_skill_total,mts_details_union,2024,69.512
lso,sex_m,ocu_skill_total,mts_details_wid,2019,82.387
lso,sex_m,ocu_skill_total,mts_details_wid,2024,94.557
lso,sex_t,ocu_isco08_1,mts_aggregate_1,2019,39.341
lso,sex_t,ocu_isco08_1,mts_aggregate_1,2024,56.642
lso,sex_t,ocu_isco08_1,mts_aggregate_2,2019,25.532
lso,sex_t,ocu_isco08_1,mts_aggregate_2,2024,45.824
lso,sex_t,ocu_isco08_1,mts_aggregate_total,2019,28.992
lso,sex_t,ocu_isco08_1,mts_aggregate_total,2024,49.367
lso,sex_t,ocu_isco08_1,mts_details_mrd,2019,25.729
lso,sex_t,ocu_isco08_1,mts_details_mrd,2024,46.657
lso,sex_t,ocu_isco08_1,mts_details_sep,2019,52.174
lso,sex_t,ocu_isco08_1,mts_details_sep,2024,47.129
lso,sex_t,ocu_isco08_1,mts_details_sgle,2019,29.89
lso,sex_t,ocu_isco08_1,mts_details_sgle,2024,59.983
lso,sex_t,ocu_isco08_1,mts_details_total,2019,28.992
lso,sex_t,ocu_isco08_1,mts_details_total,2024,49.367
lso,sex_t,ocu_isco08_1,mts_details_wid,2019,45.25
lso,sex_t,ocu_isco08_1,mts_details_wid,2024,58.798
lso,sex_t,ocu_isco08_2,mts_aggregate_1,2019,28.446
lso,sex_t,ocu_isco08_2,mts_aggregate_1,2024,37.92
lso,sex_t,ocu_isco08_2,mts_aggregate_2,2019,22.564
lso,sex_t,ocu_isco08_2,mts_aggregate_2,2024,27.483
lso,sex_t,ocu_isco08_2,mts_aggregate_total,2019,24.544
lso,sex_t,ocu_isco08_2,mts_aggregate_total,2024,31.493
lso,sex_t,ocu_isco08_2,mts_details_mrd,2019,22.341
lso,sex_t,ocu_isco08_2,mts_details_mrd,2024,27.487
lso,sex_t,ocu_isco08_2,mts_details_sep,2019,20.413
lso,sex_t,ocu_isco08_2,mts_details_sep,2024,24.155
lso,sex_t,ocu_isco08_2,mts_details_sgle,2019,35.066
lso,sex_t,ocu_isco08_2,mts_details_sgle,2024,52.763
lso,sex_t,ocu_isco08_2,mts_details_total,2019,24.544
lso,sex_t,ocu_isco08_2,mts_details_total,2024,31.493
lso,sex_t,ocu_isco08_2,mts_details_wid,2019,25.038
lso,sex_t,ocu_isco08_2,mts_details_wid,2024,29.492
lso,sex_t,ocu_isco08_3,mts_aggregate_1,2019,45.993
lso,sex_t,ocu_isco08_3,mts_aggregate_1,2024,73.691
lso,sex_t,ocu_isco08_3,mts_aggregate_2,2019,43.94
lso,sex_t,ocu_isco08_3,mts_aggregate_2,2024,54.27
lso,sex_t,ocu_isco08_3,mts_aggregate_total,2019,44.65
lso,sex_t,ocu_isco08_3,mts_aggregate_total,2024,62.501
lso,sex_t,ocu_isco08_3,mts_details_mrd,2019,43.043
lso,sex_t,ocu_isco08_3,mts_details_mrd,2024,54.96
lso,sex_t,ocu_isco08_3,mts_details_sep,2019,26.376
lso,sex_t,ocu_isco08_3,mts_details_sep,2024,63.231
lso,sex_t,ocu_isco08_3,mts_details_sgle,2019,53.171
lso,sex_t,ocu_isco08_3,mts_details_sgle,2024,73.67
lso,sex_t,ocu_isco08_3,mts_details_total,2019,44.65
lso,sex_t,ocu_isco08_3,mts_details_total,2024,62.501
lso,sex_t,ocu_isco08_3,mts_details_wid,2019,43.505
lso,sex_t,ocu_isco08_3,mts_details_wid,2024,80.76
lso,sex_t,ocu_isco08_4,mts_aggregate_1,2019,60.396
lso,sex_t,ocu_isco08_4,mts_aggregate_1,2024,65.133
lso,sex_t,ocu_isco08_4,mts_aggregate_2,2019,50.56
lso,sex_t,ocu_isco08_4,mts_aggregate_2,2024,54.884
lso,sex_t,ocu_isco08_4,mts_aggregate_total,2019,54.898
lso,sex_t,ocu_isco08_4,mts_aggregate_total,2024,59.981
lso,sex_t,ocu_isco08_4,mts_details_mrd,2019,50.56
lso,sex_t,ocu_isco08_4,mts_details_mrd,2024,54.884
lso,sex_t,ocu_isco08_4,mts_details_sep,2019,55.577
lso,sex_t,ocu_isco08_4,mts_details_sep,2024,76.844
lso,sex_t,ocu_isco08_4,mts_details_sgle,2019,62.103
lso,sex_t,ocu_isco08_4,mts_details_sgle,2024,68.653
lso,sex_t,ocu_isco08_4,mts_details_total,2019,54.898
lso,sex_t,ocu_isco08_4,mts_details_total,2024,59.981
lso,sex_t,ocu_isco08_4,mts_details_wid,2019,61.033
lso,sex_t,ocu_isco08_4,mts_details_wid,2024,43.52
lso,sex_t,ocu_isco08_5,mts_aggregate_1,2019,83.203
lso,sex_t,ocu_isco08_5,mts_aggregate_1,2024,87.4
lso,sex_t,ocu_isco08_5,mts_aggregate_2,2019,72.616
lso,sex_t,ocu_isco08_5,mts_aggregate_2,2024,78.841
lso,sex_t,ocu_isco08_5,mts_aggregate_total,2019,77.175
lso,sex_t,ocu_isco08_5,mts_aggregate_total,2024,82.878
lso,sex_t,ocu_isco08_5,mts_details_mrd,2019,72.406
lso,sex_t,ocu_isco08_5,mts_details_mrd,2024,79.014
lso,sex_t,ocu_isco08_5,mts_details_sep,2019,81.767
lso,sex_t,ocu_isco08_5,mts_details_sep,2024,79.317
lso,sex_t,ocu_isco08_5,mts_details_sgle,2019,82.35
lso,sex_t,ocu_isco08_5,mts_details_sgle,2024,90.793
lso,sex_t,ocu_isco08_5,mts_details_total,2019,77.175
lso,sex_t,ocu_isco08_5,mts_details_total,2024,82.878
lso,sex_t,ocu_isco08_5,mts_details_union,2019,100
lso,sex_t,ocu_isco08_5,mts_details_union,2024,68.737
lso,sex_t,ocu_isco08_5,mts_details_wid,2019,85.052
lso,sex_t,ocu_isco08_5,mts_details_wid,2024,86.07
lso,sex_t,ocu_isco08_6,mts_aggregate_1,2019,99.295
lso,sex_t,ocu_isco08_6,mts_aggregate_1,2024,99.812
lso,sex_t,ocu_isco08_6,mts_aggregate_2,2019,97.943
lso,sex_t,ocu_isco08_6,mts_aggregate_2,2024,99.964
lso,sex_t,ocu_isco08_6,mts_aggregate_total,2019,98.608
lso,sex_t,ocu_isco08_6,mts_aggregate_total,2024,99.883
lso,sex_t,ocu_isco08_6,mts_details_mrd,2019,97.935
lso,sex_t,ocu_isco08_6,mts_details_mrd,2024,99.963
lso,sex_t,ocu_isco08_6,mts_details_sep,2019,99.484
lso,sex_t,ocu_isco08_6,mts_details_sep,2024,99.843
lso,sex_t,ocu_isco08_6,mts_details_sgle,2019,99.331
lso,sex_t,ocu_isco08_6,mts_details_sgle,2024,99.722
lso,sex_t,ocu_isco08_6,mts_details_total,2019,98.608
lso,sex_t,ocu_isco08_6,mts_details_total,2024,99.883
lso,sex_t,ocu_isco08_6,mts_details_union,2019,100
lso,sex_t,ocu_isco08_6,mts_details_union,2024,100
lso,sex_t,ocu_isco08_6,mts_details_wid,2019,99.174
lso,sex_t,ocu_isco08_6,mts_details_wid,2024,99.927
lso,sex_t,ocu_isco08_7,mts_aggregate_1,2019,92.027
lso,sex_t,ocu_isco08_7,mts_aggregate_1,2024,97.318
lso,sex_t,ocu_isco08_7,mts_aggregate_2,2019,85.813
lso,sex_t,ocu_isco08_7,mts_aggregate_2,2024,92.363
lso,sex_t,ocu_isco08_7,mts_aggregate_total,2019,88.126
lso,sex_t,ocu_isco08_7,mts_aggregate_total,2024,94.43
lso,sex_t,ocu_isco08_7,mts_details_mrd,2019,85.606
lso,sex_t,ocu_isco08_7,mts_details_mrd,2024,92.527
lso,sex_t,ocu_isco08_7,mts_details_sep,2019,90.602
lso,sex_t,ocu_isco08_7,mts_details_sep,2024,98.129
lso,sex_t,ocu_isco08_7,mts_details_sgle,2019,94.737
lso,sex_t,ocu_isco08_7,mts_details_sgle,2024,98.184
lso,sex_t,ocu_isco08_7,mts_details_total,2019,88.126
lso,sex_t,ocu_isco08_7,mts_details_total,2024,94.43
lso,sex_t,ocu_isco08_7,mts_details_union,2019,100
lso,sex_t,ocu_isco08_7,mts_details_union,2024,86.95
lso,sex_t,ocu_isco08_7,mts_details_wid,2019,85.852
lso,sex_t,ocu_isco08_7,mts_details_wid,2024,95.052
lso,sex_t,ocu_isco08_8,mts_aggregate_1,2019,84.019
lso,sex_t,ocu_isco08_8,mts_aggregate_1,2024,84.348
lso,sex_t,ocu_isco08_8,mts_aggregate_2,2019,72.089
lso,sex_t,ocu_isco08_8,mts_aggregate_2,2024,61.773
lso,sex_t,ocu_isco08_8,mts_aggregate_total,2019,75.376
lso,sex_t,ocu_isco08_8,mts_aggregate_total,2024,69.138
lso,sex_t,ocu_isco08_8,mts_details_mrd,2019,71.996
lso,sex_t,ocu_isco08_8,mts_details_mrd,2024,61.518
lso,sex_t,ocu_isco08_8,mts_details_sep,2019,79.273
lso,sex_t,ocu_isco08_8,mts_details_sep,2024,85.236
lso,sex_t,ocu_isco08_8,mts_details_sgle,2019,87.508
lso,sex_t,ocu_isco08_8,mts_details_sgle,2024,86.246
lso,sex_t,ocu_isco08_8,mts_details_total,2019,75.376
lso,sex_t,ocu_isco08_8,mts_details_total,2024,69.138
lso,sex_t,ocu_isco08_8,mts_details_union,2019,80.664
lso,sex_t,ocu_isco08_8,mts_details_union,2024,77.267
lso,sex_t,ocu_isco08_8,mts_details_wid,2019,81.655
lso,sex_t,ocu_isco08_8,mts_details_wid,2024,79.173
lso,sex_t,ocu_isco08_9,mts_aggregate_1,2019,95.256
lso,sex_t,ocu_isco08_9,mts_aggregate_1,2024,97.931
lso,sex_t,ocu_isco08_9,mts_aggregate_2,2019,85.322
lso,sex_t,ocu_isco08_9,mts_aggregate_2,2024,95.68
lso,sex_t,ocu_isco08_9,mts_aggregate_total,2019,90.991
lso,sex_t,ocu_isco08_9,mts_aggregate_total,2024,97.026
lso,sex_t,ocu_isco08_9,mts_details_mrd,2019,85.174
lso,sex_t,ocu_isco08_9,mts_details_mrd,2024,95.872
lso,sex_t,ocu_isco08_9,mts_details_sep,2019,94.328
lso,sex_t,ocu_isco08_9,mts_details_sep,2024,97.492
lso,sex_t,ocu_isco08_9,mts_details_sgle,2019,96.886
lso,sex_t,ocu_isco08_9,mts_details_sgle,2024,99.09
lso,sex_t,ocu_isco08_9,mts_details_total,2019,90.991
lso,sex_t,ocu_isco08_9,mts_details_total,2024,97.026
lso,sex_t,ocu_isco08_9,mts_details_union,2019,95.139
lso,sex_t,ocu_isco08_9,mts_details_union,2024,86.071
lso,sex_t,ocu_isco08_9,mts_details_wid,2019,91.828
lso,sex_t,ocu_isco08_9,mts_details_wid,2024,95.317
lso,sex_t,ocu_isco08_total,mts_aggregate_1,2019,87.573
lso,sex_t,ocu_isco08_total,mts_aggregate_1,2024,93.555
lso,sex_t,ocu_isco08_total,mts_aggregate_2,2019,75.097
lso,sex_t,ocu_isco08_total,mts_aggregate_2,2024,84.64
lso,sex_t,ocu_isco08_total,mts_aggregate_total,2019,80.697
lso,sex_t,ocu_isco08_total,mts_aggregate_total,2024,89.134
lso,sex_t,ocu_isco08_total,mts_details_mrd,2019,74.946
lso,sex_t,ocu_isco08_total,mts_details_mrd,2024,84.814
lso,sex_t,ocu_isco08_total,mts_details_sep,2019,83.225
lso,sex_t,ocu_isco08_total,mts_details_sep,2024,90.51
lso,sex_t,ocu_isco08_total,mts_details_sgle,2019,90.358
lso,sex_t,ocu_isco08_total,mts_details_sgle,2024,95.107
lso,sex_t,ocu_isco08_total,mts_details_total,2019,80.697
lso,sex_t,ocu_isco08_total,mts_details_total,2024,89.134
lso,sex_t,ocu_isco08_total,mts_details_union,2019,90.343
lso,sex_t,ocu_isco08_total,mts_details_union,2024,73.583
lso,sex_t,ocu_isco08_total,mts_details_wid,2019,84.474
lso,sex_t,ocu_isco08_total,mts_details_wid,2024,92.889
lso,sex_t,ocu_skill_l1,mts_aggregate_1,2019,95.256
lso,sex_t,ocu_skill_l1,mts_aggregate_1,2024,97.931
lso,sex_t,ocu_skill_l1,mts_aggregate_2,2019,85.322
lso,sex_t,ocu_skill_l1,mts_aggregate_2,2024,95.68
lso,sex_t,ocu_skill_l1,mts_aggregate_total,2019,90.991
lso,sex_t,ocu_skill_l1,mts_aggregate_total,2024,97.026
lso,sex_t,ocu_skill_l1,mts_details_mrd,2019,85.174
lso,sex_t,ocu_skill_l1,mts_details_mrd,2024,95.872
lso,sex_t,ocu_skill_l1,mts_details_sep,2019,94.328
lso,sex_t,ocu_skill_l1,mts_details_sep,2024,97.492
lso,sex_t,ocu_skill_l1,mts_details_sgle,2019,96.886
lso,sex_t,ocu_skill_l1,mts_details_sgle,2024,99.09
lso,sex_t,ocu_skill_l1,mts_details_total,2019,90.991
lso,sex_t,ocu_skill_l1,mts_details_total,2024,97.026
lso,sex_t,ocu_skill_l1,mts_details_union,2019,95.139
lso,sex_t,ocu_skill_l1,mts_details_union,2024,86.071
lso,sex_t,ocu_skill_l1,mts_details_wid,2019,91.828
lso,sex_t,ocu_skill_l1,mts_details_wid,2024,95.317
lso,sex_t,ocu_skill_l2,mts_aggregate_1,2019,91.293
lso,sex_t,ocu_skill_l2,mts_aggregate_1,2024,95.479
lso,sex_t,ocu_skill_l2,mts_aggregate_2,2019,83.166
lso,sex_t,ocu_skill_l2,mts_aggregate_2,2024,88.386
lso,sex_t,ocu_skill_l2,mts_aggregate_total,2019,86.586
lso,sex_t,ocu_skill_l2,mts_aggregate_total,2024,91.775
lso,sex_t,ocu_skill_l2,mts_details_mrd,2019,83.066
lso,sex_t,ocu_skill_l2,mts_details_mrd,2024,88.456
lso,sex_t,ocu_skill_l2,mts_details_sep,2019,86.478
lso,sex_t,ocu_skill_l2,mts_details_sep,2024,92.906
lso,sex_t,ocu_skill_l2,mts_details_sgle,2019,92.675
lso,sex_t,ocu_skill_l2,mts_details_sgle,2024,96.287
lso,sex_t,ocu_skill_l2,mts_details_total,2019,86.586
lso,sex_t,ocu_skill_l2,mts_details_total,2024,91.775
lso,sex_t,ocu_skill_l2,mts_details_union,2019,95.419
lso,sex_t,ocu_skill_l2,mts_details_union,2024,82.835
lso,sex_t,ocu_skill_l2,mts_details_wid,2019,91.17
lso,sex_t,ocu_skill_l2,mts_details_wid,2024,95.803
lso,sex_t,ocu_skill_l3_4,mts_aggregate_1,2019,35.506
lso,sex_t,ocu_skill_l3_4,mts_aggregate_1,2024,56.942
lso,sex_t,ocu_skill_l3_4,mts_aggregate_2,2019,29.305
lso,sex_t,ocu_skill_l3_4,mts_aggregate_2,2024,41.728
lso,sex_t,ocu_skill_l3_4,mts_aggregate_total,2019,31.315
lso,sex_t,ocu_skill_l3_4,mts_aggregate_total,2024,47.662
lso,sex_t,ocu_skill_l3_4,mts_details_mrd,2019,28.939
lso,sex_t,ocu_skill_l3_4,mts_details_mrd,2024,42.089
lso,sex_t,ocu_skill_l3_4,mts_details_sep,2019,25.682
lso,sex_t,ocu_skill_l3_4,mts_details_sep,2024,41.714
lso,sex_t,ocu_skill_l3_4,mts_details_sgle,2019,40.228
lso,sex_t,ocu_skill_l3_4,mts_details_sgle,2024,64.436
lso,sex_t,ocu_skill_l3_4,mts_details_total,2019,31.315
lso,sex_t,ocu_skill_l3_4,mts_details_total,2024,47.662
lso,sex_t,ocu_skill_l3_4,mts_details_union,2019,64.027
lso,sex_t,ocu_skill_l3_4,mts_details_wid,2019,34.412
lso,sex_t,ocu_skill_l3_4,mts_details_wid,2024,56.465
lso,sex_t,ocu_skill_total,mts_aggregate_1,2019,87.573
lso,sex_t,ocu_skill_total,mts_aggregate_1,2024,93.555
lso,sex_t,ocu_skill_total,mts_aggregate_2,2019,75.097
lso,sex_t,ocu_skill_total,mts_aggregate_2,2024,84.64
lso,sex_t,ocu_skill_total,mts_aggregate_total,2019,80.697
lso,sex_t,ocu_skill_total,mts_aggregate_total,2024,89.134
lso,sex_t,ocu_skill_total,mts_details_mrd,2019,74.946
lso,sex_t,ocu_skill_total,mts_details_mrd,2024,84.814
lso,sex_t,ocu_skill_total,mts_details_sep,2019,83.225
lso,sex_t,ocu_skill_total,mts_details_sep,2024,90.51
lso,sex_t,ocu_skill_total,mts_details_sgle,2019,90.358
lso,sex_t,ocu_skill_total,mts_details_sgle,2024,95.107
lso,sex_t,ocu_skill_total,mts_details_total,2019,80.697
lso,sex_t,ocu_skill_total,mts_details_total,2024,89.134
lso,sex_t,ocu_skill_total,mts_details_union,2019,90.343
lso,sex_t,ocu_skill_total,mts_details_union,2024,73.583
lso,sex_t,ocu_skill_total,mts_details_wid,2019,84.474
lso,sex_t,ocu_skill_total,mts_details_wid,2024,92.889
