ref_area,sex,classif1,classif2,time,emp_nifl_sex_age_mts_nb
ton,sex_f,age_10yrbands_total,mts_aggregate_1,2018,3.749
ton,sex_f,age_10yrbands_total,mts_aggregate_1,2021,6.221
ton,sex_f,age_10yrbands_total,mts_aggregate_1,2023,3.16
ton,sex_f,age_10yrbands_total,mts_aggregate_2,2018,7.184
ton,sex_f,age_10yrbands_total,mts_aggregate_2,2021,10.437
ton,sex_f,age_10yrbands_total,mts_aggregate_2,2023,5.353
ton,sex_f,age_10yrbands_total,mts_aggregate_total,2018,10.934
ton,sex_f,age_10yrbands_total,mts_aggregate_total,2021,16.658
ton,sex_f,age_10yrbands_total,mts_aggregate_total,2023,8.513
ton,sex_f,age_10yrbands_total,mts_details_mrd,2018,7.071
ton,sex_f,age_10yrbands_total,mts_details_mrd,2021,10.298
ton,sex_f,age_10yrbands_total,mts_details_mrd,2023,5.244
ton,sex_f,age_10yrbands_total,mts_details_sep,2018,0.376
ton,sex_f,age_10yrbands_total,mts_details_sep,2021,0.622
ton,sex_f,age_10yrbands_total,mts_details_sep,2023,0.531
ton,sex_f,age_10yrbands_total,mts_details_sgle,2018,2.344
ton,sex_f,age_10yrbands_total,mts_details_sgle,2021,4.202
ton,sex_f,age_10yrbands_total,mts_details_sgle,2023,1.827
ton,sex_f,age_10yrbands_total,mts_details_total,2018,10.934
ton,sex_f,age_10yrbands_total,mts_details_total,2021,16.658
ton,sex_f,age_10yrbands_total,mts_details_total,2023,8.513
ton,sex_f,age_10yrbands_total,mts_details_union,2018,0.113
ton,sex_f,age_10yrbands_total,mts_details_union,2021,0.138
ton,sex_f,age_10yrbands_total,mts_details_union,2023,0.109
ton,sex_f,age_10yrbands_total,mts_details_wid,2018,1.029
ton,sex_f,age_10yrbands_total,mts_details_wid,2021,1.397
ton,sex_f,age_10yrbands_total,mts_details_wid,2023,0.802
ton,sex_f,age_10yrbands_y15_24,mts_aggregate_1,2018,1.214
ton,sex_f,age_10yrbands_y15_24,mts_aggregate_1,2021,1.691
ton,sex_f,age_10yrbands_y15_24,mts_aggregate_1,2023,0.83
ton,sex_f,age_10yrbands_y15_24,mts_aggregate_2,2018,0.299
ton,sex_f,age_10yrbands_y15_24,mts_aggregate_2,2021,0.358
ton,sex_f,age_10yrbands_y15_24,mts_aggregate_2,2023,0.178
ton,sex_f,age_10yrbands_y15_24,mts_aggregate_total,2018,1.513
ton,sex_f,age_10yrbands_y15_24,mts_aggregate_total,2021,2.049
ton,sex_f,age_10yrbands_y15_24,mts_aggregate_total,2023,1.008
ton,sex_f,age_10yrbands_y15_24,mts_details_mrd,2018,0.299
ton,sex_f,age_10yrbands_y15_24,mts_details_mrd,2021,0.332
ton,sex_f,age_10yrbands_y15_24,mts_details_mrd,2023,0.178
ton,sex_f,age_10yrbands_y15_24,mts_details_sgle,2018,1.207
ton,sex_f,age_10yrbands_y15_24,mts_details_sgle,2021,1.667
ton,sex_f,age_10yrbands_y15_24,mts_details_sgle,2023,0.83
ton,sex_f,age_10yrbands_y15_24,mts_details_total,2018,1.513
ton,sex_f,age_10yrbands_y15_24,mts_details_total,2021,2.049
ton,sex_f,age_10yrbands_y15_24,mts_details_total,2023,1.008
ton,sex_f,age_10yrbands_y25_34,mts_aggregate_1,2018,0.799
ton,sex_f,age_10yrbands_y25_34,mts_aggregate_1,2021,1.793
ton,sex_f,age_10yrbands_y25_34,mts_aggregate_1,2023,0.728
ton,sex_f,age_10yrbands_y25_34,mts_aggregate_2,2018,2.089
ton,sex_f,age_10yrbands_y25_34,mts_aggregate_2,2021,2.857
ton,sex_f,age_10yrbands_y25_34,mts_aggregate_2,2023,0.94
ton,sex_f,age_10yrbands_y25_34,mts_aggregate_total,2018,2.888
ton,sex_f,age_10yrbands_y25_34,mts_aggregate_total,2021,4.65
ton,sex_f,age_10yrbands_y25_34,mts_aggregate_total,2023,1.668
ton,sex_f,age_10yrbands_y25_34,mts_details_mrd,2018,2.05
ton,sex_f,age_10yrbands_y25_34,mts_details_mrd,2021,2.801
ton,sex_f,age_10yrbands_y25_34,mts_details_mrd,2023,0.886
ton,sex_f,age_10yrbands_y25_34,mts_details_sep,2018,0.079
ton,sex_f,age_10yrbands_y25_34,mts_details_sep,2021,0.124
ton,sex_f,age_10yrbands_y25_34,mts_details_sep,2023,0.15
ton,sex_f,age_10yrbands_y25_34,mts_details_sgle,2018,0.706
ton,sex_f,age_10yrbands_y25_34,mts_details_sgle,2021,1.618
ton,sex_f,age_10yrbands_y25_34,mts_details_sgle,2023,0.578
ton,sex_f,age_10yrbands_y25_34,mts_details_total,2018,2.888
ton,sex_f,age_10yrbands_y25_34,mts_details_total,2021,4.65
ton,sex_f,age_10yrbands_y25_34,mts_details_total,2023,1.668
ton,sex_f,age_10yrbands_y25_34,mts_details_union,2018,0.039
ton,sex_f,age_10yrbands_y25_34,mts_details_union,2021,0.056
ton,sex_f,age_10yrbands_y25_34,mts_details_wid,2021,0.05
ton,sex_f,age_10yrbands_y35_44,mts_aggregate_1,2018,0.537
ton,sex_f,age_10yrbands_y35_44,mts_aggregate_1,2021,0.762
ton,sex_f,age_10yrbands_y35_44,mts_aggregate_1,2023,0.472
ton,sex_f,age_10yrbands_y35_44,mts_aggregate_2,2018,1.955
ton,sex_f,age_10yrbands_y35_44,mts_aggregate_2,2021,2.983
ton,sex_f,age_10yrbands_y35_44,mts_aggregate_2,2023,1.56
ton,sex_f,age_10yrbands_y35_44,mts_aggregate_total,2018,2.493
ton,sex_f,age_10yrbands_y35_44,mts_aggregate_total,2021,3.745
ton,sex_f,age_10yrbands_y35_44,mts_aggregate_total,2023,2.032
ton,sex_f,age_10yrbands_y35_44,mts_details_mrd,2018,1.911
ton,sex_f,age_10yrbands_y35_44,mts_details_mrd,2021,2.958
ton,sex_f,age_10yrbands_y35_44,mts_details_mrd,2023,1.531
ton,sex_f,age_10yrbands_y35_44,mts_details_sep,2018,0.137
ton,sex_f,age_10yrbands_y35_44,mts_details_sep,2021,0.25
ton,sex_f,age_10yrbands_y35_44,mts_details_sep,2023,0.148
ton,sex_f,age_10yrbands_y35_44,mts_details_sgle,2018,0.274
ton,sex_f,age_10yrbands_y35_44,mts_details_sgle,2021,0.452
ton,sex_f,age_10yrbands_y35_44,mts_details_sgle,2023,0.253
ton,sex_f,age_10yrbands_y35_44,mts_details_total,2018,2.493
ton,sex_f,age_10yrbands_y35_44,mts_details_total,2021,3.745
ton,sex_f,age_10yrbands_y35_44,mts_details_total,2023,2.032
ton,sex_f,age_10yrbands_y35_44,mts_details_wid,2018,0.126
ton,sex_f,age_10yrbands_y35_44,mts_details_wid,2021,0.06
ton,sex_f,age_10yrbands_y35_44,mts_details_wid,2023,0.071
ton,sex_f,age_10yrbands_y45_54,mts_aggregate_1,2018,0.422
ton,sex_f,age_10yrbands_y45_54,mts_aggregate_1,2021,0.545
ton,sex_f,age_10yrbands_y45_54,mts_aggregate_1,2023,0.361
ton,sex_f,age_10yrbands_y45_54,mts_aggregate_2,2018,1.791
ton,sex_f,age_10yrbands_y45_54,mts_aggregate_2,2021,2.542
ton,sex_f,age_10yrbands_y45_54,mts_aggregate_2,2023,1.587
ton,sex_f,age_10yrbands_y45_54,mts_aggregate_total,2018,2.213
ton,sex_f,age_10yrbands_y45_54,mts_aggregate_total,2021,3.087
ton,sex_f,age_10yrbands_y45_54,mts_aggregate_total,2023,1.948
ton,sex_f,age_10yrbands_y45_54,mts_details_mrd,2018,1.761
ton,sex_f,age_10yrbands_y45_54,mts_details_mrd,2021,2.51
ton,sex_f,age_10yrbands_y45_54,mts_details_mrd,2023,1.561
ton,sex_f,age_10yrbands_y45_54,mts_details_sep,2018,0.106
ton,sex_f,age_10yrbands_y45_54,mts_details_sep,2021,0.117
ton,sex_f,age_10yrbands_y45_54,mts_details_sep,2023,0.151
ton,sex_f,age_10yrbands_y45_54,mts_details_sgle,2018,0.1
ton,sex_f,age_10yrbands_y45_54,mts_details_sgle,2021,0.236
ton,sex_f,age_10yrbands_y45_54,mts_details_sgle,2023,0.052
ton,sex_f,age_10yrbands_y45_54,mts_details_total,2018,2.213
ton,sex_f,age_10yrbands_y45_54,mts_details_total,2021,3.087
ton,sex_f,age_10yrbands_y45_54,mts_details_total,2023,1.948
ton,sex_f,age_10yrbands_y45_54,mts_details_wid,2018,0.217
ton,sex_f,age_10yrbands_y45_54,mts_details_wid,2021,0.192
ton,sex_f,age_10yrbands_y45_54,mts_details_wid,2023,0.158
ton,sex_f,age_10yrbands_y55_64,mts_aggregate_1,2018,0.472
ton,sex_f,age_10yrbands_y55_64,mts_aggregate_1,2021,0.705
ton,sex_f,age_10yrbands_y55_64,mts_aggregate_1,2023,0.356
ton,sex_f,age_10yrbands_y55_64,mts_aggregate_2,2018,0.778
ton,sex_f,age_10yrbands_y55_64,mts_aggregate_2,2021,1.194
ton,sex_f,age_10yrbands_y55_64,mts_aggregate_2,2023,0.779
ton,sex_f,age_10yrbands_y55_64,mts_aggregate_total,2018,1.25
ton,sex_f,age_10yrbands_y55_64,mts_aggregate_total,2021,1.899
ton,sex_f,age_10yrbands_y55_64,mts_aggregate_total,2023,1.135
ton,sex_f,age_10yrbands_y55_64,mts_details_mrd,2018,0.778
ton,sex_f,age_10yrbands_y55_64,mts_details_mrd,2021,1.194
ton,sex_f,age_10yrbands_y55_64,mts_details_mrd,2023,0.779
ton,sex_f,age_10yrbands_y55_64,mts_details_sep,2018,0.049
ton,sex_f,age_10yrbands_y55_64,mts_details_sep,2021,0.073
ton,sex_f,age_10yrbands_y55_64,mts_details_sep,2023,0.079
ton,sex_f,age_10yrbands_y55_64,mts_details_sgle,2018,0.055
ton,sex_f,age_10yrbands_y55_64,mts_details_sgle,2021,0.102
ton,sex_f,age_10yrbands_y55_64,mts_details_sgle,2023,0.077
ton,sex_f,age_10yrbands_y55_64,mts_details_total,2018,1.25
ton,sex_f,age_10yrbands_y55_64,mts_details_total,2021,1.899
ton,sex_f,age_10yrbands_y55_64,mts_details_total,2023,1.135
ton,sex_f,age_10yrbands_y55_64,mts_details_wid,2018,0.368
ton,sex_f,age_10yrbands_y55_64,mts_details_wid,2021,0.53
ton,sex_f,age_10yrbands_y55_64,mts_details_wid,2023,0.199
ton,sex_f,age_10yrbands_yge65,mts_aggregate_1,2018,0.305
ton,sex_f,age_10yrbands_yge65,mts_aggregate_1,2021,0.725
ton,sex_f,age_10yrbands_yge65,mts_aggregate_1,2023,0.413
ton,sex_f,age_10yrbands_yge65,mts_aggregate_2,2018,0.271
ton,sex_f,age_10yrbands_yge65,mts_aggregate_2,2021,0.502
ton,sex_f,age_10yrbands_yge65,mts_aggregate_2,2023,0.309
ton,sex_f,age_10yrbands_yge65,mts_aggregate_total,2018,0.577
ton,sex_f,age_10yrbands_yge65,mts_aggregate_total,2021,1.228
ton,sex_f,age_10yrbands_yge65,mts_aggregate_total,2023,0.723
ton,sex_f,age_10yrbands_yge65,mts_details_mrd,2018,0.271
ton,sex_f,age_10yrbands_yge65,mts_details_mrd,2021,0.502
ton,sex_f,age_10yrbands_yge65,mts_details_mrd,2023,0.309
ton,sex_f,age_10yrbands_yge65,mts_details_sgle,2021,0.127
ton,sex_f,age_10yrbands_yge65,mts_details_total,2018,0.577
ton,sex_f,age_10yrbands_yge65,mts_details_total,2021,1.228
ton,sex_f,age_10yrbands_yge65,mts_details_total,2023,0.723
ton,sex_f,age_10yrbands_yge65,mts_details_wid,2018,0.303
ton,sex_f,age_10yrbands_yge65,mts_details_wid,2021,0.565
ton,sex_f,age_10yrbands_yge65,mts_details_wid,2023,0.374
ton,sex_f,age_aggregate_total,mts_aggregate_1,2018,3.749
ton,sex_f,age_aggregate_total,mts_aggregate_1,2021,6.221
ton,sex_f,age_aggregate_total,mts_aggregate_1,2023,3.16
ton,sex_f,age_aggregate_total,mts_aggregate_2,2018,7.184
ton,sex_f,age_aggregate_total,mts_aggregate_2,2021,10.437
ton,sex_f,age_aggregate_total,mts_aggregate_2,2023,5.353
ton,sex_f,age_aggregate_total,mts_aggregate_total,2018,10.934
ton,sex_f,age_aggregate_total,mts_aggregate_total,2021,16.658
ton,sex_f,age_aggregate_total,mts_aggregate_total,2023,8.513
ton,sex_f,age_aggregate_total,mts_details_mrd,2018,7.071
ton,sex_f,age_aggregate_total,mts_details_mrd,2021,10.298
ton,sex_f,age_aggregate_total,mts_details_mrd,2023,5.244
ton,sex_f,age_aggregate_total,mts_details_sep,2018,0.376
ton,sex_f,age_aggregate_total,mts_details_sep,2021,0.622
ton,sex_f,age_aggregate_total,mts_details_sep,2023,0.531
ton,sex_f,age_aggregate_total,mts_details_sgle,2018,2.344
ton,sex_f,age_aggregate_total,mts_details_sgle,2021,4.202
ton,sex_f,age_aggregate_total,mts_details_sgle,2023,1.827
ton,sex_f,age_aggregate_total,mts_details_total,2018,10.934
ton,sex_f,age_aggregate_total,mts_details_total,2021,16.658
ton,sex_f,age_aggregate_total,mts_details_total,2023,8.513
ton,sex_f,age_aggregate_total,mts_details_union,2018,0.113
ton,sex_f,age_aggregate_total,mts_details_union,2021,0.138
ton,sex_f,age_aggregate_total,mts_details_union,2023,0.109
ton,sex_f,age_aggregate_total,mts_details_wid,2018,1.029
ton,sex_f,age_aggregate_total,mts_details_wid,2021,1.397
ton,sex_f,age_aggregate_total,mts_details_wid,2023,0.802
ton,sex_f,age_aggregate_y15_24,mts_aggregate_1,2018,1.214
ton,sex_f,age_aggregate_y15_24,mts_aggregate_1,2021,1.691
ton,sex_f,age_aggregate_y15_24,mts_aggregate_1,2023,0.83
ton,sex_f,age_aggregate_y15_24,mts_aggregate_2,2018,0.299
ton,sex_f,age_aggregate_y15_24,mts_aggregate_2,2021,0.358
ton,sex_f,age_aggregate_y15_24,mts_aggregate_2,2023,0.178
ton,sex_f,age_aggregate_y15_24,mts_aggregate_total,2018,1.513
ton,sex_f,age_aggregate_y15_24,mts_aggregate_total,2021,2.049
ton,sex_f,age_aggregate_y15_24,mts_aggregate_total,2023,1.008
ton,sex_f,age_aggregate_y15_24,mts_details_mrd,2018,0.299
ton,sex_f,age_aggregate_y15_24,mts_details_mrd,2021,0.332
ton,sex_f,age_aggregate_y15_24,mts_details_mrd,2023,0.178
ton,sex_f,age_aggregate_y15_24,mts_details_sgle,2018,1.207
ton,sex_f,age_aggregate_y15_24,mts_details_sgle,2021,1.667
ton,sex_f,age_aggregate_y15_24,mts_details_sgle,2023,0.83
ton,sex_f,age_aggregate_y15_24,mts_details_total,2018,1.513
ton,sex_f,age_aggregate_y15_24,mts_details_total,2021,2.049
ton,sex_f,age_aggregate_y15_24,mts_details_total,2023,1.008
ton,sex_f,age_aggregate_y25_54,mts_aggregate_1,2018,1.758
ton,sex_f,age_aggregate_y25_54,mts_aggregate_1,2021,3.1
ton,sex_f,age_aggregate_y25_54,mts_aggregate_1,2023,1.56
ton,sex_f,age_aggregate_y25_54,mts_aggregate_2,2018,5.836
ton,sex_f,age_aggregate_y25_54,mts_aggregate_2,2021,8.383
ton,sex_f,age_aggregate_y25_54,mts_aggregate_2,2023,4.087
ton,sex_f,age_aggregate_y25_54,mts_aggregate_total,2018,7.594
ton,sex_f,age_aggregate_y25_54,mts_aggregate_total,2021,11.482
ton,sex_f,age_aggregate_y25_54,mts_aggregate_total,2023,5.647
ton,sex_f,age_aggregate_y25_54,mts_details_mrd,2018,5.723
ton,sex_f,age_aggregate_y25_54,mts_details_mrd,2021,8.269
ton,sex_f,age_aggregate_y25_54,mts_details_mrd,2023,3.977
ton,sex_f,age_aggregate_y25_54,mts_details_sep,2018,0.321
ton,sex_f,age_aggregate_y25_54,mts_details_sep,2021,0.491
ton,sex_f,age_aggregate_y25_54,mts_details_sep,2023,0.448
ton,sex_f,age_aggregate_y25_54,mts_details_sgle,2018,1.079
ton,sex_f,age_aggregate_y25_54,mts_details_sgle,2021,2.306
ton,sex_f,age_aggregate_y25_54,mts_details_sgle,2023,0.884
ton,sex_f,age_aggregate_y25_54,mts_details_total,2018,7.594
ton,sex_f,age_aggregate_y25_54,mts_details_total,2021,11.482
ton,sex_f,age_aggregate_y25_54,mts_details_total,2023,5.647
ton,sex_f,age_aggregate_y25_54,mts_details_union,2018,0.113
ton,sex_f,age_aggregate_y25_54,mts_details_union,2021,0.113
ton,sex_f,age_aggregate_y25_54,mts_details_union,2023,0.109
ton,sex_f,age_aggregate_y25_54,mts_details_wid,2018,0.358
ton,sex_f,age_aggregate_y25_54,mts_details_wid,2021,0.302
ton,sex_f,age_aggregate_y25_54,mts_details_wid,2023,0.229
ton,sex_f,age_aggregate_y55_64,mts_aggregate_1,2018,0.472
ton,sex_f,age_aggregate_y55_64,mts_aggregate_1,2021,0.705
ton,sex_f,age_aggregate_y55_64,mts_aggregate_1,2023,0.356
ton,sex_f,age_aggregate_y55_64,mts_aggregate_2,2018,0.778
ton,sex_f,age_aggregate_y55_64,mts_aggregate_2,2021,1.194
ton,sex_f,age_aggregate_y55_64,mts_aggregate_2,2023,0.779
ton,sex_f,age_aggregate_y55_64,mts_aggregate_total,2018,1.25
ton,sex_f,age_aggregate_y55_64,mts_aggregate_total,2021,1.899
ton,sex_f,age_aggregate_y55_64,mts_aggregate_total,2023,1.135
ton,sex_f,age_aggregate_y55_64,mts_details_mrd,2018,0.778
ton,sex_f,age_aggregate_y55_64,mts_details_mrd,2021,1.194
ton,sex_f,age_aggregate_y55_64,mts_details_mrd,2023,0.779
ton,sex_f,age_aggregate_y55_64,mts_details_sep,2018,0.049
ton,sex_f,age_aggregate_y55_64,mts_details_sep,2021,0.073
ton,sex_f,age_aggregate_y55_64,mts_details_sep,2023,0.079
ton,sex_f,age_aggregate_y55_64,mts_details_sgle,2018,0.055
ton,sex_f,age_aggregate_y55_64,mts_details_sgle,2021,0.102
ton,sex_f,age_aggregate_y55_64,mts_details_sgle,2023,0.077
ton,sex_f,age_aggregate_y55_64,mts_details_total,2018,1.25
ton,sex_f,age_aggregate_y55_64,mts_details_total,2021,1.899
ton,sex_f,age_aggregate_y55_64,mts_details_total,2023,1.135
ton,sex_f,age_aggregate_y55_64,mts_details_wid,2018,0.368
ton,sex_f,age_aggregate_y55_64,mts_details_wid,2021,0.53
ton,sex_f,age_aggregate_y55_64,mts_details_wid,2023,0.199
ton,sex_f,age_aggregate_yge65,mts_aggregate_1,2018,0.305
ton,sex_f,age_aggregate_yge65,mts_aggregate_1,2021,0.725
ton,sex_f,age_aggregate_yge65,mts_aggregate_1,2023,0.413
ton,sex_f,age_aggregate_yge65,mts_aggregate_2,2018,0.271
ton,sex_f,age_aggregate_yge65,mts_aggregate_2,2021,0.502
ton,sex_f,age_aggregate_yge65,mts_aggregate_2,2023,0.309
ton,sex_f,age_aggregate_yge65,mts_aggregate_total,2018,0.577
ton,sex_f,age_aggregate_yge65,mts_aggregate_total,2021,1.228
ton,sex_f,age_aggregate_yge65,mts_aggregate_total,2023,0.723
ton,sex_f,age_aggregate_yge65,mts_details_mrd,2018,0.271
ton,sex_f,age_aggregate_yge65,mts_details_mrd,2021,0.502
ton,sex_f,age_aggregate_yge65,mts_details_mrd,2023,0.309
ton,sex_f,age_aggregate_yge65,mts_details_sgle,2021,0.127
ton,sex_f,age_aggregate_yge65,mts_details_total,2018,0.577
ton,sex_f,age_aggregate_yge65,mts_details_total,2021,1.228
ton,sex_f,age_aggregate_yge65,mts_details_total,2023,0.723
ton,sex_f,age_aggregate_yge65,mts_details_wid,2018,0.303
ton,sex_f,age_aggregate_yge65,mts_details_wid,2021,0.565
ton,sex_f,age_aggregate_yge65,mts_details_wid,2023,0.374
ton,sex_f,age_ythadult_y15_24,mts_aggregate_1,2018,1.214
ton,sex_f,age_ythadult_y15_24,mts_aggregate_1,2021,1.691
ton,sex_f,age_ythadult_y15_24,mts_aggregate_1,2023,0.83
ton,sex_f,age_ythadult_y15_24,mts_aggregate_2,2018,0.299
ton,sex_f,age_ythadult_y15_24,mts_aggregate_2,2021,0.358
ton,sex_f,age_ythadult_y15_24,mts_aggregate_2,2023,0.178
ton,sex_f,age_ythadult_y15_24,mts_aggregate_total,2018,1.513
ton,sex_f,age_ythadult_y15_24,mts_aggregate_total,2021,2.049
ton,sex_f,age_ythadult_y15_24,mts_aggregate_total,2023,1.008
ton,sex_f,age_ythadult_y15_24,mts_details_mrd,2018,0.299
ton,sex_f,age_ythadult_y15_24,mts_details_mrd,2021,0.332
ton,sex_f,age_ythadult_y15_24,mts_details_mrd,2023,0.178
ton,sex_f,age_ythadult_y15_24,mts_details_sgle,2018,1.207
ton,sex_f,age_ythadult_y15_24,mts_details_sgle,2021,1.667
ton,sex_f,age_ythadult_y15_24,mts_details_sgle,2023,0.83
ton,sex_f,age_ythadult_y15_24,mts_details_total,2018,1.513
ton,sex_f,age_ythadult_y15_24,mts_details_total,2021,2.049
ton,sex_f,age_ythadult_y15_24,mts_details_total,2023,1.008
ton,sex_f,age_ythadult_y15_64,mts_aggregate_1,2018,3.444
ton,sex_f,age_ythadult_y15_64,mts_aggregate_1,2021,5.496
ton,sex_f,age_ythadult_y15_64,mts_aggregate_1,2023,2.747
ton,sex_f,age_ythadult_y15_64,mts_aggregate_2,2018,6.913
ton,sex_f,age_ythadult_y15_64,mts_aggregate_2,2021,9.935
ton,sex_f,age_ythadult_y15_64,mts_aggregate_2,2023,5.044
ton,sex_f,age_ythadult_y15_64,mts_aggregate_total,2018,10.357
ton,sex_f,age_ythadult_y15_64,mts_aggregate_total,2021,15.43
ton,sex_f,age_ythadult_y15_64,mts_aggregate_total,2023,7.79
ton,sex_f,age_ythadult_y15_64,mts_details_mrd,2018,6.8
ton,sex_f,age_ythadult_y15_64,mts_details_mrd,2021,9.796
ton,sex_f,age_ythadult_y15_64,mts_details_mrd,2023,4.934
ton,sex_f,age_ythadult_y15_64,mts_details_sep,2018,0.376
ton,sex_f,age_ythadult_y15_64,mts_details_sep,2021,0.588
ton,sex_f,age_ythadult_y15_64,mts_details_sep,2023,0.527
ton,sex_f,age_ythadult_y15_64,mts_details_sgle,2018,2.342
ton,sex_f,age_ythadult_y15_64,mts_details_sgle,2021,4.075
ton,sex_f,age_ythadult_y15_64,mts_details_sgle,2023,1.792
ton,sex_f,age_ythadult_y15_64,mts_details_total,2018,10.357
ton,sex_f,age_ythadult_y15_64,mts_details_total,2021,15.43
ton,sex_f,age_ythadult_y15_64,mts_details_total,2023,7.79
ton,sex_f,age_ythadult_y15_64,mts_details_union,2018,0.113
ton,sex_f,age_ythadult_y15_64,mts_details_union,2021,0.138
ton,sex_f,age_ythadult_y15_64,mts_details_union,2023,0.109
ton,sex_f,age_ythadult_yge15,mts_aggregate_1,2018,3.749
ton,sex_f,age_ythadult_yge15,mts_aggregate_1,2021,6.221
ton,sex_f,age_ythadult_yge15,mts_aggregate_1,2023,3.16
ton,sex_f,age_ythadult_yge15,mts_aggregate_2,2018,7.184
ton,sex_f,age_ythadult_yge15,mts_aggregate_2,2021,10.437
ton,sex_f,age_ythadult_yge15,mts_aggregate_2,2023,5.353
ton,sex_f,age_ythadult_yge15,mts_aggregate_total,2018,10.934
ton,sex_f,age_ythadult_yge15,mts_aggregate_total,2021,16.658
ton,sex_f,age_ythadult_yge15,mts_aggregate_total,2023,8.513
ton,sex_f,age_ythadult_yge15,mts_details_mrd,2018,7.071
ton,sex_f,age_ythadult_yge15,mts_details_mrd,2021,10.298
ton,sex_f,age_ythadult_yge15,mts_details_mrd,2023,5.244
ton,sex_f,age_ythadult_yge15,mts_details_sep,2018,0.376
ton,sex_f,age_ythadult_yge15,mts_details_sep,2021,0.622
ton,sex_f,age_ythadult_yge15,mts_details_sep,2023,0.531
ton,sex_f,age_ythadult_yge15,mts_details_sgle,2018,2.344
ton,sex_f,age_ythadult_yge15,mts_details_sgle,2021,4.202
ton,sex_f,age_ythadult_yge15,mts_details_sgle,2023,1.827
ton,sex_f,age_ythadult_yge15,mts_details_total,2018,10.934
ton,sex_f,age_ythadult_yge15,mts_details_total,2021,16.658
ton,sex_f,age_ythadult_yge15,mts_details_total,2023,8.513
ton,sex_f,age_ythadult_yge15,mts_details_union,2018,0.113
ton,sex_f,age_ythadult_yge15,mts_details_union,2021,0.138
ton,sex_f,age_ythadult_yge15,mts_details_union,2023,0.109
ton,sex_f,age_ythadult_yge15,mts_details_wid,2018,1.029
ton,sex_f,age_ythadult_yge15,mts_details_wid,2021,1.397
ton,sex_f,age_ythadult_yge15,mts_details_wid,2023,0.802
ton,sex_f,age_ythadult_yge25,mts_aggregate_1,2018,2.536
ton,sex_f,age_ythadult_yge25,mts_aggregate_1,2021,4.53
ton,sex_f,age_ythadult_yge25,mts_aggregate_1,2023,2.33
ton,sex_f,age_ythadult_yge25,mts_aggregate_2,2018,6.885
ton,sex_f,age_ythadult_yge25,mts_aggregate_2,2021,10.079
ton,sex_f,age_ythadult_yge25,mts_aggregate_2,2023,5.175
ton,sex_f,age_ythadult_yge25,mts_aggregate_total,2018,9.421
ton,sex_f,age_ythadult_yge25,mts_aggregate_total,2021,14.609
ton,sex_f,age_ythadult_yge25,mts_aggregate_total,2023,7.504
ton,sex_f,age_ythadult_yge25,mts_details_mrd,2018,6.772
ton,sex_f,age_ythadult_yge25,mts_details_mrd,2021,9.966
ton,sex_f,age_ythadult_yge25,mts_details_mrd,2023,5.065
ton,sex_f,age_ythadult_yge25,mts_details_sep,2018,0.37
ton,sex_f,age_ythadult_yge25,mts_details_sep,2021,0.598
ton,sex_f,age_ythadult_yge25,mts_details_sep,2023,0.531
ton,sex_f,age_ythadult_yge25,mts_details_sgle,2018,1.137
ton,sex_f,age_ythadult_yge25,mts_details_sgle,2021,2.535
ton,sex_f,age_ythadult_yge25,mts_details_sgle,2023,0.997
ton,sex_f,age_ythadult_yge25,mts_details_total,2018,9.421
ton,sex_f,age_ythadult_yge25,mts_details_total,2021,14.609
ton,sex_f,age_ythadult_yge25,mts_details_total,2023,7.504
ton,sex_f,age_ythadult_yge25,mts_details_union,2018,0.113
ton,sex_f,age_ythadult_yge25,mts_details_union,2021,0.113
ton,sex_f,age_ythadult_yge25,mts_details_union,2023,0.109
ton,sex_f,age_ythadult_yge25,mts_details_wid,2018,1.029
ton,sex_f,age_ythadult_yge25,mts_details_wid,2021,1.397
ton,sex_f,age_ythadult_yge25,mts_details_wid,2023,0.802
ton,sex_m,age_10yrbands_total,mts_aggregate_1,2018,4.613
ton,sex_m,age_10yrbands_total,mts_aggregate_1,2021,6.328
ton,sex_m,age_10yrbands_total,mts_aggregate_1,2023,3.53
ton,sex_m,age_10yrbands_total,mts_aggregate_2,2018,11.343
ton,sex_m,age_10yrbands_total,mts_aggregate_2,2021,13.8
ton,sex_m,age_10yrbands_total,mts_aggregate_2,2023,7.558
ton,sex_m,age_10yrbands_total,mts_aggregate_total,2018,15.957
ton,sex_m,age_10yrbands_total,mts_aggregate_total,2021,20.127
ton,sex_m,age_10yrbands_total,mts_aggregate_total,2023,11.088
ton,sex_m,age_10yrbands_total,mts_details_mrd,2018,11.239
ton,sex_m,age_10yrbands_total,mts_details_mrd,2021,13.631
ton,sex_m,age_10yrbands_total,mts_details_mrd,2023,7.451
ton,sex_m,age_10yrbands_total,mts_details_sep,2018,0.228
ton,sex_m,age_10yrbands_total,mts_details_sep,2021,0.374
ton,sex_m,age_10yrbands_total,mts_details_sep,2023,0.213
ton,sex_m,age_10yrbands_total,mts_details_sgle,2018,3.834
ton,sex_m,age_10yrbands_total,mts_details_sgle,2021,5.313
ton,sex_m,age_10yrbands_total,mts_details_sgle,2023,2.84
ton,sex_m,age_10yrbands_total,mts_details_total,2018,15.957
ton,sex_m,age_10yrbands_total,mts_details_total,2021,20.127
ton,sex_m,age_10yrbands_total,mts_details_total,2023,11.088
ton,sex_m,age_10yrbands_total,mts_details_union,2018,0.104
ton,sex_m,age_10yrbands_total,mts_details_union,2021,0.169
ton,sex_m,age_10yrbands_total,mts_details_union,2023,0.107
ton,sex_m,age_10yrbands_total,mts_details_wid,2018,0.551
ton,sex_m,age_10yrbands_total,mts_details_wid,2021,0.64
ton,sex_m,age_10yrbands_total,mts_details_wid,2023,0.477
ton,sex_m,age_10yrbands_y15_24,mts_aggregate_1,2018,2.106
ton,sex_m,age_10yrbands_y15_24,mts_aggregate_1,2021,2.989
ton,sex_m,age_10yrbands_y15_24,mts_aggregate_1,2023,1.699
ton,sex_m,age_10yrbands_y15_24,mts_aggregate_2,2018,0.496
ton,sex_m,age_10yrbands_y15_24,mts_aggregate_2,2021,0.565
ton,sex_m,age_10yrbands_y15_24,mts_aggregate_2,2023,0.483
ton,sex_m,age_10yrbands_y15_24,mts_aggregate_total,2018,2.602
ton,sex_m,age_10yrbands_y15_24,mts_aggregate_total,2021,3.554
ton,sex_m,age_10yrbands_y15_24,mts_aggregate_total,2023,2.182
ton,sex_m,age_10yrbands_y15_24,mts_details_mrd,2018,0.493
ton,sex_m,age_10yrbands_y15_24,mts_details_mrd,2021,0.546
ton,sex_m,age_10yrbands_y15_24,mts_details_mrd,2023,0.468
ton,sex_m,age_10yrbands_y15_24,mts_details_sep,2021,0.028
ton,sex_m,age_10yrbands_y15_24,mts_details_sgle,2018,2.08
ton,sex_m,age_10yrbands_y15_24,mts_details_sgle,2021,2.961
ton,sex_m,age_10yrbands_y15_24,mts_details_sgle,2023,1.664
ton,sex_m,age_10yrbands_y15_24,mts_details_total,2018,2.602
ton,sex_m,age_10yrbands_y15_24,mts_details_total,2021,3.554
ton,sex_m,age_10yrbands_y15_24,mts_details_total,2023,2.182
ton,sex_m,age_10yrbands_y25_34,mts_aggregate_1,2018,1.168
ton,sex_m,age_10yrbands_y25_34,mts_aggregate_1,2021,1.696
ton,sex_m,age_10yrbands_y25_34,mts_aggregate_1,2023,0.645
ton,sex_m,age_10yrbands_y25_34,mts_aggregate_2,2018,2.598
ton,sex_m,age_10yrbands_y25_34,mts_aggregate_2,2021,3.075
ton,sex_m,age_10yrbands_y25_34,mts_aggregate_2,2023,1.407
ton,sex_m,age_10yrbands_y25_34,mts_aggregate_total,2018,3.766
ton,sex_m,age_10yrbands_y25_34,mts_aggregate_total,2021,4.771
ton,sex_m,age_10yrbands_y25_34,mts_aggregate_total,2023,2.052
ton,sex_m,age_10yrbands_y25_34,mts_details_mrd,2018,2.588
ton,sex_m,age_10yrbands_y25_34,mts_details_mrd,2021,3.009
ton,sex_m,age_10yrbands_y25_34,mts_details_mrd,2023,1.373
ton,sex_m,age_10yrbands_y25_34,mts_details_sep,2018,0.073
ton,sex_m,age_10yrbands_y25_34,mts_details_sep,2021,0.078
ton,sex_m,age_10yrbands_y25_34,mts_details_sgle,2018,1.093
ton,sex_m,age_10yrbands_y25_34,mts_details_sgle,2021,1.618
ton,sex_m,age_10yrbands_y25_34,mts_details_sgle,2023,0.602
ton,sex_m,age_10yrbands_y25_34,mts_details_total,2018,3.766
ton,sex_m,age_10yrbands_y25_34,mts_details_total,2021,4.771
ton,sex_m,age_10yrbands_y25_34,mts_details_total,2023,2.052
ton,sex_m,age_10yrbands_y25_34,mts_details_union,2021,0.065
ton,sex_m,age_10yrbands_y35_44,mts_aggregate_1,2018,0.49
ton,sex_m,age_10yrbands_y35_44,mts_aggregate_1,2021,0.442
ton,sex_m,age_10yrbands_y35_44,mts_aggregate_1,2023,0.273
ton,sex_m,age_10yrbands_y35_44,mts_aggregate_2,2018,2.982
ton,sex_m,age_10yrbands_y35_44,mts_aggregate_2,2021,3.7
ton,sex_m,age_10yrbands_y35_44,mts_aggregate_2,2023,1.848
ton,sex_m,age_10yrbands_y35_44,mts_aggregate_total,2018,3.472
ton,sex_m,age_10yrbands_y35_44,mts_aggregate_total,2021,4.142
ton,sex_m,age_10yrbands_y35_44,mts_aggregate_total,2023,2.122
ton,sex_m,age_10yrbands_y35_44,mts_details_mrd,2018,2.949
ton,sex_m,age_10yrbands_y35_44,mts_details_mrd,2021,3.662
ton,sex_m,age_10yrbands_y35_44,mts_details_mrd,2023,1.844
ton,sex_m,age_10yrbands_y35_44,mts_details_sep,2018,0.059
ton,sex_m,age_10yrbands_y35_44,mts_details_sep,2021,0.095
ton,sex_m,age_10yrbands_y35_44,mts_details_sep,2023,0.052
ton,sex_m,age_10yrbands_y35_44,mts_details_sgle,2018,0.424
ton,sex_m,age_10yrbands_y35_44,mts_details_sgle,2021,0.333
ton,sex_m,age_10yrbands_y35_44,mts_details_sgle,2023,0.211
ton,sex_m,age_10yrbands_y35_44,mts_details_total,2018,3.472
ton,sex_m,age_10yrbands_y35_44,mts_details_total,2021,4.142
ton,sex_m,age_10yrbands_y35_44,mts_details_total,2023,2.122
ton,sex_m,age_10yrbands_y45_54,mts_aggregate_1,2018,0.282
ton,sex_m,age_10yrbands_y45_54,mts_aggregate_1,2021,0.467
ton,sex_m,age_10yrbands_y45_54,mts_aggregate_1,2023,0.245
ton,sex_m,age_10yrbands_y45_54,mts_aggregate_2,2018,2.925
ton,sex_m,age_10yrbands_y45_54,mts_aggregate_2,2021,3.311
ton,sex_m,age_10yrbands_y45_54,mts_aggregate_2,2023,1.862
ton,sex_m,age_10yrbands_y45_54,mts_aggregate_total,2018,3.207
ton,sex_m,age_10yrbands_y45_54,mts_aggregate_total,2021,3.778
ton,sex_m,age_10yrbands_y45_54,mts_aggregate_total,2023,2.107
ton,sex_m,age_10yrbands_y45_54,mts_details_mrd,2018,2.89
ton,sex_m,age_10yrbands_y45_54,mts_details_mrd,2021,3.285
ton,sex_m,age_10yrbands_y45_54,mts_details_mrd,2023,1.843
ton,sex_m,age_10yrbands_y45_54,mts_details_sep,2018,0.051
ton,sex_m,age_10yrbands_y45_54,mts_details_sep,2021,0.122
ton,sex_m,age_10yrbands_y45_54,mts_details_sgle,2018,0.152
ton,sex_m,age_10yrbands_y45_54,mts_details_sgle,2021,0.237
ton,sex_m,age_10yrbands_y45_54,mts_details_sgle,2023,0.137
ton,sex_m,age_10yrbands_y45_54,mts_details_total,2018,3.207
ton,sex_m,age_10yrbands_y45_54,mts_details_total,2021,3.778
ton,sex_m,age_10yrbands_y45_54,mts_details_total,2023,2.107
ton,sex_m,age_10yrbands_y45_54,mts_details_wid,2018,0.079
ton,sex_m,age_10yrbands_y45_54,mts_details_wid,2021,0.108
ton,sex_m,age_10yrbands_y45_54,mts_details_wid,2023,0.076
ton,sex_m,age_10yrbands_y55_64,mts_aggregate_1,2018,0.257
ton,sex_m,age_10yrbands_y55_64,mts_aggregate_1,2021,0.411
ton,sex_m,age_10yrbands_y55_64,mts_aggregate_1,2023,0.291
ton,sex_m,age_10yrbands_y55_64,mts_aggregate_2,2018,1.443
ton,sex_m,age_10yrbands_y55_64,mts_aggregate_2,2021,2.011
ton,sex_m,age_10yrbands_y55_64,mts_aggregate_2,2023,1.304
ton,sex_m,age_10yrbands_y55_64,mts_aggregate_total,2018,1.7
ton,sex_m,age_10yrbands_y55_64,mts_aggregate_total,2021,2.422
ton,sex_m,age_10yrbands_y55_64,mts_aggregate_total,2023,1.595
ton,sex_m,age_10yrbands_y55_64,mts_details_mrd,2018,1.427
ton,sex_m,age_10yrbands_y55_64,mts_details_mrd,2021,1.993
ton,sex_m,age_10yrbands_y55_64,mts_details_mrd,2023,1.276
ton,sex_m,age_10yrbands_y55_64,mts_details_sgle,2018,0.052
ton,sex_m,age_10yrbands_y55_64,mts_details_sgle,2021,0.136
ton,sex_m,age_10yrbands_y55_64,mts_details_sgle,2023,0.16
ton,sex_m,age_10yrbands_y55_64,mts_details_total,2018,1.7
ton,sex_m,age_10yrbands_y55_64,mts_details_total,2021,2.422
ton,sex_m,age_10yrbands_y55_64,mts_details_total,2023,1.595
ton,sex_m,age_10yrbands_y55_64,mts_details_wid,2018,0.194
ton,sex_m,age_10yrbands_y55_64,mts_details_wid,2021,0.264
ton,sex_m,age_10yrbands_y55_64,mts_details_wid,2023,0.107
ton,sex_m,age_10yrbands_yge65,mts_aggregate_1,2018,0.31
ton,sex_m,age_10yrbands_yge65,mts_aggregate_1,2021,0.322
ton,sex_m,age_10yrbands_yge65,mts_aggregate_1,2023,0.378
ton,sex_m,age_10yrbands_yge65,mts_aggregate_2,2018,0.9
ton,sex_m,age_10yrbands_yge65,mts_aggregate_2,2021,1.139
ton,sex_m,age_10yrbands_yge65,mts_aggregate_2,2023,0.654
ton,sex_m,age_10yrbands_yge65,mts_aggregate_total,2018,1.21
ton,sex_m,age_10yrbands_yge65,mts_aggregate_total,2021,1.461
ton,sex_m,age_10yrbands_yge65,mts_aggregate_total,2023,1.031
ton,sex_m,age_10yrbands_yge65,mts_details_mrd,2018,0.892
ton,sex_m,age_10yrbands_yge65,mts_details_mrd,2021,1.135
ton,sex_m,age_10yrbands_yge65,mts_details_mrd,2023,0.647
ton,sex_m,age_10yrbands_yge65,mts_details_sep,2021,0.04
ton,sex_m,age_10yrbands_yge65,mts_details_sep,2023,0.04
ton,sex_m,age_10yrbands_yge65,mts_details_sgle,2021,0.029
ton,sex_m,age_10yrbands_yge65,mts_details_sgle,2023,0.066
ton,sex_m,age_10yrbands_yge65,mts_details_total,2018,1.21
ton,sex_m,age_10yrbands_yge65,mts_details_total,2021,1.461
ton,sex_m,age_10yrbands_yge65,mts_details_total,2023,1.031
ton,sex_m,age_10yrbands_yge65,mts_details_wid,2018,0.268
ton,sex_m,age_10yrbands_yge65,mts_details_wid,2021,0.253
ton,sex_m,age_10yrbands_yge65,mts_details_wid,2023,0.271
ton,sex_m,age_aggregate_total,mts_aggregate_1,2018,4.613
ton,sex_m,age_aggregate_total,mts_aggregate_1,2021,6.328
ton,sex_m,age_aggregate_total,mts_aggregate_1,2023,3.53
ton,sex_m,age_aggregate_total,mts_aggregate_2,2018,11.343
ton,sex_m,age_aggregate_total,mts_aggregate_2,2021,13.8
ton,sex_m,age_aggregate_total,mts_aggregate_2,2023,7.558
ton,sex_m,age_aggregate_total,mts_aggregate_total,2018,15.957
ton,sex_m,age_aggregate_total,mts_aggregate_total,2021,20.127
ton,sex_m,age_aggregate_total,mts_aggregate_total,2023,11.088
ton,sex_m,age_aggregate_total,mts_details_mrd,2018,11.239
ton,sex_m,age_aggregate_total,mts_details_mrd,2021,13.631
ton,sex_m,age_aggregate_total,mts_details_mrd,2023,7.451
ton,sex_m,age_aggregate_total,mts_details_sep,2018,0.228
ton,sex_m,age_aggregate_total,mts_details_sep,2021,0.374
ton,sex_m,age_aggregate_total,mts_details_sep,2023,0.213
ton,sex_m,age_aggregate_total,mts_details_sgle,2018,3.834
ton,sex_m,age_aggregate_total,mts_details_sgle,2021,5.313
ton,sex_m,age_aggregate_total,mts_details_sgle,2023,2.84
ton,sex_m,age_aggregate_total,mts_details_total,2018,15.957
ton,sex_m,age_aggregate_total,mts_details_total,2021,20.127
ton,sex_m,age_aggregate_total,mts_details_total,2023,11.088
ton,sex_m,age_aggregate_total,mts_details_union,2018,0.104
ton,sex_m,age_aggregate_total,mts_details_union,2021,0.169
ton,sex_m,age_aggregate_total,mts_details_union,2023,0.107
ton,sex_m,age_aggregate_total,mts_details_wid,2018,0.551
ton,sex_m,age_aggregate_total,mts_details_wid,2021,0.64
ton,sex_m,age_aggregate_total,mts_details_wid,2023,0.477
ton,sex_m,age_aggregate_y15_24,mts_aggregate_1,2018,2.106
ton,sex_m,age_aggregate_y15_24,mts_aggregate_1,2021,2.989
ton,sex_m,age_aggregate_y15_24,mts_aggregate_1,2023,1.699
ton,sex_m,age_aggregate_y15_24,mts_aggregate_2,2018,0.496
ton,sex_m,age_aggregate_y15_24,mts_aggregate_2,2021,0.565
ton,sex_m,age_aggregate_y15_24,mts_aggregate_2,2023,0.483
ton,sex_m,age_aggregate_y15_24,mts_aggregate_total,2018,2.602
ton,sex_m,age_aggregate_y15_24,mts_aggregate_total,2021,3.554
ton,sex_m,age_aggregate_y15_24,mts_aggregate_total,2023,2.182
ton,sex_m,age_aggregate_y15_24,mts_details_mrd,2018,0.493
ton,sex_m,age_aggregate_y15_24,mts_details_mrd,2021,0.546
ton,sex_m,age_aggregate_y15_24,mts_details_mrd,2023,0.468
ton,sex_m,age_aggregate_y15_24,mts_details_sep,2021,0.028
ton,sex_m,age_aggregate_y15_24,mts_details_sgle,2018,2.08
ton,sex_m,age_aggregate_y15_24,mts_details_sgle,2021,2.961
ton,sex_m,age_aggregate_y15_24,mts_details_sgle,2023,1.664
ton,sex_m,age_aggregate_y15_24,mts_details_total,2018,2.602
ton,sex_m,age_aggregate_y15_24,mts_details_total,2021,3.554
ton,sex_m,age_aggregate_y15_24,mts_details_total,2023,2.182
ton,sex_m,age_aggregate_y25_54,mts_aggregate_1,2018,1.94
ton,sex_m,age_aggregate_y25_54,mts_aggregate_1,2021,2.606
ton,sex_m,age_aggregate_y25_54,mts_aggregate_1,2023,1.163
ton,sex_m,age_aggregate_y25_54,mts_aggregate_2,2018,8.505
ton,sex_m,age_aggregate_y25_54,mts_aggregate_2,2021,10.085
ton,sex_m,age_aggregate_y25_54,mts_aggregate_2,2023,5.117
ton,sex_m,age_aggregate_y25_54,mts_aggregate_total,2018,10.444
ton,sex_m,age_aggregate_y25_54,mts_aggregate_total,2021,12.691
ton,sex_m,age_aggregate_y25_54,mts_aggregate_total,2023,6.28
ton,sex_m,age_aggregate_y25_54,mts_details_mrd,2018,8.427
ton,sex_m,age_aggregate_y25_54,mts_details_mrd,2021,9.957
ton,sex_m,age_aggregate_y25_54,mts_details_mrd,2023,5.06
ton,sex_m,age_aggregate_y25_54,mts_details_sep,2018,0.182
ton,sex_m,age_aggregate_y25_54,mts_details_sep,2021,0.296
ton,sex_m,age_aggregate_y25_54,mts_details_sep,2023,0.114
ton,sex_m,age_aggregate_y25_54,mts_details_sgle,2018,1.669
ton,sex_m,age_aggregate_y25_54,mts_details_sgle,2021,2.188
ton,sex_m,age_aggregate_y25_54,mts_details_sgle,2023,0.95
ton,sex_m,age_aggregate_y25_54,mts_details_total,2018,10.444
ton,sex_m,age_aggregate_y25_54,mts_details_total,2021,12.691
ton,sex_m,age_aggregate_y25_54,mts_details_total,2023,6.28
ton,sex_m,age_aggregate_y25_54,mts_details_union,2018,0.078
ton,sex_m,age_aggregate_y25_54,mts_details_union,2021,0.128
ton,sex_m,age_aggregate_y25_54,mts_details_union,2023,0.057
ton,sex_m,age_aggregate_y25_54,mts_details_wid,2018,0.089
ton,sex_m,age_aggregate_y25_54,mts_details_wid,2021,0.122
ton,sex_m,age_aggregate_y25_54,mts_details_wid,2023,0.098
ton,sex_m,age_aggregate_y55_64,mts_aggregate_1,2018,0.257
ton,sex_m,age_aggregate_y55_64,mts_aggregate_1,2021,0.411
ton,sex_m,age_aggregate_y55_64,mts_aggregate_1,2023,0.291
ton,sex_m,age_aggregate_y55_64,mts_aggregate_2,2018,1.443
ton,sex_m,age_aggregate_y55_64,mts_aggregate_2,2021,2.011
ton,sex_m,age_aggregate_y55_64,mts_aggregate_2,2023,1.304
ton,sex_m,age_aggregate_y55_64,mts_aggregate_total,2018,1.7
ton,sex_m,age_aggregate_y55_64,mts_aggregate_total,2021,2.422
ton,sex_m,age_aggregate_y55_64,mts_aggregate_total,2023,1.595
ton,sex_m,age_aggregate_y55_64,mts_details_mrd,2018,1.427
ton,sex_m,age_aggregate_y55_64,mts_details_mrd,2021,1.993
ton,sex_m,age_aggregate_y55_64,mts_details_mrd,2023,1.276
ton,sex_m,age_aggregate_y55_64,mts_details_sgle,2018,0.052
ton,sex_m,age_aggregate_y55_64,mts_details_sgle,2021,0.136
ton,sex_m,age_aggregate_y55_64,mts_details_sgle,2023,0.16
ton,sex_m,age_aggregate_y55_64,mts_details_total,2018,1.7
ton,sex_m,age_aggregate_y55_64,mts_details_total,2021,2.422
ton,sex_m,age_aggregate_y55_64,mts_details_total,2023,1.595
ton,sex_m,age_aggregate_y55_64,mts_details_wid,2018,0.194
ton,sex_m,age_aggregate_y55_64,mts_details_wid,2021,0.264
ton,sex_m,age_aggregate_y55_64,mts_details_wid,2023,0.107
ton,sex_m,age_aggregate_yge65,mts_aggregate_1,2018,0.31
ton,sex_m,age_aggregate_yge65,mts_aggregate_1,2021,0.322
ton,sex_m,age_aggregate_yge65,mts_aggregate_1,2023,0.378
ton,sex_m,age_aggregate_yge65,mts_aggregate_2,2018,0.9
ton,sex_m,age_aggregate_yge65,mts_aggregate_2,2021,1.139
ton,sex_m,age_aggregate_yge65,mts_aggregate_2,2023,0.654
ton,sex_m,age_aggregate_yge65,mts_aggregate_total,2018,1.21
ton,sex_m,age_aggregate_yge65,mts_aggregate_total,2021,1.461
ton,sex_m,age_aggregate_yge65,mts_aggregate_total,2023,1.031
ton,sex_m,age_aggregate_yge65,mts_details_mrd,2018,0.892
ton,sex_m,age_aggregate_yge65,mts_details_mrd,2021,1.135
ton,sex_m,age_aggregate_yge65,mts_details_mrd,2023,0.647
ton,sex_m,age_aggregate_yge65,mts_details_sep,2021,0.04
ton,sex_m,age_aggregate_yge65,mts_details_sep,2023,0.04
ton,sex_m,age_aggregate_yge65,mts_details_sgle,2021,0.029
ton,sex_m,age_aggregate_yge65,mts_details_sgle,2023,0.066
ton,sex_m,age_aggregate_yge65,mts_details_total,2018,1.21
ton,sex_m,age_aggregate_yge65,mts_details_total,2021,1.461
ton,sex_m,age_aggregate_yge65,mts_details_total,2023,1.031
ton,sex_m,age_aggregate_yge65,mts_details_wid,2018,0.268
ton,sex_m,age_aggregate_yge65,mts_details_wid,2021,0.253
ton,sex_m,age_aggregate_yge65,mts_details_wid,2023,0.271
ton,sex_m,age_ythadult_y15_24,mts_aggregate_1,2018,2.106
ton,sex_m,age_ythadult_y15_24,mts_aggregate_1,2021,2.989
ton,sex_m,age_ythadult_y15_24,mts_aggregate_1,2023,1.699
ton,sex_m,age_ythadult_y15_24,mts_aggregate_2,2018,0.496
ton,sex_m,age_ythadult_y15_24,mts_aggregate_2,2021,0.565
ton,sex_m,age_ythadult_y15_24,mts_aggregate_2,2023,0.483
ton,sex_m,age_ythadult_y15_24,mts_aggregate_total,2018,2.602
ton,sex_m,age_ythadult_y15_24,mts_aggregate_total,2021,3.554
ton,sex_m,age_ythadult_y15_24,mts_aggregate_total,2023,2.182
ton,sex_m,age_ythadult_y15_24,mts_details_mrd,2018,0.493
ton,sex_m,age_ythadult_y15_24,mts_details_mrd,2021,0.546
ton,sex_m,age_ythadult_y15_24,mts_details_mrd,2023,0.468
ton,sex_m,age_ythadult_y15_24,mts_details_sep,2021,0.028
ton,sex_m,age_ythadult_y15_24,mts_details_sgle,2018,2.08
ton,sex_m,age_ythadult_y15_24,mts_details_sgle,2021,2.961
ton,sex_m,age_ythadult_y15_24,mts_details_sgle,2023,1.664
ton,sex_m,age_ythadult_y15_24,mts_details_total,2018,2.602
ton,sex_m,age_ythadult_y15_24,mts_details_total,2021,3.554
ton,sex_m,age_ythadult_y15_24,mts_details_total,2023,2.182
ton,sex_m,age_ythadult_y15_64,mts_aggregate_1,2018,4.303
ton,sex_m,age_ythadult_y15_64,mts_aggregate_1,2021,6.006
ton,sex_m,age_ythadult_y15_64,mts_aggregate_1,2023,3.152
ton,sex_m,age_ythadult_y15_64,mts_aggregate_2,2018,10.443
ton,sex_m,age_ythadult_y15_64,mts_aggregate_2,2021,12.661
ton,sex_m,age_ythadult_y15_64,mts_aggregate_2,2023,6.904
ton,sex_m,age_ythadult_y15_64,mts_aggregate_total,2018,14.746
ton,sex_m,age_ythadult_y15_64,mts_aggregate_total,2021,18.667
ton,sex_m,age_ythadult_y15_64,mts_aggregate_total,2023,10.057
ton,sex_m,age_ythadult_y15_64,mts_details_mrd,2018,10.347
ton,sex_m,age_ythadult_y15_64,mts_details_mrd,2021,12.496
ton,sex_m,age_ythadult_y15_64,mts_details_mrd,2023,6.804
ton,sex_m,age_ythadult_y15_64,mts_details_sep,2018,0.22
ton,sex_m,age_ythadult_y15_64,mts_details_sep,2021,0.334
ton,sex_m,age_ythadult_y15_64,mts_details_sep,2023,0.173
ton,sex_m,age_ythadult_y15_64,mts_details_sgle,2018,3.8
ton,sex_m,age_ythadult_y15_64,mts_details_sgle,2021,5.284
ton,sex_m,age_ythadult_y15_64,mts_details_sgle,2023,2.774
ton,sex_m,age_ythadult_y15_64,mts_details_total,2018,14.746
ton,sex_m,age_ythadult_y15_64,mts_details_total,2021,18.667
ton,sex_m,age_ythadult_y15_64,mts_details_total,2023,10.057
ton,sex_m,age_ythadult_y15_64,mts_details_union,2018,0.097
ton,sex_m,age_ythadult_y15_64,mts_details_union,2021,0.165
ton,sex_m,age_ythadult_y15_64,mts_details_union,2023,0.101
ton,sex_m,age_ythadult_yge15,mts_aggregate_1,2018,4.613
ton,sex_m,age_ythadult_yge15,mts_aggregate_1,2021,6.328
ton,sex_m,age_ythadult_yge15,mts_aggregate_1,2023,3.53
ton,sex_m,age_ythadult_yge15,mts_aggregate_2,2018,11.343
ton,sex_m,age_ythadult_yge15,mts_aggregate_2,2021,13.8
ton,sex_m,age_ythadult_yge15,mts_aggregate_2,2023,7.558
ton,sex_m,age_ythadult_yge15,mts_aggregate_total,2018,15.957
ton,sex_m,age_ythadult_yge15,mts_aggregate_total,2021,20.127
ton,sex_m,age_ythadult_yge15,mts_aggregate_total,2023,11.088
ton,sex_m,age_ythadult_yge15,mts_details_mrd,2018,11.239
ton,sex_m,age_ythadult_yge15,mts_details_mrd,2021,13.631
ton,sex_m,age_ythadult_yge15,mts_details_mrd,2023,7.451
ton,sex_m,age_ythadult_yge15,mts_details_sep,2018,0.228
ton,sex_m,age_ythadult_yge15,mts_details_sep,2021,0.374
ton,sex_m,age_ythadult_yge15,mts_details_sep,2023,0.213
ton,sex_m,age_ythadult_yge15,mts_details_sgle,2018,3.834
ton,sex_m,age_ythadult_yge15,mts_details_sgle,2021,5.313
ton,sex_m,age_ythadult_yge15,mts_details_sgle,2023,2.84
ton,sex_m,age_ythadult_yge15,mts_details_total,2018,15.957
ton,sex_m,age_ythadult_yge15,mts_details_total,2021,20.127
ton,sex_m,age_ythadult_yge15,mts_details_total,2023,11.088
ton,sex_m,age_ythadult_yge15,mts_details_union,2018,0.104
ton,sex_m,age_ythadult_yge15,mts_details_union,2021,0.169
ton,sex_m,age_ythadult_yge15,mts_details_union,2023,0.107
ton,sex_m,age_ythadult_yge15,mts_details_wid,2018,0.551
ton,sex_m,age_ythadult_yge15,mts_details_wid,2021,0.64
ton,sex_m,age_ythadult_yge15,mts_details_wid,2023,0.477
ton,sex_m,age_ythadult_yge25,mts_aggregate_1,2018,2.507
ton,sex_m,age_ythadult_yge25,mts_aggregate_1,2021,3.339
ton,sex_m,age_ythadult_yge25,mts_aggregate_1,2023,1.831
ton,sex_m,age_ythadult_yge25,mts_aggregate_2,2018,10.847
ton,sex_m,age_ythadult_yge25,mts_aggregate_2,2021,13.235
ton,sex_m,age_ythadult_yge25,mts_aggregate_2,2023,7.075
ton,sex_m,age_ythadult_yge25,mts_aggregate_total,2018,13.354
ton,sex_m,age_ythadult_yge25,mts_aggregate_total,2021,16.573
ton,sex_m,age_ythadult_yge25,mts_aggregate_total,2023,8.906
ton,sex_m,age_ythadult_yge25,mts_details_mrd,2018,10.746
ton,sex_m,age_ythadult_yge25,mts_details_mrd,2021,13.084
ton,sex_m,age_ythadult_yge25,mts_details_mrd,2023,6.983
ton,sex_m,age_ythadult_yge25,mts_details_sep,2018,0.202
ton,sex_m,age_ythadult_yge25,mts_details_sep,2021,0.346
ton,sex_m,age_ythadult_yge25,mts_details_sep,2023,0.178
ton,sex_m,age_ythadult_yge25,mts_details_sgle,2018,1.755
ton,sex_m,age_ythadult_yge25,mts_details_sgle,2021,2.352
ton,sex_m,age_ythadult_yge25,mts_details_sgle,2023,1.176
ton,sex_m,age_ythadult_yge25,mts_details_total,2018,13.354
ton,sex_m,age_ythadult_yge25,mts_details_total,2021,16.573
ton,sex_m,age_ythadult_yge25,mts_details_total,2023,8.906
ton,sex_m,age_ythadult_yge25,mts_details_union,2018,0.101
ton,sex_m,age_ythadult_yge25,mts_details_union,2021,0.15
ton,sex_m,age_ythadult_yge25,mts_details_union,2023,0.092
ton,sex_m,age_ythadult_yge25,mts_details_wid,2018,0.551
ton,sex_m,age_ythadult_yge25,mts_details_wid,2021,0.64
ton,sex_m,age_ythadult_yge25,mts_details_wid,2023,0.477
ton,sex_t,age_10yrbands_total,mts_aggregate_1,2018,8.363
ton,sex_t,age_10yrbands_total,mts_aggregate_1,2021,12.549
ton,sex_t,age_10yrbands_total,mts_aggregate_1,2023,6.69
ton,sex_t,age_10yrbands_total,mts_aggregate_2,2018,18.528
ton,sex_t,age_10yrbands_total,mts_aggregate_2,2021,24.236
ton,sex_t,age_10yrbands_total,mts_aggregate_2,2023,12.911
ton,sex_t,age_10yrbands_total,mts_aggregate_total,2018,26.89
ton,sex_t,age_10yrbands_total,mts_aggregate_total,2021,36.785
ton,sex_t,age_10yrbands_total,mts_aggregate_total,2023,19.601
ton,sex_t,age_10yrbands_total,mts_details_mrd,2018,18.31
ton,sex_t,age_10yrbands_total,mts_details_mrd,2021,23.929
ton,sex_t,age_10yrbands_total,mts_details_mrd,2023,12.695
ton,sex_t,age_10yrbands_total,mts_details_sep,2018,0.605
ton,sex_t,age_10yrbands_total,mts_details_sep,2021,0.996
ton,sex_t,age_10yrbands_total,mts_details_sep,2023,0.744
ton,sex_t,age_10yrbands_total,mts_details_sgle,2018,6.179
ton,sex_t,age_10yrbands_total,mts_details_sgle,2021,9.515
ton,sex_t,age_10yrbands_total,mts_details_sgle,2023,4.667
ton,sex_t,age_10yrbands_total,mts_details_total,2018,26.89
ton,sex_t,age_10yrbands_total,mts_details_total,2021,36.785
ton,sex_t,age_10yrbands_total,mts_details_total,2023,19.601
ton,sex_t,age_10yrbands_total,mts_details_union,2018,0.218
ton,sex_t,age_10yrbands_total,mts_details_union,2021,0.307
ton,sex_t,age_10yrbands_total,mts_details_union,2023,0.216
ton,sex_t,age_10yrbands_total,mts_details_wid,2018,1.579
ton,sex_t,age_10yrbands_total,mts_details_wid,2021,2.037
ton,sex_t,age_10yrbands_total,mts_details_wid,2023,1.279
ton,sex_t,age_10yrbands_y15_24,mts_aggregate_1,2018,3.32
ton,sex_t,age_10yrbands_y15_24,mts_aggregate_1,2021,4.68
ton,sex_t,age_10yrbands_y15_24,mts_aggregate_1,2023,2.529
ton,sex_t,age_10yrbands_y15_24,mts_aggregate_2,2018,0.795
ton,sex_t,age_10yrbands_y15_24,mts_aggregate_2,2021,0.923
ton,sex_t,age_10yrbands_y15_24,mts_aggregate_2,2023,0.662
ton,sex_t,age_10yrbands_y15_24,mts_aggregate_total,2018,4.115
ton,sex_t,age_10yrbands_y15_24,mts_aggregate_total,2021,5.602
ton,sex_t,age_10yrbands_y15_24,mts_aggregate_total,2023,3.191
ton,sex_t,age_10yrbands_y15_24,mts_details_mrd,2018,0.792
ton,sex_t,age_10yrbands_y15_24,mts_details_mrd,2021,0.879
ton,sex_t,age_10yrbands_y15_24,mts_details_mrd,2023,0.646
ton,sex_t,age_10yrbands_y15_24,mts_details_sep,2021,0.052
ton,sex_t,age_10yrbands_y15_24,mts_details_sgle,2018,3.287
ton,sex_t,age_10yrbands_y15_24,mts_details_sgle,2021,4.628
ton,sex_t,age_10yrbands_y15_24,mts_details_sgle,2023,2.495
ton,sex_t,age_10yrbands_y15_24,mts_details_total,2018,4.115
ton,sex_t,age_10yrbands_y15_24,mts_details_total,2021,5.602
ton,sex_t,age_10yrbands_y15_24,mts_details_total,2023,3.191
ton,sex_t,age_10yrbands_y15_24,mts_details_union,2021,0.044
ton,sex_t,age_10yrbands_y25_34,mts_aggregate_1,2018,1.967
ton,sex_t,age_10yrbands_y25_34,mts_aggregate_1,2021,3.489
ton,sex_t,age_10yrbands_y25_34,mts_aggregate_1,2023,1.373
ton,sex_t,age_10yrbands_y25_34,mts_aggregate_2,2018,4.688
ton,sex_t,age_10yrbands_y25_34,mts_aggregate_2,2021,5.932
ton,sex_t,age_10yrbands_y25_34,mts_aggregate_2,2023,2.347
ton,sex_t,age_10yrbands_y25_34,mts_aggregate_total,2018,6.654
ton,sex_t,age_10yrbands_y25_34,mts_aggregate_total,2021,9.421
ton,sex_t,age_10yrbands_y25_34,mts_aggregate_total,2023,3.719
ton,sex_t,age_10yrbands_y25_34,mts_details_mrd,2018,4.638
ton,sex_t,age_10yrbands_y25_34,mts_details_mrd,2021,5.811
ton,sex_t,age_10yrbands_y25_34,mts_details_mrd,2023,2.258
ton,sex_t,age_10yrbands_y25_34,mts_details_sep,2018,0.152
ton,sex_t,age_10yrbands_y25_34,mts_details_sep,2021,0.202
ton,sex_t,age_10yrbands_y25_34,mts_details_sep,2023,0.18
ton,sex_t,age_10yrbands_y25_34,mts_details_sgle,2018,1.798
ton,sex_t,age_10yrbands_y25_34,mts_details_sgle,2021,3.236
ton,sex_t,age_10yrbands_y25_34,mts_details_sgle,2023,1.18
ton,sex_t,age_10yrbands_y25_34,mts_details_total,2018,6.654
ton,sex_t,age_10yrbands_y25_34,mts_details_total,2021,9.421
ton,sex_t,age_10yrbands_y25_34,mts_details_total,2023,3.719
ton,sex_t,age_10yrbands_y25_34,mts_details_union,2018,0.049
ton,sex_t,age_10yrbands_y25_34,mts_details_union,2021,0.121
ton,sex_t,age_10yrbands_y25_34,mts_details_union,2023,0.088
ton,sex_t,age_10yrbands_y25_34,mts_details_wid,2021,0.05
ton,sex_t,age_10yrbands_y35_44,mts_aggregate_1,2018,1.027
ton,sex_t,age_10yrbands_y35_44,mts_aggregate_1,2021,1.204
ton,sex_t,age_10yrbands_y35_44,mts_aggregate_1,2023,0.745
ton,sex_t,age_10yrbands_y35_44,mts_aggregate_2,2018,4.937
ton,sex_t,age_10yrbands_y35_44,mts_aggregate_2,2021,6.683
ton,sex_t,age_10yrbands_y35_44,mts_aggregate_2,2023,3.408
ton,sex_t,age_10yrbands_y35_44,mts_aggregate_total,2018,5.965
ton,sex_t,age_10yrbands_y35_44,mts_aggregate_total,2021,7.887
ton,sex_t,age_10yrbands_y35_44,mts_aggregate_total,2023,4.153
ton,sex_t,age_10yrbands_y35_44,mts_details_mrd,2018,4.86
ton,sex_t,age_10yrbands_y35_44,mts_details_mrd,2021,6.62
ton,sex_t,age_10yrbands_y35_44,mts_details_mrd,2023,3.375
ton,sex_t,age_10yrbands_y35_44,mts_details_sep,2018,0.195
ton,sex_t,age_10yrbands_y35_44,mts_details_sep,2021,0.345
ton,sex_t,age_10yrbands_y35_44,mts_details_sep,2023,0.199
ton,sex_t,age_10yrbands_y35_44,mts_details_sgle,2018,0.698
ton,sex_t,age_10yrbands_y35_44,mts_details_sgle,2021,0.784
ton,sex_t,age_10yrbands_y35_44,mts_details_sgle,2023,0.464
ton,sex_t,age_10yrbands_y35_44,mts_details_total,2018,5.965
ton,sex_t,age_10yrbands_y35_44,mts_details_total,2021,7.887
ton,sex_t,age_10yrbands_y35_44,mts_details_total,2023,4.153
ton,sex_t,age_10yrbands_y35_44,mts_details_union,2018,0.077
ton,sex_t,age_10yrbands_y35_44,mts_details_union,2021,0.063
ton,sex_t,age_10yrbands_y35_44,mts_details_wid,2018,0.134
ton,sex_t,age_10yrbands_y35_44,mts_details_wid,2021,0.075
ton,sex_t,age_10yrbands_y35_44,mts_details_wid,2023,0.082
ton,sex_t,age_10yrbands_y45_54,mts_aggregate_1,2018,0.704
ton,sex_t,age_10yrbands_y45_54,mts_aggregate_1,2021,1.012
ton,sex_t,age_10yrbands_y45_54,mts_aggregate_1,2023,0.606
ton,sex_t,age_10yrbands_y45_54,mts_aggregate_2,2018,4.716
ton,sex_t,age_10yrbands_y45_54,mts_aggregate_2,2021,5.853
ton,sex_t,age_10yrbands_y45_54,mts_aggregate_2,2023,3.449
ton,sex_t,age_10yrbands_y45_54,mts_aggregate_total,2018,5.42
ton,sex_t,age_10yrbands_y45_54,mts_aggregate_total,2021,6.865
ton,sex_t,age_10yrbands_y45_54,mts_aggregate_total,2023,4.054
ton,sex_t,age_10yrbands_y45_54,mts_details_mrd,2018,4.651
ton,sex_t,age_10yrbands_y45_54,mts_details_mrd,2021,5.795
ton,sex_t,age_10yrbands_y45_54,mts_details_mrd,2023,3.404
ton,sex_t,age_10yrbands_y45_54,mts_details_sep,2018,0.156
ton,sex_t,age_10yrbands_y45_54,mts_details_sep,2021,0.239
ton,sex_t,age_10yrbands_y45_54,mts_details_sep,2023,0.182
ton,sex_t,age_10yrbands_y45_54,mts_details_sgle,2018,0.251
ton,sex_t,age_10yrbands_y45_54,mts_details_sgle,2021,0.473
ton,sex_t,age_10yrbands_y45_54,mts_details_sgle,2023,0.189
ton,sex_t,age_10yrbands_y45_54,mts_details_total,2018,5.42
ton,sex_t,age_10yrbands_y45_54,mts_details_total,2021,6.865
ton,sex_t,age_10yrbands_y45_54,mts_details_total,2023,4.054
ton,sex_t,age_10yrbands_y45_54,mts_details_union,2018,0.064
ton,sex_t,age_10yrbands_y45_54,mts_details_union,2021,0.058
ton,sex_t,age_10yrbands_y45_54,mts_details_union,2023,0.045
ton,sex_t,age_10yrbands_y45_54,mts_details_wid,2018,0.296
ton,sex_t,age_10yrbands_y45_54,mts_details_wid,2021,0.3
ton,sex_t,age_10yrbands_y45_54,mts_details_wid,2023,0.234
ton,sex_t,age_10yrbands_y55_64,mts_aggregate_1,2018,0.729
ton,sex_t,age_10yrbands_y55_64,mts_aggregate_1,2021,1.116
ton,sex_t,age_10yrbands_y55_64,mts_aggregate_1,2023,0.647
ton,sex_t,age_10yrbands_y55_64,mts_aggregate_2,2018,2.221
ton,sex_t,age_10yrbands_y55_64,mts_aggregate_2,2021,3.205
ton,sex_t,age_10yrbands_y55_64,mts_aggregate_2,2023,2.082
ton,sex_t,age_10yrbands_y55_64,mts_aggregate_total,2018,2.95
ton,sex_t,age_10yrbands_y55_64,mts_aggregate_total,2021,4.321
ton,sex_t,age_10yrbands_y55_64,mts_aggregate_total,2023,2.729
ton,sex_t,age_10yrbands_y55_64,mts_details_mrd,2018,2.204
ton,sex_t,age_10yrbands_y55_64,mts_details_mrd,2021,3.188
ton,sex_t,age_10yrbands_y55_64,mts_details_mrd,2023,2.054
ton,sex_t,age_10yrbands_y55_64,mts_details_sep,2018,0.06
ton,sex_t,age_10yrbands_y55_64,mts_details_sep,2021,0.083
ton,sex_t,age_10yrbands_y55_64,mts_details_sep,2023,0.104
ton,sex_t,age_10yrbands_y55_64,mts_details_sgle,2018,0.107
ton,sex_t,age_10yrbands_y55_64,mts_details_sgle,2021,0.238
ton,sex_t,age_10yrbands_y55_64,mts_details_sgle,2023,0.237
ton,sex_t,age_10yrbands_y55_64,mts_details_total,2018,2.95
ton,sex_t,age_10yrbands_y55_64,mts_details_total,2021,4.321
ton,sex_t,age_10yrbands_y55_64,mts_details_total,2023,2.729
ton,sex_t,age_10yrbands_y55_64,mts_details_wid,2018,0.562
ton,sex_t,age_10yrbands_y55_64,mts_details_wid,2021,0.795
ton,sex_t,age_10yrbands_y55_64,mts_details_wid,2023,0.306
ton,sex_t,age_10yrbands_yge65,mts_aggregate_1,2018,0.616
ton,sex_t,age_10yrbands_yge65,mts_aggregate_1,2021,1.047
ton,sex_t,age_10yrbands_yge65,mts_aggregate_1,2023,0.791
ton,sex_t,age_10yrbands_yge65,mts_aggregate_2,2018,1.171
ton,sex_t,age_10yrbands_yge65,mts_aggregate_2,2021,1.641
ton,sex_t,age_10yrbands_yge65,mts_aggregate_2,2023,0.963
ton,sex_t,age_10yrbands_yge65,mts_aggregate_total,2018,1.787
ton,sex_t,age_10yrbands_yge65,mts_aggregate_total,2021,2.688
ton,sex_t,age_10yrbands_yge65,mts_aggregate_total,2023,1.754
ton,sex_t,age_10yrbands_yge65,mts_details_mrd,2018,1.164
ton,sex_t,age_10yrbands_yge65,mts_details_mrd,2021,1.637
ton,sex_t,age_10yrbands_yge65,mts_details_mrd,2023,0.957
ton,sex_t,age_10yrbands_yge65,mts_details_sep,2021,0.074
ton,sex_t,age_10yrbands_yge65,mts_details_sep,2023,0.044
ton,sex_t,age_10yrbands_yge65,mts_details_sgle,2018,0.037
ton,sex_t,age_10yrbands_yge65,mts_details_sgle,2021,0.156
ton,sex_t,age_10yrbands_yge65,mts_details_sgle,2023,0.102
ton,sex_t,age_10yrbands_yge65,mts_details_total,2018,1.787
ton,sex_t,age_10yrbands_yge65,mts_details_total,2021,2.688
ton,sex_t,age_10yrbands_yge65,mts_details_total,2023,1.754
ton,sex_t,age_10yrbands_yge65,mts_details_wid,2018,0.571
ton,sex_t,age_10yrbands_yge65,mts_details_wid,2021,0.818
ton,sex_t,age_10yrbands_yge65,mts_details_wid,2023,0.646
ton,sex_t,age_aggregate_total,mts_aggregate_1,2018,8.363
ton,sex_t,age_aggregate_total,mts_aggregate_1,2021,12.549
ton,sex_t,age_aggregate_total,mts_aggregate_1,2023,6.69
ton,sex_t,age_aggregate_total,mts_aggregate_2,2018,18.528
ton,sex_t,age_aggregate_total,mts_aggregate_2,2021,24.236
ton,sex_t,age_aggregate_total,mts_aggregate_2,2023,12.911
ton,sex_t,age_aggregate_total,mts_aggregate_total,2018,26.89
ton,sex_t,age_aggregate_total,mts_aggregate_total,2021,36.785
ton,sex_t,age_aggregate_total,mts_aggregate_total,2023,19.601
ton,sex_t,age_aggregate_total,mts_details_mrd,2018,18.31
ton,sex_t,age_aggregate_total,mts_details_mrd,2021,23.929
ton,sex_t,age_aggregate_total,mts_details_mrd,2023,12.695
ton,sex_t,age_aggregate_total,mts_details_sep,2018,0.605
ton,sex_t,age_aggregate_total,mts_details_sep,2021,0.996
ton,sex_t,age_aggregate_total,mts_details_sep,2023,0.744
ton,sex_t,age_aggregate_total,mts_details_sgle,2018,6.179
ton,sex_t,age_aggregate_total,mts_details_sgle,2021,9.515
ton,sex_t,age_aggregate_total,mts_details_sgle,2023,4.667
ton,sex_t,age_aggregate_total,mts_details_total,2018,26.89
ton,sex_t,age_aggregate_total,mts_details_total,2021,36.785
ton,sex_t,age_aggregate_total,mts_details_total,2023,19.601
ton,sex_t,age_aggregate_total,mts_details_union,2018,0.218
ton,sex_t,age_aggregate_total,mts_details_union,2021,0.307
ton,sex_t,age_aggregate_total,mts_details_union,2023,0.216
ton,sex_t,age_aggregate_total,mts_details_wid,2018,1.579
ton,sex_t,age_aggregate_total,mts_details_wid,2021,2.037
ton,sex_t,age_aggregate_total,mts_details_wid,2023,1.279
ton,sex_t,age_aggregate_y15_24,mts_aggregate_1,2018,3.32
ton,sex_t,age_aggregate_y15_24,mts_aggregate_1,2021,4.68
ton,sex_t,age_aggregate_y15_24,mts_aggregate_1,2023,2.529
ton,sex_t,age_aggregate_y15_24,mts_aggregate_2,2018,0.795
ton,sex_t,age_aggregate_y15_24,mts_aggregate_2,2021,0.923
ton,sex_t,age_aggregate_y15_24,mts_aggregate_2,2023,0.662
ton,sex_t,age_aggregate_y15_24,mts_aggregate_total,2018,4.115
ton,sex_t,age_aggregate_y15_24,mts_aggregate_total,2021,5.602
ton,sex_t,age_aggregate_y15_24,mts_aggregate_total,2023,3.191
ton,sex_t,age_aggregate_y15_24,mts_details_mrd,2018,0.792
ton,sex_t,age_aggregate_y15_24,mts_details_mrd,2021,0.879
ton,sex_t,age_aggregate_y15_24,mts_details_mrd,2023,0.646
ton,sex_t,age_aggregate_y15_24,mts_details_sep,2021,0.052
ton,sex_t,age_aggregate_y15_24,mts_details_sgle,2018,3.287
ton,sex_t,age_aggregate_y15_24,mts_details_sgle,2021,4.628
ton,sex_t,age_aggregate_y15_24,mts_details_sgle,2023,2.495
ton,sex_t,age_aggregate_y15_24,mts_details_total,2018,4.115
ton,sex_t,age_aggregate_y15_24,mts_details_total,2021,5.602
ton,sex_t,age_aggregate_y15_24,mts_details_total,2023,3.191
ton,sex_t,age_aggregate_y15_24,mts_details_union,2021,0.044
ton,sex_t,age_aggregate_y25_54,mts_aggregate_1,2018,3.698
ton,sex_t,age_aggregate_y25_54,mts_aggregate_1,2021,5.705
ton,sex_t,age_aggregate_y25_54,mts_aggregate_1,2023,2.723
ton,sex_t,age_aggregate_y25_54,mts_aggregate_2,2018,14.34
ton,sex_t,age_aggregate_y25_54,mts_aggregate_2,2021,18.468
ton,sex_t,age_aggregate_y25_54,mts_aggregate_2,2023,9.204
ton,sex_t,age_aggregate_y25_54,mts_aggregate_total,2018,18.038
ton,sex_t,age_aggregate_y25_54,mts_aggregate_total,2021,24.173
ton,sex_t,age_aggregate_y25_54,mts_aggregate_total,2023,11.927
ton,sex_t,age_aggregate_y25_54,mts_details_mrd,2018,14.15
ton,sex_t,age_aggregate_y25_54,mts_details_mrd,2021,18.226
ton,sex_t,age_aggregate_y25_54,mts_details_mrd,2023,9.037
ton,sex_t,age_aggregate_y25_54,mts_details_sep,2018,0.503
ton,sex_t,age_aggregate_y25_54,mts_details_sep,2021,0.787
ton,sex_t,age_aggregate_y25_54,mts_details_sep,2023,0.562
ton,sex_t,age_aggregate_y25_54,mts_details_sgle,2018,2.748
ton,sex_t,age_aggregate_y25_54,mts_details_sgle,2021,4.494
ton,sex_t,age_aggregate_y25_54,mts_details_sgle,2023,1.834
ton,sex_t,age_aggregate_y25_54,mts_details_total,2018,18.038
ton,sex_t,age_aggregate_y25_54,mts_details_total,2021,24.173
ton,sex_t,age_aggregate_y25_54,mts_details_total,2023,11.927
ton,sex_t,age_aggregate_y25_54,mts_details_union,2018,0.191
ton,sex_t,age_aggregate_y25_54,mts_details_union,2021,0.242
ton,sex_t,age_aggregate_y25_54,mts_details_union,2023,0.167
ton,sex_t,age_aggregate_y25_54,mts_details_wid,2018,0.447
ton,sex_t,age_aggregate_y25_54,mts_details_wid,2021,0.425
ton,sex_t,age_aggregate_y25_54,mts_details_wid,2023,0.327
ton,sex_t,age_aggregate_y55_64,mts_aggregate_1,2018,0.729
ton,sex_t,age_aggregate_y55_64,mts_aggregate_1,2021,1.116
ton,sex_t,age_aggregate_y55_64,mts_aggregate_1,2023,0.647
ton,sex_t,age_aggregate_y55_64,mts_aggregate_2,2018,2.221
ton,sex_t,age_aggregate_y55_64,mts_aggregate_2,2021,3.205
ton,sex_t,age_aggregate_y55_64,mts_aggregate_2,2023,2.082
ton,sex_t,age_aggregate_y55_64,mts_aggregate_total,2018,2.95
ton,sex_t,age_aggregate_y55_64,mts_aggregate_total,2021,4.321
ton,sex_t,age_aggregate_y55_64,mts_aggregate_total,2023,2.729
ton,sex_t,age_aggregate_y55_64,mts_details_mrd,2018,2.204
ton,sex_t,age_aggregate_y55_64,mts_details_mrd,2021,3.188
ton,sex_t,age_aggregate_y55_64,mts_details_mrd,2023,2.054
ton,sex_t,age_aggregate_y55_64,mts_details_sep,2018,0.06
ton,sex_t,age_aggregate_y55_64,mts_details_sep,2021,0.083
ton,sex_t,age_aggregate_y55_64,mts_details_sep,2023,0.104
ton,sex_t,age_aggregate_y55_64,mts_details_sgle,2018,0.107
ton,sex_t,age_aggregate_y55_64,mts_details_sgle,2021,0.238
ton,sex_t,age_aggregate_y55_64,mts_details_sgle,2023,0.237
ton,sex_t,age_aggregate_y55_64,mts_details_total,2018,2.95
ton,sex_t,age_aggregate_y55_64,mts_details_total,2021,4.321
ton,sex_t,age_aggregate_y55_64,mts_details_total,2023,2.729
ton,sex_t,age_aggregate_y55_64,mts_details_wid,2018,0.562
ton,sex_t,age_aggregate_y55_64,mts_details_wid,2021,0.795
ton,sex_t,age_aggregate_y55_64,mts_details_wid,2023,0.306
ton,sex_t,age_aggregate_yge65,mts_aggregate_1,2018,0.616
ton,sex_t,age_aggregate_yge65,mts_aggregate_1,2021,1.047
ton,sex_t,age_aggregate_yge65,mts_aggregate_1,2023,0.791
ton,sex_t,age_aggregate_yge65,mts_aggregate_2,2018,1.171
ton,sex_t,age_aggregate_yge65,mts_aggregate_2,2021,1.641
ton,sex_t,age_aggregate_yge65,mts_aggregate_2,2023,0.963
ton,sex_t,age_aggregate_yge65,mts_aggregate_total,2018,1.787
ton,sex_t,age_aggregate_yge65,mts_aggregate_total,2021,2.688
ton,sex_t,age_aggregate_yge65,mts_aggregate_total,2023,1.754
ton,sex_t,age_aggregate_yge65,mts_details_mrd,2018,1.164
ton,sex_t,age_aggregate_yge65,mts_details_mrd,2021,1.637
ton,sex_t,age_aggregate_yge65,mts_details_mrd,2023,0.957
ton,sex_t,age_aggregate_yge65,mts_details_sep,2021,0.074
ton,sex_t,age_aggregate_yge65,mts_details_sep,2023,0.044
ton,sex_t,age_aggregate_yge65,mts_details_sgle,2018,0.037
ton,sex_t,age_aggregate_yge65,mts_details_sgle,2021,0.156
ton,sex_t,age_aggregate_yge65,mts_details_sgle,2023,0.102
ton,sex_t,age_aggregate_yge65,mts_details_total,2018,1.787
ton,sex_t,age_aggregate_yge65,mts_details_total,2021,2.688
ton,sex_t,age_aggregate_yge65,mts_details_total,2023,1.754
ton,sex_t,age_aggregate_yge65,mts_details_wid,2018,0.571
ton,sex_t,age_aggregate_yge65,mts_details_wid,2021,0.818
ton,sex_t,age_aggregate_yge65,mts_details_wid,2023,0.646
ton,sex_t,age_ythadult_y15_24,mts_aggregate_1,2018,3.32
ton,sex_t,age_ythadult_y15_24,mts_aggregate_1,2021,4.68
ton,sex_t,age_ythadult_y15_24,mts_aggregate_1,2023,2.529
ton,sex_t,age_ythadult_y15_24,mts_aggregate_2,2018,0.795
ton,sex_t,age_ythadult_y15_24,mts_aggregate_2,2021,0.923
ton,sex_t,age_ythadult_y15_24,mts_aggregate_2,2023,0.662
ton,sex_t,age_ythadult_y15_24,mts_aggregate_total,2018,4.115
ton,sex_t,age_ythadult_y15_24,mts_aggregate_total,2021,5.602
ton,sex_t,age_ythadult_y15_24,mts_aggregate_total,2023,3.191
ton,sex_t,age_ythadult_y15_24,mts_details_mrd,2018,0.792
ton,sex_t,age_ythadult_y15_24,mts_details_mrd,2021,0.879
ton,sex_t,age_ythadult_y15_24,mts_details_mrd,2023,0.646
ton,sex_t,age_ythadult_y15_24,mts_details_sep,2021,0.052
ton,sex_t,age_ythadult_y15_24,mts_details_sgle,2018,3.287
ton,sex_t,age_ythadult_y15_24,mts_details_sgle,2021,4.628
ton,sex_t,age_ythadult_y15_24,mts_details_sgle,2023,2.495
ton,sex_t,age_ythadult_y15_24,mts_details_total,2018,4.115
ton,sex_t,age_ythadult_y15_24,mts_details_total,2021,5.602
ton,sex_t,age_ythadult_y15_24,mts_details_total,2023,3.191
ton,sex_t,age_ythadult_y15_24,mts_details_union,2021,0.044
ton,sex_t,age_ythadult_y15_64,mts_aggregate_1,2018,7.747
ton,sex_t,age_ythadult_y15_64,mts_aggregate_1,2021,11.501
ton,sex_t,age_ythadult_y15_64,mts_aggregate_1,2023,5.899
ton,sex_t,age_ythadult_y15_64,mts_aggregate_2,2018,17.356
ton,sex_t,age_ythadult_y15_64,mts_aggregate_2,2021,22.596
ton,sex_t,age_ythadult_y15_64,mts_aggregate_2,2023,11.948
ton,sex_t,age_ythadult_y15_64,mts_aggregate_total,2018,25.104
ton,sex_t,age_ythadult_y15_64,mts_aggregate_total,2021,34.097
ton,sex_t,age_ythadult_y15_64,mts_aggregate_total,2023,17.847
ton,sex_t,age_ythadult_y15_64,mts_details_mrd,2018,17.146
ton,sex_t,age_ythadult_y15_64,mts_details_mrd,2021,22.292
ton,sex_t,age_ythadult_y15_64,mts_details_mrd,2023,11.738
ton,sex_t,age_ythadult_y15_64,mts_details_sep,2018,0.597
ton,sex_t,age_ythadult_y15_64,mts_details_sep,2021,0.922
ton,sex_t,age_ythadult_y15_64,mts_details_sep,2023,0.7
ton,sex_t,age_ythadult_y15_64,mts_details_sgle,2018,6.142
ton,sex_t,age_ythadult_y15_64,mts_details_sgle,2021,9.359
ton,sex_t,age_ythadult_y15_64,mts_details_sgle,2023,4.565
ton,sex_t,age_ythadult_y15_64,mts_details_total,2018,25.104
ton,sex_t,age_ythadult_y15_64,mts_details_total,2021,34.097
ton,sex_t,age_ythadult_y15_64,mts_details_total,2023,17.847
ton,sex_t,age_ythadult_y15_64,mts_details_union,2018,0.21
ton,sex_t,age_ythadult_y15_64,mts_details_union,2021,0.303
ton,sex_t,age_ythadult_y15_64,mts_details_union,2023,0.21
ton,sex_t,age_ythadult_yge15,mts_aggregate_1,2018,8.363
ton,sex_t,age_ythadult_yge15,mts_aggregate_1,2021,12.549
ton,sex_t,age_ythadult_yge15,mts_aggregate_1,2023,6.69
ton,sex_t,age_ythadult_yge15,mts_aggregate_2,2018,18.528
ton,sex_t,age_ythadult_yge15,mts_aggregate_2,2021,24.236
ton,sex_t,age_ythadult_yge15,mts_aggregate_2,2023,12.911
ton,sex_t,age_ythadult_yge15,mts_aggregate_total,2018,26.89
ton,sex_t,age_ythadult_yge15,mts_aggregate_total,2021,36.785
ton,sex_t,age_ythadult_yge15,mts_aggregate_total,2023,19.601
ton,sex_t,age_ythadult_yge15,mts_details_mrd,2018,18.31
ton,sex_t,age_ythadult_yge15,mts_details_mrd,2021,23.929
ton,sex_t,age_ythadult_yge15,mts_details_mrd,2023,12.695
ton,sex_t,age_ythadult_yge15,mts_details_sep,2018,0.605
ton,sex_t,age_ythadult_yge15,mts_details_sep,2021,0.996
ton,sex_t,age_ythadult_yge15,mts_details_sep,2023,0.744
ton,sex_t,age_ythadult_yge15,mts_details_sgle,2018,6.179
ton,sex_t,age_ythadult_yge15,mts_details_sgle,2021,9.515
ton,sex_t,age_ythadult_yge15,mts_details_sgle,2023,4.667
ton,sex_t,age_ythadult_yge15,mts_details_total,2018,26.89
ton,sex_t,age_ythadult_yge15,mts_details_total,2021,36.785
ton,sex_t,age_ythadult_yge15,mts_details_total,2023,19.601
ton,sex_t,age_ythadult_yge15,mts_details_union,2018,0.218
ton,sex_t,age_ythadult_yge15,mts_details_union,2021,0.307
ton,sex_t,age_ythadult_yge15,mts_details_union,2023,0.216
ton,sex_t,age_ythadult_yge15,mts_details_wid,2018,1.579
ton,sex_t,age_ythadult_yge15,mts_details_wid,2021,2.037
ton,sex_t,age_ythadult_yge15,mts_details_wid,2023,1.279
ton,sex_t,age_ythadult_yge25,mts_aggregate_1,2018,5.043
ton,sex_t,age_ythadult_yge25,mts_aggregate_1,2021,7.869
ton,sex_t,age_ythadult_yge25,mts_aggregate_1,2023,4.161
ton,sex_t,age_ythadult_yge25,mts_aggregate_2,2018,17.732
ton,sex_t,age_ythadult_yge25,mts_aggregate_2,2021,23.314
ton,sex_t,age_ythadult_yge25,mts_aggregate_2,2023,12.249
ton,sex_t,age_ythadult_yge25,mts_aggregate_total,2018,22.775
ton,sex_t,age_ythadult_yge25,mts_aggregate_total,2021,31.183
ton,sex_t,age_ythadult_yge25,mts_aggregate_total,2023,16.41
ton,sex_t,age_ythadult_yge25,mts_details_mrd,2018,17.518
ton,sex_t,age_ythadult_yge25,mts_details_mrd,2021,23.05
ton,sex_t,age_ythadult_yge25,mts_details_mrd,2023,12.048
ton,sex_t,age_ythadult_yge25,mts_details_sep,2018,0.572
ton,sex_t,age_ythadult_yge25,mts_details_sep,2021,0.944
ton,sex_t,age_ythadult_yge25,mts_details_sep,2023,0.709
ton,sex_t,age_ythadult_yge25,mts_details_sgle,2018,2.892
ton,sex_t,age_ythadult_yge25,mts_details_sgle,2021,4.888
ton,sex_t,age_ythadult_yge25,mts_details_sgle,2023,2.172
ton,sex_t,age_ythadult_yge25,mts_details_total,2018,22.775
ton,sex_t,age_ythadult_yge25,mts_details_total,2021,31.183
ton,sex_t,age_ythadult_yge25,mts_details_total,2023,16.41
ton,sex_t,age_ythadult_yge25,mts_details_union,2018,0.214
ton,sex_t,age_ythadult_yge25,mts_details_union,2021,0.264
ton,sex_t,age_ythadult_yge25,mts_details_union,2023,0.201
ton,sex_t,age_ythadult_yge25,mts_details_wid,2018,1.579
ton,sex_t,age_ythadult_yge25,mts_details_wid,2021,2.037
ton,sex_t,age_ythadult_yge25,mts_details_wid,2023,1.279
