ref_area,sex,classif1,classif2,time,mst_xwap_sex_edu_cbr_nb
fji,sex_f,edu_aggregate_adv,cbr_bir_foreign,2007,0.82
fji,sex_f,edu_aggregate_adv,cbr_bir_foreign,2011,1.355
fji,sex_f,edu_aggregate_adv,cbr_bir_foreign,2016,0.917
fji,sex_f,edu_aggregate_adv,cbr_bir_foreign,2024,1.21
fji,sex_f,edu_aggregate_adv,cbr_bir_native,2007,5.04
fji,sex_f,edu_aggregate_adv,cbr_bir_native,2011,41.185
fji,sex_f,edu_aggregate_adv,cbr_bir_native,2016,49.97
fji,sex_f,edu_aggregate_adv,cbr_bir_native,2024,48.358
fji,sex_f,edu_aggregate_adv,cbr_bir_total,2007,5.86
fji,sex_f,edu_aggregate_adv,cbr_bir_total,2011,42.54
fji,sex_f,edu_aggregate_adv,cbr_bir_total,2016,50.887
fji,sex_f,edu_aggregate_adv,cbr_bir_total,2024,49.567
fji,sex_f,edu_aggregate_bas,cbr_bir_foreign,2007,1.74
fji,sex_f,edu_aggregate_bas,cbr_bir_foreign,2011,1.008
fji,sex_f,edu_aggregate_bas,cbr_bir_foreign,2016,0.987
fji,sex_f,edu_aggregate_bas,cbr_bir_foreign,2024,0.877
fji,sex_f,edu_aggregate_bas,cbr_bir_native,2007,149.18
fji,sex_f,edu_aggregate_bas,cbr_bir_native,2011,143.417
fji,sex_f,edu_aggregate_bas,cbr_bir_native,2016,117.729
fji,sex_f,edu_aggregate_bas,cbr_bir_native,2024,108.906
fji,sex_f,edu_aggregate_bas,cbr_bir_total,2007,150.92
fji,sex_f,edu_aggregate_bas,cbr_bir_total,2011,144.425
fji,sex_f,edu_aggregate_bas,cbr_bir_total,2016,118.716
fji,sex_f,edu_aggregate_bas,cbr_bir_total,2024,109.784
fji,sex_f,edu_aggregate_int,cbr_bir_foreign,2007,1.33
fji,sex_f,edu_aggregate_int,cbr_bir_foreign,2011,1.088
fji,sex_f,edu_aggregate_int,cbr_bir_foreign,2016,1.228
fji,sex_f,edu_aggregate_int,cbr_bir_foreign,2024,1.514
fji,sex_f,edu_aggregate_int,cbr_bir_native,2007,76.54
fji,sex_f,edu_aggregate_int,cbr_bir_native,2011,87.415
fji,sex_f,edu_aggregate_int,cbr_bir_native,2016,120.047
fji,sex_f,edu_aggregate_int,cbr_bir_native,2024,135.012
fji,sex_f,edu_aggregate_int,cbr_bir_total,2007,77.87
fji,sex_f,edu_aggregate_int,cbr_bir_total,2011,88.503
fji,sex_f,edu_aggregate_int,cbr_bir_total,2016,121.275
fji,sex_f,edu_aggregate_int,cbr_bir_total,2024,136.526
fji,sex_f,edu_aggregate_ltb,cbr_bir_foreign,2007,0.26
fji,sex_f,edu_aggregate_ltb,cbr_bir_foreign,2011,0.233
fji,sex_f,edu_aggregate_ltb,cbr_bir_native,2007,20.83
fji,sex_f,edu_aggregate_ltb,cbr_bir_native,2011,10.572
fji,sex_f,edu_aggregate_ltb,cbr_bir_native,2016,8.73
fji,sex_f,edu_aggregate_ltb,cbr_bir_native,2024,6.367
fji,sex_f,edu_aggregate_ltb,cbr_bir_total,2007,21.09
fji,sex_f,edu_aggregate_ltb,cbr_bir_total,2011,10.805
fji,sex_f,edu_aggregate_ltb,cbr_bir_total,2016,8.84
fji,sex_f,edu_aggregate_ltb,cbr_bir_total,2024,6.436
fji,sex_f,edu_aggregate_total,cbr_bir_foreign,2007,5.53
fji,sex_f,edu_aggregate_total,cbr_bir_foreign,2011,3.683
fji,sex_f,edu_aggregate_total,cbr_bir_foreign,2016,3.242
fji,sex_f,edu_aggregate_total,cbr_bir_foreign,2024,3.671
fji,sex_f,edu_aggregate_total,cbr_bir_native,2007,287.85
fji,sex_f,edu_aggregate_total,cbr_bir_native,2011,282.59
fji,sex_f,edu_aggregate_total,cbr_bir_native,2016,296.476
fji,sex_f,edu_aggregate_total,cbr_bir_native,2024,298.643
fji,sex_f,edu_aggregate_total,cbr_bir_total,2007,293.38
fji,sex_f,edu_aggregate_total,cbr_bir_total,2011,286.273
fji,sex_f,edu_aggregate_total,cbr_bir_total,2016,299.718
fji,sex_f,edu_aggregate_total,cbr_bir_total,2024,302.313
fji,sex_f,edu_aggregate_x,cbr_bir_foreign,2007,1.38
fji,sex_f,edu_aggregate_x,cbr_bir_native,2007,36.26
fji,sex_f,edu_aggregate_x,cbr_bir_total,2007,37.64
fji,sex_f,edu_isced11_0,cbr_bir_foreign,2007,0.26
fji,sex_f,edu_isced11_0,cbr_bir_native,2007,20.83
fji,sex_f,edu_isced11_0,cbr_bir_total,2007,21.09
fji,sex_f,edu_isced11_1,cbr_bir_foreign,2007,0.46
fji,sex_f,edu_isced11_1,cbr_bir_native,2007,28.17
fji,sex_f,edu_isced11_1,cbr_bir_native,2024,15.768
fji,sex_f,edu_isced11_1,cbr_bir_total,2007,28.63
fji,sex_f,edu_isced11_1,cbr_bir_total,2024,15.87
fji,sex_f,edu_isced11_2,cbr_bir_foreign,2007,1.28
fji,sex_f,edu_isced11_2,cbr_bir_foreign,2024,0.776
fji,sex_f,edu_isced11_2,cbr_bir_native,2007,121.01
fji,sex_f,edu_isced11_2,cbr_bir_native,2024,93.138
fji,sex_f,edu_isced11_2,cbr_bir_total,2007,122.29
fji,sex_f,edu_isced11_2,cbr_bir_total,2024,93.914
fji,sex_f,edu_isced11_3,cbr_bir_foreign,2007,1.05
fji,sex_f,edu_isced11_3,cbr_bir_foreign,2024,1.514
fji,sex_f,edu_isced11_3,cbr_bir_native,2007,65.09
fji,sex_f,edu_isced11_3,cbr_bir_native,2024,134.772
fji,sex_f,edu_isced11_3,cbr_bir_total,2007,66.14
fji,sex_f,edu_isced11_3,cbr_bir_total,2024,136.287
fji,sex_f,edu_isced11_4,cbr_bir_foreign,2007,0.28
fji,sex_f,edu_isced11_4,cbr_bir_native,2007,11.45
fji,sex_f,edu_isced11_4,cbr_bir_native,2024,0.239
fji,sex_f,edu_isced11_4,cbr_bir_total,2007,11.73
fji,sex_f,edu_isced11_4,cbr_bir_total,2024,0.239
fji,sex_f,edu_isced11_5,cbr_bir_foreign,2024,0.299
fji,sex_f,edu_isced11_5,cbr_bir_native,2024,27.931
fji,sex_f,edu_isced11_5,cbr_bir_total,2024,28.23
fji,sex_f,edu_isced11_6,cbr_bir_foreign,2007,0.6
fji,sex_f,edu_isced11_6,cbr_bir_foreign,2024,0.571
fji,sex_f,edu_isced11_6,cbr_bir_native,2007,4.36
fji,sex_f,edu_isced11_6,cbr_bir_native,2024,18.865
fji,sex_f,edu_isced11_6,cbr_bir_total,2007,4.96
fji,sex_f,edu_isced11_6,cbr_bir_total,2024,19.436
fji,sex_f,edu_isced11_7,cbr_bir_foreign,2007,0.22
fji,sex_f,edu_isced11_7,cbr_bir_foreign,2024,0.265
fji,sex_f,edu_isced11_7,cbr_bir_native,2007,0.68
fji,sex_f,edu_isced11_7,cbr_bir_native,2024,1.49
fji,sex_f,edu_isced11_7,cbr_bir_total,2007,0.9
fji,sex_f,edu_isced11_7,cbr_bir_total,2024,1.755
fji,sex_f,edu_isced11_9,cbr_bir_foreign,2007,1.38
fji,sex_f,edu_isced11_9,cbr_bir_native,2007,36.26
fji,sex_f,edu_isced11_9,cbr_bir_total,2007,37.64
fji,sex_f,edu_isced11_total,cbr_bir_foreign,2007,5.53
fji,sex_f,edu_isced11_total,cbr_bir_foreign,2024,3.671
fji,sex_f,edu_isced11_total,cbr_bir_native,2007,287.85
fji,sex_f,edu_isced11_total,cbr_bir_native,2024,298.643
fji,sex_f,edu_isced11_total,cbr_bir_total,2007,293.38
fji,sex_f,edu_isced11_total,cbr_bir_total,2024,302.313
fji,sex_f,edu_isced11_x,cbr_bir_native,2024,6.367
fji,sex_f,edu_isced11_x,cbr_bir_total,2024,6.436
fji,sex_f,edu_isced97_1,cbr_bir_foreign,2011,0.323
fji,sex_f,edu_isced97_1,cbr_bir_foreign,2016,0.329
fji,sex_f,edu_isced97_1,cbr_bir_native,2011,36.082
fji,sex_f,edu_isced97_1,cbr_bir_native,2016,24.792
fji,sex_f,edu_isced97_1,cbr_bir_total,2011,36.405
fji,sex_f,edu_isced97_1,cbr_bir_total,2016,25.122
fji,sex_f,edu_isced97_2,cbr_bir_foreign,2011,0.685
fji,sex_f,edu_isced97_2,cbr_bir_foreign,2016,0.658
fji,sex_f,edu_isced97_2,cbr_bir_native,2011,107.336
fji,sex_f,edu_isced97_2,cbr_bir_native,2016,92.936
fji,sex_f,edu_isced97_2,cbr_bir_total,2011,108.02
fji,sex_f,edu_isced97_2,cbr_bir_total,2016,93.594
fji,sex_f,edu_isced97_3,cbr_bir_foreign,2011,0.746
fji,sex_f,edu_isced97_3,cbr_bir_foreign,2016,1.105
fji,sex_f,edu_isced97_3,cbr_bir_native,2011,70.488
fji,sex_f,edu_isced97_3,cbr_bir_native,2016,100.518
fji,sex_f,edu_isced97_3,cbr_bir_total,2011,71.234
fji,sex_f,edu_isced97_3,cbr_bir_total,2016,101.622
fji,sex_f,edu_isced97_4,cbr_bir_foreign,2011,0.342
fji,sex_f,edu_isced97_4,cbr_bir_native,2011,16.927
fji,sex_f,edu_isced97_4,cbr_bir_native,2016,19.529
fji,sex_f,edu_isced97_4,cbr_bir_total,2011,17.269
fji,sex_f,edu_isced97_4,cbr_bir_total,2016,19.652
fji,sex_f,edu_isced97_5,cbr_bir_foreign,2011,0.979
fji,sex_f,edu_isced97_5,cbr_bir_foreign,2016,0.838
fji,sex_f,edu_isced97_5,cbr_bir_native,2011,39.813
fji,sex_f,edu_isced97_5,cbr_bir_native,2016,47.814
fji,sex_f,edu_isced97_5,cbr_bir_total,2011,40.791
fji,sex_f,edu_isced97_5,cbr_bir_total,2016,48.652
fji,sex_f,edu_isced97_6,cbr_bir_foreign,2011,0.376
fji,sex_f,edu_isced97_6,cbr_bir_native,2011,1.373
fji,sex_f,edu_isced97_6,cbr_bir_native,2016,2.156
fji,sex_f,edu_isced97_6,cbr_bir_total,2011,1.748
fji,sex_f,edu_isced97_6,cbr_bir_total,2016,2.235
fji,sex_f,edu_isced97_total,cbr_bir_foreign,2011,3.683
fji,sex_f,edu_isced97_total,cbr_bir_foreign,2016,3.242
fji,sex_f,edu_isced97_total,cbr_bir_native,2011,282.59
fji,sex_f,edu_isced97_total,cbr_bir_native,2016,296.476
fji,sex_f,edu_isced97_total,cbr_bir_total,2011,286.273
fji,sex_f,edu_isced97_total,cbr_bir_total,2016,299.718
fji,sex_f,edu_isced97_x,cbr_bir_foreign,2011,0.233
fji,sex_f,edu_isced97_x,cbr_bir_native,2011,10.572
fji,sex_f,edu_isced97_x,cbr_bir_native,2016,8.73
fji,sex_f,edu_isced97_x,cbr_bir_total,2011,10.805
fji,sex_f,edu_isced97_x,cbr_bir_total,2016,8.84
fji,sex_m,edu_aggregate_adv,cbr_bir_foreign,2007,1.1
fji,sex_m,edu_aggregate_adv,cbr_bir_foreign,2011,1.662
fji,sex_m,edu_aggregate_adv,cbr_bir_foreign,2016,1.274
fji,sex_m,edu_aggregate_adv,cbr_bir_foreign,2024,1.65
fji,sex_m,edu_aggregate_adv,cbr_bir_native,2007,6.8
fji,sex_m,edu_aggregate_adv,cbr_bir_native,2011,53.924
fji,sex_m,edu_aggregate_adv,cbr_bir_native,2016,55.428
fji,sex_m,edu_aggregate_adv,cbr_bir_native,2024,51.228
fji,sex_m,edu_aggregate_adv,cbr_bir_total,2007,7.9
fji,sex_m,edu_aggregate_adv,cbr_bir_total,2011,55.586
fji,sex_m,edu_aggregate_adv,cbr_bir_total,2016,56.702
fji,sex_m,edu_aggregate_adv,cbr_bir_total,2024,52.878
fji,sex_m,edu_aggregate_bas,cbr_bir_foreign,2007,1.46
fji,sex_m,edu_aggregate_bas,cbr_bir_foreign,2011,0.947
fji,sex_m,edu_aggregate_bas,cbr_bir_foreign,2016,0.707
fji,sex_m,edu_aggregate_bas,cbr_bir_foreign,2024,0.948
fji,sex_m,edu_aggregate_bas,cbr_bir_native,2007,156.15
fji,sex_m,edu_aggregate_bas,cbr_bir_native,2011,148.894
fji,sex_m,edu_aggregate_bas,cbr_bir_native,2016,117.35
fji,sex_m,edu_aggregate_bas,cbr_bir_native,2024,134.17
fji,sex_m,edu_aggregate_bas,cbr_bir_total,2007,157.61
fji,sex_m,edu_aggregate_bas,cbr_bir_total,2011,149.841
fji,sex_m,edu_aggregate_bas,cbr_bir_total,2016,118.056
fji,sex_m,edu_aggregate_bas,cbr_bir_total,2024,135.118
fji,sex_m,edu_aggregate_int,cbr_bir_foreign,2007,1.56
fji,sex_m,edu_aggregate_int,cbr_bir_foreign,2011,0.946
fji,sex_m,edu_aggregate_int,cbr_bir_foreign,2016,1.078
fji,sex_m,edu_aggregate_int,cbr_bir_foreign,2024,1.051
fji,sex_m,edu_aggregate_int,cbr_bir_native,2007,76.47
fji,sex_m,edu_aggregate_int,cbr_bir_native,2011,88.832
fji,sex_m,edu_aggregate_int,cbr_bir_native,2016,113.87
fji,sex_m,edu_aggregate_int,cbr_bir_native,2024,120.816
fji,sex_m,edu_aggregate_int,cbr_bir_total,2007,78.03
fji,sex_m,edu_aggregate_int,cbr_bir_total,2011,89.779
fji,sex_m,edu_aggregate_int,cbr_bir_total,2016,114.949
fji,sex_m,edu_aggregate_int,cbr_bir_total,2024,121.867
fji,sex_m,edu_aggregate_ltb,cbr_bir_foreign,2007,0.21
fji,sex_m,edu_aggregate_ltb,cbr_bir_native,2007,20.52
fji,sex_m,edu_aggregate_ltb,cbr_bir_native,2011,4.808
fji,sex_m,edu_aggregate_ltb,cbr_bir_native,2016,4.123
fji,sex_m,edu_aggregate_ltb,cbr_bir_native,2024,2.632
fji,sex_m,edu_aggregate_ltb,cbr_bir_total,2007,20.73
fji,sex_m,edu_aggregate_ltb,cbr_bir_total,2011,4.958
fji,sex_m,edu_aggregate_ltb,cbr_bir_total,2016,4.123
fji,sex_m,edu_aggregate_ltb,cbr_bir_total,2024,2.655
fji,sex_m,edu_aggregate_total,cbr_bir_foreign,2007,5.62
fji,sex_m,edu_aggregate_total,cbr_bir_foreign,2011,3.706
fji,sex_m,edu_aggregate_total,cbr_bir_foreign,2016,3.059
fji,sex_m,edu_aggregate_total,cbr_bir_foreign,2024,3.673
fji,sex_m,edu_aggregate_total,cbr_bir_native,2007,299.13
fji,sex_m,edu_aggregate_total,cbr_bir_native,2011,296.458
fji,sex_m,edu_aggregate_total,cbr_bir_native,2016,290.843
fji,sex_m,edu_aggregate_total,cbr_bir_native,2024,308.846
fji,sex_m,edu_aggregate_total,cbr_bir_total,2007,304.75
fji,sex_m,edu_aggregate_total,cbr_bir_total,2011,300.164
fji,sex_m,edu_aggregate_total,cbr_bir_total,2016,293.902
fji,sex_m,edu_aggregate_total,cbr_bir_total,2024,312.518
fji,sex_m,edu_aggregate_x,cbr_bir_foreign,2007,1.29
fji,sex_m,edu_aggregate_x,cbr_bir_native,2007,39.19
fji,sex_m,edu_aggregate_x,cbr_bir_total,2007,40.48
fji,sex_m,edu_isced11_0,cbr_bir_foreign,2007,0.21
fji,sex_m,edu_isced11_0,cbr_bir_native,2007,20.52
fji,sex_m,edu_isced11_0,cbr_bir_total,2007,20.73
fji,sex_m,edu_isced11_1,cbr_bir_foreign,2007,0.34
fji,sex_m,edu_isced11_1,cbr_bir_foreign,2024,0.278
fji,sex_m,edu_isced11_1,cbr_bir_native,2007,29.53
fji,sex_m,edu_isced11_1,cbr_bir_native,2024,19.269
fji,sex_m,edu_isced11_1,cbr_bir_total,2007,29.87
fji,sex_m,edu_isced11_1,cbr_bir_total,2024,19.548
fji,sex_m,edu_isced11_2,cbr_bir_foreign,2007,1.12
fji,sex_m,edu_isced11_2,cbr_bir_foreign,2024,0.669
fji,sex_m,edu_isced11_2,cbr_bir_native,2007,126.62
fji,sex_m,edu_isced11_2,cbr_bir_native,2024,114.901
fji,sex_m,edu_isced11_2,cbr_bir_total,2007,127.74
fji,sex_m,edu_isced11_2,cbr_bir_total,2024,115.57
fji,sex_m,edu_isced11_3,cbr_bir_foreign,2007,1.26
fji,sex_m,edu_isced11_3,cbr_bir_foreign,2024,1.051
fji,sex_m,edu_isced11_3,cbr_bir_native,2007,65.6
fji,sex_m,edu_isced11_3,cbr_bir_native,2024,120.48
fji,sex_m,edu_isced11_3,cbr_bir_total,2007,66.86
fji,sex_m,edu_isced11_3,cbr_bir_total,2024,121.531
fji,sex_m,edu_isced11_4,cbr_bir_foreign,2007,0.3
fji,sex_m,edu_isced11_4,cbr_bir_native,2007,10.87
fji,sex_m,edu_isced11_4,cbr_bir_native,2024,0.336
fji,sex_m,edu_isced11_4,cbr_bir_total,2007,11.17
fji,sex_m,edu_isced11_4,cbr_bir_total,2024,0.336
fji,sex_m,edu_isced11_5,cbr_bir_foreign,2024,0.249
fji,sex_m,edu_isced11_5,cbr_bir_native,2024,33.435
fji,sex_m,edu_isced11_5,cbr_bir_total,2024,33.685
fji,sex_m,edu_isced11_6,cbr_bir_foreign,2007,0.74
fji,sex_m,edu_isced11_6,cbr_bir_foreign,2024,1.066
fji,sex_m,edu_isced11_6,cbr_bir_native,2007,5.54
fji,sex_m,edu_isced11_6,cbr_bir_native,2024,15.487
fji,sex_m,edu_isced11_6,cbr_bir_total,2007,6.28
fji,sex_m,edu_isced11_6,cbr_bir_total,2024,16.553
fji,sex_m,edu_isced11_7,cbr_bir_foreign,2007,0.36
fji,sex_m,edu_isced11_7,cbr_bir_foreign,2024,0.335
fji,sex_m,edu_isced11_7,cbr_bir_native,2007,1.26
fji,sex_m,edu_isced11_7,cbr_bir_native,2024,2.087
fji,sex_m,edu_isced11_7,cbr_bir_total,2007,1.62
fji,sex_m,edu_isced11_7,cbr_bir_total,2024,2.422
fji,sex_m,edu_isced11_8,cbr_bir_native,2024,0.218
fji,sex_m,edu_isced11_8,cbr_bir_total,2024,0.218
fji,sex_m,edu_isced11_9,cbr_bir_foreign,2007,1.29
fji,sex_m,edu_isced11_9,cbr_bir_native,2007,39.19
fji,sex_m,edu_isced11_9,cbr_bir_total,2007,40.48
fji,sex_m,edu_isced11_total,cbr_bir_foreign,2007,5.62
fji,sex_m,edu_isced11_total,cbr_bir_foreign,2024,3.673
fji,sex_m,edu_isced11_total,cbr_bir_native,2007,299.13
fji,sex_m,edu_isced11_total,cbr_bir_native,2024,308.846
fji,sex_m,edu_isced11_total,cbr_bir_total,2007,304.75
fji,sex_m,edu_isced11_total,cbr_bir_total,2024,312.518
fji,sex_m,edu_isced11_x,cbr_bir_native,2024,2.632
fji,sex_m,edu_isced11_x,cbr_bir_total,2024,2.655
fji,sex_m,edu_isced97_1,cbr_bir_foreign,2011,0.346
fji,sex_m,edu_isced97_1,cbr_bir_foreign,2016,0.208
fji,sex_m,edu_isced97_1,cbr_bir_native,2011,43.382
fji,sex_m,edu_isced97_1,cbr_bir_native,2016,27.161
fji,sex_m,edu_isced97_1,cbr_bir_total,2011,43.729
fji,sex_m,edu_isced97_1,cbr_bir_total,2016,27.369
fji,sex_m,edu_isced97_2,cbr_bir_foreign,2011,0.601
fji,sex_m,edu_isced97_2,cbr_bir_foreign,2016,0.499
fji,sex_m,edu_isced97_2,cbr_bir_native,2011,105.512
fji,sex_m,edu_isced97_2,cbr_bir_native,2016,90.188
fji,sex_m,edu_isced97_2,cbr_bir_total,2011,106.113
fji,sex_m,edu_isced97_2,cbr_bir_total,2016,90.688
fji,sex_m,edu_isced97_3,cbr_bir_foreign,2011,0.803
fji,sex_m,edu_isced97_3,cbr_bir_foreign,2016,0.906
fji,sex_m,edu_isced97_3,cbr_bir_native,2011,60.202
fji,sex_m,edu_isced97_3,cbr_bir_native,2016,86.773
fji,sex_m,edu_isced97_3,cbr_bir_total,2011,61.005
fji,sex_m,edu_isced97_3,cbr_bir_total,2016,87.68
fji,sex_m,edu_isced97_4,cbr_bir_native,2011,28.63
fji,sex_m,edu_isced97_4,cbr_bir_native,2016,27.097
fji,sex_m,edu_isced97_4,cbr_bir_total,2011,28.774
fji,sex_m,edu_isced97_4,cbr_bir_total,2016,27.269
fji,sex_m,edu_isced97_5,cbr_bir_foreign,2011,1.215
fji,sex_m,edu_isced97_5,cbr_bir_foreign,2016,1.024
fji,sex_m,edu_isced97_5,cbr_bir_native,2011,51.058
fji,sex_m,edu_isced97_5,cbr_bir_native,2016,51.777
fji,sex_m,edu_isced97_5,cbr_bir_total,2011,52.273
fji,sex_m,edu_isced97_5,cbr_bir_total,2016,52.801
fji,sex_m,edu_isced97_6,cbr_bir_foreign,2011,0.447
fji,sex_m,edu_isced97_6,cbr_bir_foreign,2016,0.25
fji,sex_m,edu_isced97_6,cbr_bir_native,2011,2.867
fji,sex_m,edu_isced97_6,cbr_bir_native,2016,3.651
fji,sex_m,edu_isced97_6,cbr_bir_total,2011,3.313
fji,sex_m,edu_isced97_6,cbr_bir_total,2016,3.901
fji,sex_m,edu_isced97_total,cbr_bir_foreign,2011,3.706
fji,sex_m,edu_isced97_total,cbr_bir_foreign,2016,3.059
fji,sex_m,edu_isced97_total,cbr_bir_native,2011,296.458
fji,sex_m,edu_isced97_total,cbr_bir_native,2016,290.843
fji,sex_m,edu_isced97_total,cbr_bir_total,2011,300.164
fji,sex_m,edu_isced97_total,cbr_bir_total,2016,293.902
fji,sex_m,edu_isced97_x,cbr_bir_native,2011,4.808
fji,sex_m,edu_isced97_x,cbr_bir_native,2016,4.123
fji,sex_m,edu_isced97_x,cbr_bir_total,2011,4.958
fji,sex_m,edu_isced97_x,cbr_bir_total,2016,4.123
fji,sex_t,edu_aggregate_adv,cbr_bir_foreign,2007,1.92
fji,sex_t,edu_aggregate_adv,cbr_bir_foreign,2011,3.016
fji,sex_t,edu_aggregate_adv,cbr_bir_foreign,2016,2.191
fji,sex_t,edu_aggregate_adv,cbr_bir_foreign,2024,2.86
fji,sex_t,edu_aggregate_adv,cbr_bir_native,2007,11.84
fji,sex_t,edu_aggregate_adv,cbr_bir_native,2011,95.11
fji,sex_t,edu_aggregate_adv,cbr_bir_native,2016,105.399
fji,sex_t,edu_aggregate_adv,cbr_bir_native,2024,99.585
fji,sex_t,edu_aggregate_adv,cbr_bir_total,2007,13.76
fji,sex_t,edu_aggregate_adv,cbr_bir_total,2011,98.126
fji,sex_t,edu_aggregate_adv,cbr_bir_total,2016,107.589
fji,sex_t,edu_aggregate_adv,cbr_bir_total,2024,102.445
fji,sex_t,edu_aggregate_bas,cbr_bir_foreign,2007,3.2
fji,sex_t,edu_aggregate_bas,cbr_bir_foreign,2011,1.955
fji,sex_t,edu_aggregate_bas,cbr_bir_foreign,2016,1.694
fji,sex_t,edu_aggregate_bas,cbr_bir_foreign,2024,1.825
fji,sex_t,edu_aggregate_bas,cbr_bir_native,2007,305.33
fji,sex_t,edu_aggregate_bas,cbr_bir_native,2011,292.311
fji,sex_t,edu_aggregate_bas,cbr_bir_native,2016,235.078
fji,sex_t,edu_aggregate_bas,cbr_bir_native,2024,243.077
fji,sex_t,edu_aggregate_bas,cbr_bir_total,2007,308.53
fji,sex_t,edu_aggregate_bas,cbr_bir_total,2011,294.266
fji,sex_t,edu_aggregate_bas,cbr_bir_total,2016,236.772
fji,sex_t,edu_aggregate_bas,cbr_bir_total,2024,244.902
fji,sex_t,edu_aggregate_int,cbr_bir_foreign,2007,2.89
fji,sex_t,edu_aggregate_int,cbr_bir_foreign,2011,2.034
fji,sex_t,edu_aggregate_int,cbr_bir_foreign,2016,2.307
fji,sex_t,edu_aggregate_int,cbr_bir_foreign,2024,2.566
fji,sex_t,edu_aggregate_int,cbr_bir_native,2007,153.01
fji,sex_t,edu_aggregate_int,cbr_bir_native,2011,176.248
fji,sex_t,edu_aggregate_int,cbr_bir_native,2016,233.917
fji,sex_t,edu_aggregate_int,cbr_bir_native,2024,255.828
fji,sex_t,edu_aggregate_int,cbr_bir_total,2007,155.9
fji,sex_t,edu_aggregate_int,cbr_bir_total,2011,178.282
fji,sex_t,edu_aggregate_int,cbr_bir_total,2016,236.224
fji,sex_t,edu_aggregate_int,cbr_bir_total,2024,258.394
fji,sex_t,edu_aggregate_ltb,cbr_bir_foreign,2007,0.47
fji,sex_t,edu_aggregate_ltb,cbr_bir_foreign,2011,0.383
fji,sex_t,edu_aggregate_ltb,cbr_bir_native,2007,41.35
fji,sex_t,edu_aggregate_ltb,cbr_bir_native,2011,15.38
fji,sex_t,edu_aggregate_ltb,cbr_bir_native,2016,12.853
fji,sex_t,edu_aggregate_ltb,cbr_bir_native,2024,8.999
fji,sex_t,edu_aggregate_ltb,cbr_bir_total,2007,41.82
fji,sex_t,edu_aggregate_ltb,cbr_bir_total,2011,15.763
fji,sex_t,edu_aggregate_ltb,cbr_bir_total,2016,12.963
fji,sex_t,edu_aggregate_ltb,cbr_bir_total,2024,9.091
fji,sex_t,edu_aggregate_total,cbr_bir_foreign,2007,11.15
fji,sex_t,edu_aggregate_total,cbr_bir_foreign,2011,7.389
fji,sex_t,edu_aggregate_total,cbr_bir_foreign,2016,6.301
fji,sex_t,edu_aggregate_total,cbr_bir_foreign,2024,7.343
fji,sex_t,edu_aggregate_total,cbr_bir_native,2007,586.98
fji,sex_t,edu_aggregate_total,cbr_bir_native,2011,579.048
fji,sex_t,edu_aggregate_total,cbr_bir_native,2016,587.319
fji,sex_t,edu_aggregate_total,cbr_bir_native,2024,607.488
fji,sex_t,edu_aggregate_total,cbr_bir_total,2007,598.13
fji,sex_t,edu_aggregate_total,cbr_bir_total,2011,586.437
fji,sex_t,edu_aggregate_total,cbr_bir_total,2016,593.62
fji,sex_t,edu_aggregate_total,cbr_bir_total,2024,614.832
fji,sex_t,edu_aggregate_x,cbr_bir_foreign,2007,2.67
fji,sex_t,edu_aggregate_x,cbr_bir_native,2007,75.45
fji,sex_t,edu_aggregate_x,cbr_bir_total,2007,78.12
fji,sex_t,edu_isced11_0,cbr_bir_foreign,2007,0.47
fji,sex_t,edu_isced11_0,cbr_bir_native,2007,41.35
fji,sex_t,edu_isced11_0,cbr_bir_total,2007,41.82
fji,sex_t,edu_isced11_1,cbr_bir_foreign,2007,0.8
fji,sex_t,edu_isced11_1,cbr_bir_foreign,2024,0.38
fji,sex_t,edu_isced11_1,cbr_bir_native,2007,57.7
fji,sex_t,edu_isced11_1,cbr_bir_native,2024,35.038
fji,sex_t,edu_isced11_1,cbr_bir_total,2007,58.5
fji,sex_t,edu_isced11_1,cbr_bir_total,2024,35.418
fji,sex_t,edu_isced11_2,cbr_bir_foreign,2007,2.4
fji,sex_t,edu_isced11_2,cbr_bir_foreign,2024,1.445
fji,sex_t,edu_isced11_2,cbr_bir_native,2007,247.63
fji,sex_t,edu_isced11_2,cbr_bir_native,2024,208.039
fji,sex_t,edu_isced11_2,cbr_bir_total,2007,250.03
fji,sex_t,edu_isced11_2,cbr_bir_total,2024,209.484
fji,sex_t,edu_isced11_3,cbr_bir_foreign,2007,2.31
fji,sex_t,edu_isced11_3,cbr_bir_foreign,2024,2.566
fji,sex_t,edu_isced11_3,cbr_bir_native,2007,130.69
fji,sex_t,edu_isced11_3,cbr_bir_native,2024,255.252
fji,sex_t,edu_isced11_3,cbr_bir_total,2007,133
fji,sex_t,edu_isced11_3,cbr_bir_total,2024,257.818
fji,sex_t,edu_isced11_4,cbr_bir_foreign,2007,0.58
fji,sex_t,edu_isced11_4,cbr_bir_native,2007,22.32
fji,sex_t,edu_isced11_4,cbr_bir_native,2024,0.576
fji,sex_t,edu_isced11_4,cbr_bir_total,2007,22.9
fji,sex_t,edu_isced11_4,cbr_bir_total,2024,0.576
fji,sex_t,edu_isced11_5,cbr_bir_foreign,2024,0.548
fji,sex_t,edu_isced11_5,cbr_bir_native,2024,61.366
fji,sex_t,edu_isced11_5,cbr_bir_total,2024,61.915
fji,sex_t,edu_isced11_6,cbr_bir_foreign,2007,1.34
fji,sex_t,edu_isced11_6,cbr_bir_foreign,2024,1.637
fji,sex_t,edu_isced11_6,cbr_bir_native,2007,9.9
fji,sex_t,edu_isced11_6,cbr_bir_native,2024,34.352
fji,sex_t,edu_isced11_6,cbr_bir_total,2007,11.24
fji,sex_t,edu_isced11_6,cbr_bir_total,2024,35.989
fji,sex_t,edu_isced11_7,cbr_bir_foreign,2007,0.58
fji,sex_t,edu_isced11_7,cbr_bir_foreign,2024,0.6
fji,sex_t,edu_isced11_7,cbr_bir_native,2007,1.94
fji,sex_t,edu_isced11_7,cbr_bir_native,2024,3.577
fji,sex_t,edu_isced11_7,cbr_bir_total,2007,2.52
fji,sex_t,edu_isced11_7,cbr_bir_total,2024,4.177
fji,sex_t,edu_isced11_8,cbr_bir_native,2024,0.29
fji,sex_t,edu_isced11_8,cbr_bir_total,2024,0.364
fji,sex_t,edu_isced11_9,cbr_bir_foreign,2007,2.67
fji,sex_t,edu_isced11_9,cbr_bir_native,2007,75.45
fji,sex_t,edu_isced11_9,cbr_bir_total,2007,78.12
fji,sex_t,edu_isced11_total,cbr_bir_foreign,2007,11.15
fji,sex_t,edu_isced11_total,cbr_bir_foreign,2024,7.343
fji,sex_t,edu_isced11_total,cbr_bir_native,2007,586.98
fji,sex_t,edu_isced11_total,cbr_bir_native,2024,607.488
fji,sex_t,edu_isced11_total,cbr_bir_total,2007,598.13
fji,sex_t,edu_isced11_total,cbr_bir_total,2024,614.832
fji,sex_t,edu_isced11_x,cbr_bir_native,2024,8.999
fji,sex_t,edu_isced11_x,cbr_bir_total,2024,9.091
fji,sex_t,edu_isced97_1,cbr_bir_foreign,2011,0.669
fji,sex_t,edu_isced97_1,cbr_bir_foreign,2016,0.537
fji,sex_t,edu_isced97_1,cbr_bir_native,2011,79.464
fji,sex_t,edu_isced97_1,cbr_bir_native,2016,51.954
fji,sex_t,edu_isced97_1,cbr_bir_total,2011,80.133
fji,sex_t,edu_isced97_1,cbr_bir_total,2016,52.491
fji,sex_t,edu_isced97_2,cbr_bir_foreign,2011,1.286
fji,sex_t,edu_isced97_2,cbr_bir_foreign,2016,1.157
fji,sex_t,edu_isced97_2,cbr_bir_native,2011,212.847
fji,sex_t,edu_isced97_2,cbr_bir_native,2016,183.125
fji,sex_t,edu_isced97_2,cbr_bir_total,2011,214.133
fji,sex_t,edu_isced97_2,cbr_bir_total,2016,184.281
fji,sex_t,edu_isced97_3,cbr_bir_foreign,2011,1.548
fji,sex_t,edu_isced97_3,cbr_bir_foreign,2016,2.011
fji,sex_t,edu_isced97_3,cbr_bir_native,2011,130.69
fji,sex_t,edu_isced97_3,cbr_bir_native,2016,187.291
fji,sex_t,edu_isced97_3,cbr_bir_total,2011,132.238
fji,sex_t,edu_isced97_3,cbr_bir_total,2016,189.302
fji,sex_t,edu_isced97_4,cbr_bir_foreign,2011,0.486
fji,sex_t,edu_isced97_4,cbr_bir_foreign,2016,0.295
fji,sex_t,edu_isced97_4,cbr_bir_native,2011,45.557
fji,sex_t,edu_isced97_4,cbr_bir_native,2016,46.626
fji,sex_t,edu_isced97_4,cbr_bir_total,2011,46.043
fji,sex_t,edu_isced97_4,cbr_bir_total,2016,46.921
fji,sex_t,edu_isced97_5,cbr_bir_foreign,2011,2.194
fji,sex_t,edu_isced97_5,cbr_bir_foreign,2016,1.862
fji,sex_t,edu_isced97_5,cbr_bir_native,2011,90.87
fji,sex_t,edu_isced97_5,cbr_bir_native,2016,99.591
fji,sex_t,edu_isced97_5,cbr_bir_total,2011,93.064
fji,sex_t,edu_isced97_5,cbr_bir_total,2016,101.453
fji,sex_t,edu_isced97_6,cbr_bir_foreign,2011,0.823
fji,sex_t,edu_isced97_6,cbr_bir_foreign,2016,0.329
fji,sex_t,edu_isced97_6,cbr_bir_native,2011,4.239
fji,sex_t,edu_isced97_6,cbr_bir_native,2016,5.807
fji,sex_t,edu_isced97_6,cbr_bir_total,2011,5.062
fji,sex_t,edu_isced97_6,cbr_bir_total,2016,6.136
fji,sex_t,edu_isced97_total,cbr_bir_foreign,2011,7.389
fji,sex_t,edu_isced97_total,cbr_bir_foreign,2016,6.301
fji,sex_t,edu_isced97_total,cbr_bir_native,2011,579.048
fji,sex_t,edu_isced97_total,cbr_bir_native,2016,587.319
fji,sex_t,edu_isced97_total,cbr_bir_total,2011,586.437
fji,sex_t,edu_isced97_total,cbr_bir_total,2016,593.62
fji,sex_t,edu_isced97_x,cbr_bir_foreign,2011,0.383
fji,sex_t,edu_isced97_x,cbr_bir_native,2011,15.38
fji,sex_t,edu_isced97_x,cbr_bir_native,2016,12.853
fji,sex_t,edu_isced97_x,cbr_bir_total,2011,15.763
fji,sex_t,edu_isced97_x,cbr_bir_total,2016,12.963
