ref_area,sex,classif1,classif2,time,une_tune_sex_eco_edu_nb
cym,sex_f,eco_sector_total,edu_aggregate_adv,2008,0.201
cym,sex_f,eco_sector_total,edu_aggregate_adv,2011,0.341
cym,sex_f,eco_sector_total,edu_aggregate_adv,2012,0.374
cym,sex_f,eco_sector_total,edu_aggregate_adv,2013,0.287
cym,sex_f,eco_sector_total,edu_aggregate_adv,2014,0.317
cym,sex_f,eco_sector_total,edu_aggregate_adv,2015,0.267
cym,sex_f,eco_sector_total,edu_aggregate_bas,2008,0.192
cym,sex_f,eco_sector_total,edu_aggregate_bas,2011,0.097
cym,sex_f,eco_sector_total,edu_aggregate_bas,2012,0.049
cym,sex_f,eco_sector_total,edu_aggregate_bas,2013,0.033
cym,sex_f,eco_sector_total,edu_aggregate_bas,2014,0.09
cym,sex_f,eco_sector_total,edu_aggregate_bas,2015,0.075
cym,sex_f,eco_sector_total,edu_aggregate_int,2008,0.363
cym,sex_f,eco_sector_total,edu_aggregate_int,2011,0.546
cym,sex_f,eco_sector_total,edu_aggregate_int,2012,0.589
cym,sex_f,eco_sector_total,edu_aggregate_int,2013,0.797
cym,sex_f,eco_sector_total,edu_aggregate_int,2014,0.537
cym,sex_f,eco_sector_total,edu_aggregate_int,2015,0.704
cym,sex_f,eco_sector_total,edu_aggregate_total,2008,0.777
cym,sex_f,eco_sector_total,edu_aggregate_total,2011,0.985
cym,sex_f,eco_sector_total,edu_aggregate_total,2012,1.028
cym,sex_f,eco_sector_total,edu_aggregate_total,2013,1.118
cym,sex_f,eco_sector_total,edu_aggregate_total,2014,0.944
cym,sex_f,eco_sector_total,edu_aggregate_total,2015,1.046
cym,sex_f,eco_sector_total,edu_aggregate_x,2008,0.02
cym,sex_f,eco_sector_total,edu_aggregate_x,2012,0.015
cym,sex_m,eco_sector_total,edu_aggregate_adv,2008,0.12
cym,sex_m,eco_sector_total,edu_aggregate_adv,2011,0.21
cym,sex_m,eco_sector_total,edu_aggregate_adv,2012,0.232
cym,sex_m,eco_sector_total,edu_aggregate_adv,2013,0.123
cym,sex_m,eco_sector_total,edu_aggregate_adv,2014,0.147
cym,sex_m,eco_sector_total,edu_aggregate_adv,2015,0.024
cym,sex_m,eco_sector_total,edu_aggregate_bas,2008,0.27
cym,sex_m,eco_sector_total,edu_aggregate_bas,2011,0.32
cym,sex_m,eco_sector_total,edu_aggregate_bas,2012,0.207
cym,sex_m,eco_sector_total,edu_aggregate_bas,2013,0.179
cym,sex_m,eco_sector_total,edu_aggregate_bas,2014,0.146
cym,sex_m,eco_sector_total,edu_aggregate_bas,2015,0.104
cym,sex_m,eco_sector_total,edu_aggregate_int,2008,0.384
cym,sex_m,eco_sector_total,edu_aggregate_int,2011,0.871
cym,sex_m,eco_sector_total,edu_aggregate_int,2012,0.928
cym,sex_m,eco_sector_total,edu_aggregate_int,2013,0.939
cym,sex_m,eco_sector_total,edu_aggregate_int,2014,0.623
cym,sex_m,eco_sector_total,edu_aggregate_int,2015,0.526
cym,sex_m,eco_sector_total,edu_aggregate_ltb,2013,0.017
cym,sex_m,eco_sector_total,edu_aggregate_ltb,2015,0.016
cym,sex_m,eco_sector_total,edu_aggregate_total,2008,0.773
cym,sex_m,eco_sector_total,edu_aggregate_total,2011,1.459
cym,sex_m,eco_sector_total,edu_aggregate_total,2012,1.382
cym,sex_m,eco_sector_total,edu_aggregate_total,2013,1.295
cym,sex_m,eco_sector_total,edu_aggregate_total,2014,0.916
cym,sex_m,eco_sector_total,edu_aggregate_total,2015,0.686
cym,sex_m,eco_sector_total,edu_aggregate_x,2011,0.059
cym,sex_m,eco_sector_total,edu_aggregate_x,2012,0.015
cym,sex_m,eco_sector_total,edu_aggregate_x,2013,0.038
cym,sex_m,eco_sector_total,edu_aggregate_x,2015,0.016
cym,sex_t,eco_sector_total,edu_aggregate_adv,2008,0.321
cym,sex_t,eco_sector_total,edu_aggregate_adv,2011,0.551
cym,sex_t,eco_sector_total,edu_aggregate_adv,2012,0.606
cym,sex_t,eco_sector_total,edu_aggregate_adv,2013,0.41
cym,sex_t,eco_sector_total,edu_aggregate_adv,2014,0.463
cym,sex_t,eco_sector_total,edu_aggregate_adv,2015,0.291
cym,sex_t,eco_sector_total,edu_aggregate_bas,2008,0.459
cym,sex_t,eco_sector_total,edu_aggregate_bas,2011,0.416
cym,sex_t,eco_sector_total,edu_aggregate_bas,2012,0.256
cym,sex_t,eco_sector_total,edu_aggregate_bas,2013,0.212
cym,sex_t,eco_sector_total,edu_aggregate_bas,2014,0.236
cym,sex_t,eco_sector_total,edu_aggregate_bas,2015,0.179
cym,sex_t,eco_sector_total,edu_aggregate_int,2008,0.748
cym,sex_t,eco_sector_total,edu_aggregate_int,2011,1.418
cym,sex_t,eco_sector_total,edu_aggregate_int,2012,1.517
cym,sex_t,eco_sector_total,edu_aggregate_int,2013,1.736
cym,sex_t,eco_sector_total,edu_aggregate_int,2014,1.16
cym,sex_t,eco_sector_total,edu_aggregate_int,2015,1.23
cym,sex_t,eco_sector_total,edu_aggregate_ltb,2013,0.017
cym,sex_t,eco_sector_total,edu_aggregate_ltb,2015,0.016
cym,sex_t,eco_sector_total,edu_aggregate_total,2008,1.549
cym,sex_t,eco_sector_total,edu_aggregate_total,2011,2.444
cym,sex_t,eco_sector_total,edu_aggregate_total,2012,2.41
cym,sex_t,eco_sector_total,edu_aggregate_total,2013,2.413
cym,sex_t,eco_sector_total,edu_aggregate_total,2014,1.859
cym,sex_t,eco_sector_total,edu_aggregate_total,2015,1.732
cym,sex_t,eco_sector_total,edu_aggregate_x,2008,0.02
cym,sex_t,eco_sector_total,edu_aggregate_x,2011,0.059
cym,sex_t,eco_sector_total,edu_aggregate_x,2012,0.031
cym,sex_t,eco_sector_total,edu_aggregate_x,2013,0.038
cym,sex_t,eco_sector_total,edu_aggregate_x,2015,0.016
