ref_area,sex,classif1,classif2,time,emp_nifl_sex_age_edu_rt
dji,sex_f,age_10yrbands_total,edu_aggregate_adv,2017,20.072
dji,sex_f,age_10yrbands_total,edu_aggregate_bas,2017,32.762
dji,sex_f,age_10yrbands_total,edu_aggregate_int,2017,26.259
dji,sex_f,age_10yrbands_total,edu_aggregate_ltb,2017,79.142
dji,sex_f,age_10yrbands_total,edu_aggregate_total,2017,61.147
dji,sex_f,age_10yrbands_total,edu_isced11_1,2017,15.389
dji,sex_f,age_10yrbands_total,edu_isced11_2,2017,41.934
dji,sex_f,age_10yrbands_total,edu_isced11_3,2017,26.259
dji,sex_f,age_10yrbands_total,edu_isced11_6,2017,20.072
dji,sex_f,age_10yrbands_total,edu_isced11_total,2017,61.147
dji,sex_f,age_10yrbands_total,edu_isced11_x,2017,79.142
dji,sex_f,age_10yrbands_y15_24,edu_aggregate_bas,2017,42.732
dji,sex_f,age_10yrbands_y15_24,edu_aggregate_int,2017,50.652
dji,sex_f,age_10yrbands_y15_24,edu_aggregate_ltb,2017,94.117
dji,sex_f,age_10yrbands_y15_24,edu_aggregate_total,2017,65.248
dji,sex_f,age_10yrbands_y15_24,edu_isced11_2,2017,45.224
dji,sex_f,age_10yrbands_y15_24,edu_isced11_3,2017,50.652
dji,sex_f,age_10yrbands_y15_24,edu_isced11_total,2017,65.248
dji,sex_f,age_10yrbands_y15_24,edu_isced11_x,2017,94.117
dji,sex_f,age_10yrbands_y25_34,edu_aggregate_adv,2017,21.239
dji,sex_f,age_10yrbands_y25_34,edu_aggregate_bas,2017,23.297
dji,sex_f,age_10yrbands_y25_34,edu_aggregate_int,2017,18.956
dji,sex_f,age_10yrbands_y25_34,edu_aggregate_ltb,2017,79.723
dji,sex_f,age_10yrbands_y25_34,edu_aggregate_total,2017,50.039
dji,sex_f,age_10yrbands_y25_34,edu_isced11_3,2017,18.956
dji,sex_f,age_10yrbands_y25_34,edu_isced11_6,2017,21.239
dji,sex_f,age_10yrbands_y25_34,edu_isced11_total,2017,50.039
dji,sex_f,age_10yrbands_y25_34,edu_isced11_x,2017,79.723
dji,sex_f,age_10yrbands_y35_44,edu_aggregate_bas,2017,40.554
dji,sex_f,age_10yrbands_y35_44,edu_aggregate_ltb,2017,73.157
dji,sex_f,age_10yrbands_y35_44,edu_aggregate_total,2017,58.773
dji,sex_f,age_10yrbands_y35_44,edu_isced11_2,2017,51.276
dji,sex_f,age_10yrbands_y35_44,edu_isced11_total,2017,58.773
dji,sex_f,age_10yrbands_y35_44,edu_isced11_x,2017,73.157
dji,sex_f,age_10yrbands_y45_54,edu_aggregate_ltb,2017,81.47
dji,sex_f,age_10yrbands_y45_54,edu_aggregate_total,2017,71.708
dji,sex_f,age_10yrbands_y45_54,edu_isced11_total,2017,71.708
dji,sex_f,age_10yrbands_y45_54,edu_isced11_x,2017,81.47
dji,sex_f,age_10yrbands_y55_64,edu_aggregate_ltb,2017,82.085
dji,sex_f,age_10yrbands_y55_64,edu_aggregate_total,2017,78.248
dji,sex_f,age_10yrbands_y55_64,edu_isced11_total,2017,78.248
dji,sex_f,age_10yrbands_y55_64,edu_isced11_x,2017,82.085
dji,sex_f,age_10yrbands_yge65,edu_aggregate_ltb,2017,82.762
dji,sex_f,age_10yrbands_yge65,edu_aggregate_total,2017,82.762
dji,sex_f,age_10yrbands_yge65,edu_isced11_total,2017,82.762
dji,sex_f,age_10yrbands_yge65,edu_isced11_x,2017,82.762
dji,sex_f,age_aggregate_total,edu_aggregate_adv,2017,20.072
dji,sex_f,age_aggregate_total,edu_aggregate_bas,2017,32.762
dji,sex_f,age_aggregate_total,edu_aggregate_int,2017,26.259
dji,sex_f,age_aggregate_total,edu_aggregate_ltb,2017,79.142
dji,sex_f,age_aggregate_total,edu_aggregate_total,2017,61.147
dji,sex_f,age_aggregate_total,edu_isced11_1,2017,15.389
dji,sex_f,age_aggregate_total,edu_isced11_2,2017,41.934
dji,sex_f,age_aggregate_total,edu_isced11_3,2017,26.259
dji,sex_f,age_aggregate_total,edu_isced11_6,2017,20.072
dji,sex_f,age_aggregate_total,edu_isced11_total,2017,61.147
dji,sex_f,age_aggregate_total,edu_isced11_x,2017,79.142
dji,sex_f,age_aggregate_y15_24,edu_aggregate_bas,2017,42.732
dji,sex_f,age_aggregate_y15_24,edu_aggregate_int,2017,50.652
dji,sex_f,age_aggregate_y15_24,edu_aggregate_ltb,2017,94.117
dji,sex_f,age_aggregate_y15_24,edu_aggregate_total,2017,65.248
dji,sex_f,age_aggregate_y15_24,edu_isced11_2,2017,45.224
dji,sex_f,age_aggregate_y15_24,edu_isced11_3,2017,50.652
dji,sex_f,age_aggregate_y15_24,edu_isced11_total,2017,65.248
dji,sex_f,age_aggregate_y15_24,edu_isced11_x,2017,94.117
dji,sex_f,age_aggregate_y25_54,edu_aggregate_adv,2017,19.3
dji,sex_f,age_aggregate_y25_54,edu_aggregate_bas,2017,31.259
dji,sex_f,age_aggregate_y25_54,edu_aggregate_int,2017,22.308
dji,sex_f,age_aggregate_y25_54,edu_aggregate_ltb,2017,77.518
dji,sex_f,age_aggregate_y25_54,edu_aggregate_total,2017,58.322
dji,sex_f,age_aggregate_y25_54,edu_isced11_1,2017,15.707
dji,sex_f,age_aggregate_y25_54,edu_isced11_2,2017,41.899
dji,sex_f,age_aggregate_y25_54,edu_isced11_3,2017,22.308
dji,sex_f,age_aggregate_y25_54,edu_isced11_6,2017,19.3
dji,sex_f,age_aggregate_y25_54,edu_isced11_total,2017,58.322
dji,sex_f,age_aggregate_y25_54,edu_isced11_x,2017,77.518
dji,sex_f,age_aggregate_y55_64,edu_aggregate_ltb,2017,82.085
dji,sex_f,age_aggregate_y55_64,edu_aggregate_total,2017,78.248
dji,sex_f,age_aggregate_y55_64,edu_isced11_total,2017,78.248
dji,sex_f,age_aggregate_y55_64,edu_isced11_x,2017,82.085
dji,sex_f,age_aggregate_yge65,edu_aggregate_ltb,2017,82.762
dji,sex_f,age_aggregate_yge65,edu_aggregate_total,2017,82.762
dji,sex_f,age_aggregate_yge65,edu_isced11_total,2017,82.762
dji,sex_f,age_aggregate_yge65,edu_isced11_x,2017,82.762
dji,sex_f,age_ythadult_y15_24,edu_aggregate_bas,2017,42.732
dji,sex_f,age_ythadult_y15_24,edu_aggregate_int,2017,50.652
dji,sex_f,age_ythadult_y15_24,edu_aggregate_ltb,2017,94.117
dji,sex_f,age_ythadult_y15_24,edu_aggregate_total,2017,65.248
dji,sex_f,age_ythadult_y15_24,edu_isced11_2,2017,45.224
dji,sex_f,age_ythadult_y15_24,edu_isced11_3,2017,50.652
dji,sex_f,age_ythadult_y15_24,edu_isced11_total,2017,65.248
dji,sex_f,age_ythadult_y15_24,edu_isced11_x,2017,94.117
dji,sex_f,age_ythadult_yge15,edu_aggregate_adv,2017,20.072
dji,sex_f,age_ythadult_yge15,edu_aggregate_bas,2017,32.762
dji,sex_f,age_ythadult_yge15,edu_aggregate_int,2017,26.259
dji,sex_f,age_ythadult_yge15,edu_aggregate_ltb,2017,79.142
dji,sex_f,age_ythadult_yge15,edu_aggregate_total,2017,61.147
dji,sex_f,age_ythadult_yge15,edu_isced11_1,2017,15.389
dji,sex_f,age_ythadult_yge15,edu_isced11_2,2017,41.934
dji,sex_f,age_ythadult_yge15,edu_isced11_3,2017,26.259
dji,sex_f,age_ythadult_yge15,edu_isced11_6,2017,20.072
dji,sex_f,age_ythadult_yge15,edu_isced11_total,2017,61.147
dji,sex_f,age_ythadult_yge15,edu_isced11_x,2017,79.142
dji,sex_f,age_ythadult_yge25,edu_aggregate_adv,2017,19.681
dji,sex_f,age_ythadult_yge25,edu_aggregate_bas,2017,30.52
dji,sex_f,age_ythadult_yge25,edu_aggregate_int,2017,21.805
dji,sex_f,age_ythadult_yge25,edu_aggregate_ltb,2017,78.299
dji,sex_f,age_ythadult_yge25,edu_aggregate_total,2017,60.805
dji,sex_f,age_ythadult_yge25,edu_isced11_1,2017,15.399
dji,sex_f,age_ythadult_yge25,edu_isced11_2,2017,40.794
dji,sex_f,age_ythadult_yge25,edu_isced11_3,2017,21.805
dji,sex_f,age_ythadult_yge25,edu_isced11_6,2017,19.681
dji,sex_f,age_ythadult_yge25,edu_isced11_total,2017,60.805
dji,sex_f,age_ythadult_yge25,edu_isced11_x,2017,78.299
dji,sex_m,age_10yrbands_total,edu_aggregate_adv,2017,13.895
dji,sex_m,age_10yrbands_total,edu_aggregate_bas,2017,35.199
dji,sex_m,age_10yrbands_total,edu_aggregate_int,2017,27.613
dji,sex_m,age_10yrbands_total,edu_aggregate_ltb,2017,54.524
dji,sex_m,age_10yrbands_total,edu_aggregate_total,2017,43.099
dji,sex_m,age_10yrbands_total,edu_isced11_1,2017,50.121
dji,sex_m,age_10yrbands_total,edu_isced11_2,2017,27.739
dji,sex_m,age_10yrbands_total,edu_isced11_3,2017,27.613
dji,sex_m,age_10yrbands_total,edu_isced11_6,2017,13.895
dji,sex_m,age_10yrbands_total,edu_isced11_total,2017,43.099
dji,sex_m,age_10yrbands_total,edu_isced11_x,2017,54.524
dji,sex_m,age_10yrbands_y15_24,edu_aggregate_bas,2017,56.883
dji,sex_m,age_10yrbands_y15_24,edu_aggregate_ltb,2017,60.658
dji,sex_m,age_10yrbands_y15_24,edu_aggregate_total,2017,48.566
dji,sex_m,age_10yrbands_y15_24,edu_isced11_1,2017,45.744
dji,sex_m,age_10yrbands_y15_24,edu_isced11_2,2017,61.485
dji,sex_m,age_10yrbands_y15_24,edu_isced11_total,2017,48.566
dji,sex_m,age_10yrbands_y15_24,edu_isced11_x,2017,60.658
dji,sex_m,age_10yrbands_y25_34,edu_aggregate_adv,2017,9.971
dji,sex_m,age_10yrbands_y25_34,edu_aggregate_bas,2017,41.894
dji,sex_m,age_10yrbands_y25_34,edu_aggregate_int,2017,30.045
dji,sex_m,age_10yrbands_y25_34,edu_aggregate_ltb,2017,59.024
dji,sex_m,age_10yrbands_y25_34,edu_aggregate_total,2017,37.081
dji,sex_m,age_10yrbands_y25_34,edu_isced11_1,2017,59.777
dji,sex_m,age_10yrbands_y25_34,edu_isced11_2,2017,36.327
dji,sex_m,age_10yrbands_y25_34,edu_isced11_3,2017,30.045
dji,sex_m,age_10yrbands_y25_34,edu_isced11_6,2017,9.971
dji,sex_m,age_10yrbands_y25_34,edu_isced11_total,2017,37.081
dji,sex_m,age_10yrbands_y25_34,edu_isced11_x,2017,59.024
dji,sex_m,age_10yrbands_y35_44,edu_aggregate_adv,2017,15.239
dji,sex_m,age_10yrbands_y35_44,edu_aggregate_bas,2017,29.537
dji,sex_m,age_10yrbands_y35_44,edu_aggregate_int,2017,28.507
dji,sex_m,age_10yrbands_y35_44,edu_aggregate_ltb,2017,58.601
dji,sex_m,age_10yrbands_y35_44,edu_aggregate_total,2017,46.816
dji,sex_m,age_10yrbands_y35_44,edu_isced11_1,2017,50.961
dji,sex_m,age_10yrbands_y35_44,edu_isced11_2,2017,19.674
dji,sex_m,age_10yrbands_y35_44,edu_isced11_3,2017,28.507
dji,sex_m,age_10yrbands_y35_44,edu_isced11_6,2017,15.239
dji,sex_m,age_10yrbands_y35_44,edu_isced11_total,2017,46.816
dji,sex_m,age_10yrbands_y35_44,edu_isced11_x,2017,58.601
dji,sex_m,age_10yrbands_y45_54,edu_aggregate_adv,2017,21.537
dji,sex_m,age_10yrbands_y45_54,edu_aggregate_bas,2017,34.517
dji,sex_m,age_10yrbands_y45_54,edu_aggregate_int,2017,23.702
dji,sex_m,age_10yrbands_y45_54,edu_aggregate_ltb,2017,50.469
dji,sex_m,age_10yrbands_y45_54,edu_aggregate_total,2017,44.73
dji,sex_m,age_10yrbands_y45_54,edu_isced11_1,2017,49.896
dji,sex_m,age_10yrbands_y45_54,edu_isced11_2,2017,23.84
dji,sex_m,age_10yrbands_y45_54,edu_isced11_3,2017,23.702
dji,sex_m,age_10yrbands_y45_54,edu_isced11_6,2017,21.537
dji,sex_m,age_10yrbands_y45_54,edu_isced11_total,2017,44.73
dji,sex_m,age_10yrbands_y45_54,edu_isced11_x,2017,50.469
dji,sex_m,age_10yrbands_y55_64,edu_aggregate_adv,2017,21.47
dji,sex_m,age_10yrbands_y55_64,edu_aggregate_bas,2017,17.372
dji,sex_m,age_10yrbands_y55_64,edu_aggregate_ltb,2017,44.375
dji,sex_m,age_10yrbands_y55_64,edu_aggregate_total,2017,38.06
dji,sex_m,age_10yrbands_y55_64,edu_isced11_6,2017,21.47
dji,sex_m,age_10yrbands_y55_64,edu_isced11_total,2017,38.06
dji,sex_m,age_10yrbands_y55_64,edu_isced11_x,2017,44.375
dji,sex_m,age_10yrbands_yge65,edu_aggregate_ltb,2017,47.596
dji,sex_m,age_10yrbands_yge65,edu_aggregate_total,2017,48.139
dji,sex_m,age_10yrbands_yge65,edu_isced11_total,2017,48.139
dji,sex_m,age_10yrbands_yge65,edu_isced11_x,2017,47.596
dji,sex_m,age_aggregate_total,edu_aggregate_adv,2017,13.895
dji,sex_m,age_aggregate_total,edu_aggregate_bas,2017,35.199
dji,sex_m,age_aggregate_total,edu_aggregate_int,2017,27.613
dji,sex_m,age_aggregate_total,edu_aggregate_ltb,2017,54.524
dji,sex_m,age_aggregate_total,edu_aggregate_total,2017,43.099
dji,sex_m,age_aggregate_total,edu_isced11_1,2017,50.121
dji,sex_m,age_aggregate_total,edu_isced11_2,2017,27.739
dji,sex_m,age_aggregate_total,edu_isced11_3,2017,27.613
dji,sex_m,age_aggregate_total,edu_isced11_6,2017,13.895
dji,sex_m,age_aggregate_total,edu_isced11_total,2017,43.099
dji,sex_m,age_aggregate_total,edu_isced11_x,2017,54.524
dji,sex_m,age_aggregate_y15_24,edu_aggregate_bas,2017,56.883
dji,sex_m,age_aggregate_y15_24,edu_aggregate_ltb,2017,60.658
dji,sex_m,age_aggregate_y15_24,edu_aggregate_total,2017,48.566
dji,sex_m,age_aggregate_y15_24,edu_isced11_1,2017,45.744
dji,sex_m,age_aggregate_y15_24,edu_isced11_2,2017,61.485
dji,sex_m,age_aggregate_y15_24,edu_isced11_total,2017,48.566
dji,sex_m,age_aggregate_y15_24,edu_isced11_x,2017,60.658
dji,sex_m,age_aggregate_y25_54,edu_aggregate_adv,2017,12.986
dji,sex_m,age_aggregate_y25_54,edu_aggregate_bas,2017,34.799
dji,sex_m,age_aggregate_y25_54,edu_aggregate_int,2017,28.783
dji,sex_m,age_aggregate_y25_54,edu_aggregate_ltb,2017,55.856
dji,sex_m,age_aggregate_y25_54,edu_aggregate_total,2017,43.234
dji,sex_m,age_aggregate_y25_54,edu_isced11_1,2017,52.554
dji,sex_m,age_aggregate_y25_54,edu_isced11_2,2017,26.456
dji,sex_m,age_aggregate_y25_54,edu_isced11_3,2017,28.783
dji,sex_m,age_aggregate_y25_54,edu_isced11_6,2017,12.986
dji,sex_m,age_aggregate_y25_54,edu_isced11_total,2017,43.234
dji,sex_m,age_aggregate_y25_54,edu_isced11_x,2017,55.856
dji,sex_m,age_aggregate_y55_64,edu_aggregate_adv,2017,21.47
dji,sex_m,age_aggregate_y55_64,edu_aggregate_bas,2017,17.372
dji,sex_m,age_aggregate_y55_64,edu_aggregate_ltb,2017,44.375
dji,sex_m,age_aggregate_y55_64,edu_aggregate_total,2017,38.06
dji,sex_m,age_aggregate_y55_64,edu_isced11_6,2017,21.47
dji,sex_m,age_aggregate_y55_64,edu_isced11_total,2017,38.06
dji,sex_m,age_aggregate_y55_64,edu_isced11_x,2017,44.375
dji,sex_m,age_aggregate_yge65,edu_aggregate_ltb,2017,47.596
dji,sex_m,age_aggregate_yge65,edu_aggregate_total,2017,48.139
dji,sex_m,age_aggregate_yge65,edu_isced11_total,2017,48.139
dji,sex_m,age_aggregate_yge65,edu_isced11_x,2017,47.596
dji,sex_m,age_ythadult_y15_24,edu_aggregate_bas,2017,56.883
dji,sex_m,age_ythadult_y15_24,edu_aggregate_ltb,2017,60.658
dji,sex_m,age_ythadult_y15_24,edu_aggregate_total,2017,48.566
dji,sex_m,age_ythadult_y15_24,edu_isced11_1,2017,45.744
dji,sex_m,age_ythadult_y15_24,edu_isced11_2,2017,61.485
dji,sex_m,age_ythadult_y15_24,edu_isced11_total,2017,48.566
dji,sex_m,age_ythadult_y15_24,edu_isced11_x,2017,60.658
dji,sex_m,age_ythadult_yge15,edu_aggregate_adv,2017,13.895
dji,sex_m,age_ythadult_yge15,edu_aggregate_bas,2017,35.199
dji,sex_m,age_ythadult_yge15,edu_aggregate_int,2017,27.613
dji,sex_m,age_ythadult_yge15,edu_aggregate_ltb,2017,54.524
dji,sex_m,age_ythadult_yge15,edu_aggregate_total,2017,43.099
dji,sex_m,age_ythadult_yge15,edu_isced11_1,2017,50.121
dji,sex_m,age_ythadult_yge15,edu_isced11_2,2017,27.739
dji,sex_m,age_ythadult_yge15,edu_isced11_3,2017,27.613
dji,sex_m,age_ythadult_yge15,edu_isced11_6,2017,13.895
dji,sex_m,age_ythadult_yge15,edu_isced11_total,2017,43.099
dji,sex_m,age_ythadult_yge15,edu_isced11_x,2017,54.524
dji,sex_m,age_ythadult_yge25,edu_aggregate_adv,2017,13.726
dji,sex_m,age_ythadult_yge25,edu_aggregate_bas,2017,34.071
dji,sex_m,age_ythadult_yge25,edu_aggregate_int,2017,28.212
dji,sex_m,age_ythadult_yge25,edu_aggregate_ltb,2017,54.284
dji,sex_m,age_ythadult_yge25,edu_aggregate_total,2017,42.856
dji,sex_m,age_ythadult_yge25,edu_isced11_1,2017,50.319
dji,sex_m,age_ythadult_yge25,edu_isced11_2,2017,25.87
dji,sex_m,age_ythadult_yge25,edu_isced11_3,2017,28.212
dji,sex_m,age_ythadult_yge25,edu_isced11_6,2017,13.726
dji,sex_m,age_ythadult_yge25,edu_isced11_total,2017,42.856
dji,sex_m,age_ythadult_yge25,edu_isced11_x,2017,54.284
dji,sex_t,age_10yrbands_total,edu_aggregate_adv,2017,15.434
dji,sex_t,age_10yrbands_total,edu_aggregate_bas,2017,34.799
dji,sex_t,age_10yrbands_total,edu_aggregate_int,2017,27.262
dji,sex_t,age_10yrbands_total,edu_aggregate_ltb,2017,61.15
dji,sex_t,age_10yrbands_total,edu_aggregate_total,2017,47.616
dji,sex_t,age_10yrbands_total,edu_isced11_1,2017,44.249
dji,sex_t,age_10yrbands_total,edu_isced11_2,2017,30.032
dji,sex_t,age_10yrbands_total,edu_isced11_3,2017,27.262
dji,sex_t,age_10yrbands_total,edu_isced11_6,2017,15.434
dji,sex_t,age_10yrbands_total,edu_isced11_total,2017,47.616
dji,sex_t,age_10yrbands_total,edu_isced11_x,2017,61.15
dji,sex_t,age_10yrbands_y15_24,edu_aggregate_bas,2017,50.917
dji,sex_t,age_10yrbands_y15_24,edu_aggregate_int,2017,32.639
dji,sex_t,age_10yrbands_y15_24,edu_aggregate_ltb,2017,72.113
dji,sex_t,age_10yrbands_y15_24,edu_aggregate_total,2017,54.844
dji,sex_t,age_10yrbands_y15_24,edu_isced11_1,2017,40.506
dji,sex_t,age_10yrbands_y15_24,edu_isced11_2,2017,53.587
dji,sex_t,age_10yrbands_y15_24,edu_isced11_3,2017,32.639
dji,sex_t,age_10yrbands_y15_24,edu_isced11_total,2017,54.844
dji,sex_t,age_10yrbands_y15_24,edu_isced11_x,2017,72.113
dji,sex_t,age_10yrbands_y25_34,edu_aggregate_adv,2017,13.097
dji,sex_t,age_10yrbands_y25_34,edu_aggregate_bas,2017,38.725
dji,sex_t,age_10yrbands_y25_34,edu_aggregate_int,2017,26.991
dji,sex_t,age_10yrbands_y25_34,edu_aggregate_ltb,2017,66.02
dji,sex_t,age_10yrbands_y25_34,edu_aggregate_total,2017,40.806
dji,sex_t,age_10yrbands_y25_34,edu_isced11_1,2017,49.741
dji,sex_t,age_10yrbands_y25_34,edu_isced11_2,2017,34.811
dji,sex_t,age_10yrbands_y25_34,edu_isced11_3,2017,26.991
dji,sex_t,age_10yrbands_y25_34,edu_isced11_6,2017,13.097
dji,sex_t,age_10yrbands_y25_34,edu_isced11_total,2017,40.806
dji,sex_t,age_10yrbands_y25_34,edu_isced11_x,2017,66.02
dji,sex_t,age_10yrbands_y35_44,edu_aggregate_adv,2017,14.399
dji,sex_t,age_10yrbands_y35_44,edu_aggregate_bas,2017,31.452
dji,sex_t,age_10yrbands_y35_44,edu_aggregate_int,2017,29.118
dji,sex_t,age_10yrbands_y35_44,edu_aggregate_ltb,2017,62.187
dji,sex_t,age_10yrbands_y35_44,edu_aggregate_total,2017,49.607
dji,sex_t,age_10yrbands_y35_44,edu_isced11_1,2017,45.189
dji,sex_t,age_10yrbands_y35_44,edu_isced11_2,2017,24.997
dji,sex_t,age_10yrbands_y35_44,edu_isced11_3,2017,29.118
dji,sex_t,age_10yrbands_y35_44,edu_isced11_6,2017,14.399
dji,sex_t,age_10yrbands_y35_44,edu_isced11_total,2017,49.607
dji,sex_t,age_10yrbands_y35_44,edu_isced11_x,2017,62.187
dji,sex_t,age_10yrbands_y45_54,edu_aggregate_adv,2017,22.54
dji,sex_t,age_10yrbands_y45_54,edu_aggregate_bas,2017,33.361
dji,sex_t,age_10yrbands_y45_54,edu_aggregate_int,2017,19.922
dji,sex_t,age_10yrbands_y45_54,edu_aggregate_ltb,2017,57.562
dji,sex_t,age_10yrbands_y45_54,edu_aggregate_total,2017,50.219
dji,sex_t,age_10yrbands_y45_54,edu_isced11_1,2017,43.555
dji,sex_t,age_10yrbands_y45_54,edu_isced11_2,2017,25.662
dji,sex_t,age_10yrbands_y45_54,edu_isced11_3,2017,19.922
dji,sex_t,age_10yrbands_y45_54,edu_isced11_6,2017,22.54
dji,sex_t,age_10yrbands_y45_54,edu_isced11_total,2017,50.219
dji,sex_t,age_10yrbands_y45_54,edu_isced11_x,2017,57.562
dji,sex_t,age_10yrbands_y55_64,edu_aggregate_adv,2017,23.061
dji,sex_t,age_10yrbands_y55_64,edu_aggregate_bas,2017,16.411
dji,sex_t,age_10yrbands_y55_64,edu_aggregate_ltb,2017,55.112
dji,sex_t,age_10yrbands_y55_64,edu_aggregate_total,2017,47.658
dji,sex_t,age_10yrbands_y55_64,edu_isced11_6,2017,23.061
dji,sex_t,age_10yrbands_y55_64,edu_isced11_total,2017,47.658
dji,sex_t,age_10yrbands_y55_64,edu_isced11_x,2017,55.112
dji,sex_t,age_10yrbands_yge65,edu_aggregate_ltb,2017,58.718
dji,sex_t,age_10yrbands_yge65,edu_aggregate_total,2017,57.836
dji,sex_t,age_10yrbands_yge65,edu_isced11_total,2017,57.836
dji,sex_t,age_10yrbands_yge65,edu_isced11_x,2017,58.718
dji,sex_t,age_aggregate_total,edu_aggregate_adv,2017,15.434
dji,sex_t,age_aggregate_total,edu_aggregate_bas,2017,34.799
dji,sex_t,age_aggregate_total,edu_aggregate_int,2017,27.262
dji,sex_t,age_aggregate_total,edu_aggregate_ltb,2017,61.15
dji,sex_t,age_aggregate_total,edu_aggregate_total,2017,47.616
dji,sex_t,age_aggregate_total,edu_isced11_1,2017,44.249
dji,sex_t,age_aggregate_total,edu_isced11_2,2017,30.032
dji,sex_t,age_aggregate_total,edu_isced11_3,2017,27.262
dji,sex_t,age_aggregate_total,edu_isced11_6,2017,15.434
dji,sex_t,age_aggregate_total,edu_isced11_total,2017,47.616
dji,sex_t,age_aggregate_total,edu_isced11_x,2017,61.15
dji,sex_t,age_aggregate_y15_24,edu_aggregate_bas,2017,50.917
dji,sex_t,age_aggregate_y15_24,edu_aggregate_int,2017,32.639
dji,sex_t,age_aggregate_y15_24,edu_aggregate_ltb,2017,72.113
dji,sex_t,age_aggregate_y15_24,edu_aggregate_total,2017,54.844
dji,sex_t,age_aggregate_y15_24,edu_isced11_1,2017,40.506
dji,sex_t,age_aggregate_y15_24,edu_isced11_2,2017,53.587
dji,sex_t,age_aggregate_y15_24,edu_isced11_3,2017,32.639
dji,sex_t,age_aggregate_y15_24,edu_isced11_total,2017,54.844
dji,sex_t,age_aggregate_y15_24,edu_isced11_x,2017,72.113
dji,sex_t,age_aggregate_y25_54,edu_aggregate_adv,2017,14.581
dji,sex_t,age_aggregate_y25_54,edu_aggregate_bas,2017,34.26
dji,sex_t,age_aggregate_y25_54,edu_aggregate_int,2017,27.164
dji,sex_t,age_aggregate_y25_54,edu_aggregate_ltb,2017,61.518
dji,sex_t,age_aggregate_y25_54,edu_aggregate_total,2017,46.9
dji,sex_t,age_aggregate_y25_54,edu_isced11_1,2017,45.715
dji,sex_t,age_aggregate_y25_54,edu_isced11_2,2017,28.546
dji,sex_t,age_aggregate_y25_54,edu_isced11_3,2017,27.164
dji,sex_t,age_aggregate_y25_54,edu_isced11_6,2017,14.581
dji,sex_t,age_aggregate_y25_54,edu_isced11_total,2017,46.9
dji,sex_t,age_aggregate_y25_54,edu_isced11_x,2017,61.518
dji,sex_t,age_aggregate_y55_64,edu_aggregate_adv,2017,23.061
dji,sex_t,age_aggregate_y55_64,edu_aggregate_bas,2017,16.411
dji,sex_t,age_aggregate_y55_64,edu_aggregate_ltb,2017,55.112
dji,sex_t,age_aggregate_y55_64,edu_aggregate_total,2017,47.658
dji,sex_t,age_aggregate_y55_64,edu_isced11_6,2017,23.061
dji,sex_t,age_aggregate_y55_64,edu_isced11_total,2017,47.658
dji,sex_t,age_aggregate_y55_64,edu_isced11_x,2017,55.112
dji,sex_t,age_aggregate_yge65,edu_aggregate_ltb,2017,58.718
dji,sex_t,age_aggregate_yge65,edu_aggregate_total,2017,57.836
dji,sex_t,age_aggregate_yge65,edu_isced11_total,2017,57.836
dji,sex_t,age_aggregate_yge65,edu_isced11_x,2017,58.718
dji,sex_t,age_ythadult_y15_24,edu_aggregate_bas,2017,50.917
dji,sex_t,age_ythadult_y15_24,edu_aggregate_int,2017,32.639
dji,sex_t,age_ythadult_y15_24,edu_aggregate_ltb,2017,72.113
dji,sex_t,age_ythadult_y15_24,edu_aggregate_total,2017,54.844
dji,sex_t,age_ythadult_y15_24,edu_isced11_1,2017,40.506
dji,sex_t,age_ythadult_y15_24,edu_isced11_2,2017,53.587
dji,sex_t,age_ythadult_y15_24,edu_isced11_3,2017,32.639
dji,sex_t,age_ythadult_y15_24,edu_isced11_total,2017,54.844
dji,sex_t,age_ythadult_y15_24,edu_isced11_x,2017,72.113
dji,sex_t,age_ythadult_yge15,edu_aggregate_adv,2017,15.434
dji,sex_t,age_ythadult_yge15,edu_aggregate_bas,2017,34.799
dji,sex_t,age_ythadult_yge15,edu_aggregate_int,2017,27.262
dji,sex_t,age_ythadult_yge15,edu_aggregate_ltb,2017,61.15
dji,sex_t,age_ythadult_yge15,edu_aggregate_total,2017,47.616
dji,sex_t,age_ythadult_yge15,edu_isced11_1,2017,44.249
dji,sex_t,age_ythadult_yge15,edu_isced11_2,2017,30.032
dji,sex_t,age_ythadult_yge15,edu_isced11_3,2017,27.262
dji,sex_t,age_ythadult_yge15,edu_isced11_6,2017,15.434
dji,sex_t,age_ythadult_yge15,edu_isced11_total,2017,47.616
dji,sex_t,age_ythadult_yge15,edu_isced11_x,2017,61.15
dji,sex_t,age_ythadult_yge25,edu_aggregate_adv,2017,15.162
dji,sex_t,age_ythadult_yge25,edu_aggregate_bas,2017,33.559
dji,sex_t,age_ythadult_yge25,edu_aggregate_int,2017,26.646
dji,sex_t,age_ythadult_yge25,edu_aggregate_ltb,2017,60.671
dji,sex_t,age_ythadult_yge25,edu_aggregate_total,2017,47.226
dji,sex_t,age_ythadult_yge25,edu_isced11_1,2017,44.42
dji,sex_t,age_ythadult_yge25,edu_isced11_2,2017,27.828
dji,sex_t,age_ythadult_yge25,edu_isced11_3,2017,26.646
dji,sex_t,age_ythadult_yge25,edu_isced11_6,2017,15.162
dji,sex_t,age_ythadult_yge25,edu_isced11_total,2017,47.226
dji,sex_t,age_ythadult_yge25,edu_isced11_x,2017,60.671
