ref_area,sex,classif1,classif2,time,tru_ttru_sex_age_edu_nb
fji,sex_f,age_aggregate_total,edu_aggregate_adv,2024,0.969
fji,sex_f,age_aggregate_total,edu_aggregate_bas,2024,0.726
fji,sex_f,age_aggregate_total,edu_aggregate_int,2024,1.224
fji,sex_f,age_aggregate_total,edu_aggregate_total,2024,2.919
fji,sex_f,age_aggregate_y15_24,edu_aggregate_int,2024,0.218
fji,sex_f,age_aggregate_y15_24,edu_aggregate_total,2024,0.315
fji,sex_f,age_aggregate_y25_54,edu_aggregate_adv,2024,0.815
fji,sex_f,age_aggregate_y25_54,edu_aggregate_bas,2024,0.38
fji,sex_f,age_aggregate_y25_54,edu_aggregate_int,2024,0.957
fji,sex_f,age_aggregate_y25_54,edu_aggregate_total,2024,2.152
fji,sex_f,age_aggregate_y55_64,edu_aggregate_bas,2024,0.256
fji,sex_f,age_aggregate_y55_64,edu_aggregate_total,2024,0.363
fji,sex_f,age_ythadult_y15_24,edu_aggregate_int,2024,0.218
fji,sex_f,age_ythadult_y15_24,edu_aggregate_total,2024,0.315
fji,sex_f,age_ythadult_y15_64,edu_aggregate_adv,2024,0.969
fji,sex_f,age_ythadult_y15_64,edu_aggregate_bas,2024,0.636
fji,sex_f,age_ythadult_y15_64,edu_aggregate_int,2024,1.224
fji,sex_f,age_ythadult_y15_64,edu_aggregate_total,2024,2.83
fji,sex_f,age_ythadult_yge15,edu_aggregate_adv,2024,0.969
fji,sex_f,age_ythadult_yge15,edu_aggregate_bas,2024,0.726
fji,sex_f,age_ythadult_yge15,edu_aggregate_int,2024,1.224
fji,sex_f,age_ythadult_yge15,edu_aggregate_total,2024,2.919
fji,sex_f,age_ythadult_yge25,edu_aggregate_adv,2024,0.873
fji,sex_f,age_ythadult_yge25,edu_aggregate_bas,2024,0.726
fji,sex_f,age_ythadult_yge25,edu_aggregate_int,2024,1.006
fji,sex_f,age_ythadult_yge25,edu_aggregate_total,2024,2.604
fji,sex_m,age_aggregate_total,edu_aggregate_adv,2024,1.282
fji,sex_m,age_aggregate_total,edu_aggregate_bas,2024,2.189
fji,sex_m,age_aggregate_total,edu_aggregate_int,2024,2.125
fji,sex_m,age_aggregate_total,edu_aggregate_total,2024,5.639
fji,sex_m,age_aggregate_y15_24,edu_aggregate_bas,2024,0.254
fji,sex_m,age_aggregate_y15_24,edu_aggregate_int,2024,0.477
fji,sex_m,age_aggregate_y15_24,edu_aggregate_total,2024,0.836
fji,sex_m,age_aggregate_y25_54,edu_aggregate_adv,2024,1.06
fji,sex_m,age_aggregate_y25_54,edu_aggregate_bas,2024,1.503
fji,sex_m,age_aggregate_y25_54,edu_aggregate_int,2024,1.423
fji,sex_m,age_aggregate_y25_54,edu_aggregate_total,2024,4.029
fji,sex_m,age_aggregate_y55_64,edu_aggregate_bas,2024,0.322
fji,sex_m,age_aggregate_y55_64,edu_aggregate_total,2024,0.544
fji,sex_m,age_aggregate_yge65,edu_aggregate_total,2024,0.23
fji,sex_m,age_ythadult_y15_24,edu_aggregate_bas,2024,0.254
fji,sex_m,age_ythadult_y15_24,edu_aggregate_int,2024,0.477
fji,sex_m,age_ythadult_y15_24,edu_aggregate_total,2024,0.836
fji,sex_m,age_ythadult_y15_64,edu_aggregate_adv,2024,1.282
fji,sex_m,age_ythadult_y15_64,edu_aggregate_bas,2024,2.079
fji,sex_m,age_ythadult_y15_64,edu_aggregate_int,2024,2.004
fji,sex_m,age_ythadult_y15_64,edu_aggregate_total,2024,5.409
fji,sex_m,age_ythadult_yge15,edu_aggregate_adv,2024,1.282
fji,sex_m,age_ythadult_yge15,edu_aggregate_bas,2024,2.189
fji,sex_m,age_ythadult_yge15,edu_aggregate_int,2024,2.125
fji,sex_m,age_ythadult_yge15,edu_aggregate_total,2024,5.639
fji,sex_m,age_ythadult_yge25,edu_aggregate_adv,2024,1.176
fji,sex_m,age_ythadult_yge25,edu_aggregate_bas,2024,1.935
fji,sex_m,age_ythadult_yge25,edu_aggregate_int,2024,1.648
fji,sex_m,age_ythadult_yge25,edu_aggregate_total,2024,4.803
fji,sex_t,age_aggregate_total,edu_aggregate_adv,2024,2.251
fji,sex_t,age_aggregate_total,edu_aggregate_bas,2024,2.914
fji,sex_t,age_aggregate_total,edu_aggregate_int,2024,3.35
fji,sex_t,age_aggregate_total,edu_aggregate_total,2024,8.559
fji,sex_t,age_aggregate_y15_24,edu_aggregate_adv,2024,0.202
fji,sex_t,age_aggregate_y15_24,edu_aggregate_bas,2024,0.254
fji,sex_t,age_aggregate_y15_24,edu_aggregate_int,2024,0.695
fji,sex_t,age_aggregate_y15_24,edu_aggregate_total,2024,1.151
fji,sex_t,age_aggregate_y25_54,edu_aggregate_adv,2024,1.875
fji,sex_t,age_aggregate_y25_54,edu_aggregate_bas,2024,1.884
fji,sex_t,age_aggregate_y25_54,edu_aggregate_int,2024,2.379
fji,sex_t,age_aggregate_y25_54,edu_aggregate_total,2024,6.181
fji,sex_t,age_aggregate_y55_64,edu_aggregate_adv,2024,0.174
fji,sex_t,age_aggregate_y55_64,edu_aggregate_bas,2024,0.579
fji,sex_t,age_aggregate_y55_64,edu_aggregate_int,2024,0.154
fji,sex_t,age_aggregate_y55_64,edu_aggregate_total,2024,0.906
fji,sex_t,age_aggregate_yge65,edu_aggregate_bas,2024,0.198
fji,sex_t,age_aggregate_yge65,edu_aggregate_total,2024,0.32
fji,sex_t,age_ythadult_y15_24,edu_aggregate_adv,2024,0.202
fji,sex_t,age_ythadult_y15_24,edu_aggregate_bas,2024,0.254
fji,sex_t,age_ythadult_y15_24,edu_aggregate_int,2024,0.695
fji,sex_t,age_ythadult_y15_24,edu_aggregate_total,2024,1.151
fji,sex_t,age_ythadult_y15_64,edu_aggregate_adv,2024,2.251
fji,sex_t,age_ythadult_y15_64,edu_aggregate_bas,2024,2.716
fji,sex_t,age_ythadult_y15_64,edu_aggregate_int,2024,3.228
fji,sex_t,age_ythadult_y15_64,edu_aggregate_total,2024,8.239
fji,sex_t,age_ythadult_yge15,edu_aggregate_adv,2024,2.251
fji,sex_t,age_ythadult_yge15,edu_aggregate_bas,2024,2.914
fji,sex_t,age_ythadult_yge15,edu_aggregate_int,2024,3.35
fji,sex_t,age_ythadult_yge15,edu_aggregate_total,2024,8.559
fji,sex_t,age_ythadult_yge25,edu_aggregate_adv,2024,2.049
fji,sex_t,age_ythadult_yge25,edu_aggregate_bas,2024,2.66
fji,sex_t,age_ythadult_yge25,edu_aggregate_int,2024,2.655
fji,sex_t,age_ythadult_yge25,edu_aggregate_total,2024,7.407
