ref_area,sex,classif1,classif2,time,how_temp_sex_est_mts_nb
lka,sex_f,est_sizeaggregate_s1_4,mts_aggregate_1,2010,38.31
lka,sex_f,est_sizeaggregate_s1_4,mts_aggregate_1,2011,39.01
lka,sex_f,est_sizeaggregate_s1_4,mts_aggregate_1,2013,42.8
lka,sex_f,est_sizeaggregate_s1_4,mts_aggregate_1,2014,43.3
lka,sex_f,est_sizeaggregate_s1_4,mts_aggregate_1,2015,44.34
lka,sex_f,est_sizeaggregate_s1_4,mts_aggregate_1,2016,42.81
lka,sex_f,est_sizeaggregate_s1_4,mts_aggregate_1,2017,44.27
lka,sex_f,est_sizeaggregate_s1_4,mts_aggregate_1,2018,43.05
lka,sex_f,est_sizeaggregate_s1_4,mts_aggregate_1,2019,41.56
lka,sex_f,est_sizeaggregate_s1_4,mts_aggregate_1,2020,44.14
lka,sex_f,est_sizeaggregate_s1_4,mts_aggregate_1,2021,39.25
lka,sex_f,est_sizeaggregate_s1_4,mts_aggregate_1,2022,41.12
lka,sex_f,est_sizeaggregate_s1_4,mts_aggregate_1,2023,41.26
lka,sex_f,est_sizeaggregate_s1_4,mts_aggregate_2,2010,35.83
lka,sex_f,est_sizeaggregate_s1_4,mts_aggregate_2,2011,35.15
lka,sex_f,est_sizeaggregate_s1_4,mts_aggregate_2,2013,39.32
lka,sex_f,est_sizeaggregate_s1_4,mts_aggregate_2,2014,39.71
lka,sex_f,est_sizeaggregate_s1_4,mts_aggregate_2,2015,39.14
lka,sex_f,est_sizeaggregate_s1_4,mts_aggregate_2,2016,39.7
lka,sex_f,est_sizeaggregate_s1_4,mts_aggregate_2,2017,38.98
lka,sex_f,est_sizeaggregate_s1_4,mts_aggregate_2,2018,38.88
lka,sex_f,est_sizeaggregate_s1_4,mts_aggregate_2,2019,37.72
lka,sex_f,est_sizeaggregate_s1_4,mts_aggregate_2,2020,37.12
lka,sex_f,est_sizeaggregate_s1_4,mts_aggregate_2,2021,37.82
lka,sex_f,est_sizeaggregate_s1_4,mts_aggregate_2,2022,37.95
lka,sex_f,est_sizeaggregate_s1_4,mts_aggregate_2,2023,36.61
lka,sex_f,est_sizeaggregate_s1_4,mts_aggregate_total,2010,36.45
lka,sex_f,est_sizeaggregate_s1_4,mts_aggregate_total,2011,36.15
lka,sex_f,est_sizeaggregate_s1_4,mts_aggregate_total,2013,40.7
lka,sex_f,est_sizeaggregate_s1_4,mts_aggregate_total,2014,41.08
lka,sex_f,est_sizeaggregate_s1_4,mts_aggregate_total,2015,41.2
lka,sex_f,est_sizeaggregate_s1_4,mts_aggregate_total,2016,40.93
lka,sex_f,est_sizeaggregate_s1_4,mts_aggregate_total,2017,41.16
lka,sex_f,est_sizeaggregate_s1_4,mts_aggregate_total,2018,40.46
lka,sex_f,est_sizeaggregate_s1_4,mts_aggregate_total,2019,39.14
lka,sex_f,est_sizeaggregate_s1_4,mts_aggregate_total,2020,39.62
lka,sex_f,est_sizeaggregate_s1_4,mts_aggregate_total,2021,38.38
lka,sex_f,est_sizeaggregate_s1_4,mts_aggregate_total,2022,39.21
lka,sex_f,est_sizeaggregate_s1_4,mts_aggregate_total,2023,38.34
lka,sex_f,est_sizeaggregate_s1_4,mts_details_mrd,2010,35.83
lka,sex_f,est_sizeaggregate_s1_4,mts_details_mrd,2011,35.15
lka,sex_f,est_sizeaggregate_s1_4,mts_details_mrd,2013,39.32
lka,sex_f,est_sizeaggregate_s1_4,mts_details_mrd,2014,39.71
lka,sex_f,est_sizeaggregate_s1_4,mts_details_mrd,2015,39.14
lka,sex_f,est_sizeaggregate_s1_4,mts_details_mrd,2016,39.7
lka,sex_f,est_sizeaggregate_s1_4,mts_details_mrd,2017,38.98
lka,sex_f,est_sizeaggregate_s1_4,mts_details_mrd,2018,38.88
lka,sex_f,est_sizeaggregate_s1_4,mts_details_mrd,2019,37.72
lka,sex_f,est_sizeaggregate_s1_4,mts_details_mrd,2020,37.12
lka,sex_f,est_sizeaggregate_s1_4,mts_details_mrd,2021,37.82
lka,sex_f,est_sizeaggregate_s1_4,mts_details_mrd,2022,37.95
lka,sex_f,est_sizeaggregate_s1_4,mts_details_mrd,2023,36.61
lka,sex_f,est_sizeaggregate_s1_4,mts_details_sep,2010,37.73
lka,sex_f,est_sizeaggregate_s1_4,mts_details_sep,2011,37.9
lka,sex_f,est_sizeaggregate_s1_4,mts_details_sep,2013,40.33
lka,sex_f,est_sizeaggregate_s1_4,mts_details_sep,2014,42.2
lka,sex_f,est_sizeaggregate_s1_4,mts_details_sep,2015,42.63
lka,sex_f,est_sizeaggregate_s1_4,mts_details_sep,2016,42.99
lka,sex_f,est_sizeaggregate_s1_4,mts_details_sep,2017,44.94
lka,sex_f,est_sizeaggregate_s1_4,mts_details_sep,2018,41.86
lka,sex_f,est_sizeaggregate_s1_4,mts_details_sep,2019,40.94
lka,sex_f,est_sizeaggregate_s1_4,mts_details_sep,2020,43.89
lka,sex_f,est_sizeaggregate_s1_4,mts_details_sep,2021,39.33
lka,sex_f,est_sizeaggregate_s1_4,mts_details_sep,2022,36.46
lka,sex_f,est_sizeaggregate_s1_4,mts_details_sep,2023,42.09
lka,sex_f,est_sizeaggregate_s1_4,mts_details_sgle,2010,39.1
lka,sex_f,est_sizeaggregate_s1_4,mts_details_sgle,2011,40.46
lka,sex_f,est_sizeaggregate_s1_4,mts_details_sgle,2013,44.59
lka,sex_f,est_sizeaggregate_s1_4,mts_details_sgle,2014,45.25
lka,sex_f,est_sizeaggregate_s1_4,mts_details_sgle,2015,45.69
lka,sex_f,est_sizeaggregate_s1_4,mts_details_sgle,2016,45.35
lka,sex_f,est_sizeaggregate_s1_4,mts_details_sgle,2017,46.13
lka,sex_f,est_sizeaggregate_s1_4,mts_details_sgle,2018,45.47
lka,sex_f,est_sizeaggregate_s1_4,mts_details_sgle,2019,43.94
lka,sex_f,est_sizeaggregate_s1_4,mts_details_sgle,2020,46.34
lka,sex_f,est_sizeaggregate_s1_4,mts_details_sgle,2021,41.98
lka,sex_f,est_sizeaggregate_s1_4,mts_details_sgle,2022,45.84
lka,sex_f,est_sizeaggregate_s1_4,mts_details_sgle,2023,44.38
lka,sex_f,est_sizeaggregate_s1_4,mts_details_total,2010,36.45
lka,sex_f,est_sizeaggregate_s1_4,mts_details_total,2011,36.15
lka,sex_f,est_sizeaggregate_s1_4,mts_details_total,2013,40.7
lka,sex_f,est_sizeaggregate_s1_4,mts_details_total,2014,41.08
lka,sex_f,est_sizeaggregate_s1_4,mts_details_total,2015,41.2
lka,sex_f,est_sizeaggregate_s1_4,mts_details_total,2016,40.93
lka,sex_f,est_sizeaggregate_s1_4,mts_details_total,2017,41.16
lka,sex_f,est_sizeaggregate_s1_4,mts_details_total,2018,40.46
lka,sex_f,est_sizeaggregate_s1_4,mts_details_total,2019,39.14
lka,sex_f,est_sizeaggregate_s1_4,mts_details_total,2020,39.62
lka,sex_f,est_sizeaggregate_s1_4,mts_details_total,2021,38.38
lka,sex_f,est_sizeaggregate_s1_4,mts_details_total,2022,39.21
lka,sex_f,est_sizeaggregate_s1_4,mts_details_total,2023,38.34
lka,sex_f,est_sizeaggregate_s1_4,mts_details_wid,2010,37.46
lka,sex_f,est_sizeaggregate_s1_4,mts_details_wid,2011,37.62
lka,sex_f,est_sizeaggregate_s1_4,mts_details_wid,2013,38.99
lka,sex_f,est_sizeaggregate_s1_4,mts_details_wid,2014,39.57
lka,sex_f,est_sizeaggregate_s1_4,mts_details_wid,2015,41.83
lka,sex_f,est_sizeaggregate_s1_4,mts_details_wid,2016,37.19
lka,sex_f,est_sizeaggregate_s1_4,mts_details_wid,2017,40.14
lka,sex_f,est_sizeaggregate_s1_4,mts_details_wid,2018,39.06
lka,sex_f,est_sizeaggregate_s1_4,mts_details_wid,2019,37.11
lka,sex_f,est_sizeaggregate_s1_4,mts_details_wid,2020,38.97
lka,sex_f,est_sizeaggregate_s1_4,mts_details_wid,2021,35.19
lka,sex_f,est_sizeaggregate_s1_4,mts_details_wid,2022,34.7
lka,sex_f,est_sizeaggregate_s1_4,mts_details_wid,2023,34.82
lka,sex_f,est_sizeaggregate_s5_49,mts_aggregate_1,2010,46.09
lka,sex_f,est_sizeaggregate_s5_49,mts_aggregate_1,2011,44.21
lka,sex_f,est_sizeaggregate_s5_49,mts_aggregate_1,2013,47.2
lka,sex_f,est_sizeaggregate_s5_49,mts_aggregate_1,2014,45.73
lka,sex_f,est_sizeaggregate_s5_49,mts_aggregate_1,2015,45.46
lka,sex_f,est_sizeaggregate_s5_49,mts_aggregate_1,2016,46.36
lka,sex_f,est_sizeaggregate_s5_49,mts_aggregate_1,2017,47.71
lka,sex_f,est_sizeaggregate_s5_49,mts_aggregate_1,2018,47.61
lka,sex_f,est_sizeaggregate_s5_49,mts_aggregate_1,2019,45.85
lka,sex_f,est_sizeaggregate_s5_49,mts_aggregate_1,2020,42.58
lka,sex_f,est_sizeaggregate_s5_49,mts_aggregate_1,2021,43.57
lka,sex_f,est_sizeaggregate_s5_49,mts_aggregate_1,2022,45.81
lka,sex_f,est_sizeaggregate_s5_49,mts_aggregate_1,2023,45.97
lka,sex_f,est_sizeaggregate_s5_49,mts_aggregate_2,2010,43.41
lka,sex_f,est_sizeaggregate_s5_49,mts_aggregate_2,2011,41.76
lka,sex_f,est_sizeaggregate_s5_49,mts_aggregate_2,2013,41.87
lka,sex_f,est_sizeaggregate_s5_49,mts_aggregate_2,2014,42.75
lka,sex_f,est_sizeaggregate_s5_49,mts_aggregate_2,2015,43.43
lka,sex_f,est_sizeaggregate_s5_49,mts_aggregate_2,2016,43.7
lka,sex_f,est_sizeaggregate_s5_49,mts_aggregate_2,2017,44.69
lka,sex_f,est_sizeaggregate_s5_49,mts_aggregate_2,2018,43.63
lka,sex_f,est_sizeaggregate_s5_49,mts_aggregate_2,2019,43.26
lka,sex_f,est_sizeaggregate_s5_49,mts_aggregate_2,2020,42.11
lka,sex_f,est_sizeaggregate_s5_49,mts_aggregate_2,2021,42.76
lka,sex_f,est_sizeaggregate_s5_49,mts_aggregate_2,2022,42.46
lka,sex_f,est_sizeaggregate_s5_49,mts_aggregate_2,2023,43.32
lka,sex_f,est_sizeaggregate_s5_49,mts_aggregate_total,2010,44.74
lka,sex_f,est_sizeaggregate_s5_49,mts_aggregate_total,2011,42.93
lka,sex_f,est_sizeaggregate_s5_49,mts_aggregate_total,2013,44.22
lka,sex_f,est_sizeaggregate_s5_49,mts_aggregate_total,2014,44.08
lka,sex_f,est_sizeaggregate_s5_49,mts_aggregate_total,2015,44.3
lka,sex_f,est_sizeaggregate_s5_49,mts_aggregate_total,2016,44.79
lka,sex_f,est_sizeaggregate_s5_49,mts_aggregate_total,2017,46.06
lka,sex_f,est_sizeaggregate_s5_49,mts_aggregate_total,2018,45.32
lka,sex_f,est_sizeaggregate_s5_49,mts_aggregate_total,2019,44.46
lka,sex_f,est_sizeaggregate_s5_49,mts_aggregate_total,2020,42.33
lka,sex_f,est_sizeaggregate_s5_49,mts_aggregate_total,2021,43.11
lka,sex_f,est_sizeaggregate_s5_49,mts_aggregate_total,2022,44.02
lka,sex_f,est_sizeaggregate_s5_49,mts_aggregate_total,2023,44.52
lka,sex_f,est_sizeaggregate_s5_49,mts_details_mrd,2010,43.41
lka,sex_f,est_sizeaggregate_s5_49,mts_details_mrd,2011,41.76
lka,sex_f,est_sizeaggregate_s5_49,mts_details_mrd,2013,41.87
lka,sex_f,est_sizeaggregate_s5_49,mts_details_mrd,2014,42.75
lka,sex_f,est_sizeaggregate_s5_49,mts_details_mrd,2015,43.43
lka,sex_f,est_sizeaggregate_s5_49,mts_details_mrd,2016,43.7
lka,sex_f,est_sizeaggregate_s5_49,mts_details_mrd,2017,44.69
lka,sex_f,est_sizeaggregate_s5_49,mts_details_mrd,2018,43.63
lka,sex_f,est_sizeaggregate_s5_49,mts_details_mrd,2019,43.26
lka,sex_f,est_sizeaggregate_s5_49,mts_details_mrd,2020,42.11
lka,sex_f,est_sizeaggregate_s5_49,mts_details_mrd,2021,42.76
lka,sex_f,est_sizeaggregate_s5_49,mts_details_mrd,2022,42.46
lka,sex_f,est_sizeaggregate_s5_49,mts_details_mrd,2023,43.32
lka,sex_f,est_sizeaggregate_s5_49,mts_details_sep,2010,47.41
lka,sex_f,est_sizeaggregate_s5_49,mts_details_sep,2011,44.07
lka,sex_f,est_sizeaggregate_s5_49,mts_details_sep,2013,44.38
lka,sex_f,est_sizeaggregate_s5_49,mts_details_sep,2014,41.18
lka,sex_f,est_sizeaggregate_s5_49,mts_details_sep,2015,47.9
lka,sex_f,est_sizeaggregate_s5_49,mts_details_sep,2016,43.79
lka,sex_f,est_sizeaggregate_s5_49,mts_details_sep,2017,46.87
lka,sex_f,est_sizeaggregate_s5_49,mts_details_sep,2018,47.87
lka,sex_f,est_sizeaggregate_s5_49,mts_details_sep,2019,43.65
lka,sex_f,est_sizeaggregate_s5_49,mts_details_sep,2020,41.77
lka,sex_f,est_sizeaggregate_s5_49,mts_details_sep,2021,48.43
lka,sex_f,est_sizeaggregate_s5_49,mts_details_sep,2022,44.42
lka,sex_f,est_sizeaggregate_s5_49,mts_details_sep,2023,48.29
lka,sex_f,est_sizeaggregate_s5_49,mts_details_sgle,2010,46.91
lka,sex_f,est_sizeaggregate_s5_49,mts_details_sgle,2011,45.38
lka,sex_f,est_sizeaggregate_s5_49,mts_details_sgle,2013,47.86
lka,sex_f,est_sizeaggregate_s5_49,mts_details_sgle,2014,46.95
lka,sex_f,est_sizeaggregate_s5_49,mts_details_sgle,2015,46.05
lka,sex_f,est_sizeaggregate_s5_49,mts_details_sgle,2016,47.31
lka,sex_f,est_sizeaggregate_s5_49,mts_details_sgle,2017,47.91
lka,sex_f,est_sizeaggregate_s5_49,mts_details_sgle,2018,48.63
lka,sex_f,est_sizeaggregate_s5_49,mts_details_sgle,2019,46.63
lka,sex_f,est_sizeaggregate_s5_49,mts_details_sgle,2020,42.76
lka,sex_f,est_sizeaggregate_s5_49,mts_details_sgle,2021,43.99
lka,sex_f,est_sizeaggregate_s5_49,mts_details_sgle,2022,46.44
lka,sex_f,est_sizeaggregate_s5_49,mts_details_sgle,2023,46.86
lka,sex_f,est_sizeaggregate_s5_49,mts_details_total,2010,44.74
lka,sex_f,est_sizeaggregate_s5_49,mts_details_total,2011,42.93
lka,sex_f,est_sizeaggregate_s5_49,mts_details_total,2013,44.22
lka,sex_f,est_sizeaggregate_s5_49,mts_details_total,2014,44.08
lka,sex_f,est_sizeaggregate_s5_49,mts_details_total,2015,44.3
lka,sex_f,est_sizeaggregate_s5_49,mts_details_total,2016,44.79
lka,sex_f,est_sizeaggregate_s5_49,mts_details_total,2017,46.06
lka,sex_f,est_sizeaggregate_s5_49,mts_details_total,2018,45.32
lka,sex_f,est_sizeaggregate_s5_49,mts_details_total,2019,44.46
lka,sex_f,est_sizeaggregate_s5_49,mts_details_total,2020,42.33
lka,sex_f,est_sizeaggregate_s5_49,mts_details_total,2021,43.11
lka,sex_f,est_sizeaggregate_s5_49,mts_details_total,2022,44.02
lka,sex_f,est_sizeaggregate_s5_49,mts_details_total,2023,44.52
lka,sex_f,est_sizeaggregate_s5_49,mts_details_wid,2010,42.37
lka,sex_f,est_sizeaggregate_s5_49,mts_details_wid,2011,39.79
lka,sex_f,est_sizeaggregate_s5_49,mts_details_wid,2013,46.59
lka,sex_f,est_sizeaggregate_s5_49,mts_details_wid,2014,41.69
lka,sex_f,est_sizeaggregate_s5_49,mts_details_wid,2015,41.47
lka,sex_f,est_sizeaggregate_s5_49,mts_details_wid,2016,43.83
lka,sex_f,est_sizeaggregate_s5_49,mts_details_wid,2017,47.34
lka,sex_f,est_sizeaggregate_s5_49,mts_details_wid,2018,43.26
lka,sex_f,est_sizeaggregate_s5_49,mts_details_wid,2019,42.23
lka,sex_f,est_sizeaggregate_s5_49,mts_details_wid,2020,42.19
lka,sex_f,est_sizeaggregate_s5_49,mts_details_wid,2021,39.22
lka,sex_f,est_sizeaggregate_s5_49,mts_details_wid,2022,43.68
lka,sex_f,est_sizeaggregate_s5_49,mts_details_wid,2023,41.06
lka,sex_f,est_sizeaggregate_sge50,mts_aggregate_1,2010,48.42
lka,sex_f,est_sizeaggregate_sge50,mts_aggregate_1,2011,47.84
lka,sex_f,est_sizeaggregate_sge50,mts_aggregate_1,2013,48.11
lka,sex_f,est_sizeaggregate_sge50,mts_aggregate_1,2014,48.16
lka,sex_f,est_sizeaggregate_sge50,mts_aggregate_1,2015,47.69
lka,sex_f,est_sizeaggregate_sge50,mts_aggregate_1,2016,48.66
lka,sex_f,est_sizeaggregate_sge50,mts_aggregate_1,2017,49.26
lka,sex_f,est_sizeaggregate_sge50,mts_aggregate_1,2018,48.92
lka,sex_f,est_sizeaggregate_sge50,mts_aggregate_1,2019,48.94
lka,sex_f,est_sizeaggregate_sge50,mts_aggregate_1,2020,47.64
lka,sex_f,est_sizeaggregate_sge50,mts_aggregate_1,2021,48.14
lka,sex_f,est_sizeaggregate_sge50,mts_aggregate_1,2022,48.34
lka,sex_f,est_sizeaggregate_sge50,mts_aggregate_1,2023,48.04
lka,sex_f,est_sizeaggregate_sge50,mts_aggregate_2,2010,46.09
lka,sex_f,est_sizeaggregate_sge50,mts_aggregate_2,2011,45.08
lka,sex_f,est_sizeaggregate_sge50,mts_aggregate_2,2013,46.28
lka,sex_f,est_sizeaggregate_sge50,mts_aggregate_2,2014,46.85
lka,sex_f,est_sizeaggregate_sge50,mts_aggregate_2,2015,45.78
lka,sex_f,est_sizeaggregate_sge50,mts_aggregate_2,2016,45.4
lka,sex_f,est_sizeaggregate_sge50,mts_aggregate_2,2017,46.77
lka,sex_f,est_sizeaggregate_sge50,mts_aggregate_2,2018,47.96
lka,sex_f,est_sizeaggregate_sge50,mts_aggregate_2,2019,47.27
lka,sex_f,est_sizeaggregate_sge50,mts_aggregate_2,2020,46.28
lka,sex_f,est_sizeaggregate_sge50,mts_aggregate_2,2021,47.58
lka,sex_f,est_sizeaggregate_sge50,mts_aggregate_2,2022,46.68
lka,sex_f,est_sizeaggregate_sge50,mts_aggregate_2,2023,45.82
lka,sex_f,est_sizeaggregate_sge50,mts_aggregate_total,2010,47.16
lka,sex_f,est_sizeaggregate_sge50,mts_aggregate_total,2011,46.36
lka,sex_f,est_sizeaggregate_sge50,mts_aggregate_total,2013,47.12
lka,sex_f,est_sizeaggregate_sge50,mts_aggregate_total,2014,47.41
lka,sex_f,est_sizeaggregate_sge50,mts_aggregate_total,2015,46.58
lka,sex_f,est_sizeaggregate_sge50,mts_aggregate_total,2016,46.78
lka,sex_f,est_sizeaggregate_sge50,mts_aggregate_total,2017,47.74
lka,sex_f,est_sizeaggregate_sge50,mts_aggregate_total,2018,48.33
lka,sex_f,est_sizeaggregate_sge50,mts_aggregate_total,2019,47.91
lka,sex_f,est_sizeaggregate_sge50,mts_aggregate_total,2020,46.78
lka,sex_f,est_sizeaggregate_sge50,mts_aggregate_total,2021,47.8
lka,sex_f,est_sizeaggregate_sge50,mts_aggregate_total,2022,47.33
lka,sex_f,est_sizeaggregate_sge50,mts_aggregate_total,2023,46.71
lka,sex_f,est_sizeaggregate_sge50,mts_details_mrd,2010,46.09
lka,sex_f,est_sizeaggregate_sge50,mts_details_mrd,2011,45.08
lka,sex_f,est_sizeaggregate_sge50,mts_details_mrd,2013,46.28
lka,sex_f,est_sizeaggregate_sge50,mts_details_mrd,2014,46.85
lka,sex_f,est_sizeaggregate_sge50,mts_details_mrd,2015,45.78
lka,sex_f,est_sizeaggregate_sge50,mts_details_mrd,2016,45.4
lka,sex_f,est_sizeaggregate_sge50,mts_details_mrd,2017,46.77
lka,sex_f,est_sizeaggregate_sge50,mts_details_mrd,2018,47.96
lka,sex_f,est_sizeaggregate_sge50,mts_details_mrd,2019,47.27
lka,sex_f,est_sizeaggregate_sge50,mts_details_mrd,2020,46.28
lka,sex_f,est_sizeaggregate_sge50,mts_details_mrd,2021,47.58
lka,sex_f,est_sizeaggregate_sge50,mts_details_mrd,2022,46.68
lka,sex_f,est_sizeaggregate_sge50,mts_details_mrd,2023,45.82
lka,sex_f,est_sizeaggregate_sge50,mts_details_sep,2010,48.19
lka,sex_f,est_sizeaggregate_sge50,mts_details_sep,2011,48.64
lka,sex_f,est_sizeaggregate_sge50,mts_details_sep,2013,47.04
lka,sex_f,est_sizeaggregate_sge50,mts_details_sep,2014,51.25
lka,sex_f,est_sizeaggregate_sge50,mts_details_sep,2015,44.43
lka,sex_f,est_sizeaggregate_sge50,mts_details_sep,2016,50.48
lka,sex_f,est_sizeaggregate_sge50,mts_details_sep,2017,50.33
lka,sex_f,est_sizeaggregate_sge50,mts_details_sep,2018,49.22
lka,sex_f,est_sizeaggregate_sge50,mts_details_sep,2019,50.38
lka,sex_f,est_sizeaggregate_sge50,mts_details_sep,2020,47.2
lka,sex_f,est_sizeaggregate_sge50,mts_details_sep,2021,48.7
lka,sex_f,est_sizeaggregate_sge50,mts_details_sep,2022,47.36
lka,sex_f,est_sizeaggregate_sge50,mts_details_sep,2023,47.01
lka,sex_f,est_sizeaggregate_sge50,mts_details_sgle,2010,48.97
lka,sex_f,est_sizeaggregate_sge50,mts_details_sgle,2011,48.07
lka,sex_f,est_sizeaggregate_sge50,mts_details_sgle,2013,48.95
lka,sex_f,est_sizeaggregate_sge50,mts_details_sgle,2014,47.82
lka,sex_f,est_sizeaggregate_sge50,mts_details_sgle,2015,48.69
lka,sex_f,est_sizeaggregate_sge50,mts_details_sgle,2016,48.94
lka,sex_f,est_sizeaggregate_sge50,mts_details_sgle,2017,49.52
lka,sex_f,est_sizeaggregate_sge50,mts_details_sgle,2018,49.17
lka,sex_f,est_sizeaggregate_sge50,mts_details_sgle,2019,49.08
lka,sex_f,est_sizeaggregate_sge50,mts_details_sgle,2020,47.83
lka,sex_f,est_sizeaggregate_sge50,mts_details_sgle,2021,47.91
lka,sex_f,est_sizeaggregate_sge50,mts_details_sgle,2022,48.39
lka,sex_f,est_sizeaggregate_sge50,mts_details_sgle,2023,47.82
lka,sex_f,est_sizeaggregate_sge50,mts_details_total,2010,47.16
lka,sex_f,est_sizeaggregate_sge50,mts_details_total,2011,46.36
lka,sex_f,est_sizeaggregate_sge50,mts_details_total,2013,47.12
lka,sex_f,est_sizeaggregate_sge50,mts_details_total,2014,47.41
lka,sex_f,est_sizeaggregate_sge50,mts_details_total,2015,46.58
lka,sex_f,est_sizeaggregate_sge50,mts_details_total,2016,46.78
lka,sex_f,est_sizeaggregate_sge50,mts_details_total,2017,47.74
lka,sex_f,est_sizeaggregate_sge50,mts_details_total,2018,48.33
lka,sex_f,est_sizeaggregate_sge50,mts_details_total,2019,47.91
lka,sex_f,est_sizeaggregate_sge50,mts_details_total,2020,46.78
lka,sex_f,est_sizeaggregate_sge50,mts_details_total,2021,47.8
lka,sex_f,est_sizeaggregate_sge50,mts_details_total,2022,47.33
lka,sex_f,est_sizeaggregate_sge50,mts_details_total,2023,46.71
lka,sex_f,est_sizeaggregate_sge50,mts_details_wid,2010,44.55
lka,sex_f,est_sizeaggregate_sge50,mts_details_wid,2011,46.12
lka,sex_f,est_sizeaggregate_sge50,mts_details_wid,2013,43.94
lka,sex_f,est_sizeaggregate_sge50,mts_details_wid,2014,48.02
lka,sex_f,est_sizeaggregate_sge50,mts_details_wid,2015,43.68
lka,sex_f,est_sizeaggregate_sge50,mts_details_wid,2016,45.11
lka,sex_f,est_sizeaggregate_sge50,mts_details_wid,2017,47.1
lka,sex_f,est_sizeaggregate_sge50,mts_details_wid,2018,47.66
lka,sex_f,est_sizeaggregate_sge50,mts_details_wid,2019,46.73
lka,sex_f,est_sizeaggregate_sge50,mts_details_wid,2020,46.95
lka,sex_f,est_sizeaggregate_sge50,mts_details_wid,2021,48.84
lka,sex_f,est_sizeaggregate_sge50,mts_details_wid,2022,48.91
lka,sex_f,est_sizeaggregate_sge50,mts_details_wid,2023,49.85
lka,sex_f,est_sizeaggregate_total,mts_aggregate_1,2010,41.69
lka,sex_f,est_sizeaggregate_total,mts_aggregate_1,2011,41.45
lka,sex_f,est_sizeaggregate_total,mts_aggregate_1,2013,41.2
lka,sex_f,est_sizeaggregate_total,mts_aggregate_1,2014,41.92
lka,sex_f,est_sizeaggregate_total,mts_aggregate_1,2015,41.57
lka,sex_f,est_sizeaggregate_total,mts_aggregate_1,2016,41.83
lka,sex_f,est_sizeaggregate_total,mts_aggregate_1,2017,43.13
lka,sex_f,est_sizeaggregate_total,mts_aggregate_1,2018,41.99
lka,sex_f,est_sizeaggregate_total,mts_aggregate_1,2019,41.87
lka,sex_f,est_sizeaggregate_total,mts_aggregate_1,2020,40.07
lka,sex_f,est_sizeaggregate_total,mts_aggregate_1,2021,40.33
lka,sex_f,est_sizeaggregate_total,mts_aggregate_1,2022,41.21
lka,sex_f,est_sizeaggregate_total,mts_aggregate_1,2023,40.87
lka,sex_f,est_sizeaggregate_total,mts_aggregate_2,2010,38.12
lka,sex_f,est_sizeaggregate_total,mts_aggregate_2,2011,37.08
lka,sex_f,est_sizeaggregate_total,mts_aggregate_2,2013,37.99
lka,sex_f,est_sizeaggregate_total,mts_aggregate_2,2014,38.59
lka,sex_f,est_sizeaggregate_total,mts_aggregate_2,2015,37.8
lka,sex_f,est_sizeaggregate_total,mts_aggregate_2,2016,38.42
lka,sex_f,est_sizeaggregate_total,mts_aggregate_2,2017,38.54
lka,sex_f,est_sizeaggregate_total,mts_aggregate_2,2018,38.45
lka,sex_f,est_sizeaggregate_total,mts_aggregate_2,2019,37.99
lka,sex_f,est_sizeaggregate_total,mts_aggregate_2,2020,37.16
lka,sex_f,est_sizeaggregate_total,mts_aggregate_2,2021,37.39
lka,sex_f,est_sizeaggregate_total,mts_aggregate_2,2022,37.53
lka,sex_f,est_sizeaggregate_total,mts_aggregate_2,2023,37.58
lka,sex_f,est_sizeaggregate_total,mts_aggregate_total,2010,39.22
lka,sex_f,est_sizeaggregate_total,mts_aggregate_total,2011,38.41
lka,sex_f,est_sizeaggregate_total,mts_aggregate_total,2013,38.95
lka,sex_f,est_sizeaggregate_total,mts_aggregate_total,2014,39.56
lka,sex_f,est_sizeaggregate_total,mts_aggregate_total,2015,38.88
lka,sex_f,est_sizeaggregate_total,mts_aggregate_total,2016,39.41
lka,sex_f,est_sizeaggregate_total,mts_aggregate_total,2017,39.87
lka,sex_f,est_sizeaggregate_total,mts_aggregate_total,2018,39.47
lka,sex_f,est_sizeaggregate_total,mts_aggregate_total,2019,39.13
lka,sex_f,est_sizeaggregate_total,mts_aggregate_total,2020,38
lka,sex_f,est_sizeaggregate_total,mts_aggregate_total,2021,38.26
lka,sex_f,est_sizeaggregate_total,mts_aggregate_total,2022,38.58
lka,sex_f,est_sizeaggregate_total,mts_aggregate_total,2023,38.56
lka,sex_f,est_sizeaggregate_total,mts_details_mrd,2010,38.12
lka,sex_f,est_sizeaggregate_total,mts_details_mrd,2011,37.08
lka,sex_f,est_sizeaggregate_total,mts_details_mrd,2013,37.99
lka,sex_f,est_sizeaggregate_total,mts_details_mrd,2014,38.59
lka,sex_f,est_sizeaggregate_total,mts_details_mrd,2015,37.8
lka,sex_f,est_sizeaggregate_total,mts_details_mrd,2016,38.42
lka,sex_f,est_sizeaggregate_total,mts_details_mrd,2017,38.54
lka,sex_f,est_sizeaggregate_total,mts_details_mrd,2018,38.45
lka,sex_f,est_sizeaggregate_total,mts_details_mrd,2019,37.99
lka,sex_f,est_sizeaggregate_total,mts_details_mrd,2020,37.16
lka,sex_f,est_sizeaggregate_total,mts_details_mrd,2021,37.39
lka,sex_f,est_sizeaggregate_total,mts_details_mrd,2022,37.53
lka,sex_f,est_sizeaggregate_total,mts_details_mrd,2023,37.58
lka,sex_f,est_sizeaggregate_total,mts_details_sep,2010,39.92
lka,sex_f,est_sizeaggregate_total,mts_details_sep,2011,41.36
lka,sex_f,est_sizeaggregate_total,mts_details_sep,2013,40.33
lka,sex_f,est_sizeaggregate_total,mts_details_sep,2014,41.38
lka,sex_f,est_sizeaggregate_total,mts_details_sep,2015,40.64
lka,sex_f,est_sizeaggregate_total,mts_details_sep,2016,42.24
lka,sex_f,est_sizeaggregate_total,mts_details_sep,2017,42.56
lka,sex_f,est_sizeaggregate_total,mts_details_sep,2018,42.13
lka,sex_f,est_sizeaggregate_total,mts_details_sep,2019,41.53
lka,sex_f,est_sizeaggregate_total,mts_details_sep,2020,40.77
lka,sex_f,est_sizeaggregate_total,mts_details_sep,2021,41.16
lka,sex_f,est_sizeaggregate_total,mts_details_sep,2022,39.87
lka,sex_f,est_sizeaggregate_total,mts_details_sep,2023,42.03
lka,sex_f,est_sizeaggregate_total,mts_details_sgle,2010,43.76
lka,sex_f,est_sizeaggregate_total,mts_details_sgle,2011,43.46
lka,sex_f,est_sizeaggregate_total,mts_details_sgle,2013,43.44
lka,sex_f,est_sizeaggregate_total,mts_details_sgle,2014,43.57
lka,sex_f,est_sizeaggregate_total,mts_details_sgle,2015,43.69
lka,sex_f,est_sizeaggregate_total,mts_details_sgle,2016,44.15
lka,sex_f,est_sizeaggregate_total,mts_details_sgle,2017,45.24
lka,sex_f,est_sizeaggregate_total,mts_details_sgle,2018,44.48
lka,sex_f,est_sizeaggregate_total,mts_details_sgle,2019,44.19
lka,sex_f,est_sizeaggregate_total,mts_details_sgle,2020,42.28
lka,sex_f,est_sizeaggregate_total,mts_details_sgle,2021,41.84
lka,sex_f,est_sizeaggregate_total,mts_details_sgle,2022,43.92
lka,sex_f,est_sizeaggregate_total,mts_details_sgle,2023,43.33
lka,sex_f,est_sizeaggregate_total,mts_details_total,2010,39.22
lka,sex_f,est_sizeaggregate_total,mts_details_total,2011,38.41
lka,sex_f,est_sizeaggregate_total,mts_details_total,2013,38.95
lka,sex_f,est_sizeaggregate_total,mts_details_total,2014,39.56
lka,sex_f,est_sizeaggregate_total,mts_details_total,2015,38.88
lka,sex_f,est_sizeaggregate_total,mts_details_total,2016,39.41
lka,sex_f,est_sizeaggregate_total,mts_details_total,2017,39.87
lka,sex_f,est_sizeaggregate_total,mts_details_total,2018,39.47
lka,sex_f,est_sizeaggregate_total,mts_details_total,2019,39.13
lka,sex_f,est_sizeaggregate_total,mts_details_total,2020,38
lka,sex_f,est_sizeaggregate_total,mts_details_total,2021,38.26
lka,sex_f,est_sizeaggregate_total,mts_details_total,2022,38.58
lka,sex_f,est_sizeaggregate_total,mts_details_total,2023,38.56
lka,sex_f,est_sizeaggregate_total,mts_details_wid,2010,37.77
lka,sex_f,est_sizeaggregate_total,mts_details_wid,2011,37.52
lka,sex_f,est_sizeaggregate_total,mts_details_wid,2013,37.18
lka,sex_f,est_sizeaggregate_total,mts_details_wid,2014,38.84
lka,sex_f,est_sizeaggregate_total,mts_details_wid,2015,37.58
lka,sex_f,est_sizeaggregate_total,mts_details_wid,2016,37.54
lka,sex_f,est_sizeaggregate_total,mts_details_wid,2017,39.61
lka,sex_f,est_sizeaggregate_total,mts_details_wid,2018,37.77
lka,sex_f,est_sizeaggregate_total,mts_details_wid,2019,37.76
lka,sex_f,est_sizeaggregate_total,mts_details_wid,2020,36.17
lka,sex_f,est_sizeaggregate_total,mts_details_wid,2021,37.53
lka,sex_f,est_sizeaggregate_total,mts_details_wid,2022,36.9
lka,sex_f,est_sizeaggregate_total,mts_details_wid,2023,36.41
lka,sex_f,est_sizeaggregate_x,mts_aggregate_1,2010,38.55
lka,sex_f,est_sizeaggregate_x,mts_aggregate_1,2011,38.28
lka,sex_f,est_sizeaggregate_x,mts_aggregate_1,2013,36.88
lka,sex_f,est_sizeaggregate_x,mts_aggregate_1,2014,38.4
lka,sex_f,est_sizeaggregate_x,mts_aggregate_1,2015,37.52
lka,sex_f,est_sizeaggregate_x,mts_aggregate_1,2016,37.72
lka,sex_f,est_sizeaggregate_x,mts_aggregate_1,2017,38.85
lka,sex_f,est_sizeaggregate_x,mts_aggregate_1,2018,37.25
lka,sex_f,est_sizeaggregate_x,mts_aggregate_1,2019,37.89
lka,sex_f,est_sizeaggregate_x,mts_aggregate_1,2020,35.74
lka,sex_f,est_sizeaggregate_x,mts_aggregate_1,2021,36.38
lka,sex_f,est_sizeaggregate_x,mts_aggregate_1,2022,36.29
lka,sex_f,est_sizeaggregate_x,mts_aggregate_1,2023,36.05
lka,sex_f,est_sizeaggregate_x,mts_aggregate_2,2010,37.81
lka,sex_f,est_sizeaggregate_x,mts_aggregate_2,2011,36.42
lka,sex_f,est_sizeaggregate_x,mts_aggregate_2,2013,36.33
lka,sex_f,est_sizeaggregate_x,mts_aggregate_2,2014,36.83
lka,sex_f,est_sizeaggregate_x,mts_aggregate_2,2015,35.82
lka,sex_f,est_sizeaggregate_x,mts_aggregate_2,2016,36.54
lka,sex_f,est_sizeaggregate_x,mts_aggregate_2,2017,36.32
lka,sex_f,est_sizeaggregate_x,mts_aggregate_2,2018,35.91
lka,sex_f,est_sizeaggregate_x,mts_aggregate_2,2019,35.64
lka,sex_f,est_sizeaggregate_x,mts_aggregate_2,2020,34.81
lka,sex_f,est_sizeaggregate_x,mts_aggregate_2,2021,34.72
lka,sex_f,est_sizeaggregate_x,mts_aggregate_2,2022,35.11
lka,sex_f,est_sizeaggregate_x,mts_aggregate_2,2023,35.4
lka,sex_f,est_sizeaggregate_x,mts_aggregate_total,2010,38.01
lka,sex_f,est_sizeaggregate_x,mts_aggregate_total,2011,36.9
lka,sex_f,est_sizeaggregate_x,mts_aggregate_total,2013,36.46
lka,sex_f,est_sizeaggregate_x,mts_aggregate_total,2014,37.19
lka,sex_f,est_sizeaggregate_x,mts_aggregate_total,2015,36.2
lka,sex_f,est_sizeaggregate_x,mts_aggregate_total,2016,36.81
lka,sex_f,est_sizeaggregate_x,mts_aggregate_total,2017,36.88
lka,sex_f,est_sizeaggregate_x,mts_aggregate_total,2018,36.22
lka,sex_f,est_sizeaggregate_x,mts_aggregate_total,2019,36.16
lka,sex_f,est_sizeaggregate_x,mts_aggregate_total,2020,35.03
lka,sex_f,est_sizeaggregate_x,mts_aggregate_total,2021,35.12
lka,sex_f,est_sizeaggregate_x,mts_aggregate_total,2022,35.37
lka,sex_f,est_sizeaggregate_x,mts_aggregate_total,2023,35.55
lka,sex_f,est_sizeaggregate_x,mts_details_mrd,2010,37.81
lka,sex_f,est_sizeaggregate_x,mts_details_mrd,2011,36.42
lka,sex_f,est_sizeaggregate_x,mts_details_mrd,2013,36.33
lka,sex_f,est_sizeaggregate_x,mts_details_mrd,2014,36.83
lka,sex_f,est_sizeaggregate_x,mts_details_mrd,2015,35.82
lka,sex_f,est_sizeaggregate_x,mts_details_mrd,2016,36.54
lka,sex_f,est_sizeaggregate_x,mts_details_mrd,2017,36.32
lka,sex_f,est_sizeaggregate_x,mts_details_mrd,2018,35.91
lka,sex_f,est_sizeaggregate_x,mts_details_mrd,2019,35.64
lka,sex_f,est_sizeaggregate_x,mts_details_mrd,2020,34.81
lka,sex_f,est_sizeaggregate_x,mts_details_mrd,2021,34.72
lka,sex_f,est_sizeaggregate_x,mts_details_mrd,2022,35.11
lka,sex_f,est_sizeaggregate_x,mts_details_mrd,2023,35.4
lka,sex_f,est_sizeaggregate_x,mts_details_sep,2010,36.17
lka,sex_f,est_sizeaggregate_x,mts_details_sep,2011,41.66
lka,sex_f,est_sizeaggregate_x,mts_details_sep,2013,36.92
lka,sex_f,est_sizeaggregate_x,mts_details_sep,2014,38.4
lka,sex_f,est_sizeaggregate_x,mts_details_sep,2015,37.46
lka,sex_f,est_sizeaggregate_x,mts_details_sep,2016,38.47
lka,sex_f,est_sizeaggregate_x,mts_details_sep,2017,39.11
lka,sex_f,est_sizeaggregate_x,mts_details_sep,2018,38.2
lka,sex_f,est_sizeaggregate_x,mts_details_sep,2019,38.08
lka,sex_f,est_sizeaggregate_x,mts_details_sep,2020,37.56
lka,sex_f,est_sizeaggregate_x,mts_details_sep,2021,37.12
lka,sex_f,est_sizeaggregate_x,mts_details_sep,2022,35.7
lka,sex_f,est_sizeaggregate_x,mts_details_sep,2023,38.92
lka,sex_f,est_sizeaggregate_x,mts_details_sgle,2010,41.04
lka,sex_f,est_sizeaggregate_x,mts_details_sgle,2011,40.36
lka,sex_f,est_sizeaggregate_x,mts_details_sgle,2013,38.35
lka,sex_f,est_sizeaggregate_x,mts_details_sgle,2014,39.21
lka,sex_f,est_sizeaggregate_x,mts_details_sgle,2015,39.07
lka,sex_f,est_sizeaggregate_x,mts_details_sgle,2016,39.11
lka,sex_f,est_sizeaggregate_x,mts_details_sgle,2017,40.22
lka,sex_f,est_sizeaggregate_x,mts_details_sgle,2018,38.85
lka,sex_f,est_sizeaggregate_x,mts_details_sgle,2019,39.3
lka,sex_f,est_sizeaggregate_x,mts_details_sgle,2020,36.98
lka,sex_f,est_sizeaggregate_x,mts_details_sgle,2021,36.38
lka,sex_f,est_sizeaggregate_x,mts_details_sgle,2022,38.12
lka,sex_f,est_sizeaggregate_x,mts_details_sgle,2023,37.17
lka,sex_f,est_sizeaggregate_x,mts_details_total,2010,38.01
lka,sex_f,est_sizeaggregate_x,mts_details_total,2011,36.9
lka,sex_f,est_sizeaggregate_x,mts_details_total,2013,36.46
lka,sex_f,est_sizeaggregate_x,mts_details_total,2014,37.19
lka,sex_f,est_sizeaggregate_x,mts_details_total,2015,36.2
lka,sex_f,est_sizeaggregate_x,mts_details_total,2016,36.81
lka,sex_f,est_sizeaggregate_x,mts_details_total,2017,36.88
lka,sex_f,est_sizeaggregate_x,mts_details_total,2018,36.22
lka,sex_f,est_sizeaggregate_x,mts_details_total,2019,36.16
lka,sex_f,est_sizeaggregate_x,mts_details_total,2020,35.03
lka,sex_f,est_sizeaggregate_x,mts_details_total,2021,35.12
lka,sex_f,est_sizeaggregate_x,mts_details_total,2022,35.37
lka,sex_f,est_sizeaggregate_x,mts_details_total,2023,35.55
lka,sex_f,est_sizeaggregate_x,mts_details_wid,2010,35.09
lka,sex_f,est_sizeaggregate_x,mts_details_wid,2011,33.43
lka,sex_f,est_sizeaggregate_x,mts_details_wid,2013,35.14
lka,sex_f,est_sizeaggregate_x,mts_details_wid,2014,37.43
lka,sex_f,est_sizeaggregate_x,mts_details_wid,2015,35.65
lka,sex_f,est_sizeaggregate_x,mts_details_wid,2016,36.13
lka,sex_f,est_sizeaggregate_x,mts_details_wid,2017,37.48
lka,sex_f,est_sizeaggregate_x,mts_details_wid,2018,35.45
lka,sex_f,est_sizeaggregate_x,mts_details_wid,2019,36.53
lka,sex_f,est_sizeaggregate_x,mts_details_wid,2020,34.2
lka,sex_f,est_sizeaggregate_x,mts_details_wid,2021,36.18
lka,sex_f,est_sizeaggregate_x,mts_details_wid,2022,34.73
lka,sex_f,est_sizeaggregate_x,mts_details_wid,2023,34.23
lka,sex_m,est_sizeaggregate_s1_4,mts_aggregate_1,2010,44.46
lka,sex_m,est_sizeaggregate_s1_4,mts_aggregate_1,2011,43.85
lka,sex_m,est_sizeaggregate_s1_4,mts_aggregate_1,2013,46.55
lka,sex_m,est_sizeaggregate_s1_4,mts_aggregate_1,2014,46.68
lka,sex_m,est_sizeaggregate_s1_4,mts_aggregate_1,2015,46.54
lka,sex_m,est_sizeaggregate_s1_4,mts_aggregate_1,2016,47.14
lka,sex_m,est_sizeaggregate_s1_4,mts_aggregate_1,2017,47.86
lka,sex_m,est_sizeaggregate_s1_4,mts_aggregate_1,2018,46.93
lka,sex_m,est_sizeaggregate_s1_4,mts_aggregate_1,2019,46.5
lka,sex_m,est_sizeaggregate_s1_4,mts_aggregate_1,2020,44.22
lka,sex_m,est_sizeaggregate_s1_4,mts_aggregate_1,2021,44.65
lka,sex_m,est_sizeaggregate_s1_4,mts_aggregate_1,2022,42.53
lka,sex_m,est_sizeaggregate_s1_4,mts_aggregate_1,2023,43.01
lka,sex_m,est_sizeaggregate_s1_4,mts_aggregate_2,2010,45.9
lka,sex_m,est_sizeaggregate_s1_4,mts_aggregate_2,2011,44.65
lka,sex_m,est_sizeaggregate_s1_4,mts_aggregate_2,2013,47.15
lka,sex_m,est_sizeaggregate_s1_4,mts_aggregate_2,2014,47.21
lka,sex_m,est_sizeaggregate_s1_4,mts_aggregate_2,2015,48.04
lka,sex_m,est_sizeaggregate_s1_4,mts_aggregate_2,2016,48.81
lka,sex_m,est_sizeaggregate_s1_4,mts_aggregate_2,2017,48.94
lka,sex_m,est_sizeaggregate_s1_4,mts_aggregate_2,2018,49.14
lka,sex_m,est_sizeaggregate_s1_4,mts_aggregate_2,2019,47.65
lka,sex_m,est_sizeaggregate_s1_4,mts_aggregate_2,2020,46.19
lka,sex_m,est_sizeaggregate_s1_4,mts_aggregate_2,2021,44.96
lka,sex_m,est_sizeaggregate_s1_4,mts_aggregate_2,2022,44.11
lka,sex_m,est_sizeaggregate_s1_4,mts_aggregate_2,2023,43.6
lka,sex_m,est_sizeaggregate_s1_4,mts_aggregate_total,2010,45.58
lka,sex_m,est_sizeaggregate_s1_4,mts_aggregate_total,2011,44.47
lka,sex_m,est_sizeaggregate_s1_4,mts_aggregate_total,2013,47
lka,sex_m,est_sizeaggregate_s1_4,mts_aggregate_total,2014,47.08
lka,sex_m,est_sizeaggregate_s1_4,mts_aggregate_total,2015,47.67
lka,sex_m,est_sizeaggregate_s1_4,mts_aggregate_total,2016,48.4
lka,sex_m,est_sizeaggregate_s1_4,mts_aggregate_total,2017,48.66
lka,sex_m,est_sizeaggregate_s1_4,mts_aggregate_total,2018,48.6
lka,sex_m,est_sizeaggregate_s1_4,mts_aggregate_total,2019,47.38
lka,sex_m,est_sizeaggregate_s1_4,mts_aggregate_total,2020,45.7
lka,sex_m,est_sizeaggregate_s1_4,mts_aggregate_total,2021,44.88
lka,sex_m,est_sizeaggregate_s1_4,mts_aggregate_total,2022,43.7
lka,sex_m,est_sizeaggregate_s1_4,mts_aggregate_total,2023,43.45
lka,sex_m,est_sizeaggregate_s1_4,mts_details_mrd,2010,45.9
lka,sex_m,est_sizeaggregate_s1_4,mts_details_mrd,2011,44.65
lka,sex_m,est_sizeaggregate_s1_4,mts_details_mrd,2013,47.15
lka,sex_m,est_sizeaggregate_s1_4,mts_details_mrd,2014,47.21
lka,sex_m,est_sizeaggregate_s1_4,mts_details_mrd,2015,48.04
lka,sex_m,est_sizeaggregate_s1_4,mts_details_mrd,2016,48.81
lka,sex_m,est_sizeaggregate_s1_4,mts_details_mrd,2017,48.94
lka,sex_m,est_sizeaggregate_s1_4,mts_details_mrd,2018,49.14
lka,sex_m,est_sizeaggregate_s1_4,mts_details_mrd,2019,47.65
lka,sex_m,est_sizeaggregate_s1_4,mts_details_mrd,2020,46.19
lka,sex_m,est_sizeaggregate_s1_4,mts_details_mrd,2021,44.96
lka,sex_m,est_sizeaggregate_s1_4,mts_details_mrd,2022,44.11
lka,sex_m,est_sizeaggregate_s1_4,mts_details_mrd,2023,43.6
lka,sex_m,est_sizeaggregate_s1_4,mts_details_sep,2010,41.75
lka,sex_m,est_sizeaggregate_s1_4,mts_details_sep,2011,41.79
lka,sex_m,est_sizeaggregate_s1_4,mts_details_sep,2013,44.76
lka,sex_m,est_sizeaggregate_s1_4,mts_details_sep,2014,43.03
lka,sex_m,est_sizeaggregate_s1_4,mts_details_sep,2015,44.83
lka,sex_m,est_sizeaggregate_s1_4,mts_details_sep,2016,44.94
lka,sex_m,est_sizeaggregate_s1_4,mts_details_sep,2017,46.33
lka,sex_m,est_sizeaggregate_s1_4,mts_details_sep,2018,40.6
lka,sex_m,est_sizeaggregate_s1_4,mts_details_sep,2019,44.64
lka,sex_m,est_sizeaggregate_s1_4,mts_details_sep,2020,43.11
lka,sex_m,est_sizeaggregate_s1_4,mts_details_sep,2021,40.23
lka,sex_m,est_sizeaggregate_s1_4,mts_details_sep,2022,33.49
lka,sex_m,est_sizeaggregate_s1_4,mts_details_sep,2023,40.11
lka,sex_m,est_sizeaggregate_s1_4,mts_details_sgle,2010,44.96
lka,sex_m,est_sizeaggregate_s1_4,mts_details_sgle,2011,44.1
lka,sex_m,est_sizeaggregate_s1_4,mts_details_sgle,2013,46.72
lka,sex_m,est_sizeaggregate_s1_4,mts_details_sgle,2014,47.21
lka,sex_m,est_sizeaggregate_s1_4,mts_details_sgle,2015,46.72
lka,sex_m,est_sizeaggregate_s1_4,mts_details_sgle,2016,47.53
lka,sex_m,est_sizeaggregate_s1_4,mts_details_sgle,2017,47.92
lka,sex_m,est_sizeaggregate_s1_4,mts_details_sgle,2018,47.21
lka,sex_m,est_sizeaggregate_s1_4,mts_details_sgle,2019,46.98
lka,sex_m,est_sizeaggregate_s1_4,mts_details_sgle,2020,44.69
lka,sex_m,est_sizeaggregate_s1_4,mts_details_sgle,2021,45.13
lka,sex_m,est_sizeaggregate_s1_4,mts_details_sgle,2022,43.58
lka,sex_m,est_sizeaggregate_s1_4,mts_details_sgle,2023,43.43
lka,sex_m,est_sizeaggregate_s1_4,mts_details_total,2010,45.58
lka,sex_m,est_sizeaggregate_s1_4,mts_details_total,2011,44.47
lka,sex_m,est_sizeaggregate_s1_4,mts_details_total,2013,47
lka,sex_m,est_sizeaggregate_s1_4,mts_details_total,2014,47.08
lka,sex_m,est_sizeaggregate_s1_4,mts_details_total,2015,47.67
lka,sex_m,est_sizeaggregate_s1_4,mts_details_total,2016,48.4
lka,sex_m,est_sizeaggregate_s1_4,mts_details_total,2017,48.66
lka,sex_m,est_sizeaggregate_s1_4,mts_details_total,2018,48.6
lka,sex_m,est_sizeaggregate_s1_4,mts_details_total,2019,47.38
lka,sex_m,est_sizeaggregate_s1_4,mts_details_total,2020,45.7
lka,sex_m,est_sizeaggregate_s1_4,mts_details_total,2021,44.88
lka,sex_m,est_sizeaggregate_s1_4,mts_details_total,2022,43.7
lka,sex_m,est_sizeaggregate_s1_4,mts_details_total,2023,43.45
lka,sex_m,est_sizeaggregate_s1_4,mts_details_wid,2010,40.49
lka,sex_m,est_sizeaggregate_s1_4,mts_details_wid,2011,42.09
lka,sex_m,est_sizeaggregate_s1_4,mts_details_wid,2013,45.67
lka,sex_m,est_sizeaggregate_s1_4,mts_details_wid,2014,41.35
lka,sex_m,est_sizeaggregate_s1_4,mts_details_wid,2015,45.54
lka,sex_m,est_sizeaggregate_s1_4,mts_details_wid,2016,43.92
lka,sex_m,est_sizeaggregate_s1_4,mts_details_wid,2017,48.13
lka,sex_m,est_sizeaggregate_s1_4,mts_details_wid,2018,49.79
lka,sex_m,est_sizeaggregate_s1_4,mts_details_wid,2019,40.01
lka,sex_m,est_sizeaggregate_s1_4,mts_details_wid,2020,38.73
lka,sex_m,est_sizeaggregate_s1_4,mts_details_wid,2021,41.96
lka,sex_m,est_sizeaggregate_s1_4,mts_details_wid,2022,39.62
lka,sex_m,est_sizeaggregate_s1_4,mts_details_wid,2023,41.5
lka,sex_m,est_sizeaggregate_s5_49,mts_aggregate_1,2010,48.36
lka,sex_m,est_sizeaggregate_s5_49,mts_aggregate_1,2011,48.33
lka,sex_m,est_sizeaggregate_s5_49,mts_aggregate_1,2013,48.01
lka,sex_m,est_sizeaggregate_s5_49,mts_aggregate_1,2014,48.46
lka,sex_m,est_sizeaggregate_s5_49,mts_aggregate_1,2015,49.2
lka,sex_m,est_sizeaggregate_s5_49,mts_aggregate_1,2016,50.63
lka,sex_m,est_sizeaggregate_s5_49,mts_aggregate_1,2017,50.81
lka,sex_m,est_sizeaggregate_s5_49,mts_aggregate_1,2018,50.44
lka,sex_m,est_sizeaggregate_s5_49,mts_aggregate_1,2019,50.12
lka,sex_m,est_sizeaggregate_s5_49,mts_aggregate_1,2020,46.35
lka,sex_m,est_sizeaggregate_s5_49,mts_aggregate_1,2021,46.44
lka,sex_m,est_sizeaggregate_s5_49,mts_aggregate_1,2022,47.87
lka,sex_m,est_sizeaggregate_s5_49,mts_aggregate_1,2023,47.88
lka,sex_m,est_sizeaggregate_s5_49,mts_aggregate_2,2010,51.12
lka,sex_m,est_sizeaggregate_s5_49,mts_aggregate_2,2011,49.91
lka,sex_m,est_sizeaggregate_s5_49,mts_aggregate_2,2013,49.83
lka,sex_m,est_sizeaggregate_s5_49,mts_aggregate_2,2014,49.88
lka,sex_m,est_sizeaggregate_s5_49,mts_aggregate_2,2015,52
lka,sex_m,est_sizeaggregate_s5_49,mts_aggregate_2,2016,52.5
lka,sex_m,est_sizeaggregate_s5_49,mts_aggregate_2,2017,53.04
lka,sex_m,est_sizeaggregate_s5_49,mts_aggregate_2,2018,51.75
lka,sex_m,est_sizeaggregate_s5_49,mts_aggregate_2,2019,51.69
lka,sex_m,est_sizeaggregate_s5_49,mts_aggregate_2,2020,49.67
lka,sex_m,est_sizeaggregate_s5_49,mts_aggregate_2,2021,48.64
lka,sex_m,est_sizeaggregate_s5_49,mts_aggregate_2,2022,48.1
lka,sex_m,est_sizeaggregate_s5_49,mts_aggregate_2,2023,48.68
lka,sex_m,est_sizeaggregate_s5_49,mts_aggregate_total,2010,50.33
lka,sex_m,est_sizeaggregate_s5_49,mts_aggregate_total,2011,49.42
lka,sex_m,est_sizeaggregate_s5_49,mts_aggregate_total,2013,49.32
lka,sex_m,est_sizeaggregate_s5_49,mts_aggregate_total,2014,49.45
lka,sex_m,est_sizeaggregate_s5_49,mts_aggregate_total,2015,51.23
lka,sex_m,est_sizeaggregate_s5_49,mts_aggregate_total,2016,51.96
lka,sex_m,est_sizeaggregate_s5_49,mts_aggregate_total,2017,52.37
lka,sex_m,est_sizeaggregate_s5_49,mts_aggregate_total,2018,51.34
lka,sex_m,est_sizeaggregate_s5_49,mts_aggregate_total,2019,51.22
lka,sex_m,est_sizeaggregate_s5_49,mts_aggregate_total,2020,48.68
lka,sex_m,est_sizeaggregate_s5_49,mts_aggregate_total,2021,48
lka,sex_m,est_sizeaggregate_s5_49,mts_aggregate_total,2022,48.03
lka,sex_m,est_sizeaggregate_s5_49,mts_aggregate_total,2023,48.44
lka,sex_m,est_sizeaggregate_s5_49,mts_details_mrd,2010,51.12
lka,sex_m,est_sizeaggregate_s5_49,mts_details_mrd,2011,49.91
lka,sex_m,est_sizeaggregate_s5_49,mts_details_mrd,2013,49.83
lka,sex_m,est_sizeaggregate_s5_49,mts_details_mrd,2014,49.88
lka,sex_m,est_sizeaggregate_s5_49,mts_details_mrd,2015,52
lka,sex_m,est_sizeaggregate_s5_49,mts_details_mrd,2016,52.5
lka,sex_m,est_sizeaggregate_s5_49,mts_details_mrd,2017,53.04
lka,sex_m,est_sizeaggregate_s5_49,mts_details_mrd,2018,51.75
lka,sex_m,est_sizeaggregate_s5_49,mts_details_mrd,2019,51.69
lka,sex_m,est_sizeaggregate_s5_49,mts_details_mrd,2020,49.67
lka,sex_m,est_sizeaggregate_s5_49,mts_details_mrd,2021,48.64
lka,sex_m,est_sizeaggregate_s5_49,mts_details_mrd,2022,48.1
lka,sex_m,est_sizeaggregate_s5_49,mts_details_mrd,2023,48.68
lka,sex_m,est_sizeaggregate_s5_49,mts_details_sep,2010,46.2
lka,sex_m,est_sizeaggregate_s5_49,mts_details_sep,2011,45.79
lka,sex_m,est_sizeaggregate_s5_49,mts_details_sep,2013,55.73
lka,sex_m,est_sizeaggregate_s5_49,mts_details_sep,2014,53.33
lka,sex_m,est_sizeaggregate_s5_49,mts_details_sep,2015,52.62
lka,sex_m,est_sizeaggregate_s5_49,mts_details_sep,2016,50.34
lka,sex_m,est_sizeaggregate_s5_49,mts_details_sep,2017,56.64
lka,sex_m,est_sizeaggregate_s5_49,mts_details_sep,2018,50.15
lka,sex_m,est_sizeaggregate_s5_49,mts_details_sep,2019,52.79
lka,sex_m,est_sizeaggregate_s5_49,mts_details_sep,2020,45.99
lka,sex_m,est_sizeaggregate_s5_49,mts_details_sep,2021,54.22
lka,sex_m,est_sizeaggregate_s5_49,mts_details_sep,2022,46
lka,sex_m,est_sizeaggregate_s5_49,mts_details_sep,2023,47.35
lka,sex_m,est_sizeaggregate_s5_49,mts_details_sgle,2010,48.43
lka,sex_m,est_sizeaggregate_s5_49,mts_details_sgle,2011,48.07
lka,sex_m,est_sizeaggregate_s5_49,mts_details_sgle,2013,48.01
lka,sex_m,est_sizeaggregate_s5_49,mts_details_sgle,2014,48.32
lka,sex_m,est_sizeaggregate_s5_49,mts_details_sgle,2015,49.12
lka,sex_m,est_sizeaggregate_s5_49,mts_details_sgle,2016,50.53
lka,sex_m,est_sizeaggregate_s5_49,mts_details_sgle,2017,50.67
lka,sex_m,est_sizeaggregate_s5_49,mts_details_sgle,2018,50.5
lka,sex_m,est_sizeaggregate_s5_49,mts_details_sgle,2019,50.04
lka,sex_m,est_sizeaggregate_s5_49,mts_details_sgle,2020,46.32
lka,sex_m,est_sizeaggregate_s5_49,mts_details_sgle,2021,46.06
lka,sex_m,est_sizeaggregate_s5_49,mts_details_sgle,2022,47.85
lka,sex_m,est_sizeaggregate_s5_49,mts_details_sgle,2023,48.09
lka,sex_m,est_sizeaggregate_s5_49,mts_details_total,2010,50.33
lka,sex_m,est_sizeaggregate_s5_49,mts_details_total,2011,49.42
lka,sex_m,est_sizeaggregate_s5_49,mts_details_total,2013,49.32
lka,sex_m,est_sizeaggregate_s5_49,mts_details_total,2014,49.45
lka,sex_m,est_sizeaggregate_s5_49,mts_details_total,2015,51.23
lka,sex_m,est_sizeaggregate_s5_49,mts_details_total,2016,51.96
lka,sex_m,est_sizeaggregate_s5_49,mts_details_total,2017,52.37
lka,sex_m,est_sizeaggregate_s5_49,mts_details_total,2018,51.34
lka,sex_m,est_sizeaggregate_s5_49,mts_details_total,2019,51.22
lka,sex_m,est_sizeaggregate_s5_49,mts_details_total,2020,48.68
lka,sex_m,est_sizeaggregate_s5_49,mts_details_total,2021,48
lka,sex_m,est_sizeaggregate_s5_49,mts_details_total,2022,48.03
lka,sex_m,est_sizeaggregate_s5_49,mts_details_total,2023,48.44
lka,sex_m,est_sizeaggregate_s5_49,mts_details_wid,2010,47.75
lka,sex_m,est_sizeaggregate_s5_49,mts_details_wid,2011,54.92
lka,sex_m,est_sizeaggregate_s5_49,mts_details_wid,2013,44.01
lka,sex_m,est_sizeaggregate_s5_49,mts_details_wid,2014,47.92
lka,sex_m,est_sizeaggregate_s5_49,mts_details_wid,2015,47.72
lka,sex_m,est_sizeaggregate_s5_49,mts_details_wid,2016,54.02
lka,sex_m,est_sizeaggregate_s5_49,mts_details_wid,2017,49.37
lka,sex_m,est_sizeaggregate_s5_49,mts_details_wid,2018,47.89
lka,sex_m,est_sizeaggregate_s5_49,mts_details_wid,2019,49.86
lka,sex_m,est_sizeaggregate_s5_49,mts_details_wid,2020,47.29
lka,sex_m,est_sizeaggregate_s5_49,mts_details_wid,2021,52.32
lka,sex_m,est_sizeaggregate_s5_49,mts_details_wid,2022,51.79
lka,sex_m,est_sizeaggregate_s5_49,mts_details_wid,2023,41.4
lka,sex_m,est_sizeaggregate_sge50,mts_aggregate_1,2010,49.61
lka,sex_m,est_sizeaggregate_sge50,mts_aggregate_1,2011,48.8
lka,sex_m,est_sizeaggregate_sge50,mts_aggregate_1,2013,50.41
lka,sex_m,est_sizeaggregate_sge50,mts_aggregate_1,2014,49.67
lka,sex_m,est_sizeaggregate_sge50,mts_aggregate_1,2015,49.65
lka,sex_m,est_sizeaggregate_sge50,mts_aggregate_1,2016,50.53
lka,sex_m,est_sizeaggregate_sge50,mts_aggregate_1,2017,51.1
lka,sex_m,est_sizeaggregate_sge50,mts_aggregate_1,2018,50.4
lka,sex_m,est_sizeaggregate_sge50,mts_aggregate_1,2019,50.57
lka,sex_m,est_sizeaggregate_sge50,mts_aggregate_1,2020,48.15
lka,sex_m,est_sizeaggregate_sge50,mts_aggregate_1,2021,49.95
lka,sex_m,est_sizeaggregate_sge50,mts_aggregate_1,2022,49.71
lka,sex_m,est_sizeaggregate_sge50,mts_aggregate_1,2023,50.04
lka,sex_m,est_sizeaggregate_sge50,mts_aggregate_2,2010,51.29
lka,sex_m,est_sizeaggregate_sge50,mts_aggregate_2,2011,48.66
lka,sex_m,est_sizeaggregate_sge50,mts_aggregate_2,2013,50.62
lka,sex_m,est_sizeaggregate_sge50,mts_aggregate_2,2014,50.21
lka,sex_m,est_sizeaggregate_sge50,mts_aggregate_2,2015,50.03
lka,sex_m,est_sizeaggregate_sge50,mts_aggregate_2,2016,51.83
lka,sex_m,est_sizeaggregate_sge50,mts_aggregate_2,2017,50.84
lka,sex_m,est_sizeaggregate_sge50,mts_aggregate_2,2018,51.56
lka,sex_m,est_sizeaggregate_sge50,mts_aggregate_2,2019,51.98
lka,sex_m,est_sizeaggregate_sge50,mts_aggregate_2,2020,49.24
lka,sex_m,est_sizeaggregate_sge50,mts_aggregate_2,2021,50.64
lka,sex_m,est_sizeaggregate_sge50,mts_aggregate_2,2022,50.05
lka,sex_m,est_sizeaggregate_sge50,mts_aggregate_2,2023,49.92
lka,sex_m,est_sizeaggregate_sge50,mts_aggregate_total,2010,50.79
lka,sex_m,est_sizeaggregate_sge50,mts_aggregate_total,2011,48.7
lka,sex_m,est_sizeaggregate_sge50,mts_aggregate_total,2013,50.55
lka,sex_m,est_sizeaggregate_sge50,mts_aggregate_total,2014,50.04
lka,sex_m,est_sizeaggregate_sge50,mts_aggregate_total,2015,49.92
lka,sex_m,est_sizeaggregate_sge50,mts_aggregate_total,2016,51.42
lka,sex_m,est_sizeaggregate_sge50,mts_aggregate_total,2017,50.92
lka,sex_m,est_sizeaggregate_sge50,mts_aggregate_total,2018,51.22
lka,sex_m,est_sizeaggregate_sge50,mts_aggregate_total,2019,51.55
lka,sex_m,est_sizeaggregate_sge50,mts_aggregate_total,2020,48.91
lka,sex_m,est_sizeaggregate_sge50,mts_aggregate_total,2021,50.43
lka,sex_m,est_sizeaggregate_sge50,mts_aggregate_total,2022,49.94
lka,sex_m,est_sizeaggregate_sge50,mts_aggregate_total,2023,49.96
lka,sex_m,est_sizeaggregate_sge50,mts_details_mrd,2010,51.29
lka,sex_m,est_sizeaggregate_sge50,mts_details_mrd,2011,48.66
lka,sex_m,est_sizeaggregate_sge50,mts_details_mrd,2013,50.62
lka,sex_m,est_sizeaggregate_sge50,mts_details_mrd,2014,50.21
lka,sex_m,est_sizeaggregate_sge50,mts_details_mrd,2015,50.03
lka,sex_m,est_sizeaggregate_sge50,mts_details_mrd,2016,51.83
lka,sex_m,est_sizeaggregate_sge50,mts_details_mrd,2017,50.84
lka,sex_m,est_sizeaggregate_sge50,mts_details_mrd,2018,51.56
lka,sex_m,est_sizeaggregate_sge50,mts_details_mrd,2019,51.98
lka,sex_m,est_sizeaggregate_sge50,mts_details_mrd,2020,49.24
lka,sex_m,est_sizeaggregate_sge50,mts_details_mrd,2021,50.64
lka,sex_m,est_sizeaggregate_sge50,mts_details_mrd,2022,50.05
lka,sex_m,est_sizeaggregate_sge50,mts_details_mrd,2023,49.92
lka,sex_m,est_sizeaggregate_sge50,mts_details_sep,2010,55.97
lka,sex_m,est_sizeaggregate_sge50,mts_details_sep,2011,44.79
lka,sex_m,est_sizeaggregate_sge50,mts_details_sep,2013,58.3
lka,sex_m,est_sizeaggregate_sge50,mts_details_sep,2014,50.85
lka,sex_m,est_sizeaggregate_sge50,mts_details_sep,2015,50.76
lka,sex_m,est_sizeaggregate_sge50,mts_details_sep,2016,49.15
lka,sex_m,est_sizeaggregate_sge50,mts_details_sep,2017,55.18
lka,sex_m,est_sizeaggregate_sge50,mts_details_sep,2018,60.54
lka,sex_m,est_sizeaggregate_sge50,mts_details_sep,2019,51.99
lka,sex_m,est_sizeaggregate_sge50,mts_details_sep,2020,47.57
lka,sex_m,est_sizeaggregate_sge50,mts_details_sep,2021,46.9
lka,sex_m,est_sizeaggregate_sge50,mts_details_sep,2022,50.33
lka,sex_m,est_sizeaggregate_sge50,mts_details_sep,2023,49.51
lka,sex_m,est_sizeaggregate_sge50,mts_details_sgle,2010,49.48
lka,sex_m,est_sizeaggregate_sge50,mts_details_sgle,2011,48.92
lka,sex_m,est_sizeaggregate_sge50,mts_details_sgle,2013,50.26
lka,sex_m,est_sizeaggregate_sge50,mts_details_sgle,2014,49.51
lka,sex_m,est_sizeaggregate_sge50,mts_details_sgle,2015,49.77
lka,sex_m,est_sizeaggregate_sge50,mts_details_sgle,2016,50.35
lka,sex_m,est_sizeaggregate_sge50,mts_details_sgle,2017,51.02
lka,sex_m,est_sizeaggregate_sge50,mts_details_sgle,2018,50.16
lka,sex_m,est_sizeaggregate_sge50,mts_details_sgle,2019,50.58
lka,sex_m,est_sizeaggregate_sge50,mts_details_sgle,2020,48.08
lka,sex_m,est_sizeaggregate_sge50,mts_details_sgle,2021,50.09
lka,sex_m,est_sizeaggregate_sge50,mts_details_sgle,2022,49.87
lka,sex_m,est_sizeaggregate_sge50,mts_details_sgle,2023,49.97
lka,sex_m,est_sizeaggregate_sge50,mts_details_total,2010,50.79
lka,sex_m,est_sizeaggregate_sge50,mts_details_total,2011,48.7
lka,sex_m,est_sizeaggregate_sge50,mts_details_total,2013,50.55
lka,sex_m,est_sizeaggregate_sge50,mts_details_total,2014,50.04
lka,sex_m,est_sizeaggregate_sge50,mts_details_total,2015,49.92
lka,sex_m,est_sizeaggregate_sge50,mts_details_total,2016,51.42
lka,sex_m,est_sizeaggregate_sge50,mts_details_total,2017,50.92
lka,sex_m,est_sizeaggregate_sge50,mts_details_total,2018,51.22
lka,sex_m,est_sizeaggregate_sge50,mts_details_total,2019,51.55
lka,sex_m,est_sizeaggregate_sge50,mts_details_total,2020,48.91
lka,sex_m,est_sizeaggregate_sge50,mts_details_total,2021,50.43
lka,sex_m,est_sizeaggregate_sge50,mts_details_total,2022,49.94
lka,sex_m,est_sizeaggregate_sge50,mts_details_total,2023,49.96
lka,sex_m,est_sizeaggregate_sge50,mts_details_wid,2010,50.15
lka,sex_m,est_sizeaggregate_sge50,mts_details_wid,2011,49.1
lka,sex_m,est_sizeaggregate_sge50,mts_details_wid,2013,53.48
lka,sex_m,est_sizeaggregate_sge50,mts_details_wid,2014,55.08
lka,sex_m,est_sizeaggregate_sge50,mts_details_wid,2015,42.93
lka,sex_m,est_sizeaggregate_sge50,mts_details_wid,2016,58.4
lka,sex_m,est_sizeaggregate_sge50,mts_details_wid,2017,49.07
lka,sex_m,est_sizeaggregate_sge50,mts_details_wid,2018,48.19
lka,sex_m,est_sizeaggregate_sge50,mts_details_wid,2019,48.32
lka,sex_m,est_sizeaggregate_sge50,mts_details_wid,2020,51.71
lka,sex_m,est_sizeaggregate_sge50,mts_details_wid,2021,46.63
lka,sex_m,est_sizeaggregate_sge50,mts_details_wid,2022,44.1
lka,sex_m,est_sizeaggregate_sge50,mts_details_wid,2023,54.22
lka,sex_m,est_sizeaggregate_total,mts_aggregate_1,2010,45.18
lka,sex_m,est_sizeaggregate_total,mts_aggregate_1,2011,44.6
lka,sex_m,est_sizeaggregate_total,mts_aggregate_1,2013,44.93
lka,sex_m,est_sizeaggregate_total,mts_aggregate_1,2014,45.47
lka,sex_m,est_sizeaggregate_total,mts_aggregate_1,2015,45.44
lka,sex_m,est_sizeaggregate_total,mts_aggregate_1,2016,46.11
lka,sex_m,est_sizeaggregate_total,mts_aggregate_1,2017,46.98
lka,sex_m,est_sizeaggregate_total,mts_aggregate_1,2018,46.21
lka,sex_m,est_sizeaggregate_total,mts_aggregate_1,2019,45.79
lka,sex_m,est_sizeaggregate_total,mts_aggregate_1,2020,43.54
lka,sex_m,est_sizeaggregate_total,mts_aggregate_1,2021,43.66
lka,sex_m,est_sizeaggregate_total,mts_aggregate_1,2022,43.11
lka,sex_m,est_sizeaggregate_total,mts_aggregate_1,2023,43.1
lka,sex_m,est_sizeaggregate_total,mts_aggregate_2,2010,46.3
lka,sex_m,est_sizeaggregate_total,mts_aggregate_2,2011,45.12
lka,sex_m,est_sizeaggregate_total,mts_aggregate_2,2013,45.73
lka,sex_m,est_sizeaggregate_total,mts_aggregate_2,2014,46.07
lka,sex_m,est_sizeaggregate_total,mts_aggregate_2,2015,46.39
lka,sex_m,est_sizeaggregate_total,mts_aggregate_2,2016,46.98
lka,sex_m,est_sizeaggregate_total,mts_aggregate_2,2017,47.52
lka,sex_m,est_sizeaggregate_total,mts_aggregate_2,2018,47.01
lka,sex_m,est_sizeaggregate_total,mts_aggregate_2,2019,46.52
lka,sex_m,est_sizeaggregate_total,mts_aggregate_2,2020,44.76
lka,sex_m,est_sizeaggregate_total,mts_aggregate_2,2021,43.89
lka,sex_m,est_sizeaggregate_total,mts_aggregate_2,2022,43.71
lka,sex_m,est_sizeaggregate_total,mts_aggregate_2,2023,43.4
lka,sex_m,est_sizeaggregate_total,mts_aggregate_total,2010,46.05
lka,sex_m,est_sizeaggregate_total,mts_aggregate_total,2011,45
lka,sex_m,est_sizeaggregate_total,mts_aggregate_total,2013,45.56
lka,sex_m,est_sizeaggregate_total,mts_aggregate_total,2014,45.95
lka,sex_m,est_sizeaggregate_total,mts_aggregate_total,2015,46.19
lka,sex_m,est_sizeaggregate_total,mts_aggregate_total,2016,46.79
lka,sex_m,est_sizeaggregate_total,mts_aggregate_total,2017,47.4
lka,sex_m,est_sizeaggregate_total,mts_aggregate_total,2018,46.84
lka,sex_m,est_sizeaggregate_total,mts_aggregate_total,2019,46.37
lka,sex_m,est_sizeaggregate_total,mts_aggregate_total,2020,44.5
lka,sex_m,est_sizeaggregate_total,mts_aggregate_total,2021,43.84
lka,sex_m,est_sizeaggregate_total,mts_aggregate_total,2022,43.58
lka,sex_m,est_sizeaggregate_total,mts_aggregate_total,2023,43.34
lka,sex_m,est_sizeaggregate_total,mts_details_mrd,2010,46.3
lka,sex_m,est_sizeaggregate_total,mts_details_mrd,2011,45.12
lka,sex_m,est_sizeaggregate_total,mts_details_mrd,2013,45.73
lka,sex_m,est_sizeaggregate_total,mts_details_mrd,2014,46.07
lka,sex_m,est_sizeaggregate_total,mts_details_mrd,2015,46.39
lka,sex_m,est_sizeaggregate_total,mts_details_mrd,2016,46.98
lka,sex_m,est_sizeaggregate_total,mts_details_mrd,2017,47.52
lka,sex_m,est_sizeaggregate_total,mts_details_mrd,2018,47.01
lka,sex_m,est_sizeaggregate_total,mts_details_mrd,2019,46.52
lka,sex_m,est_sizeaggregate_total,mts_details_mrd,2020,44.76
lka,sex_m,est_sizeaggregate_total,mts_details_mrd,2021,43.89
lka,sex_m,est_sizeaggregate_total,mts_details_mrd,2022,43.71
lka,sex_m,est_sizeaggregate_total,mts_details_mrd,2023,43.4
lka,sex_m,est_sizeaggregate_total,mts_details_sep,2010,42.12
lka,sex_m,est_sizeaggregate_total,mts_details_sep,2011,42.56
lka,sex_m,est_sizeaggregate_total,mts_details_sep,2013,42.54
lka,sex_m,est_sizeaggregate_total,mts_details_sep,2014,42.87
lka,sex_m,est_sizeaggregate_total,mts_details_sep,2015,43.83
lka,sex_m,est_sizeaggregate_total,mts_details_sep,2016,44.73
lka,sex_m,est_sizeaggregate_total,mts_details_sep,2017,47.18
lka,sex_m,est_sizeaggregate_total,mts_details_sep,2018,42.53
lka,sex_m,est_sizeaggregate_total,mts_details_sep,2019,42.42
lka,sex_m,est_sizeaggregate_total,mts_details_sep,2020,41.24
lka,sex_m,est_sizeaggregate_total,mts_details_sep,2021,39.74
lka,sex_m,est_sizeaggregate_total,mts_details_sep,2022,38.36
lka,sex_m,est_sizeaggregate_total,mts_details_sep,2023,40.86
lka,sex_m,est_sizeaggregate_total,mts_details_sgle,2010,45.67
lka,sex_m,est_sizeaggregate_total,mts_details_sgle,2011,44.79
lka,sex_m,est_sizeaggregate_total,mts_details_sgle,2013,45.3
lka,sex_m,est_sizeaggregate_total,mts_details_sgle,2014,45.87
lka,sex_m,est_sizeaggregate_total,mts_details_sgle,2015,45.94
lka,sex_m,est_sizeaggregate_total,mts_details_sgle,2016,46.52
lka,sex_m,est_sizeaggregate_total,mts_details_sgle,2017,47.23
lka,sex_m,est_sizeaggregate_total,mts_details_sgle,2018,46.56
lka,sex_m,est_sizeaggregate_total,mts_details_sgle,2019,46.35
lka,sex_m,est_sizeaggregate_total,mts_details_sgle,2020,44.04
lka,sex_m,est_sizeaggregate_total,mts_details_sgle,2021,44.24
lka,sex_m,est_sizeaggregate_total,mts_details_sgle,2022,43.85
lka,sex_m,est_sizeaggregate_total,mts_details_sgle,2023,43.56
lka,sex_m,est_sizeaggregate_total,mts_details_total,2010,46.05
lka,sex_m,est_sizeaggregate_total,mts_details_total,2011,45
lka,sex_m,est_sizeaggregate_total,mts_details_total,2013,45.56
lka,sex_m,est_sizeaggregate_total,mts_details_total,2014,45.95
lka,sex_m,est_sizeaggregate_total,mts_details_total,2015,46.19
lka,sex_m,est_sizeaggregate_total,mts_details_total,2016,46.79
lka,sex_m,est_sizeaggregate_total,mts_details_total,2017,47.4
lka,sex_m,est_sizeaggregate_total,mts_details_total,2018,46.84
lka,sex_m,est_sizeaggregate_total,mts_details_total,2019,46.37
lka,sex_m,est_sizeaggregate_total,mts_details_total,2020,44.5
lka,sex_m,est_sizeaggregate_total,mts_details_total,2021,43.84
lka,sex_m,est_sizeaggregate_total,mts_details_total,2022,43.58
lka,sex_m,est_sizeaggregate_total,mts_details_total,2023,43.34
lka,sex_m,est_sizeaggregate_total,mts_details_wid,2010,40.44
lka,sex_m,est_sizeaggregate_total,mts_details_wid,2011,43.53
lka,sex_m,est_sizeaggregate_total,mts_details_wid,2013,41.43
lka,sex_m,est_sizeaggregate_total,mts_details_wid,2014,42.52
lka,sex_m,est_sizeaggregate_total,mts_details_wid,2015,40.48
lka,sex_m,est_sizeaggregate_total,mts_details_wid,2016,42.19
lka,sex_m,est_sizeaggregate_total,mts_details_wid,2017,43.35
lka,sex_m,est_sizeaggregate_total,mts_details_wid,2018,44.57
lka,sex_m,est_sizeaggregate_total,mts_details_wid,2019,41.59
lka,sex_m,est_sizeaggregate_total,mts_details_wid,2020,39.41
lka,sex_m,est_sizeaggregate_total,mts_details_wid,2021,39.81
lka,sex_m,est_sizeaggregate_total,mts_details_wid,2022,38.98
lka,sex_m,est_sizeaggregate_total,mts_details_wid,2023,39.68
lka,sex_m,est_sizeaggregate_x,mts_aggregate_1,2010,43.22
lka,sex_m,est_sizeaggregate_x,mts_aggregate_1,2011,42.41
lka,sex_m,est_sizeaggregate_x,mts_aggregate_1,2013,42.15
lka,sex_m,est_sizeaggregate_x,mts_aggregate_1,2014,42.85
lka,sex_m,est_sizeaggregate_x,mts_aggregate_1,2015,42.9
lka,sex_m,est_sizeaggregate_x,mts_aggregate_1,2016,43.09
lka,sex_m,est_sizeaggregate_x,mts_aggregate_1,2017,44.03
lka,sex_m,est_sizeaggregate_x,mts_aggregate_1,2018,43.09
lka,sex_m,est_sizeaggregate_x,mts_aggregate_1,2019,42.67
lka,sex_m,est_sizeaggregate_x,mts_aggregate_1,2020,41.24
lka,sex_m,est_sizeaggregate_x,mts_aggregate_1,2021,40.77
lka,sex_m,est_sizeaggregate_x,mts_aggregate_1,2022,39.87
lka,sex_m,est_sizeaggregate_x,mts_aggregate_1,2023,39.51
lka,sex_m,est_sizeaggregate_x,mts_aggregate_2,2010,44.5
lka,sex_m,est_sizeaggregate_x,mts_aggregate_2,2011,43.86
lka,sex_m,est_sizeaggregate_x,mts_aggregate_2,2013,44.21
lka,sex_m,est_sizeaggregate_x,mts_aggregate_2,2014,44.73
lka,sex_m,est_sizeaggregate_x,mts_aggregate_2,2015,44.67
lka,sex_m,est_sizeaggregate_x,mts_aggregate_2,2016,45.03
lka,sex_m,est_sizeaggregate_x,mts_aggregate_2,2017,45.73
lka,sex_m,est_sizeaggregate_x,mts_aggregate_2,2018,45.05
lka,sex_m,est_sizeaggregate_x,mts_aggregate_2,2019,44.58
lka,sex_m,est_sizeaggregate_x,mts_aggregate_2,2020,43.14
lka,sex_m,est_sizeaggregate_x,mts_aggregate_2,2021,41.97
lka,sex_m,est_sizeaggregate_x,mts_aggregate_2,2022,42.03
lka,sex_m,est_sizeaggregate_x,mts_aggregate_2,2023,41.54
lka,sex_m,est_sizeaggregate_x,mts_aggregate_total,2010,44.25
lka,sex_m,est_sizeaggregate_x,mts_aggregate_total,2011,43.57
lka,sex_m,est_sizeaggregate_x,mts_aggregate_total,2013,43.85
lka,sex_m,est_sizeaggregate_x,mts_aggregate_total,2014,44.41
lka,sex_m,est_sizeaggregate_x,mts_aggregate_total,2015,44.37
lka,sex_m,est_sizeaggregate_x,mts_aggregate_total,2016,44.69
lka,sex_m,est_sizeaggregate_x,mts_aggregate_total,2017,45.44
lka,sex_m,est_sizeaggregate_x,mts_aggregate_total,2018,44.72
lka,sex_m,est_sizeaggregate_x,mts_aggregate_total,2019,44.24
lka,sex_m,est_sizeaggregate_x,mts_aggregate_total,2020,42.81
lka,sex_m,est_sizeaggregate_x,mts_aggregate_total,2021,41.75
lka,sex_m,est_sizeaggregate_x,mts_aggregate_total,2022,41.66
lka,sex_m,est_sizeaggregate_x,mts_aggregate_total,2023,41.19
lka,sex_m,est_sizeaggregate_x,mts_details_mrd,2010,44.5
lka,sex_m,est_sizeaggregate_x,mts_details_mrd,2011,43.86
lka,sex_m,est_sizeaggregate_x,mts_details_mrd,2013,44.21
lka,sex_m,est_sizeaggregate_x,mts_details_mrd,2014,44.73
lka,sex_m,est_sizeaggregate_x,mts_details_mrd,2015,44.67
lka,sex_m,est_sizeaggregate_x,mts_details_mrd,2016,45.03
lka,sex_m,est_sizeaggregate_x,mts_details_mrd,2017,45.73
lka,sex_m,est_sizeaggregate_x,mts_details_mrd,2018,45.05
lka,sex_m,est_sizeaggregate_x,mts_details_mrd,2019,44.58
lka,sex_m,est_sizeaggregate_x,mts_details_mrd,2020,43.14
lka,sex_m,est_sizeaggregate_x,mts_details_mrd,2021,41.97
lka,sex_m,est_sizeaggregate_x,mts_details_mrd,2022,42.03
lka,sex_m,est_sizeaggregate_x,mts_details_mrd,2023,41.54
lka,sex_m,est_sizeaggregate_x,mts_details_sep,2010,40.52
lka,sex_m,est_sizeaggregate_x,mts_details_sep,2011,41.91
lka,sex_m,est_sizeaggregate_x,mts_details_sep,2013,39.63
lka,sex_m,est_sizeaggregate_x,mts_details_sep,2014,40.79
lka,sex_m,est_sizeaggregate_x,mts_details_sep,2015,41.38
lka,sex_m,est_sizeaggregate_x,mts_details_sep,2016,43.29
lka,sex_m,est_sizeaggregate_x,mts_details_sep,2017,44.86
lka,sex_m,est_sizeaggregate_x,mts_details_sep,2018,40.38
lka,sex_m,est_sizeaggregate_x,mts_details_sep,2019,39.32
lka,sex_m,est_sizeaggregate_x,mts_details_sep,2020,39.83
lka,sex_m,est_sizeaggregate_x,mts_details_sep,2021,37.69
lka,sex_m,est_sizeaggregate_x,mts_details_sep,2022,38.15
lka,sex_m,est_sizeaggregate_x,mts_details_sep,2023,38.7
lka,sex_m,est_sizeaggregate_x,mts_details_sgle,2010,43.86
lka,sex_m,est_sizeaggregate_x,mts_details_sgle,2011,42.5
lka,sex_m,est_sizeaggregate_x,mts_details_sgle,2013,42.58
lka,sex_m,est_sizeaggregate_x,mts_details_sgle,2014,43.23
lka,sex_m,est_sizeaggregate_x,mts_details_sgle,2015,43.53
lka,sex_m,est_sizeaggregate_x,mts_details_sgle,2016,43.51
lka,sex_m,est_sizeaggregate_x,mts_details_sgle,2017,44.3
lka,sex_m,est_sizeaggregate_x,mts_details_sgle,2018,43.39
lka,sex_m,est_sizeaggregate_x,mts_details_sgle,2019,43.23
lka,sex_m,est_sizeaggregate_x,mts_details_sgle,2020,41.78
lka,sex_m,est_sizeaggregate_x,mts_details_sgle,2021,41.41
lka,sex_m,est_sizeaggregate_x,mts_details_sgle,2022,40.39
lka,sex_m,est_sizeaggregate_x,mts_details_sgle,2023,39.78
lka,sex_m,est_sizeaggregate_x,mts_details_total,2010,44.25
lka,sex_m,est_sizeaggregate_x,mts_details_total,2011,43.57
lka,sex_m,est_sizeaggregate_x,mts_details_total,2013,43.85
lka,sex_m,est_sizeaggregate_x,mts_details_total,2014,44.41
lka,sex_m,est_sizeaggregate_x,mts_details_total,2015,44.37
lka,sex_m,est_sizeaggregate_x,mts_details_total,2016,44.69
lka,sex_m,est_sizeaggregate_x,mts_details_total,2017,45.44
lka,sex_m,est_sizeaggregate_x,mts_details_total,2018,44.72
lka,sex_m,est_sizeaggregate_x,mts_details_total,2019,44.24
lka,sex_m,est_sizeaggregate_x,mts_details_total,2020,42.81
lka,sex_m,est_sizeaggregate_x,mts_details_total,2021,41.75
lka,sex_m,est_sizeaggregate_x,mts_details_total,2022,41.66
lka,sex_m,est_sizeaggregate_x,mts_details_total,2023,41.19
lka,sex_m,est_sizeaggregate_x,mts_details_wid,2010,37.45
lka,sex_m,est_sizeaggregate_x,mts_details_wid,2011,41.83
lka,sex_m,est_sizeaggregate_x,mts_details_wid,2013,39.5
lka,sex_m,est_sizeaggregate_x,mts_details_wid,2014,41.15
lka,sex_m,est_sizeaggregate_x,mts_details_wid,2015,38.65
lka,sex_m,est_sizeaggregate_x,mts_details_wid,2016,39.44
lka,sex_m,est_sizeaggregate_x,mts_details_wid,2017,40.96
lka,sex_m,est_sizeaggregate_x,mts_details_wid,2018,42.7
lka,sex_m,est_sizeaggregate_x,mts_details_wid,2019,40.78
lka,sex_m,est_sizeaggregate_x,mts_details_wid,2020,37.83
lka,sex_m,est_sizeaggregate_x,mts_details_wid,2021,38.06
lka,sex_m,est_sizeaggregate_x,mts_details_wid,2022,37.3
lka,sex_m,est_sizeaggregate_x,mts_details_wid,2023,38.02
lka,sex_t,est_sizeaggregate_s1_4,mts_aggregate_1,2010,42.26
lka,sex_t,est_sizeaggregate_s1_4,mts_aggregate_1,2011,42.06
lka,sex_t,est_sizeaggregate_s1_4,mts_aggregate_1,2013,45.41
lka,sex_t,est_sizeaggregate_s1_4,mts_aggregate_1,2014,45.65
lka,sex_t,est_sizeaggregate_s1_4,mts_aggregate_1,2015,45.85
lka,sex_t,est_sizeaggregate_s1_4,mts_aggregate_1,2016,45.82
lka,sex_t,est_sizeaggregate_s1_4,mts_aggregate_1,2017,46.72
lka,sex_t,est_sizeaggregate_s1_4,mts_aggregate_1,2018,45.83
lka,sex_t,est_sizeaggregate_s1_4,mts_aggregate_1,2019,45.04
lka,sex_t,est_sizeaggregate_s1_4,mts_aggregate_1,2020,44.2
lka,sex_t,est_sizeaggregate_s1_4,mts_aggregate_1,2021,43.15
lka,sex_t,est_sizeaggregate_s1_4,mts_aggregate_1,2022,42.15
lka,sex_t,est_sizeaggregate_s1_4,mts_aggregate_1,2023,42.51
lka,sex_t,est_sizeaggregate_s1_4,mts_aggregate_2,2010,42.66
lka,sex_t,est_sizeaggregate_s1_4,mts_aggregate_2,2011,41.56
lka,sex_t,est_sizeaggregate_s1_4,mts_aggregate_2,2013,45.78
lka,sex_t,est_sizeaggregate_s1_4,mts_aggregate_2,2014,45.82
lka,sex_t,est_sizeaggregate_s1_4,mts_aggregate_2,2015,46.39
lka,sex_t,est_sizeaggregate_s1_4,mts_aggregate_2,2016,47.17
lka,sex_t,est_sizeaggregate_s1_4,mts_aggregate_2,2017,47.06
lka,sex_t,est_sizeaggregate_s1_4,mts_aggregate_2,2018,47.35
lka,sex_t,est_sizeaggregate_s1_4,mts_aggregate_2,2019,45.87
lka,sex_t,est_sizeaggregate_s1_4,mts_aggregate_2,2020,44.7
lka,sex_t,est_sizeaggregate_s1_4,mts_aggregate_2,2021,43.73
lka,sex_t,est_sizeaggregate_s1_4,mts_aggregate_2,2022,43.09
lka,sex_t,est_sizeaggregate_s1_4,mts_aggregate_2,2023,42.25
lka,sex_t,est_sizeaggregate_s1_4,mts_aggregate_total,2010,42.57
lka,sex_t,est_sizeaggregate_s1_4,mts_aggregate_total,2011,41.68
lka,sex_t,est_sizeaggregate_s1_4,mts_aggregate_total,2013,45.68
lka,sex_t,est_sizeaggregate_s1_4,mts_aggregate_total,2014,45.77
lka,sex_t,est_sizeaggregate_s1_4,mts_aggregate_total,2015,46.24
lka,sex_t,est_sizeaggregate_s1_4,mts_aggregate_total,2016,46.8
lka,sex_t,est_sizeaggregate_s1_4,mts_aggregate_total,2017,46.96
lka,sex_t,est_sizeaggregate_s1_4,mts_aggregate_total,2018,46.94
lka,sex_t,est_sizeaggregate_s1_4,mts_aggregate_total,2019,45.65
lka,sex_t,est_sizeaggregate_s1_4,mts_aggregate_total,2020,44.57
lka,sex_t,est_sizeaggregate_s1_4,mts_aggregate_total,2021,43.56
lka,sex_t,est_sizeaggregate_s1_4,mts_aggregate_total,2022,42.82
lka,sex_t,est_sizeaggregate_s1_4,mts_aggregate_total,2023,42.32
lka,sex_t,est_sizeaggregate_s1_4,mts_details_mrd,2010,42.66
lka,sex_t,est_sizeaggregate_s1_4,mts_details_mrd,2011,41.56
lka,sex_t,est_sizeaggregate_s1_4,mts_details_mrd,2013,45.78
lka,sex_t,est_sizeaggregate_s1_4,mts_details_mrd,2014,45.82
lka,sex_t,est_sizeaggregate_s1_4,mts_details_mrd,2015,46.39
lka,sex_t,est_sizeaggregate_s1_4,mts_details_mrd,2016,47.17
lka,sex_t,est_sizeaggregate_s1_4,mts_details_mrd,2017,47.06
lka,sex_t,est_sizeaggregate_s1_4,mts_details_mrd,2018,47.35
lka,sex_t,est_sizeaggregate_s1_4,mts_details_mrd,2019,45.87
lka,sex_t,est_sizeaggregate_s1_4,mts_details_mrd,2020,44.7
lka,sex_t,est_sizeaggregate_s1_4,mts_details_mrd,2021,43.73
lka,sex_t,est_sizeaggregate_s1_4,mts_details_mrd,2022,43.09
lka,sex_t,est_sizeaggregate_s1_4,mts_details_mrd,2023,42.25
lka,sex_t,est_sizeaggregate_s1_4,mts_details_sep,2010,39.56
lka,sex_t,est_sizeaggregate_s1_4,mts_details_sep,2011,39.47
lka,sex_t,est_sizeaggregate_s1_4,mts_details_sep,2013,43.23
lka,sex_t,est_sizeaggregate_s1_4,mts_details_sep,2014,42.69
lka,sex_t,est_sizeaggregate_s1_4,mts_details_sep,2015,43.94
lka,sex_t,est_sizeaggregate_s1_4,mts_details_sep,2016,44.15
lka,sex_t,est_sizeaggregate_s1_4,mts_details_sep,2017,45.63
lka,sex_t,est_sizeaggregate_s1_4,mts_details_sep,2018,41.14
lka,sex_t,est_sizeaggregate_s1_4,mts_details_sep,2019,42.93
lka,sex_t,est_sizeaggregate_s1_4,mts_details_sep,2020,43.43
lka,sex_t,est_sizeaggregate_s1_4,mts_details_sep,2021,39.82
lka,sex_t,est_sizeaggregate_s1_4,mts_details_sep,2022,34.57
lka,sex_t,est_sizeaggregate_s1_4,mts_details_sep,2023,40.88
lka,sex_t,est_sizeaggregate_s1_4,mts_details_sgle,2010,43.54
lka,sex_t,est_sizeaggregate_s1_4,mts_details_sgle,2011,43.21
lka,sex_t,est_sizeaggregate_s1_4,mts_details_sgle,2013,46.2
lka,sex_t,est_sizeaggregate_s1_4,mts_details_sgle,2014,46.76
lka,sex_t,est_sizeaggregate_s1_4,mts_details_sgle,2015,46.46
lka,sex_t,est_sizeaggregate_s1_4,mts_details_sgle,2016,47.03
lka,sex_t,est_sizeaggregate_s1_4,mts_details_sgle,2017,47.49
lka,sex_t,est_sizeaggregate_s1_4,mts_details_sgle,2018,46.86
lka,sex_t,est_sizeaggregate_s1_4,mts_details_sgle,2019,46.32
lka,sex_t,est_sizeaggregate_s1_4,mts_details_sgle,2020,45
lka,sex_t,est_sizeaggregate_s1_4,mts_details_sgle,2021,44.56
lka,sex_t,est_sizeaggregate_s1_4,mts_details_sgle,2022,44.01
lka,sex_t,est_sizeaggregate_s1_4,mts_details_sgle,2023,43.63
lka,sex_t,est_sizeaggregate_s1_4,mts_details_total,2010,42.57
lka,sex_t,est_sizeaggregate_s1_4,mts_details_total,2011,41.68
lka,sex_t,est_sizeaggregate_s1_4,mts_details_total,2013,45.68
lka,sex_t,est_sizeaggregate_s1_4,mts_details_total,2014,45.77
lka,sex_t,est_sizeaggregate_s1_4,mts_details_total,2015,46.24
lka,sex_t,est_sizeaggregate_s1_4,mts_details_total,2016,46.8
lka,sex_t,est_sizeaggregate_s1_4,mts_details_total,2017,46.96
lka,sex_t,est_sizeaggregate_s1_4,mts_details_total,2018,46.94
lka,sex_t,est_sizeaggregate_s1_4,mts_details_total,2019,45.65
lka,sex_t,est_sizeaggregate_s1_4,mts_details_total,2020,44.57
lka,sex_t,est_sizeaggregate_s1_4,mts_details_total,2021,43.56
lka,sex_t,est_sizeaggregate_s1_4,mts_details_total,2022,42.82
lka,sex_t,est_sizeaggregate_s1_4,mts_details_total,2023,42.32
lka,sex_t,est_sizeaggregate_s1_4,mts_details_wid,2010,38.24
lka,sex_t,est_sizeaggregate_s1_4,mts_details_wid,2011,38.7
lka,sex_t,est_sizeaggregate_s1_4,mts_details_wid,2013,40.98
lka,sex_t,est_sizeaggregate_s1_4,mts_details_wid,2014,40.04
lka,sex_t,est_sizeaggregate_s1_4,mts_details_wid,2015,42.95
lka,sex_t,est_sizeaggregate_s1_4,mts_details_wid,2016,39.16
lka,sex_t,est_sizeaggregate_s1_4,mts_details_wid,2017,42.42
lka,sex_t,est_sizeaggregate_s1_4,mts_details_wid,2018,42.12
lka,sex_t,est_sizeaggregate_s1_4,mts_details_wid,2019,37.94
lka,sex_t,est_sizeaggregate_s1_4,mts_details_wid,2020,38.87
lka,sex_t,est_sizeaggregate_s1_4,mts_details_wid,2021,37.06
lka,sex_t,est_sizeaggregate_s1_4,mts_details_wid,2022,36.45
lka,sex_t,est_sizeaggregate_s1_4,mts_details_wid,2023,37.14
lka,sex_t,est_sizeaggregate_s5_49,mts_aggregate_1,2010,47.38
lka,sex_t,est_sizeaggregate_s5_49,mts_aggregate_1,2011,46.75
lka,sex_t,est_sizeaggregate_s5_49,mts_aggregate_1,2013,47.69
lka,sex_t,est_sizeaggregate_s5_49,mts_aggregate_1,2014,47.43
lka,sex_t,est_sizeaggregate_s5_49,mts_aggregate_1,2015,47.69
lka,sex_t,est_sizeaggregate_s5_49,mts_aggregate_1,2016,48.93
lka,sex_t,est_sizeaggregate_s5_49,mts_aggregate_1,2017,49.55
lka,sex_t,est_sizeaggregate_s5_49,mts_aggregate_1,2018,49.37
lka,sex_t,est_sizeaggregate_s5_49,mts_aggregate_1,2019,48.33
lka,sex_t,est_sizeaggregate_s5_49,mts_aggregate_1,2020,44.86
lka,sex_t,est_sizeaggregate_s5_49,mts_aggregate_1,2021,45.34
lka,sex_t,est_sizeaggregate_s5_49,mts_aggregate_1,2022,46.98
lka,sex_t,est_sizeaggregate_s5_49,mts_aggregate_1,2023,47.09
lka,sex_t,est_sizeaggregate_s5_49,mts_aggregate_2,2010,49.31
lka,sex_t,est_sizeaggregate_s5_49,mts_aggregate_2,2011,47.98
lka,sex_t,est_sizeaggregate_s5_49,mts_aggregate_2,2013,47.9
lka,sex_t,est_sizeaggregate_s5_49,mts_aggregate_2,2014,48.14
lka,sex_t,est_sizeaggregate_s5_49,mts_aggregate_2,2015,49.78
lka,sex_t,est_sizeaggregate_s5_49,mts_aggregate_2,2016,50.05
lka,sex_t,est_sizeaggregate_s5_49,mts_aggregate_2,2017,50.82
lka,sex_t,est_sizeaggregate_s5_49,mts_aggregate_2,2018,49.52
lka,sex_t,est_sizeaggregate_s5_49,mts_aggregate_2,2019,49.45
lka,sex_t,est_sizeaggregate_s5_49,mts_aggregate_2,2020,47.79
lka,sex_t,est_sizeaggregate_s5_49,mts_aggregate_2,2021,47.15
lka,sex_t,est_sizeaggregate_s5_49,mts_aggregate_2,2022,46.62
lka,sex_t,est_sizeaggregate_s5_49,mts_aggregate_2,2023,47.27
lka,sex_t,est_sizeaggregate_s5_49,mts_aggregate_total,2010,48.64
lka,sex_t,est_sizeaggregate_s5_49,mts_aggregate_total,2011,47.54
lka,sex_t,est_sizeaggregate_s5_49,mts_aggregate_total,2013,47.83
lka,sex_t,est_sizeaggregate_s5_49,mts_aggregate_total,2014,47.9
lka,sex_t,est_sizeaggregate_s5_49,mts_aggregate_total,2015,49.11
lka,sex_t,est_sizeaggregate_s5_49,mts_aggregate_total,2016,49.69
lka,sex_t,est_sizeaggregate_s5_49,mts_aggregate_total,2017,50.37
lka,sex_t,est_sizeaggregate_s5_49,mts_aggregate_total,2018,49.47
lka,sex_t,est_sizeaggregate_s5_49,mts_aggregate_total,2019,49.06
lka,sex_t,est_sizeaggregate_s5_49,mts_aggregate_total,2020,46.77
lka,sex_t,est_sizeaggregate_s5_49,mts_aggregate_total,2021,46.54
lka,sex_t,est_sizeaggregate_s5_49,mts_aggregate_total,2022,46.74
lka,sex_t,est_sizeaggregate_s5_49,mts_aggregate_total,2023,47.21
lka,sex_t,est_sizeaggregate_s5_49,mts_details_mrd,2010,49.31
lka,sex_t,est_sizeaggregate_s5_49,mts_details_mrd,2011,47.98
lka,sex_t,est_sizeaggregate_s5_49,mts_details_mrd,2013,47.9
lka,sex_t,est_sizeaggregate_s5_49,mts_details_mrd,2014,48.14
lka,sex_t,est_sizeaggregate_s5_49,mts_details_mrd,2015,49.78
lka,sex_t,est_sizeaggregate_s5_49,mts_details_mrd,2016,50.05
lka,sex_t,est_sizeaggregate_s5_49,mts_details_mrd,2017,50.82
lka,sex_t,est_sizeaggregate_s5_49,mts_details_mrd,2018,49.52
lka,sex_t,est_sizeaggregate_s5_49,mts_details_mrd,2019,49.45
lka,sex_t,est_sizeaggregate_s5_49,mts_details_mrd,2020,47.79
lka,sex_t,est_sizeaggregate_s5_49,mts_details_mrd,2021,47.15
lka,sex_t,est_sizeaggregate_s5_49,mts_details_mrd,2022,46.62
lka,sex_t,est_sizeaggregate_s5_49,mts_details_mrd,2023,47.27
lka,sex_t,est_sizeaggregate_s5_49,mts_details_sep,2010,47.03
lka,sex_t,est_sizeaggregate_s5_49,mts_details_sep,2011,44.92
lka,sex_t,est_sizeaggregate_s5_49,mts_details_sep,2013,46.72
lka,sex_t,est_sizeaggregate_s5_49,mts_details_sep,2014,46.05
lka,sex_t,est_sizeaggregate_s5_49,mts_details_sep,2015,49.7
lka,sex_t,est_sizeaggregate_s5_49,mts_details_sep,2016,45.92
lka,sex_t,est_sizeaggregate_s5_49,mts_details_sep,2017,50.24
lka,sex_t,est_sizeaggregate_s5_49,mts_details_sep,2018,48.54
lka,sex_t,est_sizeaggregate_s5_49,mts_details_sep,2019,46.52
lka,sex_t,est_sizeaggregate_s5_49,mts_details_sep,2020,42.97
lka,sex_t,est_sizeaggregate_s5_49,mts_details_sep,2021,50.13
lka,sex_t,est_sizeaggregate_s5_49,mts_details_sep,2022,44.96
lka,sex_t,est_sizeaggregate_s5_49,mts_details_sep,2023,47.99
lka,sex_t,est_sizeaggregate_s5_49,mts_details_sgle,2010,47.86
lka,sex_t,est_sizeaggregate_s5_49,mts_details_sgle,2011,47.16
lka,sex_t,est_sizeaggregate_s5_49,mts_details_sgle,2013,47.96
lka,sex_t,est_sizeaggregate_s5_49,mts_details_sgle,2014,47.86
lka,sex_t,est_sizeaggregate_s5_49,mts_details_sgle,2015,48.04
lka,sex_t,est_sizeaggregate_s5_49,mts_details_sgle,2016,49.43
lka,sex_t,est_sizeaggregate_s5_49,mts_details_sgle,2017,49.72
lka,sex_t,est_sizeaggregate_s5_49,mts_details_sgle,2018,49.93
lka,sex_t,est_sizeaggregate_s5_49,mts_details_sgle,2019,48.75
lka,sex_t,est_sizeaggregate_s5_49,mts_details_sgle,2020,45.08
lka,sex_t,est_sizeaggregate_s5_49,mts_details_sgle,2021,45.38
lka,sex_t,est_sizeaggregate_s5_49,mts_details_sgle,2022,47.32
lka,sex_t,est_sizeaggregate_s5_49,mts_details_sgle,2023,47.66
lka,sex_t,est_sizeaggregate_s5_49,mts_details_total,2010,48.64
lka,sex_t,est_sizeaggregate_s5_49,mts_details_total,2011,47.54
lka,sex_t,est_sizeaggregate_s5_49,mts_details_total,2013,47.83
lka,sex_t,est_sizeaggregate_s5_49,mts_details_total,2014,47.9
lka,sex_t,est_sizeaggregate_s5_49,mts_details_total,2015,49.11
lka,sex_t,est_sizeaggregate_s5_49,mts_details_total,2016,49.69
lka,sex_t,est_sizeaggregate_s5_49,mts_details_total,2017,50.37
lka,sex_t,est_sizeaggregate_s5_49,mts_details_total,2018,49.47
lka,sex_t,est_sizeaggregate_s5_49,mts_details_total,2019,49.06
lka,sex_t,est_sizeaggregate_s5_49,mts_details_total,2020,46.77
lka,sex_t,est_sizeaggregate_s5_49,mts_details_total,2021,46.54
lka,sex_t,est_sizeaggregate_s5_49,mts_details_total,2022,46.74
lka,sex_t,est_sizeaggregate_s5_49,mts_details_total,2023,47.21
lka,sex_t,est_sizeaggregate_s5_49,mts_details_wid,2010,43.44
lka,sex_t,est_sizeaggregate_s5_49,mts_details_wid,2011,44.32
lka,sex_t,est_sizeaggregate_s5_49,mts_details_wid,2013,45.95
lka,sex_t,est_sizeaggregate_s5_49,mts_details_wid,2014,43.65
lka,sex_t,est_sizeaggregate_s5_49,mts_details_wid,2015,42.95
lka,sex_t,est_sizeaggregate_s5_49,mts_details_wid,2016,46.13
lka,sex_t,est_sizeaggregate_s5_49,mts_details_wid,2017,47.69
lka,sex_t,est_sizeaggregate_s5_49,mts_details_wid,2018,43.99
lka,sex_t,est_sizeaggregate_s5_49,mts_details_wid,2019,44.11
lka,sex_t,est_sizeaggregate_s5_49,mts_details_wid,2020,43.81
lka,sex_t,est_sizeaggregate_s5_49,mts_details_wid,2021,42.15
lka,sex_t,est_sizeaggregate_s5_49,mts_details_wid,2022,45.06
lka,sex_t,est_sizeaggregate_s5_49,mts_details_wid,2023,41.12
lka,sex_t,est_sizeaggregate_sge50,mts_aggregate_1,2010,48.96
lka,sex_t,est_sizeaggregate_sge50,mts_aggregate_1,2011,48.29
lka,sex_t,est_sizeaggregate_sge50,mts_aggregate_1,2013,49.16
lka,sex_t,est_sizeaggregate_sge50,mts_aggregate_1,2014,48.92
lka,sex_t,est_sizeaggregate_sge50,mts_aggregate_1,2015,48.61
lka,sex_t,est_sizeaggregate_sge50,mts_aggregate_1,2016,49.55
lka,sex_t,est_sizeaggregate_sge50,mts_aggregate_1,2017,50.16
lka,sex_t,est_sizeaggregate_sge50,mts_aggregate_1,2018,49.65
lka,sex_t,est_sizeaggregate_sge50,mts_aggregate_1,2019,49.76
lka,sex_t,est_sizeaggregate_sge50,mts_aggregate_1,2020,47.9
lka,sex_t,est_sizeaggregate_sge50,mts_aggregate_1,2021,49.01
lka,sex_t,est_sizeaggregate_sge50,mts_aggregate_1,2022,49
lka,sex_t,est_sizeaggregate_sge50,mts_aggregate_1,2023,49
lka,sex_t,est_sizeaggregate_sge50,mts_aggregate_2,2010,49.29
lka,sex_t,est_sizeaggregate_sge50,mts_aggregate_2,2011,47.28
lka,sex_t,est_sizeaggregate_sge50,mts_aggregate_2,2013,48.94
lka,sex_t,est_sizeaggregate_sge50,mts_aggregate_2,2014,48.9
lka,sex_t,est_sizeaggregate_sge50,mts_aggregate_2,2015,48.36
lka,sex_t,est_sizeaggregate_sge50,mts_aggregate_2,2016,49.19
lka,sex_t,est_sizeaggregate_sge50,mts_aggregate_2,2017,49.14
lka,sex_t,est_sizeaggregate_sge50,mts_aggregate_2,2018,50.07
lka,sex_t,est_sizeaggregate_sge50,mts_aggregate_2,2019,50.04
lka,sex_t,est_sizeaggregate_sge50,mts_aggregate_2,2020,47.98
lka,sex_t,est_sizeaggregate_sge50,mts_aggregate_2,2021,49.36
lka,sex_t,est_sizeaggregate_sge50,mts_aggregate_2,2022,48.54
lka,sex_t,est_sizeaggregate_sge50,mts_aggregate_2,2023,48.2
lka,sex_t,est_sizeaggregate_sge50,mts_aggregate_total,2010,49.17
lka,sex_t,est_sizeaggregate_sge50,mts_aggregate_total,2011,47.67
lka,sex_t,est_sizeaggregate_sge50,mts_aggregate_total,2013,49.02
lka,sex_t,est_sizeaggregate_sge50,mts_aggregate_total,2014,48.9
lka,sex_t,est_sizeaggregate_sge50,mts_aggregate_total,2015,48.45
lka,sex_t,est_sizeaggregate_sge50,mts_aggregate_total,2016,49.32
lka,sex_t,est_sizeaggregate_sge50,mts_aggregate_total,2017,49.49
lka,sex_t,est_sizeaggregate_sge50,mts_aggregate_total,2018,49.93
lka,sex_t,est_sizeaggregate_sge50,mts_aggregate_total,2019,49.94
lka,sex_t,est_sizeaggregate_sge50,mts_aggregate_total,2020,47.95
lka,sex_t,est_sizeaggregate_sge50,mts_aggregate_total,2021,49.24
lka,sex_t,est_sizeaggregate_sge50,mts_aggregate_total,2022,48.7
lka,sex_t,est_sizeaggregate_sge50,mts_aggregate_total,2023,48.48
lka,sex_t,est_sizeaggregate_sge50,mts_details_mrd,2010,49.29
lka,sex_t,est_sizeaggregate_sge50,mts_details_mrd,2011,47.28
lka,sex_t,est_sizeaggregate_sge50,mts_details_mrd,2013,48.94
lka,sex_t,est_sizeaggregate_sge50,mts_details_mrd,2014,48.9
lka,sex_t,est_sizeaggregate_sge50,mts_details_mrd,2015,48.36
lka,sex_t,est_sizeaggregate_sge50,mts_details_mrd,2016,49.19
lka,sex_t,est_sizeaggregate_sge50,mts_details_mrd,2017,49.14
lka,sex_t,est_sizeaggregate_sge50,mts_details_mrd,2018,50.07
lka,sex_t,est_sizeaggregate_sge50,mts_details_mrd,2019,50.04
lka,sex_t,est_sizeaggregate_sge50,mts_details_mrd,2020,47.98
lka,sex_t,est_sizeaggregate_sge50,mts_details_mrd,2021,49.36
lka,sex_t,est_sizeaggregate_sge50,mts_details_mrd,2022,48.54
lka,sex_t,est_sizeaggregate_sge50,mts_details_mrd,2023,48.2
lka,sex_t,est_sizeaggregate_sge50,mts_details_sep,2010,49.77
lka,sex_t,est_sizeaggregate_sge50,mts_details_sep,2011,47.43
lka,sex_t,est_sizeaggregate_sge50,mts_details_sep,2013,47.99
lka,sex_t,est_sizeaggregate_sge50,mts_details_sep,2014,51.2
lka,sex_t,est_sizeaggregate_sge50,mts_details_sep,2015,46.04
lka,sex_t,est_sizeaggregate_sge50,mts_details_sep,2016,50.22
lka,sex_t,est_sizeaggregate_sge50,mts_details_sep,2017,51.56
lka,sex_t,est_sizeaggregate_sge50,mts_details_sep,2018,51.54
lka,sex_t,est_sizeaggregate_sge50,mts_details_sep,2019,50.7
lka,sex_t,est_sizeaggregate_sge50,mts_details_sep,2020,47.23
lka,sex_t,est_sizeaggregate_sge50,mts_details_sep,2021,48.38
lka,sex_t,est_sizeaggregate_sge50,mts_details_sep,2022,47.94
lka,sex_t,est_sizeaggregate_sge50,mts_details_sep,2023,47.8
lka,sex_t,est_sizeaggregate_sge50,mts_details_sgle,2010,49.21
lka,sex_t,est_sizeaggregate_sge50,mts_details_sgle,2011,48.5
lka,sex_t,est_sizeaggregate_sge50,mts_details_sgle,2013,49.62
lka,sex_t,est_sizeaggregate_sge50,mts_details_sgle,2014,48.75
lka,sex_t,est_sizeaggregate_sge50,mts_details_sgle,2015,49.24
lka,sex_t,est_sizeaggregate_sge50,mts_details_sgle,2016,49.69
lka,sex_t,est_sizeaggregate_sge50,mts_details_sgle,2017,50.33
lka,sex_t,est_sizeaggregate_sge50,mts_details_sgle,2018,49.72
lka,sex_t,est_sizeaggregate_sge50,mts_details_sgle,2019,49.92
lka,sex_t,est_sizeaggregate_sge50,mts_details_sgle,2020,47.97
lka,sex_t,est_sizeaggregate_sge50,mts_details_sgle,2021,49.1
lka,sex_t,est_sizeaggregate_sge50,mts_details_sgle,2022,49.19
lka,sex_t,est_sizeaggregate_sge50,mts_details_sgle,2023,48.97
lka,sex_t,est_sizeaggregate_sge50,mts_details_total,2010,49.17
lka,sex_t,est_sizeaggregate_sge50,mts_details_total,2011,47.67
lka,sex_t,est_sizeaggregate_sge50,mts_details_total,2013,49.02
lka,sex_t,est_sizeaggregate_sge50,mts_details_total,2014,48.9
lka,sex_t,est_sizeaggregate_sge50,mts_details_total,2015,48.45
lka,sex_t,est_sizeaggregate_sge50,mts_details_total,2016,49.32
lka,sex_t,est_sizeaggregate_sge50,mts_details_total,2017,49.49
lka,sex_t,est_sizeaggregate_sge50,mts_details_total,2018,49.93
lka,sex_t,est_sizeaggregate_sge50,mts_details_total,2019,49.94
lka,sex_t,est_sizeaggregate_sge50,mts_details_total,2020,47.95
lka,sex_t,est_sizeaggregate_sge50,mts_details_total,2021,49.24
lka,sex_t,est_sizeaggregate_sge50,mts_details_total,2022,48.7
lka,sex_t,est_sizeaggregate_sge50,mts_details_total,2023,48.48
lka,sex_t,est_sizeaggregate_sge50,mts_details_wid,2010,45.28
lka,sex_t,est_sizeaggregate_sge50,mts_details_wid,2011,46.65
lka,sex_t,est_sizeaggregate_sge50,mts_details_wid,2013,45.09
lka,sex_t,est_sizeaggregate_sge50,mts_details_wid,2014,49.25
lka,sex_t,est_sizeaggregate_sge50,mts_details_wid,2015,43.6
lka,sex_t,est_sizeaggregate_sge50,mts_details_wid,2016,47.3
lka,sex_t,est_sizeaggregate_sge50,mts_details_wid,2017,47.42
lka,sex_t,est_sizeaggregate_sge50,mts_details_wid,2018,47.7
lka,sex_t,est_sizeaggregate_sge50,mts_details_wid,2019,46.99
lka,sex_t,est_sizeaggregate_sge50,mts_details_wid,2020,47.6
lka,sex_t,est_sizeaggregate_sge50,mts_details_wid,2021,48.68
lka,sex_t,est_sizeaggregate_sge50,mts_details_wid,2022,48.15
lka,sex_t,est_sizeaggregate_sge50,mts_details_wid,2023,50.35
lka,sex_t,est_sizeaggregate_total,mts_aggregate_1,2010,43.79
lka,sex_t,est_sizeaggregate_total,mts_aggregate_1,2011,43.36
lka,sex_t,est_sizeaggregate_total,mts_aggregate_1,2013,43.34
lka,sex_t,est_sizeaggregate_total,mts_aggregate_1,2014,43.99
lka,sex_t,est_sizeaggregate_total,mts_aggregate_1,2015,43.81
lka,sex_t,est_sizeaggregate_total,mts_aggregate_1,2016,44.29
lka,sex_t,est_sizeaggregate_total,mts_aggregate_1,2017,45.36
lka,sex_t,est_sizeaggregate_total,mts_aggregate_1,2018,44.49
lka,sex_t,est_sizeaggregate_total,mts_aggregate_1,2019,44.17
lka,sex_t,est_sizeaggregate_total,mts_aggregate_1,2020,42.17
lka,sex_t,est_sizeaggregate_total,mts_aggregate_1,2021,42.32
lka,sex_t,est_sizeaggregate_total,mts_aggregate_1,2022,42.34
lka,sex_t,est_sizeaggregate_total,mts_aggregate_1,2023,42.18
lka,sex_t,est_sizeaggregate_total,mts_aggregate_2,2010,43.8
lka,sex_t,est_sizeaggregate_total,mts_aggregate_2,2011,42.64
lka,sex_t,est_sizeaggregate_total,mts_aggregate_2,2013,43.28
lka,sex_t,est_sizeaggregate_total,mts_aggregate_2,2014,43.72
lka,sex_t,est_sizeaggregate_total,mts_aggregate_2,2015,43.62
lka,sex_t,est_sizeaggregate_total,mts_aggregate_2,2016,44.2
lka,sex_t,est_sizeaggregate_total,mts_aggregate_2,2017,44.53
lka,sex_t,est_sizeaggregate_total,mts_aggregate_2,2018,44.32
lka,sex_t,est_sizeaggregate_total,mts_aggregate_2,2019,43.81
lka,sex_t,est_sizeaggregate_total,mts_aggregate_2,2020,42.46
lka,sex_t,est_sizeaggregate_total,mts_aggregate_2,2021,41.88
lka,sex_t,est_sizeaggregate_total,mts_aggregate_2,2022,41.71
lka,sex_t,est_sizeaggregate_total,mts_aggregate_2,2023,41.57
lka,sex_t,est_sizeaggregate_total,mts_aggregate_total,2010,43.79
lka,sex_t,est_sizeaggregate_total,mts_aggregate_total,2011,42.83
lka,sex_t,est_sizeaggregate_total,mts_aggregate_total,2013,43.3
lka,sex_t,est_sizeaggregate_total,mts_aggregate_total,2014,43.78
lka,sex_t,est_sizeaggregate_total,mts_aggregate_total,2015,43.67
lka,sex_t,est_sizeaggregate_total,mts_aggregate_total,2016,44.22
lka,sex_t,est_sizeaggregate_total,mts_aggregate_total,2017,44.73
lka,sex_t,est_sizeaggregate_total,mts_aggregate_total,2018,44.36
lka,sex_t,est_sizeaggregate_total,mts_aggregate_total,2019,43.9
lka,sex_t,est_sizeaggregate_total,mts_aggregate_total,2020,42.39
lka,sex_t,est_sizeaggregate_total,mts_aggregate_total,2021,41.99
lka,sex_t,est_sizeaggregate_total,mts_aggregate_total,2022,41.86
lka,sex_t,est_sizeaggregate_total,mts_aggregate_total,2023,41.72
lka,sex_t,est_sizeaggregate_total,mts_details_mrd,2010,43.8
lka,sex_t,est_sizeaggregate_total,mts_details_mrd,2011,42.64
lka,sex_t,est_sizeaggregate_total,mts_details_mrd,2013,43.28
lka,sex_t,est_sizeaggregate_total,mts_details_mrd,2014,43.72
lka,sex_t,est_sizeaggregate_total,mts_details_mrd,2015,43.62
lka,sex_t,est_sizeaggregate_total,mts_details_mrd,2016,44.2
lka,sex_t,est_sizeaggregate_total,mts_details_mrd,2017,44.53
lka,sex_t,est_sizeaggregate_total,mts_details_mrd,2018,44.32
lka,sex_t,est_sizeaggregate_total,mts_details_mrd,2019,43.81
lka,sex_t,est_sizeaggregate_total,mts_details_mrd,2020,42.46
lka,sex_t,est_sizeaggregate_total,mts_details_mrd,2021,41.88
lka,sex_t,est_sizeaggregate_total,mts_details_mrd,2022,41.71
lka,sex_t,est_sizeaggregate_total,mts_details_mrd,2023,41.57
lka,sex_t,est_sizeaggregate_total,mts_details_sep,2010,40.93
lka,sex_t,est_sizeaggregate_total,mts_details_sep,2011,41.88
lka,sex_t,est_sizeaggregate_total,mts_details_sep,2013,41.17
lka,sex_t,est_sizeaggregate_total,mts_details_sep,2014,41.99
lka,sex_t,est_sizeaggregate_total,mts_details_sep,2015,42.1
lka,sex_t,est_sizeaggregate_total,mts_details_sep,2016,43.26
lka,sex_t,est_sizeaggregate_total,mts_details_sep,2017,44.36
lka,sex_t,est_sizeaggregate_total,mts_details_sep,2018,42.3
lka,sex_t,est_sizeaggregate_total,mts_details_sep,2019,41.89
lka,sex_t,est_sizeaggregate_total,mts_details_sep,2020,40.96
lka,sex_t,est_sizeaggregate_total,mts_details_sep,2021,40.55
lka,sex_t,est_sizeaggregate_total,mts_details_sep,2022,39.16
lka,sex_t,est_sizeaggregate_total,mts_details_sep,2023,41.51
lka,sex_t,est_sizeaggregate_total,mts_details_sgle,2010,45.06
lka,sex_t,est_sizeaggregate_total,mts_details_sgle,2011,44.38
lka,sex_t,est_sizeaggregate_total,mts_details_sgle,2013,44.68
lka,sex_t,est_sizeaggregate_total,mts_details_sgle,2014,45.12
lka,sex_t,est_sizeaggregate_total,mts_details_sgle,2015,45.18
lka,sex_t,est_sizeaggregate_total,mts_details_sgle,2016,45.75
lka,sex_t,est_sizeaggregate_total,mts_details_sgle,2017,46.6
lka,sex_t,est_sizeaggregate_total,mts_details_sgle,2018,45.94
lka,sex_t,est_sizeaggregate_total,mts_details_sgle,2019,45.67
lka,sex_t,est_sizeaggregate_total,mts_details_sgle,2020,43.53
lka,sex_t,est_sizeaggregate_total,mts_details_sgle,2021,43.53
lka,sex_t,est_sizeaggregate_total,mts_details_sgle,2022,43.87
lka,sex_t,est_sizeaggregate_total,mts_details_sgle,2023,43.49
lka,sex_t,est_sizeaggregate_total,mts_details_total,2010,43.79
lka,sex_t,est_sizeaggregate_total,mts_details_total,2011,42.83
lka,sex_t,est_sizeaggregate_total,mts_details_total,2013,43.3
lka,sex_t,est_sizeaggregate_total,mts_details_total,2014,43.78
lka,sex_t,est_sizeaggregate_total,mts_details_total,2015,43.67
lka,sex_t,est_sizeaggregate_total,mts_details_total,2016,44.22
lka,sex_t,est_sizeaggregate_total,mts_details_total,2017,44.73
lka,sex_t,est_sizeaggregate_total,mts_details_total,2018,44.36
lka,sex_t,est_sizeaggregate_total,mts_details_total,2019,43.9
lka,sex_t,est_sizeaggregate_total,mts_details_total,2020,42.39
lka,sex_t,est_sizeaggregate_total,mts_details_total,2021,41.99
lka,sex_t,est_sizeaggregate_total,mts_details_total,2022,41.86
lka,sex_t,est_sizeaggregate_total,mts_details_total,2023,41.72
lka,sex_t,est_sizeaggregate_total,mts_details_wid,2010,38.41
lka,sex_t,est_sizeaggregate_total,mts_details_wid,2011,39.1
lka,sex_t,est_sizeaggregate_total,mts_details_wid,2013,38.1
lka,sex_t,est_sizeaggregate_total,mts_details_wid,2014,39.76
lka,sex_t,est_sizeaggregate_total,mts_details_wid,2015,38.28
lka,sex_t,est_sizeaggregate_total,mts_details_wid,2016,38.6
lka,sex_t,est_sizeaggregate_total,mts_details_wid,2017,40.41
lka,sex_t,est_sizeaggregate_total,mts_details_wid,2018,39.08
lka,sex_t,est_sizeaggregate_total,mts_details_wid,2019,38.71
lka,sex_t,est_sizeaggregate_total,mts_details_wid,2020,37
lka,sex_t,est_sizeaggregate_total,mts_details_wid,2021,38.07
lka,sex_t,est_sizeaggregate_total,mts_details_wid,2022,37.4
lka,sex_t,est_sizeaggregate_total,mts_details_wid,2023,37.16
lka,sex_t,est_sizeaggregate_x,mts_aggregate_1,2010,41.52
lka,sex_t,est_sizeaggregate_x,mts_aggregate_1,2011,40.98
lka,sex_t,est_sizeaggregate_x,mts_aggregate_1,2013,39.86
lka,sex_t,est_sizeaggregate_x,mts_aggregate_1,2014,40.9
lka,sex_t,est_sizeaggregate_x,mts_aggregate_1,2015,40.61
lka,sex_t,est_sizeaggregate_x,mts_aggregate_1,2016,40.74
lka,sex_t,est_sizeaggregate_x,mts_aggregate_1,2017,41.8
lka,sex_t,est_sizeaggregate_x,mts_aggregate_1,2018,40.59
lka,sex_t,est_sizeaggregate_x,mts_aggregate_1,2019,40.64
lka,sex_t,est_sizeaggregate_x,mts_aggregate_1,2020,38.99
lka,sex_t,est_sizeaggregate_x,mts_aggregate_1,2021,38.99
lka,sex_t,est_sizeaggregate_x,mts_aggregate_1,2022,38.38
lka,sex_t,est_sizeaggregate_x,mts_aggregate_1,2023,38.04
lka,sex_t,est_sizeaggregate_x,mts_aggregate_2,2010,42.64
lka,sex_t,est_sizeaggregate_x,mts_aggregate_2,2011,41.78
lka,sex_t,est_sizeaggregate_x,mts_aggregate_2,2013,41.5
lka,sex_t,est_sizeaggregate_x,mts_aggregate_2,2014,42.05
lka,sex_t,est_sizeaggregate_x,mts_aggregate_2,2015,41.61
lka,sex_t,est_sizeaggregate_x,mts_aggregate_2,2016,42.07
lka,sex_t,est_sizeaggregate_x,mts_aggregate_2,2017,42.35
lka,sex_t,est_sizeaggregate_x,mts_aggregate_2,2018,41.99
lka,sex_t,est_sizeaggregate_x,mts_aggregate_2,2019,41.53
lka,sex_t,est_sizeaggregate_x,mts_aggregate_2,2020,40.48
lka,sex_t,est_sizeaggregate_x,mts_aggregate_2,2021,39.6
lka,sex_t,est_sizeaggregate_x,mts_aggregate_2,2022,39.61
lka,sex_t,est_sizeaggregate_x,mts_aggregate_2,2023,39.48
lka,sex_t,est_sizeaggregate_x,mts_aggregate_total,2010,42.4
lka,sex_t,est_sizeaggregate_x,mts_aggregate_total,2011,41.61
lka,sex_t,est_sizeaggregate_x,mts_aggregate_total,2013,41.17
lka,sex_t,est_sizeaggregate_x,mts_aggregate_total,2014,41.83
lka,sex_t,est_sizeaggregate_x,mts_aggregate_total,2015,41.42
lka,sex_t,est_sizeaggregate_x,mts_aggregate_total,2016,41.81
lka,sex_t,est_sizeaggregate_x,mts_aggregate_total,2017,42.24
lka,sex_t,est_sizeaggregate_x,mts_aggregate_total,2018,41.73
lka,sex_t,est_sizeaggregate_x,mts_aggregate_total,2019,41.35
lka,sex_t,est_sizeaggregate_x,mts_aggregate_total,2020,40.19
lka,sex_t,est_sizeaggregate_x,mts_aggregate_total,2021,39.48
lka,sex_t,est_sizeaggregate_x,mts_aggregate_total,2022,39.38
lka,sex_t,est_sizeaggregate_x,mts_aggregate_total,2023,39.19
lka,sex_t,est_sizeaggregate_x,mts_details_mrd,2010,42.64
lka,sex_t,est_sizeaggregate_x,mts_details_mrd,2011,41.78
lka,sex_t,est_sizeaggregate_x,mts_details_mrd,2013,41.5
lka,sex_t,est_sizeaggregate_x,mts_details_mrd,2014,42.05
lka,sex_t,est_sizeaggregate_x,mts_details_mrd,2015,41.61
lka,sex_t,est_sizeaggregate_x,mts_details_mrd,2016,42.07
lka,sex_t,est_sizeaggregate_x,mts_details_mrd,2017,42.35
lka,sex_t,est_sizeaggregate_x,mts_details_mrd,2018,41.99
lka,sex_t,est_sizeaggregate_x,mts_details_mrd,2019,41.53
lka,sex_t,est_sizeaggregate_x,mts_details_mrd,2020,40.48
lka,sex_t,est_sizeaggregate_x,mts_details_mrd,2021,39.6
lka,sex_t,est_sizeaggregate_x,mts_details_mrd,2022,39.61
lka,sex_t,est_sizeaggregate_x,mts_details_mrd,2023,39.48
lka,sex_t,est_sizeaggregate_x,mts_details_sep,2010,38.71
lka,sex_t,est_sizeaggregate_x,mts_details_sep,2011,41.79
lka,sex_t,est_sizeaggregate_x,mts_details_sep,2013,38.04
lka,sex_t,est_sizeaggregate_x,mts_details_sep,2014,39.4
lka,sex_t,est_sizeaggregate_x,mts_details_sep,2015,39.33
lka,sex_t,est_sizeaggregate_x,mts_details_sep,2016,40.5
lka,sex_t,est_sizeaggregate_x,mts_details_sep,2017,41.41
lka,sex_t,est_sizeaggregate_x,mts_details_sep,2018,39.21
lka,sex_t,est_sizeaggregate_x,mts_details_sep,2019,38.62
lka,sex_t,est_sizeaggregate_x,mts_details_sep,2020,38.61
lka,sex_t,est_sizeaggregate_x,mts_details_sep,2021,37.4
lka,sex_t,est_sizeaggregate_x,mts_details_sep,2022,36.99
lka,sex_t,est_sizeaggregate_x,mts_details_sep,2023,38.82
lka,sex_t,est_sizeaggregate_x,mts_details_sgle,2010,43.09
lka,sex_t,est_sizeaggregate_x,mts_details_sgle,2011,41.95
lka,sex_t,est_sizeaggregate_x,mts_details_sgle,2013,41.29
lka,sex_t,est_sizeaggregate_x,mts_details_sgle,2014,41.98
lka,sex_t,est_sizeaggregate_x,mts_details_sgle,2015,42.16
lka,sex_t,est_sizeaggregate_x,mts_details_sgle,2016,42.23
lka,sex_t,est_sizeaggregate_x,mts_details_sgle,2017,43.18
lka,sex_t,est_sizeaggregate_x,mts_details_sgle,2018,42.13
lka,sex_t,est_sizeaggregate_x,mts_details_sgle,2019,42.16
lka,sex_t,est_sizeaggregate_x,mts_details_sgle,2020,40.57
lka,sex_t,est_sizeaggregate_x,mts_details_sgle,2021,40.1
lka,sex_t,est_sizeaggregate_x,mts_details_sgle,2022,39.77
lka,sex_t,est_sizeaggregate_x,mts_details_sgle,2023,39.1
lka,sex_t,est_sizeaggregate_x,mts_details_total,2010,42.4
lka,sex_t,est_sizeaggregate_x,mts_details_total,2011,41.61
lka,sex_t,est_sizeaggregate_x,mts_details_total,2013,41.17
lka,sex_t,est_sizeaggregate_x,mts_details_total,2014,41.83
lka,sex_t,est_sizeaggregate_x,mts_details_total,2015,41.42
lka,sex_t,est_sizeaggregate_x,mts_details_total,2016,41.81
lka,sex_t,est_sizeaggregate_x,mts_details_total,2017,42.24
lka,sex_t,est_sizeaggregate_x,mts_details_total,2018,41.73
lka,sex_t,est_sizeaggregate_x,mts_details_total,2019,41.35
lka,sex_t,est_sizeaggregate_x,mts_details_total,2020,40.19
lka,sex_t,est_sizeaggregate_x,mts_details_total,2021,39.48
lka,sex_t,est_sizeaggregate_x,mts_details_total,2022,39.38
lka,sex_t,est_sizeaggregate_x,mts_details_total,2023,39.19
lka,sex_t,est_sizeaggregate_x,mts_details_wid,2010,35.66
lka,sex_t,est_sizeaggregate_x,mts_details_wid,2011,36.14
lka,sex_t,est_sizeaggregate_x,mts_details_wid,2013,36.06
lka,sex_t,est_sizeaggregate_x,mts_details_wid,2014,38.36
lka,sex_t,est_sizeaggregate_x,mts_details_wid,2015,36.4
lka,sex_t,est_sizeaggregate_x,mts_details_wid,2016,36.88
lka,sex_t,est_sizeaggregate_x,mts_details_wid,2017,38.22
lka,sex_t,est_sizeaggregate_x,mts_details_wid,2018,36.87
lka,sex_t,est_sizeaggregate_x,mts_details_wid,2019,37.59
lka,sex_t,est_sizeaggregate_x,mts_details_wid,2020,35.06
lka,sex_t,est_sizeaggregate_x,mts_details_wid,2021,36.65
lka,sex_t,est_sizeaggregate_x,mts_details_wid,2022,35.34
lka,sex_t,est_sizeaggregate_x,mts_details_wid,2023,35.08
