ref_area,sex,classif1,classif2,time,eip_dwap_sex_age_geo_rt
som,sex_f,age_10yrbands_total,geo_cov_nat,2019,78.539
som,sex_f,age_10yrbands_total,geo_cov_nat,2022,80.016
som,sex_f,age_10yrbands_total,geo_cov_rur,2019,69.176
som,sex_f,age_10yrbands_total,geo_cov_rur,2022,74.964
som,sex_f,age_10yrbands_total,geo_cov_urb,2019,80.31
som,sex_f,age_10yrbands_total,geo_cov_urb,2022,82.525
som,sex_f,age_10yrbands_y15_24,geo_cov_nat,2019,87.991
som,sex_f,age_10yrbands_y15_24,geo_cov_nat,2022,88.832
som,sex_f,age_10yrbands_y15_24,geo_cov_rur,2019,80.48
som,sex_f,age_10yrbands_y15_24,geo_cov_rur,2022,82.238
som,sex_f,age_10yrbands_y15_24,geo_cov_urb,2019,89.222
som,sex_f,age_10yrbands_y15_24,geo_cov_urb,2022,91.778
som,sex_f,age_10yrbands_y25_34,geo_cov_nat,2019,73.487
som,sex_f,age_10yrbands_y25_34,geo_cov_nat,2022,77.809
som,sex_f,age_10yrbands_y25_34,geo_cov_rur,2019,62.228
som,sex_f,age_10yrbands_y25_34,geo_cov_rur,2022,72.468
som,sex_f,age_10yrbands_y25_34,geo_cov_urb,2019,75.949
som,sex_f,age_10yrbands_y25_34,geo_cov_urb,2022,80.686
som,sex_f,age_10yrbands_y35_44,geo_cov_nat,2019,69.506
som,sex_f,age_10yrbands_y35_44,geo_cov_nat,2022,69.415
som,sex_f,age_10yrbands_y35_44,geo_cov_rur,2019,62.527
som,sex_f,age_10yrbands_y35_44,geo_cov_rur,2022,67.733
som,sex_f,age_10yrbands_y35_44,geo_cov_urb,2019,70.895
som,sex_f,age_10yrbands_y35_44,geo_cov_urb,2022,70.359
som,sex_f,age_10yrbands_y45_54,geo_cov_nat,2019,64.924
som,sex_f,age_10yrbands_y45_54,geo_cov_nat,2022,66.198
som,sex_f,age_10yrbands_y45_54,geo_cov_rur,2019,49.913
som,sex_f,age_10yrbands_y45_54,geo_cov_rur,2022,65.29
som,sex_f,age_10yrbands_y45_54,geo_cov_urb,2019,68.009
som,sex_f,age_10yrbands_y45_54,geo_cov_urb,2022,66.618
som,sex_f,age_10yrbands_y55_64,geo_cov_nat,2019,75.499
som,sex_f,age_10yrbands_y55_64,geo_cov_nat,2022,79.088
som,sex_f,age_10yrbands_y55_64,geo_cov_rur,2019,71.668
som,sex_f,age_10yrbands_y55_64,geo_cov_rur,2022,75.423
som,sex_f,age_10yrbands_y55_64,geo_cov_urb,2019,76.123
som,sex_f,age_10yrbands_y55_64,geo_cov_urb,2022,81.169
som,sex_f,age_10yrbands_yge65,geo_cov_nat,2019,93.273
som,sex_f,age_10yrbands_yge65,geo_cov_rur,2019,93.171
som,sex_f,age_10yrbands_yge65,geo_cov_urb,2019,93.293
som,sex_f,age_aggregate_total,geo_cov_nat,2019,78.539
som,sex_f,age_aggregate_total,geo_cov_nat,2022,80.016
som,sex_f,age_aggregate_total,geo_cov_rur,2019,69.176
som,sex_f,age_aggregate_total,geo_cov_rur,2022,74.964
som,sex_f,age_aggregate_total,geo_cov_urb,2019,80.31
som,sex_f,age_aggregate_total,geo_cov_urb,2022,82.525
som,sex_f,age_aggregate_y15_24,geo_cov_nat,2019,87.991
som,sex_f,age_aggregate_y15_24,geo_cov_nat,2022,88.832
som,sex_f,age_aggregate_y15_24,geo_cov_rur,2019,80.48
som,sex_f,age_aggregate_y15_24,geo_cov_rur,2022,82.238
som,sex_f,age_aggregate_y15_24,geo_cov_urb,2019,89.222
som,sex_f,age_aggregate_y15_24,geo_cov_urb,2022,91.778
som,sex_f,age_aggregate_y25_54,geo_cov_nat,2019,70.58
som,sex_f,age_aggregate_y25_54,geo_cov_nat,2022,72.997
som,sex_f,age_aggregate_y25_54,geo_cov_rur,2019,60.16
som,sex_f,age_aggregate_y25_54,geo_cov_rur,2022,69.701
som,sex_f,age_aggregate_y25_54,geo_cov_urb,2019,72.763
som,sex_f,age_aggregate_y25_54,geo_cov_urb,2022,74.751
som,sex_f,age_aggregate_y55_64,geo_cov_nat,2019,75.499
som,sex_f,age_aggregate_y55_64,geo_cov_nat,2022,79.088
som,sex_f,age_aggregate_y55_64,geo_cov_rur,2019,71.668
som,sex_f,age_aggregate_y55_64,geo_cov_rur,2022,75.423
som,sex_f,age_aggregate_y55_64,geo_cov_urb,2019,76.123
som,sex_f,age_aggregate_y55_64,geo_cov_urb,2022,81.169
som,sex_f,age_aggregate_yge65,geo_cov_nat,2019,93.273
som,sex_f,age_aggregate_yge65,geo_cov_rur,2019,93.171
som,sex_f,age_aggregate_yge65,geo_cov_urb,2019,93.293
som,sex_f,age_ythadult_y15_24,geo_cov_nat,2019,87.991
som,sex_f,age_ythadult_y15_24,geo_cov_nat,2022,88.832
som,sex_f,age_ythadult_y15_24,geo_cov_rur,2019,80.48
som,sex_f,age_ythadult_y15_24,geo_cov_rur,2022,82.238
som,sex_f,age_ythadult_y15_24,geo_cov_urb,2019,89.222
som,sex_f,age_ythadult_y15_24,geo_cov_urb,2022,91.778
som,sex_f,age_ythadult_y15_64,geo_cov_nat,2019,77.76
som,sex_f,age_ythadult_y15_64,geo_cov_nat,2022,80.016
som,sex_f,age_ythadult_y15_64,geo_cov_rur,2019,67.843
som,sex_f,age_ythadult_y15_64,geo_cov_rur,2022,74.964
som,sex_f,age_ythadult_y15_64,geo_cov_urb,2019,79.631
som,sex_f,age_ythadult_y15_64,geo_cov_urb,2022,82.525
som,sex_f,age_ythadult_yge15,geo_cov_nat,2019,78.539
som,sex_f,age_ythadult_yge15,geo_cov_nat,2022,80.016
som,sex_f,age_ythadult_yge15,geo_cov_rur,2019,69.176
som,sex_f,age_ythadult_yge15,geo_cov_rur,2022,74.964
som,sex_f,age_ythadult_yge15,geo_cov_urb,2019,80.31
som,sex_f,age_ythadult_yge15,geo_cov_urb,2022,82.525
som,sex_f,age_ythadult_yge25,geo_cov_nat,2019,72.778
som,sex_f,age_ythadult_yge25,geo_cov_nat,2022,73.548
som,sex_f,age_ythadult_yge25,geo_cov_rur,2019,63.477
som,sex_f,age_ythadult_yge25,geo_cov_rur,2022,70.239
som,sex_f,age_ythadult_yge25,geo_cov_urb,2019,74.686
som,sex_f,age_ythadult_yge25,geo_cov_urb,2022,75.32
som,sex_m,age_10yrbands_total,geo_cov_nat,2019,51.966
som,sex_m,age_10yrbands_total,geo_cov_nat,2022,54.958
som,sex_m,age_10yrbands_total,geo_cov_rur,2019,39.388
som,sex_m,age_10yrbands_total,geo_cov_rur,2022,45.852
som,sex_m,age_10yrbands_total,geo_cov_urb,2019,54.566
som,sex_m,age_10yrbands_total,geo_cov_urb,2022,59.472
som,sex_m,age_10yrbands_y15_24,geo_cov_nat,2019,79.752
som,sex_m,age_10yrbands_y15_24,geo_cov_nat,2022,79.792
som,sex_m,age_10yrbands_y15_24,geo_cov_rur,2019,66.154
som,sex_m,age_10yrbands_y15_24,geo_cov_rur,2022,67.041
som,sex_m,age_10yrbands_y15_24,geo_cov_urb,2019,81.835
som,sex_m,age_10yrbands_y15_24,geo_cov_urb,2022,84.726
som,sex_m,age_10yrbands_y25_34,geo_cov_nat,2019,32.306
som,sex_m,age_10yrbands_y25_34,geo_cov_nat,2022,37.746
som,sex_m,age_10yrbands_y25_34,geo_cov_rur,2019,22.135
som,sex_m,age_10yrbands_y25_34,geo_cov_rur,2022,31.004
som,sex_m,age_10yrbands_y25_34,geo_cov_urb,2019,34.826
som,sex_m,age_10yrbands_y25_34,geo_cov_urb,2022,41.504
som,sex_m,age_10yrbands_y35_44,geo_cov_nat,2019,25.673
som,sex_m,age_10yrbands_y35_44,geo_cov_nat,2022,32.191
som,sex_m,age_10yrbands_y35_44,geo_cov_rur,2019,24.487
som,sex_m,age_10yrbands_y35_44,geo_cov_rur,2022,32.327
som,sex_m,age_10yrbands_y35_44,geo_cov_urb,2019,26.008
som,sex_m,age_10yrbands_y35_44,geo_cov_urb,2022,32.097
som,sex_m,age_10yrbands_y45_54,geo_cov_nat,2019,29.507
som,sex_m,age_10yrbands_y45_54,geo_cov_nat,2022,38.539
som,sex_m,age_10yrbands_y45_54,geo_cov_rur,2019,25.212
som,sex_m,age_10yrbands_y45_54,geo_cov_rur,2022,37.71
som,sex_m,age_10yrbands_y45_54,geo_cov_urb,2019,30.369
som,sex_m,age_10yrbands_y45_54,geo_cov_urb,2022,38.963
som,sex_m,age_10yrbands_y55_64,geo_cov_nat,2019,43.578
som,sex_m,age_10yrbands_y55_64,geo_cov_nat,2022,48.716
som,sex_m,age_10yrbands_y55_64,geo_cov_rur,2019,28.528
som,sex_m,age_10yrbands_y55_64,geo_cov_rur,2022,48.876
som,sex_m,age_10yrbands_y55_64,geo_cov_urb,2019,46.828
som,sex_m,age_10yrbands_y55_64,geo_cov_urb,2022,48.634
som,sex_m,age_10yrbands_yge65,geo_cov_nat,2019,72.586
som,sex_m,age_10yrbands_yge65,geo_cov_rur,2019,73.528
som,sex_m,age_10yrbands_yge65,geo_cov_urb,2019,72.363
som,sex_m,age_aggregate_total,geo_cov_nat,2019,51.966
som,sex_m,age_aggregate_total,geo_cov_nat,2022,54.958
som,sex_m,age_aggregate_total,geo_cov_rur,2019,39.388
som,sex_m,age_aggregate_total,geo_cov_rur,2022,45.852
som,sex_m,age_aggregate_total,geo_cov_urb,2019,54.566
som,sex_m,age_aggregate_total,geo_cov_urb,2022,59.472
som,sex_m,age_aggregate_y15_24,geo_cov_nat,2019,79.752
som,sex_m,age_aggregate_y15_24,geo_cov_nat,2022,79.792
som,sex_m,age_aggregate_y15_24,geo_cov_rur,2019,66.154
som,sex_m,age_aggregate_y15_24,geo_cov_rur,2022,67.041
som,sex_m,age_aggregate_y15_24,geo_cov_urb,2019,81.835
som,sex_m,age_aggregate_y15_24,geo_cov_urb,2022,84.726
som,sex_m,age_aggregate_y25_54,geo_cov_nat,2019,29.415
som,sex_m,age_aggregate_y25_54,geo_cov_nat,2022,35.931
som,sex_m,age_aggregate_y25_54,geo_cov_rur,2019,23.615
som,sex_m,age_aggregate_y25_54,geo_cov_rur,2022,32.814
som,sex_m,age_aggregate_y25_54,geo_cov_urb,2019,30.853
som,sex_m,age_aggregate_y25_54,geo_cov_urb,2022,37.78
som,sex_m,age_aggregate_y55_64,geo_cov_nat,2019,43.578
som,sex_m,age_aggregate_y55_64,geo_cov_nat,2022,48.716
som,sex_m,age_aggregate_y55_64,geo_cov_rur,2019,28.528
som,sex_m,age_aggregate_y55_64,geo_cov_rur,2022,48.876
som,sex_m,age_aggregate_y55_64,geo_cov_urb,2019,46.828
som,sex_m,age_aggregate_y55_64,geo_cov_urb,2022,48.634
som,sex_m,age_aggregate_yge65,geo_cov_nat,2019,72.586
som,sex_m,age_aggregate_yge65,geo_cov_rur,2019,73.528
som,sex_m,age_aggregate_yge65,geo_cov_urb,2019,72.363
som,sex_m,age_ythadult_y15_24,geo_cov_nat,2019,79.752
som,sex_m,age_ythadult_y15_24,geo_cov_nat,2022,79.792
som,sex_m,age_ythadult_y15_24,geo_cov_rur,2019,66.154
som,sex_m,age_ythadult_y15_24,geo_cov_rur,2022,67.041
som,sex_m,age_ythadult_y15_24,geo_cov_urb,2019,81.835
som,sex_m,age_ythadult_y15_24,geo_cov_urb,2022,84.726
som,sex_m,age_ythadult_y15_64,geo_cov_nat,2019,50.957
som,sex_m,age_ythadult_y15_64,geo_cov_nat,2022,54.958
som,sex_m,age_ythadult_y15_64,geo_cov_rur,2019,37.513
som,sex_m,age_ythadult_y15_64,geo_cov_rur,2022,45.852
som,sex_m,age_ythadult_y15_64,geo_cov_urb,2019,53.717
som,sex_m,age_ythadult_y15_64,geo_cov_urb,2022,59.472
som,sex_m,age_ythadult_yge15,geo_cov_nat,2019,51.966
som,sex_m,age_ythadult_yge15,geo_cov_nat,2022,54.958
som,sex_m,age_ythadult_yge15,geo_cov_rur,2019,39.388
som,sex_m,age_ythadult_yge15,geo_cov_rur,2022,45.852
som,sex_m,age_ythadult_yge15,geo_cov_urb,2019,54.566
som,sex_m,age_ythadult_yge15,geo_cov_urb,2022,59.472
som,sex_m,age_ythadult_yge25,geo_cov_nat,2019,34.296
som,sex_m,age_ythadult_yge25,geo_cov_nat,2022,37.392
som,sex_m,age_ythadult_yge25,geo_cov_rur,2019,27.835
som,sex_m,age_ythadult_yge25,geo_cov_rur,2022,34.505
som,sex_m,age_ythadult_yge25,geo_cov_urb,2019,35.868
som,sex_m,age_ythadult_yge25,geo_cov_urb,2022,39.076
som,sex_t,age_10yrbands_total,geo_cov_nat,2019,65.97
som,sex_t,age_10yrbands_total,geo_cov_nat,2022,68.531
som,sex_t,age_10yrbands_total,geo_cov_rur,2019,54.539
som,sex_t,age_10yrbands_total,geo_cov_rur,2022,61.63
som,sex_t,age_10yrbands_total,geo_cov_urb,2019,68.226
som,sex_t,age_10yrbands_total,geo_cov_urb,2022,71.955
som,sex_t,age_10yrbands_y15_24,geo_cov_nat,2019,84.04
som,sex_t,age_10yrbands_y15_24,geo_cov_nat,2022,84.736
som,sex_t,age_10yrbands_y15_24,geo_cov_rur,2019,73.819
som,sex_t,age_10yrbands_y15_24,geo_cov_rur,2022,75.732
som,sex_t,age_10yrbands_y15_24,geo_cov_urb,2019,85.662
som,sex_t,age_10yrbands_y15_24,geo_cov_urb,2022,88.509
som,sex_t,age_10yrbands_y25_34,geo_cov_nat,2019,55.595
som,sex_t,age_10yrbands_y25_34,geo_cov_nat,2022,60.849
som,sex_t,age_10yrbands_y25_34,geo_cov_rur,2019,43.803
som,sex_t,age_10yrbands_y25_34,geo_cov_rur,2022,54.688
som,sex_t,age_10yrbands_y25_34,geo_cov_urb,2019,58.321
som,sex_t,age_10yrbands_y25_34,geo_cov_urb,2022,64.216
som,sex_t,age_10yrbands_y35_44,geo_cov_nat,2019,49.616
som,sex_t,age_10yrbands_y35_44,geo_cov_nat,2022,51.932
som,sex_t,age_10yrbands_y35_44,geo_cov_rur,2019,42.587
som,sex_t,age_10yrbands_y35_44,geo_cov_rur,2022,49.955
som,sex_t,age_10yrbands_y35_44,geo_cov_urb,2019,51.271
som,sex_t,age_10yrbands_y35_44,geo_cov_urb,2022,53.158
som,sex_t,age_10yrbands_y45_54,geo_cov_nat,2019,46.417
som,sex_t,age_10yrbands_y45_54,geo_cov_nat,2022,52.121
som,sex_t,age_10yrbands_y45_54,geo_cov_rur,2019,37.128
som,sex_t,age_10yrbands_y45_54,geo_cov_rur,2022,50.775
som,sex_t,age_10yrbands_y45_54,geo_cov_urb,2019,48.302
som,sex_t,age_10yrbands_y45_54,geo_cov_urb,2022,52.777
som,sex_t,age_10yrbands_y55_64,geo_cov_nat,2019,57.258
som,sex_t,age_10yrbands_y55_64,geo_cov_nat,2022,63.281
som,sex_t,age_10yrbands_y55_64,geo_cov_rur,2019,44.569
som,sex_t,age_10yrbands_y55_64,geo_cov_rur,2022,62.03
som,sex_t,age_10yrbands_y55_64,geo_cov_urb,2019,59.704
som,sex_t,age_10yrbands_y55_64,geo_cov_urb,2022,63.956
som,sex_t,age_10yrbands_yge65,geo_cov_nat,2019,83.864
som,sex_t,age_10yrbands_yge65,geo_cov_rur,2019,83.574
som,sex_t,age_10yrbands_yge65,geo_cov_urb,2019,83.927
som,sex_t,age_aggregate_total,geo_cov_nat,2019,65.97
som,sex_t,age_aggregate_total,geo_cov_nat,2022,68.531
som,sex_t,age_aggregate_total,geo_cov_rur,2019,54.539
som,sex_t,age_aggregate_total,geo_cov_rur,2022,61.63
som,sex_t,age_aggregate_total,geo_cov_urb,2019,68.226
som,sex_t,age_aggregate_total,geo_cov_urb,2022,71.955
som,sex_t,age_aggregate_y15_24,geo_cov_nat,2019,84.04
som,sex_t,age_aggregate_y15_24,geo_cov_nat,2022,84.736
som,sex_t,age_aggregate_y15_24,geo_cov_rur,2019,73.819
som,sex_t,age_aggregate_y15_24,geo_cov_rur,2022,75.732
som,sex_t,age_aggregate_y15_24,geo_cov_urb,2019,85.662
som,sex_t,age_aggregate_y15_24,geo_cov_urb,2022,88.509
som,sex_t,age_aggregate_y25_54,geo_cov_nat,2019,51.688
som,sex_t,age_aggregate_y25_54,geo_cov_nat,2022,56.111
som,sex_t,age_aggregate_y25_54,geo_cov_rur,2019,42.14
som,sex_t,age_aggregate_y25_54,geo_cov_rur,2022,52.264
som,sex_t,age_aggregate_y25_54,geo_cov_urb,2019,53.854
som,sex_t,age_aggregate_y25_54,geo_cov_urb,2022,58.263
som,sex_t,age_aggregate_y55_64,geo_cov_nat,2019,57.258
som,sex_t,age_aggregate_y55_64,geo_cov_nat,2022,63.281
som,sex_t,age_aggregate_y55_64,geo_cov_rur,2019,44.569
som,sex_t,age_aggregate_y55_64,geo_cov_rur,2022,62.03
som,sex_t,age_aggregate_y55_64,geo_cov_urb,2019,59.704
som,sex_t,age_aggregate_y55_64,geo_cov_urb,2022,63.956
som,sex_t,age_aggregate_yge65,geo_cov_nat,2019,83.864
som,sex_t,age_aggregate_yge65,geo_cov_rur,2019,83.574
som,sex_t,age_aggregate_yge65,geo_cov_urb,2019,83.927
som,sex_t,age_ythadult_y15_24,geo_cov_nat,2019,84.04
som,sex_t,age_ythadult_y15_24,geo_cov_nat,2022,84.736
som,sex_t,age_ythadult_y15_24,geo_cov_rur,2019,73.819
som,sex_t,age_ythadult_y15_24,geo_cov_rur,2022,75.732
som,sex_t,age_ythadult_y15_24,geo_cov_urb,2019,85.662
som,sex_t,age_ythadult_y15_24,geo_cov_urb,2022,88.509
som,sex_t,age_ythadult_y15_64,geo_cov_nat,2019,65.057
som,sex_t,age_ythadult_y15_64,geo_cov_nat,2022,68.531
som,sex_t,age_ythadult_y15_64,geo_cov_rur,2019,52.934
som,sex_t,age_ythadult_y15_64,geo_cov_rur,2022,61.63
som,sex_t,age_ythadult_y15_64,geo_cov_urb,2019,67.439
som,sex_t,age_ythadult_y15_64,geo_cov_urb,2022,71.955
som,sex_t,age_ythadult_yge15,geo_cov_nat,2019,65.97
som,sex_t,age_ythadult_yge15,geo_cov_nat,2022,68.531
som,sex_t,age_ythadult_yge15,geo_cov_rur,2019,54.539
som,sex_t,age_ythadult_yge15,geo_cov_rur,2022,61.63
som,sex_t,age_ythadult_yge15,geo_cov_urb,2019,68.226
som,sex_t,age_ythadult_yge15,geo_cov_urb,2022,71.955
som,sex_t,age_ythadult_yge25,geo_cov_nat,2019,54.732
som,sex_t,age_ythadult_yge25,geo_cov_nat,2022,56.838
som,sex_t,age_ythadult_yge25,geo_cov_rur,2019,45.522
som,sex_t,age_ythadult_yge25,geo_cov_rur,2022,53.234
som,sex_t,age_ythadult_yge25,geo_cov_urb,2019,56.784
som,sex_t,age_ythadult_yge25,geo_cov_urb,2022,58.847
