ref_area,sex,classif1,classif2,time,emp_pifl_sex_eco_est_rt
bdi,sex_f,eco_aggregate_agr,est_sizeaggregate_s1_4,2014,99.674
bdi,sex_f,eco_aggregate_agr,est_sizeaggregate_s5_49,2014,99.262
bdi,sex_f,eco_aggregate_agr,est_sizeaggregate_total,2014,99.453
bdi,sex_f,eco_aggregate_agr,est_sizeaggregate_x,2014,87.165
bdi,sex_f,eco_aggregate_agr,est_sizedetails_s1,2014,99.505
bdi,sex_f,eco_aggregate_agr,est_sizedetails_s10_19,2014,93.704
bdi,sex_f,eco_aggregate_agr,est_sizedetails_s2_4,2014,99.714
bdi,sex_f,eco_aggregate_agr,est_sizedetails_s5_9,2014,100
bdi,sex_f,eco_aggregate_agr,est_sizedetails_total,2014,99.453
bdi,sex_f,eco_aggregate_agr,est_sizedetails_x,2014,87.165
bdi,sex_f,eco_aggregate_man,est_sizeaggregate_s1_4,2014,99.25
bdi,sex_f,eco_aggregate_man,est_sizeaggregate_total,2014,98.054
bdi,sex_f,eco_aggregate_man,est_sizeaggregate_x,2014,99.01
bdi,sex_f,eco_aggregate_man,est_sizedetails_s1,2014,98.589
bdi,sex_f,eco_aggregate_man,est_sizedetails_s2_4,2014,100
bdi,sex_f,eco_aggregate_man,est_sizedetails_total,2014,98.054
bdi,sex_f,eco_aggregate_man,est_sizedetails_x,2014,99.01
bdi,sex_f,eco_aggregate_mkt,est_sizeaggregate_s1_4,2014,92.149
bdi,sex_f,eco_aggregate_mkt,est_sizeaggregate_s5_49,2014,72.687
bdi,sex_f,eco_aggregate_mkt,est_sizeaggregate_total,2014,81.593
bdi,sex_f,eco_aggregate_mkt,est_sizeaggregate_x,2014,25.77
bdi,sex_f,eco_aggregate_mkt,est_sizedetails_s1,2014,91.149
bdi,sex_f,eco_aggregate_mkt,est_sizedetails_s10_19,2014,63.444
bdi,sex_f,eco_aggregate_mkt,est_sizedetails_s2_4,2014,94.148
bdi,sex_f,eco_aggregate_mkt,est_sizedetails_s5_9,2014,77.17
bdi,sex_f,eco_aggregate_mkt,est_sizedetails_total,2014,81.593
bdi,sex_f,eco_aggregate_mkt,est_sizedetails_x,2014,25.77
bdi,sex_f,eco_aggregate_pub,est_sizeaggregate_s1_4,2014,93.058
bdi,sex_f,eco_aggregate_pub,est_sizeaggregate_s5_49,2014,57.963
bdi,sex_f,eco_aggregate_pub,est_sizeaggregate_total,2014,36.575
bdi,sex_f,eco_aggregate_pub,est_sizeaggregate_x,2014,33.163
bdi,sex_f,eco_aggregate_pub,est_sizedetails_s1,2014,100
bdi,sex_f,eco_aggregate_pub,est_sizedetails_s20_49,2014,47.207
bdi,sex_f,eco_aggregate_pub,est_sizedetails_s2_4,2014,90.11
bdi,sex_f,eco_aggregate_pub,est_sizedetails_s5_9,2014,94.768
bdi,sex_f,eco_aggregate_pub,est_sizedetails_total,2014,36.575
bdi,sex_f,eco_aggregate_pub,est_sizedetails_x,2014,33.163
bdi,sex_f,eco_aggregate_total,est_sizeaggregate_s1_4,2014,99.502
bdi,sex_f,eco_aggregate_total,est_sizeaggregate_s5_49,2014,94.161
bdi,sex_f,eco_aggregate_total,est_sizeaggregate_sge50,2014,63.242
bdi,sex_f,eco_aggregate_total,est_sizeaggregate_total,2014,97.178
bdi,sex_f,eco_aggregate_total,est_sizeaggregate_x,2014,54.265
bdi,sex_f,eco_aggregate_total,est_sizedetails_s1,2014,98.901
bdi,sex_f,eco_aggregate_total,est_sizedetails_s10_19,2014,86.836
bdi,sex_f,eco_aggregate_total,est_sizedetails_s20_49,2014,59.21
bdi,sex_f,eco_aggregate_total,est_sizedetails_s2_4,2014,99.656
bdi,sex_f,eco_aggregate_total,est_sizedetails_s5_9,2014,98.289
bdi,sex_f,eco_aggregate_total,est_sizedetails_sge50,2014,63.242
bdi,sex_f,eco_aggregate_total,est_sizedetails_total,2014,97.178
bdi,sex_f,eco_aggregate_total,est_sizedetails_x,2014,54.265
bdi,sex_f,eco_aggregate_x,est_sizeaggregate_total,2014,100
bdi,sex_f,eco_aggregate_x,est_sizeaggregate_x,2014,100
bdi,sex_f,eco_aggregate_x,est_sizedetails_total,2014,100
bdi,sex_f,eco_aggregate_x,est_sizedetails_x,2014,100
bdi,sex_f,eco_isic4_a,est_sizeaggregate_s1_4,2014,99.674
bdi,sex_f,eco_isic4_a,est_sizeaggregate_s5_49,2014,99.262
bdi,sex_f,eco_isic4_a,est_sizeaggregate_total,2014,99.453
bdi,sex_f,eco_isic4_a,est_sizeaggregate_x,2014,87.165
bdi,sex_f,eco_isic4_c,est_sizeaggregate_s1_4,2014,99.25
bdi,sex_f,eco_isic4_c,est_sizeaggregate_total,2014,98.054
bdi,sex_f,eco_isic4_c,est_sizeaggregate_x,2014,99.01
bdi,sex_f,eco_isic4_g,est_sizeaggregate_s1_4,2014,91.553
bdi,sex_f,eco_isic4_g,est_sizeaggregate_total,2014,90.581
bdi,sex_f,eco_isic4_g,est_sizeaggregate_x,2014,82.505
bdi,sex_f,eco_isic4_h,est_sizeaggregate_total,2014,32.26
bdi,sex_f,eco_isic4_i,est_sizeaggregate_s1_4,2014,95.313
bdi,sex_f,eco_isic4_i,est_sizeaggregate_s5_49,2014,93.76
bdi,sex_f,eco_isic4_i,est_sizeaggregate_total,2014,89.654
bdi,sex_f,eco_isic4_i,est_sizeaggregate_x,2014,58.564
bdi,sex_f,eco_isic4_j,est_sizeaggregate_total,2014,47.987
bdi,sex_f,eco_isic4_p,est_sizeaggregate_s5_49,2014,78.769
bdi,sex_f,eco_isic4_p,est_sizeaggregate_total,2014,4.099
bdi,sex_f,eco_isic4_q,est_sizeaggregate_s5_49,2014,12.225
bdi,sex_f,eco_isic4_q,est_sizeaggregate_total,2014,5.271
bdi,sex_f,eco_isic4_s,est_sizeaggregate_s1_4,2014,89.548
bdi,sex_f,eco_isic4_s,est_sizeaggregate_s5_49,2014,50.864
bdi,sex_f,eco_isic4_s,est_sizeaggregate_total,2014,69.845
bdi,sex_f,eco_isic4_t,est_sizeaggregate_total,2014,100
bdi,sex_f,eco_isic4_t,est_sizeaggregate_x,2014,100
bdi,sex_f,eco_isic4_total,est_sizeaggregate_s1_4,2014,99.502
bdi,sex_f,eco_isic4_total,est_sizeaggregate_s5_49,2014,94.161
bdi,sex_f,eco_isic4_total,est_sizeaggregate_sge50,2014,63.242
bdi,sex_f,eco_isic4_total,est_sizeaggregate_total,2014,97.178
bdi,sex_f,eco_isic4_total,est_sizeaggregate_x,2014,54.265
bdi,sex_f,eco_isic4_x,est_sizeaggregate_total,2014,100
bdi,sex_f,eco_isic4_x,est_sizeaggregate_x,2014,100
bdi,sex_f,eco_sector_agr,est_sizeaggregate_s1_4,2014,99.674
bdi,sex_f,eco_sector_agr,est_sizeaggregate_s5_49,2014,99.262
bdi,sex_f,eco_sector_agr,est_sizeaggregate_total,2014,99.453
bdi,sex_f,eco_sector_agr,est_sizeaggregate_x,2014,87.165
bdi,sex_f,eco_sector_agr,est_sizedetails_s1,2014,99.505
bdi,sex_f,eco_sector_agr,est_sizedetails_s10_19,2014,93.704
bdi,sex_f,eco_sector_agr,est_sizedetails_s2_4,2014,99.714
bdi,sex_f,eco_sector_agr,est_sizedetails_s5_9,2014,100
bdi,sex_f,eco_sector_agr,est_sizedetails_total,2014,99.453
bdi,sex_f,eco_sector_agr,est_sizedetails_x,2014,87.165
bdi,sex_f,eco_sector_ind,est_sizeaggregate_s1_4,2014,99.259
bdi,sex_f,eco_sector_ind,est_sizeaggregate_s5_49,2014,88.6
bdi,sex_f,eco_sector_ind,est_sizeaggregate_total,2014,96.482
bdi,sex_f,eco_sector_ind,est_sizeaggregate_x,2014,92.296
bdi,sex_f,eco_sector_ind,est_sizedetails_s1,2014,98.589
bdi,sex_f,eco_sector_ind,est_sizedetails_s2_4,2014,100
bdi,sex_f,eco_sector_ind,est_sizedetails_total,2014,96.482
bdi,sex_f,eco_sector_ind,est_sizedetails_x,2014,92.296
bdi,sex_f,eco_sector_nag,est_sizeaggregate_s1_4,2014,93.957
bdi,sex_f,eco_sector_nag,est_sizeaggregate_s5_49,2014,68.122
bdi,sex_f,eco_sector_nag,est_sizeaggregate_sge50,2014,51.529
bdi,sex_f,eco_sector_nag,est_sizeaggregate_total,2014,64.102
bdi,sex_f,eco_sector_nag,est_sizeaggregate_x,2014,37.545
bdi,sex_f,eco_sector_nag,est_sizedetails_s1,2014,92.888
bdi,sex_f,eco_sector_nag,est_sizedetails_s10_19,2014,66.161
bdi,sex_f,eco_sector_nag,est_sizedetails_s20_49,2014,54.103
bdi,sex_f,eco_sector_nag,est_sizedetails_s2_4,2014,95.683
bdi,sex_f,eco_sector_nag,est_sizedetails_s5_9,2014,80.776
bdi,sex_f,eco_sector_nag,est_sizedetails_sge50,2014,51.529
bdi,sex_f,eco_sector_nag,est_sizedetails_total,2014,64.102
bdi,sex_f,eco_sector_nag,est_sizedetails_x,2014,37.545
bdi,sex_f,eco_sector_ser,est_sizeaggregate_s1_4,2014,92.194
bdi,sex_f,eco_sector_ser,est_sizeaggregate_s5_49,2014,65.256
bdi,sex_f,eco_sector_ser,est_sizeaggregate_sge50,2014,35.041
bdi,sex_f,eco_sector_ser,est_sizeaggregate_total,2014,57.692
bdi,sex_f,eco_sector_ser,est_sizeaggregate_x,2014,32.324
bdi,sex_f,eco_sector_ser,est_sizedetails_s1,2014,91.352
bdi,sex_f,eco_sector_ser,est_sizedetails_s10_19,2014,61.262
bdi,sex_f,eco_sector_ser,est_sizedetails_s20_49,2014,50.119
bdi,sex_f,eco_sector_ser,est_sizedetails_s2_4,2014,93.745
bdi,sex_f,eco_sector_ser,est_sizedetails_s5_9,2014,81.005
bdi,sex_f,eco_sector_ser,est_sizedetails_sge50,2014,35.041
bdi,sex_f,eco_sector_ser,est_sizedetails_total,2014,57.692
bdi,sex_f,eco_sector_ser,est_sizedetails_x,2014,32.324
bdi,sex_f,eco_sector_total,est_sizeaggregate_s1_4,2014,99.502
bdi,sex_f,eco_sector_total,est_sizeaggregate_s5_49,2014,94.161
bdi,sex_f,eco_sector_total,est_sizeaggregate_sge50,2014,63.242
bdi,sex_f,eco_sector_total,est_sizeaggregate_total,2014,97.178
bdi,sex_f,eco_sector_total,est_sizeaggregate_x,2014,54.265
bdi,sex_f,eco_sector_total,est_sizedetails_s1,2014,98.901
bdi,sex_f,eco_sector_total,est_sizedetails_s10_19,2014,86.836
bdi,sex_f,eco_sector_total,est_sizedetails_s20_49,2014,59.21
bdi,sex_f,eco_sector_total,est_sizedetails_s2_4,2014,99.656
bdi,sex_f,eco_sector_total,est_sizedetails_s5_9,2014,98.289
bdi,sex_f,eco_sector_total,est_sizedetails_sge50,2014,63.242
bdi,sex_f,eco_sector_total,est_sizedetails_total,2014,97.178
bdi,sex_f,eco_sector_total,est_sizedetails_x,2014,54.265
bdi,sex_f,eco_sector_x,est_sizeaggregate_total,2014,100
bdi,sex_f,eco_sector_x,est_sizeaggregate_x,2014,100
bdi,sex_f,eco_sector_x,est_sizedetails_total,2014,100
bdi,sex_f,eco_sector_x,est_sizedetails_x,2014,100
bdi,sex_m,eco_aggregate_agr,est_sizeaggregate_s1_4,2014,99.36
bdi,sex_m,eco_aggregate_agr,est_sizeaggregate_s5_49,2014,97.76
bdi,sex_m,eco_aggregate_agr,est_sizeaggregate_sge50,2014,71.941
bdi,sex_m,eco_aggregate_agr,est_sizeaggregate_total,2014,98.629
bdi,sex_m,eco_aggregate_agr,est_sizeaggregate_x,2014,68.26
bdi,sex_m,eco_aggregate_agr,est_sizedetails_s1,2014,99.886
bdi,sex_m,eco_aggregate_agr,est_sizedetails_s10_19,2014,97.003
bdi,sex_m,eco_aggregate_agr,est_sizedetails_s20_49,2014,66.404
bdi,sex_m,eco_aggregate_agr,est_sizedetails_s2_4,2014,99.321
bdi,sex_m,eco_aggregate_agr,est_sizedetails_s5_9,2014,99.659
bdi,sex_m,eco_aggregate_agr,est_sizedetails_sge50,2014,71.941
bdi,sex_m,eco_aggregate_agr,est_sizedetails_total,2014,98.629
bdi,sex_m,eco_aggregate_agr,est_sizedetails_x,2014,68.26
bdi,sex_m,eco_aggregate_con,est_sizeaggregate_s1_4,2014,93.538
bdi,sex_m,eco_aggregate_con,est_sizeaggregate_s5_49,2014,94.651
bdi,sex_m,eco_aggregate_con,est_sizeaggregate_sge50,2014,73.898
bdi,sex_m,eco_aggregate_con,est_sizeaggregate_total,2014,88.577
bdi,sex_m,eco_aggregate_con,est_sizeaggregate_x,2014,69.141
bdi,sex_m,eco_aggregate_con,est_sizedetails_s1,2014,93.975
bdi,sex_m,eco_aggregate_con,est_sizedetails_s10_19,2014,92.522
bdi,sex_m,eco_aggregate_con,est_sizedetails_s20_49,2014,84.778
bdi,sex_m,eco_aggregate_con,est_sizedetails_s2_4,2014,93.422
bdi,sex_m,eco_aggregate_con,est_sizedetails_s5_9,2014,99.706
bdi,sex_m,eco_aggregate_con,est_sizedetails_sge50,2014,73.898
bdi,sex_m,eco_aggregate_con,est_sizedetails_total,2014,88.577
bdi,sex_m,eco_aggregate_con,est_sizedetails_x,2014,69.141
bdi,sex_m,eco_aggregate_man,est_sizeaggregate_s1_4,2014,93.317
bdi,sex_m,eco_aggregate_man,est_sizeaggregate_s5_49,2014,94.863
bdi,sex_m,eco_aggregate_man,est_sizeaggregate_sge50,2014,64.818
bdi,sex_m,eco_aggregate_man,est_sizeaggregate_total,2014,89.127
bdi,sex_m,eco_aggregate_man,est_sizeaggregate_x,2014,51.656
bdi,sex_m,eco_aggregate_man,est_sizedetails_s1,2014,94.027
bdi,sex_m,eco_aggregate_man,est_sizedetails_s20_49,2014,89.647
bdi,sex_m,eco_aggregate_man,est_sizedetails_s2_4,2014,92.451
bdi,sex_m,eco_aggregate_man,est_sizedetails_s5_9,2014,98.124
bdi,sex_m,eco_aggregate_man,est_sizedetails_sge50,2014,64.818
bdi,sex_m,eco_aggregate_man,est_sizedetails_total,2014,89.127
bdi,sex_m,eco_aggregate_man,est_sizedetails_x,2014,51.656
bdi,sex_m,eco_aggregate_mel,est_sizeaggregate_s1_4,2014,86.308
bdi,sex_m,eco_aggregate_mel,est_sizeaggregate_s5_49,2014,62.947
bdi,sex_m,eco_aggregate_mel,est_sizeaggregate_total,2014,62.726
bdi,sex_m,eco_aggregate_mel,est_sizedetails_s10_19,2014,40.641
bdi,sex_m,eco_aggregate_mel,est_sizedetails_s2_4,2014,97.626
bdi,sex_m,eco_aggregate_mel,est_sizedetails_s5_9,2014,99.299
bdi,sex_m,eco_aggregate_mel,est_sizedetails_total,2014,62.726
bdi,sex_m,eco_aggregate_mkt,est_sizeaggregate_s1_4,2014,90.843
bdi,sex_m,eco_aggregate_mkt,est_sizeaggregate_s5_49,2014,81.988
bdi,sex_m,eco_aggregate_mkt,est_sizeaggregate_sge50,2014,75.89
bdi,sex_m,eco_aggregate_mkt,est_sizeaggregate_total,2014,84.265
bdi,sex_m,eco_aggregate_mkt,est_sizeaggregate_x,2014,23.152
bdi,sex_m,eco_aggregate_mkt,est_sizedetails_s1,2014,92.824
bdi,sex_m,eco_aggregate_mkt,est_sizedetails_s10_19,2014,81.355
bdi,sex_m,eco_aggregate_mkt,est_sizedetails_s20_49,2014,77.912
bdi,sex_m,eco_aggregate_mkt,est_sizedetails_s2_4,2014,87.369
bdi,sex_m,eco_aggregate_mkt,est_sizedetails_s5_9,2014,84.114
bdi,sex_m,eco_aggregate_mkt,est_sizedetails_sge50,2014,75.89
bdi,sex_m,eco_aggregate_mkt,est_sizedetails_total,2014,84.265
bdi,sex_m,eco_aggregate_mkt,est_sizedetails_x,2014,23.152
bdi,sex_m,eco_aggregate_pub,est_sizeaggregate_s1_4,2014,93.103
bdi,sex_m,eco_aggregate_pub,est_sizeaggregate_s5_49,2014,46.307
bdi,sex_m,eco_aggregate_pub,est_sizeaggregate_sge50,2014,29.771
bdi,sex_m,eco_aggregate_pub,est_sizeaggregate_total,2014,51.756
bdi,sex_m,eco_aggregate_pub,est_sizeaggregate_x,2014,42.071
bdi,sex_m,eco_aggregate_pub,est_sizedetails_s1,2014,99.541
bdi,sex_m,eco_aggregate_pub,est_sizedetails_s10_19,2014,41.189
bdi,sex_m,eco_aggregate_pub,est_sizedetails_s20_49,2014,28.566
bdi,sex_m,eco_aggregate_pub,est_sizedetails_s2_4,2014,87.608
bdi,sex_m,eco_aggregate_pub,est_sizedetails_s5_9,2014,69.111
bdi,sex_m,eco_aggregate_pub,est_sizedetails_sge50,2014,29.771
bdi,sex_m,eco_aggregate_pub,est_sizedetails_total,2014,51.756
bdi,sex_m,eco_aggregate_pub,est_sizedetails_x,2014,42.071
bdi,sex_m,eco_aggregate_total,est_sizeaggregate_s1_4,2014,98.308
bdi,sex_m,eco_aggregate_total,est_sizeaggregate_s5_49,2014,86.11
bdi,sex_m,eco_aggregate_total,est_sizeaggregate_sge50,2014,66.978
bdi,sex_m,eco_aggregate_total,est_sizeaggregate_total,2014,93.098
bdi,sex_m,eco_aggregate_total,est_sizeaggregate_x,2014,47.123
bdi,sex_m,eco_aggregate_total,est_sizedetails_s1,2014,96.213
bdi,sex_m,eco_aggregate_total,est_sizedetails_s10_19,2014,79.908
bdi,sex_m,eco_aggregate_total,est_sizedetails_s20_49,2014,65.76
bdi,sex_m,eco_aggregate_total,est_sizedetails_s2_4,2014,98.639
bdi,sex_m,eco_aggregate_total,est_sizedetails_s5_9,2014,94.848
bdi,sex_m,eco_aggregate_total,est_sizedetails_sge50,2014,66.978
bdi,sex_m,eco_aggregate_total,est_sizedetails_total,2014,93.098
bdi,sex_m,eco_aggregate_total,est_sizedetails_x,2014,47.123
bdi,sex_m,eco_isic4_a,est_sizeaggregate_s1_4,2014,99.36
bdi,sex_m,eco_isic4_a,est_sizeaggregate_s5_49,2014,97.76
bdi,sex_m,eco_isic4_a,est_sizeaggregate_sge50,2014,71.941
bdi,sex_m,eco_isic4_a,est_sizeaggregate_total,2014,98.629
bdi,sex_m,eco_isic4_a,est_sizeaggregate_x,2014,68.26
bdi,sex_m,eco_isic4_b,est_sizeaggregate_s1_4,2014,83.778
bdi,sex_m,eco_isic4_b,est_sizeaggregate_s5_49,2014,62.361
bdi,sex_m,eco_isic4_b,est_sizeaggregate_total,2014,68.382
bdi,sex_m,eco_isic4_c,est_sizeaggregate_s1_4,2014,93.317
bdi,sex_m,eco_isic4_c,est_sizeaggregate_s5_49,2014,94.863
bdi,sex_m,eco_isic4_c,est_sizeaggregate_sge50,2014,64.818
bdi,sex_m,eco_isic4_c,est_sizeaggregate_total,2014,89.127
bdi,sex_m,eco_isic4_c,est_sizeaggregate_x,2014,51.656
bdi,sex_m,eco_isic4_f,est_sizeaggregate_s1_4,2014,93.538
bdi,sex_m,eco_isic4_f,est_sizeaggregate_s5_49,2014,94.651
bdi,sex_m,eco_isic4_f,est_sizeaggregate_sge50,2014,73.898
bdi,sex_m,eco_isic4_f,est_sizeaggregate_total,2014,88.577
bdi,sex_m,eco_isic4_f,est_sizeaggregate_x,2014,69.141
bdi,sex_m,eco_isic4_g,est_sizeaggregate_s1_4,2014,90.498
bdi,sex_m,eco_isic4_g,est_sizeaggregate_s5_49,2014,78.698
bdi,sex_m,eco_isic4_g,est_sizeaggregate_total,2014,88.705
bdi,sex_m,eco_isic4_g,est_sizeaggregate_x,2014,55.733
bdi,sex_m,eco_isic4_h,est_sizeaggregate_s1_4,2014,92.679
bdi,sex_m,eco_isic4_h,est_sizeaggregate_s5_49,2014,92.707
bdi,sex_m,eco_isic4_h,est_sizeaggregate_sge50,2014,76.925
bdi,sex_m,eco_isic4_h,est_sizeaggregate_total,2014,83.443
bdi,sex_m,eco_isic4_h,est_sizeaggregate_x,2014,19.526
bdi,sex_m,eco_isic4_i,est_sizeaggregate_s1_4,2014,92.615
bdi,sex_m,eco_isic4_i,est_sizeaggregate_s5_49,2014,79.282
bdi,sex_m,eco_isic4_i,est_sizeaggregate_total,2014,88.573
bdi,sex_m,eco_isic4_i,est_sizeaggregate_x,2014,100
bdi,sex_m,eco_isic4_j,est_sizeaggregate_s1_4,2014,94.592
bdi,sex_m,eco_isic4_j,est_sizeaggregate_total,2014,65.767
bdi,sex_m,eco_isic4_k,est_sizeaggregate_s5_49,2014,77.982
bdi,sex_m,eco_isic4_k,est_sizeaggregate_total,2014,28.552
bdi,sex_m,eco_isic4_m,est_sizeaggregate_s1_4,2014,74.258
bdi,sex_m,eco_isic4_m,est_sizeaggregate_s5_49,2014,79.905
bdi,sex_m,eco_isic4_m,est_sizeaggregate_total,2014,47.484
bdi,sex_m,eco_isic4_n,est_sizeaggregate_s1_4,2014,65.081
bdi,sex_m,eco_isic4_n,est_sizeaggregate_sge50,2014,77.811
bdi,sex_m,eco_isic4_n,est_sizeaggregate_total,2014,48.868
bdi,sex_m,eco_isic4_p,est_sizeaggregate_s5_49,2014,55.949
bdi,sex_m,eco_isic4_p,est_sizeaggregate_total,2014,4.819
bdi,sex_m,eco_isic4_q,est_sizeaggregate_s5_49,2014,37.859
bdi,sex_m,eco_isic4_q,est_sizeaggregate_total,2014,13.801
bdi,sex_m,eco_isic4_r,est_sizeaggregate_s1_4,2014,96.7
bdi,sex_m,eco_isic4_r,est_sizeaggregate_total,2014,90.582
bdi,sex_m,eco_isic4_s,est_sizeaggregate_s1_4,2014,90.865
bdi,sex_m,eco_isic4_s,est_sizeaggregate_s5_49,2014,40.736
bdi,sex_m,eco_isic4_s,est_sizeaggregate_total,2014,73.847
bdi,sex_m,eco_isic4_t,est_sizeaggregate_s1_4,2014,100
bdi,sex_m,eco_isic4_t,est_sizeaggregate_total,2014,97.171
bdi,sex_m,eco_isic4_t,est_sizeaggregate_x,2014,98.32
bdi,sex_m,eco_isic4_total,est_sizeaggregate_s1_4,2014,98.308
bdi,sex_m,eco_isic4_total,est_sizeaggregate_s5_49,2014,86.11
bdi,sex_m,eco_isic4_total,est_sizeaggregate_sge50,2014,66.978
bdi,sex_m,eco_isic4_total,est_sizeaggregate_total,2014,93.098
bdi,sex_m,eco_isic4_total,est_sizeaggregate_x,2014,47.123
bdi,sex_m,eco_sector_agr,est_sizeaggregate_s1_4,2014,99.36
bdi,sex_m,eco_sector_agr,est_sizeaggregate_s5_49,2014,97.76
bdi,sex_m,eco_sector_agr,est_sizeaggregate_sge50,2014,71.941
bdi,sex_m,eco_sector_agr,est_sizeaggregate_total,2014,98.629
bdi,sex_m,eco_sector_agr,est_sizeaggregate_x,2014,68.26
bdi,sex_m,eco_sector_agr,est_sizedetails_s1,2014,99.886
bdi,sex_m,eco_sector_agr,est_sizedetails_s10_19,2014,97.003
bdi,sex_m,eco_sector_agr,est_sizedetails_s20_49,2014,66.404
bdi,sex_m,eco_sector_agr,est_sizedetails_s2_4,2014,99.321
bdi,sex_m,eco_sector_agr,est_sizedetails_s5_9,2014,99.659
bdi,sex_m,eco_sector_agr,est_sizedetails_sge50,2014,71.941
bdi,sex_m,eco_sector_agr,est_sizedetails_total,2014,98.629
bdi,sex_m,eco_sector_agr,est_sizedetails_x,2014,68.26
bdi,sex_m,eco_sector_ind,est_sizeaggregate_s1_4,2014,92.886
bdi,sex_m,eco_sector_ind,est_sizeaggregate_s5_49,2014,87.092
bdi,sex_m,eco_sector_ind,est_sizeaggregate_sge50,2014,70.144
bdi,sex_m,eco_sector_ind,est_sizeaggregate_total,2014,85.248
bdi,sex_m,eco_sector_ind,est_sizeaggregate_x,2014,56.601
bdi,sex_m,eco_sector_ind,est_sizedetails_s1,2014,92.344
bdi,sex_m,eco_sector_ind,est_sizedetails_s10_19,2014,79.134
bdi,sex_m,eco_sector_ind,est_sizedetails_s20_49,2014,76.4
bdi,sex_m,eco_sector_ind,est_sizedetails_s2_4,2014,93.305
bdi,sex_m,eco_sector_ind,est_sizedetails_s5_9,2014,99.32
bdi,sex_m,eco_sector_ind,est_sizedetails_sge50,2014,70.144
bdi,sex_m,eco_sector_ind,est_sizedetails_total,2014,85.248
bdi,sex_m,eco_sector_ind,est_sizedetails_x,2014,56.601
bdi,sex_m,eco_sector_nag,est_sizeaggregate_s1_4,2014,91.676
bdi,sex_m,eco_sector_nag,est_sizeaggregate_s5_49,2014,80.401
bdi,sex_m,eco_sector_nag,est_sizeaggregate_sge50,2014,65.98
bdi,sex_m,eco_sector_nag,est_sizeaggregate_total,2014,74.492
bdi,sex_m,eco_sector_nag,est_sizeaggregate_x,2014,42.147
bdi,sex_m,eco_sector_nag,est_sizedetails_s1,2014,93.354
bdi,sex_m,eco_sector_nag,est_sizedetails_s10_19,2014,76.66
bdi,sex_m,eco_sector_nag,est_sizedetails_s20_49,2014,65.695
bdi,sex_m,eco_sector_nag,est_sizedetails_s2_4,2014,89.538
bdi,sex_m,eco_sector_nag,est_sizedetails_s5_9,2014,90.525
bdi,sex_m,eco_sector_nag,est_sizedetails_sge50,2014,65.98
bdi,sex_m,eco_sector_nag,est_sizedetails_total,2014,74.492
bdi,sex_m,eco_sector_nag,est_sizedetails_x,2014,42.147
bdi,sex_m,eco_sector_ser,est_sizeaggregate_s1_4,2014,91.205
bdi,sex_m,eco_sector_ser,est_sizeaggregate_s5_49,2014,71.558
bdi,sex_m,eco_sector_ser,est_sizeaggregate_sge50,2014,62.906
bdi,sex_m,eco_sector_ser,est_sizeaggregate_total,2014,70.114
bdi,sex_m,eco_sector_ser,est_sizeaggregate_x,2014,39.897
bdi,sex_m,eco_sector_ser,est_sizedetails_s1,2014,93.636
bdi,sex_m,eco_sector_ser,est_sizedetails_s10_19,2014,69.787
bdi,sex_m,eco_sector_ser,est_sizedetails_s20_49,2014,57.672
bdi,sex_m,eco_sector_ser,est_sizedetails_s2_4,2014,87.422
bdi,sex_m,eco_sector_ser,est_sizedetails_s5_9,2014,80.791
bdi,sex_m,eco_sector_ser,est_sizedetails_sge50,2014,62.906
bdi,sex_m,eco_sector_ser,est_sizedetails_total,2014,70.114
bdi,sex_m,eco_sector_ser,est_sizedetails_x,2014,39.897
bdi,sex_m,eco_sector_total,est_sizeaggregate_s1_4,2014,98.308
bdi,sex_m,eco_sector_total,est_sizeaggregate_s5_49,2014,86.11
bdi,sex_m,eco_sector_total,est_sizeaggregate_sge50,2014,66.978
bdi,sex_m,eco_sector_total,est_sizeaggregate_total,2014,93.098
bdi,sex_m,eco_sector_total,est_sizeaggregate_x,2014,47.123
bdi,sex_m,eco_sector_total,est_sizedetails_s1,2014,96.213
bdi,sex_m,eco_sector_total,est_sizedetails_s10_19,2014,79.908
bdi,sex_m,eco_sector_total,est_sizedetails_s20_49,2014,65.76
bdi,sex_m,eco_sector_total,est_sizedetails_s2_4,2014,98.639
bdi,sex_m,eco_sector_total,est_sizedetails_s5_9,2014,94.848
bdi,sex_m,eco_sector_total,est_sizedetails_sge50,2014,66.978
bdi,sex_m,eco_sector_total,est_sizedetails_total,2014,93.098
bdi,sex_m,eco_sector_total,est_sizedetails_x,2014,47.123
bdi,sex_t,eco_aggregate_agr,est_sizeaggregate_s1_4,2014,99.548
bdi,sex_t,eco_aggregate_agr,est_sizeaggregate_s5_49,2014,98.585
bdi,sex_t,eco_aggregate_agr,est_sizeaggregate_sge50,2014,78.474
bdi,sex_t,eco_aggregate_agr,est_sizeaggregate_total,2014,99.12
bdi,sex_t,eco_aggregate_agr,est_sizeaggregate_x,2014,78.719
bdi,sex_t,eco_aggregate_agr,est_sizedetails_s1,2014,99.58
bdi,sex_t,eco_aggregate_agr,est_sizedetails_s10_19,2014,95.227
bdi,sex_t,eco_aggregate_agr,est_sizedetails_s20_49,2014,72.707
bdi,sex_t,eco_aggregate_agr,est_sizedetails_s2_4,2014,99.543
bdi,sex_t,eco_aggregate_agr,est_sizedetails_s5_9,2014,99.85
bdi,sex_t,eco_aggregate_agr,est_sizedetails_sge50,2014,78.474
bdi,sex_t,eco_aggregate_agr,est_sizedetails_total,2014,99.12
bdi,sex_t,eco_aggregate_agr,est_sizedetails_x,2014,78.719
bdi,sex_t,eco_aggregate_con,est_sizeaggregate_s1_4,2014,93.619
bdi,sex_t,eco_aggregate_con,est_sizeaggregate_s5_49,2014,94.289
bdi,sex_t,eco_aggregate_con,est_sizeaggregate_sge50,2014,73.898
bdi,sex_t,eco_aggregate_con,est_sizeaggregate_total,2014,88.255
bdi,sex_t,eco_aggregate_con,est_sizeaggregate_x,2014,67.976
bdi,sex_t,eco_aggregate_con,est_sizedetails_s1,2014,93.975
bdi,sex_t,eco_aggregate_con,est_sizedetails_s10_19,2014,92.522
bdi,sex_t,eco_aggregate_con,est_sizedetails_s20_49,2014,85.988
bdi,sex_t,eco_aggregate_con,est_sizedetails_s2_4,2014,93.527
bdi,sex_t,eco_aggregate_con,est_sizedetails_s5_9,2014,98.615
bdi,sex_t,eco_aggregate_con,est_sizedetails_sge50,2014,73.898
bdi,sex_t,eco_aggregate_con,est_sizedetails_total,2014,88.255
bdi,sex_t,eco_aggregate_con,est_sizedetails_x,2014,67.976
bdi,sex_t,eco_aggregate_man,est_sizeaggregate_s1_4,2014,94.971
bdi,sex_t,eco_aggregate_man,est_sizeaggregate_s5_49,2014,95.301
bdi,sex_t,eco_aggregate_man,est_sizeaggregate_sge50,2014,69.578
bdi,sex_t,eco_aggregate_man,est_sizeaggregate_total,2014,91.649
bdi,sex_t,eco_aggregate_man,est_sizeaggregate_x,2014,72.944
bdi,sex_t,eco_aggregate_man,est_sizedetails_s1,2014,95.27
bdi,sex_t,eco_aggregate_man,est_sizedetails_s20_49,2014,89.647
bdi,sex_t,eco_aggregate_man,est_sizedetails_s2_4,2014,94.614
bdi,sex_t,eco_aggregate_man,est_sizedetails_s5_9,2014,98.303
bdi,sex_t,eco_aggregate_man,est_sizedetails_sge50,2014,69.578
bdi,sex_t,eco_aggregate_man,est_sizedetails_total,2014,91.649
bdi,sex_t,eco_aggregate_man,est_sizedetails_x,2014,72.944
bdi,sex_t,eco_aggregate_mel,est_sizeaggregate_s1_4,2014,86.308
bdi,sex_t,eco_aggregate_mel,est_sizeaggregate_s5_49,2014,62.947
bdi,sex_t,eco_aggregate_mel,est_sizeaggregate_total,2014,62.401
bdi,sex_t,eco_aggregate_mel,est_sizedetails_s10_19,2014,40.641
bdi,sex_t,eco_aggregate_mel,est_sizedetails_s2_4,2014,97.626
bdi,sex_t,eco_aggregate_mel,est_sizedetails_s5_9,2014,99.299
bdi,sex_t,eco_aggregate_mel,est_sizedetails_total,2014,62.401
bdi,sex_t,eco_aggregate_mkt,est_sizeaggregate_s1_4,2014,91.178
bdi,sex_t,eco_aggregate_mkt,est_sizeaggregate_s5_49,2014,80.659
bdi,sex_t,eco_aggregate_mkt,est_sizeaggregate_sge50,2014,72.273
bdi,sex_t,eco_aggregate_mkt,est_sizeaggregate_total,2014,83.597
bdi,sex_t,eco_aggregate_mkt,est_sizeaggregate_x,2014,24.128
bdi,sex_t,eco_aggregate_mkt,est_sizedetails_s1,2014,92.38
bdi,sex_t,eco_aggregate_mkt,est_sizedetails_s10_19,2014,78.627
bdi,sex_t,eco_aggregate_mkt,est_sizedetails_s20_49,2014,76.896
bdi,sex_t,eco_aggregate_mkt,est_sizedetails_s2_4,2014,88.999
bdi,sex_t,eco_aggregate_mkt,est_sizedetails_s5_9,2014,82.953
bdi,sex_t,eco_aggregate_mkt,est_sizedetails_sge50,2014,72.273
bdi,sex_t,eco_aggregate_mkt,est_sizedetails_total,2014,83.597
bdi,sex_t,eco_aggregate_mkt,est_sizedetails_x,2014,24.128
bdi,sex_t,eco_aggregate_pub,est_sizeaggregate_s1_4,2014,93.099
bdi,sex_t,eco_aggregate_pub,est_sizeaggregate_s5_49,2014,49.703
bdi,sex_t,eco_aggregate_pub,est_sizeaggregate_sge50,2014,27.327
bdi,sex_t,eco_aggregate_pub,est_sizeaggregate_total,2014,46.767
bdi,sex_t,eco_aggregate_pub,est_sizeaggregate_x,2014,38.719
bdi,sex_t,eco_aggregate_pub,est_sizedetails_s1,2014,99.568
bdi,sex_t,eco_aggregate_pub,est_sizedetails_s10_19,2014,46.218
bdi,sex_t,eco_aggregate_pub,est_sizedetails_s20_49,2014,35.593
bdi,sex_t,eco_aggregate_pub,est_sizedetails_s2_4,2014,87.884
bdi,sex_t,eco_aggregate_pub,est_sizedetails_s5_9,2014,73.328
bdi,sex_t,eco_aggregate_pub,est_sizedetails_sge50,2014,27.327
bdi,sex_t,eco_aggregate_pub,est_sizedetails_total,2014,46.767
bdi,sex_t,eco_aggregate_pub,est_sizedetails_x,2014,38.719
bdi,sex_t,eco_aggregate_total,est_sizeaggregate_s1_4,2014,98.989
bdi,sex_t,eco_aggregate_total,est_sizeaggregate_s5_49,2014,88.718
bdi,sex_t,eco_aggregate_total,est_sizeaggregate_sge50,2014,66.329
bdi,sex_t,eco_aggregate_total,est_sizeaggregate_total,2014,95.337
bdi,sex_t,eco_aggregate_total,est_sizeaggregate_x,2014,50.064
bdi,sex_t,eco_aggregate_total,est_sizedetails_s1,2014,98
bdi,sex_t,eco_aggregate_total,est_sizedetails_s10_19,2014,81.284
bdi,sex_t,eco_aggregate_total,est_sizedetails_s20_49,2014,64.719
bdi,sex_t,eco_aggregate_total,est_sizedetails_s2_4,2014,99.198
bdi,sex_t,eco_aggregate_total,est_sizedetails_s5_9,2014,96.224
bdi,sex_t,eco_aggregate_total,est_sizedetails_sge50,2014,66.329
bdi,sex_t,eco_aggregate_total,est_sizedetails_total,2014,95.337
bdi,sex_t,eco_aggregate_total,est_sizedetails_x,2014,50.064
bdi,sex_t,eco_aggregate_x,est_sizeaggregate_total,2014,100
bdi,sex_t,eco_aggregate_x,est_sizeaggregate_x,2014,100
bdi,sex_t,eco_aggregate_x,est_sizedetails_total,2014,100
bdi,sex_t,eco_aggregate_x,est_sizedetails_x,2014,100
bdi,sex_t,eco_isic4_a,est_sizeaggregate_s1_4,2014,99.548
bdi,sex_t,eco_isic4_a,est_sizeaggregate_s5_49,2014,98.585
bdi,sex_t,eco_isic4_a,est_sizeaggregate_sge50,2014,78.474
bdi,sex_t,eco_isic4_a,est_sizeaggregate_total,2014,99.12
bdi,sex_t,eco_isic4_a,est_sizeaggregate_x,2014,78.719
bdi,sex_t,eco_isic4_b,est_sizeaggregate_s1_4,2014,83.778
bdi,sex_t,eco_isic4_b,est_sizeaggregate_s5_49,2014,62.361
bdi,sex_t,eco_isic4_b,est_sizeaggregate_total,2014,68.382
bdi,sex_t,eco_isic4_c,est_sizeaggregate_s1_4,2014,94.971
bdi,sex_t,eco_isic4_c,est_sizeaggregate_s5_49,2014,95.301
bdi,sex_t,eco_isic4_c,est_sizeaggregate_sge50,2014,69.578
bdi,sex_t,eco_isic4_c,est_sizeaggregate_total,2014,91.649
bdi,sex_t,eco_isic4_c,est_sizeaggregate_x,2014,72.944
bdi,sex_t,eco_isic4_f,est_sizeaggregate_s1_4,2014,93.619
bdi,sex_t,eco_isic4_f,est_sizeaggregate_s5_49,2014,94.289
bdi,sex_t,eco_isic4_f,est_sizeaggregate_sge50,2014,73.898
bdi,sex_t,eco_isic4_f,est_sizeaggregate_total,2014,88.255
bdi,sex_t,eco_isic4_f,est_sizeaggregate_x,2014,67.976
bdi,sex_t,eco_isic4_g,est_sizeaggregate_s1_4,2014,90.831
bdi,sex_t,eco_isic4_g,est_sizeaggregate_s5_49,2014,76.471
bdi,sex_t,eco_isic4_g,est_sizeaggregate_total,2014,89.27
bdi,sex_t,eco_isic4_g,est_sizeaggregate_x,2014,66.959
bdi,sex_t,eco_isic4_h,est_sizeaggregate_s1_4,2014,92.763
bdi,sex_t,eco_isic4_h,est_sizeaggregate_s5_49,2014,92.931
bdi,sex_t,eco_isic4_h,est_sizeaggregate_sge50,2014,70.627
bdi,sex_t,eco_isic4_h,est_sizeaggregate_total,2014,81.548
bdi,sex_t,eco_isic4_h,est_sizeaggregate_x,2014,16.985
bdi,sex_t,eco_isic4_i,est_sizeaggregate_s1_4,2014,93.584
bdi,sex_t,eco_isic4_i,est_sizeaggregate_s5_49,2014,83.052
bdi,sex_t,eco_isic4_i,est_sizeaggregate_total,2014,88.949
bdi,sex_t,eco_isic4_i,est_sizeaggregate_x,2014,72.614
bdi,sex_t,eco_isic4_j,est_sizeaggregate_s1_4,2014,95.371
bdi,sex_t,eco_isic4_j,est_sizeaggregate_total,2014,60.771
bdi,sex_t,eco_isic4_k,est_sizeaggregate_s5_49,2014,57.388
bdi,sex_t,eco_isic4_k,est_sizeaggregate_total,2014,17.54
bdi,sex_t,eco_isic4_m,est_sizeaggregate_s1_4,2014,74.258
bdi,sex_t,eco_isic4_m,est_sizeaggregate_s5_49,2014,79.905
bdi,sex_t,eco_isic4_m,est_sizeaggregate_total,2014,40.113
bdi,sex_t,eco_isic4_n,est_sizeaggregate_s1_4,2014,65.548
bdi,sex_t,eco_isic4_n,est_sizeaggregate_sge50,2014,73.482
bdi,sex_t,eco_isic4_n,est_sizeaggregate_total,2014,46.705
bdi,sex_t,eco_isic4_o,est_sizeaggregate_total,2014,3.655
bdi,sex_t,eco_isic4_p,est_sizeaggregate_s5_49,2014,63.267
bdi,sex_t,eco_isic4_p,est_sizeaggregate_total,2014,4.511
bdi,sex_t,eco_isic4_q,est_sizeaggregate_s1_4,2014,68.491
bdi,sex_t,eco_isic4_q,est_sizeaggregate_s5_49,2014,28.334
bdi,sex_t,eco_isic4_q,est_sizeaggregate_total,2014,10.35
bdi,sex_t,eco_isic4_r,est_sizeaggregate_s1_4,2014,96.72
bdi,sex_t,eco_isic4_r,est_sizeaggregate_s5_49,2014,100
bdi,sex_t,eco_isic4_r,est_sizeaggregate_total,2014,88.893
bdi,sex_t,eco_isic4_s,est_sizeaggregate_s1_4,2014,90.738
bdi,sex_t,eco_isic4_s,est_sizeaggregate_s5_49,2014,43.089
bdi,sex_t,eco_isic4_s,est_sizeaggregate_total,2014,73.344
bdi,sex_t,eco_isic4_t,est_sizeaggregate_s1_4,2014,100
bdi,sex_t,eco_isic4_t,est_sizeaggregate_total,2014,98.001
bdi,sex_t,eco_isic4_t,est_sizeaggregate_x,2014,98.856
bdi,sex_t,eco_isic4_total,est_sizeaggregate_s1_4,2014,98.989
bdi,sex_t,eco_isic4_total,est_sizeaggregate_s5_49,2014,88.718
bdi,sex_t,eco_isic4_total,est_sizeaggregate_sge50,2014,66.329
bdi,sex_t,eco_isic4_total,est_sizeaggregate_total,2014,95.337
bdi,sex_t,eco_isic4_total,est_sizeaggregate_x,2014,50.064
bdi,sex_t,eco_isic4_x,est_sizeaggregate_total,2014,100
bdi,sex_t,eco_isic4_x,est_sizeaggregate_x,2014,100
bdi,sex_t,eco_sector_agr,est_sizeaggregate_s1_4,2014,99.548
bdi,sex_t,eco_sector_agr,est_sizeaggregate_s5_49,2014,98.585
bdi,sex_t,eco_sector_agr,est_sizeaggregate_sge50,2014,78.474
bdi,sex_t,eco_sector_agr,est_sizeaggregate_total,2014,99.12
bdi,sex_t,eco_sector_agr,est_sizeaggregate_x,2014,78.719
bdi,sex_t,eco_sector_agr,est_sizedetails_s1,2014,99.58
bdi,sex_t,eco_sector_agr,est_sizedetails_s10_19,2014,95.227
bdi,sex_t,eco_sector_agr,est_sizedetails_s20_49,2014,72.707
bdi,sex_t,eco_sector_agr,est_sizedetails_s2_4,2014,99.543
bdi,sex_t,eco_sector_agr,est_sizedetails_s5_9,2014,99.85
bdi,sex_t,eco_sector_agr,est_sizedetails_sge50,2014,78.474
bdi,sex_t,eco_sector_agr,est_sizedetails_total,2014,99.12
bdi,sex_t,eco_sector_agr,est_sizedetails_x,2014,78.719
bdi,sex_t,eco_sector_ind,est_sizeaggregate_s1_4,2014,94.2
bdi,sex_t,eco_sector_ind,est_sizeaggregate_s5_49,2014,87.129
bdi,sex_t,eco_sector_ind,est_sizeaggregate_sge50,2014,71.32
bdi,sex_t,eco_sector_ind,est_sizeaggregate_total,2014,86.927
bdi,sex_t,eco_sector_ind,est_sizeaggregate_x,2014,63.354
bdi,sex_t,eco_sector_ind,est_sizedetails_s1,2014,93.831
bdi,sex_t,eco_sector_ind,est_sizedetails_s10_19,2014,79.394
bdi,sex_t,eco_sector_ind,est_sizedetails_s20_49,2014,77.186
bdi,sex_t,eco_sector_ind,est_sizedetails_s2_4,2014,94.508
bdi,sex_t,eco_sector_ind,est_sizedetails_s5_9,2014,98.676
bdi,sex_t,eco_sector_ind,est_sizedetails_sge50,2014,71.32
bdi,sex_t,eco_sector_ind,est_sizedetails_total,2014,86.927
bdi,sex_t,eco_sector_ind,est_sizedetails_x,2014,63.354
bdi,sex_t,eco_sector_nag,est_sizeaggregate_s1_4,2014,92.192
bdi,sex_t,eco_sector_nag,est_sizeaggregate_s5_49,2014,79.115
bdi,sex_t,eco_sector_nag,est_sizeaggregate_sge50,2014,63.658
bdi,sex_t,eco_sector_nag,est_sizeaggregate_total,2014,71.847
bdi,sex_t,eco_sector_nag,est_sizeaggregate_x,2014,40.47
bdi,sex_t,eco_sector_nag,est_sizedetails_s1,2014,93.24
bdi,sex_t,eco_sector_nag,est_sizedetails_s10_19,2014,75.941
bdi,sex_t,eco_sector_nag,est_sizedetails_s20_49,2014,63.887
bdi,sex_t,eco_sector_nag,est_sizedetails_s2_4,2014,90.784
bdi,sex_t,eco_sector_nag,est_sizedetails_s5_9,2014,89.538
bdi,sex_t,eco_sector_nag,est_sizedetails_sge50,2014,63.658
bdi,sex_t,eco_sector_nag,est_sizedetails_total,2014,71.847
bdi,sex_t,eco_sector_nag,est_sizedetails_x,2014,40.47
bdi,sex_t,eco_sector_ser,est_sizeaggregate_s1_4,2014,91.436
bdi,sex_t,eco_sector_ser,est_sizeaggregate_s5_49,2014,70.346
bdi,sex_t,eco_sector_ser,est_sizeaggregate_sge50,2014,58.154
bdi,sex_t,eco_sector_ser,est_sizeaggregate_total,2014,66.556
bdi,sex_t,eco_sector_ser,est_sizeaggregate_x,2014,37.051
bdi,sex_t,eco_sector_ser,est_sizedetails_s1,2014,93.076
bdi,sex_t,eco_sector_ser,est_sizedetails_s10_19,2014,68.122
bdi,sex_t,eco_sector_ser,est_sizedetails_s20_49,2014,55.94
bdi,sex_t,eco_sector_ser,est_sizedetails_s2_4,2014,88.782
bdi,sex_t,eco_sector_ser,est_sizedetails_s5_9,2014,80.827
bdi,sex_t,eco_sector_ser,est_sizedetails_sge50,2014,58.154
bdi,sex_t,eco_sector_ser,est_sizedetails_total,2014,66.556
bdi,sex_t,eco_sector_ser,est_sizedetails_x,2014,37.051
bdi,sex_t,eco_sector_total,est_sizeaggregate_s1_4,2014,98.989
bdi,sex_t,eco_sector_total,est_sizeaggregate_s5_49,2014,88.718
bdi,sex_t,eco_sector_total,est_sizeaggregate_sge50,2014,66.329
bdi,sex_t,eco_sector_total,est_sizeaggregate_total,2014,95.337
bdi,sex_t,eco_sector_total,est_sizeaggregate_x,2014,50.064
bdi,sex_t,eco_sector_total,est_sizedetails_s1,2014,98
bdi,sex_t,eco_sector_total,est_sizedetails_s10_19,2014,81.284
bdi,sex_t,eco_sector_total,est_sizedetails_s20_49,2014,64.719
bdi,sex_t,eco_sector_total,est_sizedetails_s2_4,2014,99.198
bdi,sex_t,eco_sector_total,est_sizedetails_s5_9,2014,96.224
bdi,sex_t,eco_sector_total,est_sizedetails_sge50,2014,66.329
bdi,sex_t,eco_sector_total,est_sizedetails_total,2014,95.337
bdi,sex_t,eco_sector_total,est_sizedetails_x,2014,50.064
bdi,sex_t,eco_sector_x,est_sizeaggregate_total,2014,100
bdi,sex_t,eco_sector_x,est_sizeaggregate_x,2014,100
bdi,sex_t,eco_sector_x,est_sizedetails_total,2014,100
bdi,sex_t,eco_sector_x,est_sizedetails_x,2014,100
