ref_area,sex,classif1,time,eap_2eap_sex_age_nb
brb,sex_f,age_aggregate_total,1990,62.507
brb,sex_f,age_aggregate_total,1991,62.933
brb,sex_f,age_aggregate_total,1992,63.341
brb,sex_f,age_aggregate_total,1993,64.381
brb,sex_f,age_aggregate_total,1994,65.367
brb,sex_f,age_aggregate_total,1995,67.008
brb,sex_f,age_aggregate_total,1996,67.55
brb,sex_f,age_aggregate_total,1997,67.209
brb,sex_f,age_aggregate_total,1998,67.725
brb,sex_f,age_aggregate_total,1999,68.184
brb,sex_f,age_aggregate_total,2000,68.437
brb,sex_f,age_aggregate_total,2001,68.886
brb,sex_f,age_aggregate_total,2002,69.661
brb,sex_f,age_aggregate_total,2003,70.396
brb,sex_f,age_aggregate_total,2004,71.748
brb,sex_f,age_aggregate_total,2005,72.396
brb,sex_f,age_aggregate_total,2006,73.068
brb,sex_f,age_aggregate_total,2007,73.732
brb,sex_f,age_aggregate_total,2008,74.305
brb,sex_f,age_aggregate_total,2009,74.736
brb,sex_f,age_aggregate_total,2010,75.01
brb,sex_f,age_aggregate_total,2011,75.191
brb,sex_f,age_aggregate_total,2012,73.867
brb,sex_f,age_aggregate_total,2013,75.523
brb,sex_f,age_aggregate_total,2014,74.957
brb,sex_f,age_aggregate_total,2015,73.533
brb,sex_f,age_aggregate_total,2016,74.842
brb,sex_f,age_aggregate_total,2017,75.165
brb,sex_f,age_aggregate_total,2018,74.391
brb,sex_f,age_aggregate_total,2019,74.626
brb,sex_f,age_aggregate_total,2020,72.582
brb,sex_f,age_aggregate_total,2021,71.936
brb,sex_f,age_aggregate_total,2022,74.762
brb,sex_f,age_aggregate_total,2023,75.033
brb,sex_f,age_aggregate_total,2024,75.546
brb,sex_f,age_aggregate_total,2025,75.303
brb,sex_f,age_aggregate_total,2026,74.981
brb,sex_f,age_aggregate_total,2027,74.626
brb,sex_f,age_aggregate_y15_24,1990,14.302
brb,sex_f,age_aggregate_y15_24,1991,13.681
brb,sex_f,age_aggregate_y15_24,1992,13.061
brb,sex_f,age_aggregate_y15_24,1993,12.601
brb,sex_f,age_aggregate_y15_24,1994,12.136
brb,sex_f,age_aggregate_y15_24,1995,12.991
brb,sex_f,age_aggregate_y15_24,1996,12.538
brb,sex_f,age_aggregate_y15_24,1997,11.716
brb,sex_f,age_aggregate_y15_24,1998,11.343
brb,sex_f,age_aggregate_y15_24,1999,11.042
brb,sex_f,age_aggregate_y15_24,2000,10.768
brb,sex_f,age_aggregate_y15_24,2001,10.586
brb,sex_f,age_aggregate_y15_24,2002,10.472
brb,sex_f,age_aggregate_y15_24,2003,10.343
brb,sex_f,age_aggregate_y15_24,2004,9.922
brb,sex_f,age_aggregate_y15_24,2005,9.937
brb,sex_f,age_aggregate_y15_24,2006,9.949
brb,sex_f,age_aggregate_y15_24,2007,9.882
brb,sex_f,age_aggregate_y15_24,2008,9.733
brb,sex_f,age_aggregate_y15_24,2009,9.558
brb,sex_f,age_aggregate_y15_24,2010,9.396
brb,sex_f,age_aggregate_y15_24,2011,9.257
brb,sex_f,age_aggregate_y15_24,2012,7.924
brb,sex_f,age_aggregate_y15_24,2013,7.813
brb,sex_f,age_aggregate_y15_24,2014,8.61
brb,sex_f,age_aggregate_y15_24,2015,7.063
brb,sex_f,age_aggregate_y15_24,2016,7.941
brb,sex_f,age_aggregate_y15_24,2017,7.252
brb,sex_f,age_aggregate_y15_24,2018,7.406
brb,sex_f,age_aggregate_y15_24,2019,7.665
brb,sex_f,age_aggregate_y15_24,2020,7.327
brb,sex_f,age_aggregate_y15_24,2021,7.21
brb,sex_f,age_aggregate_y15_24,2022,7.634
brb,sex_f,age_aggregate_y15_24,2023,8.573
brb,sex_f,age_aggregate_y15_24,2024,8.711
brb,sex_f,age_aggregate_y15_24,2025,8.661
brb,sex_f,age_aggregate_y15_24,2026,8.567
brb,sex_f,age_aggregate_y15_24,2027,8.466
brb,sex_f,age_aggregate_y25_54,1990,44.153
brb,sex_f,age_aggregate_y25_54,1991,44.998
brb,sex_f,age_aggregate_y25_54,1992,45.773
brb,sex_f,age_aggregate_y25_54,1993,46.922
brb,sex_f,age_aggregate_y25_54,1994,48.027
brb,sex_f,age_aggregate_y25_54,1995,49.332
brb,sex_f,age_aggregate_y25_54,1996,49.915
brb,sex_f,age_aggregate_y25_54,1997,50.363
brb,sex_f,age_aggregate_y25_54,1998,51.047
brb,sex_f,age_aggregate_y25_54,1999,51.562
brb,sex_f,age_aggregate_y25_54,2000,51.857
brb,sex_f,age_aggregate_y25_54,2001,52.216
brb,sex_f,age_aggregate_y25_54,2002,52.739
brb,sex_f,age_aggregate_y25_54,2003,53.159
brb,sex_f,age_aggregate_y25_54,2004,53.687
brb,sex_f,age_aggregate_y25_54,2005,53.899
brb,sex_f,age_aggregate_y25_54,2006,54.145
brb,sex_f,age_aggregate_y25_54,2007,54.44
brb,sex_f,age_aggregate_y25_54,2008,54.725
brb,sex_f,age_aggregate_y25_54,2009,54.905
brb,sex_f,age_aggregate_y25_54,2010,54.874
brb,sex_f,age_aggregate_y25_54,2011,54.692
brb,sex_f,age_aggregate_y25_54,2012,54.069
brb,sex_f,age_aggregate_y25_54,2013,53.987
brb,sex_f,age_aggregate_y25_54,2014,53.685
brb,sex_f,age_aggregate_y25_54,2015,52.414
brb,sex_f,age_aggregate_y25_54,2016,52.222
brb,sex_f,age_aggregate_y25_54,2017,52.17
brb,sex_f,age_aggregate_y25_54,2018,51.498
brb,sex_f,age_aggregate_y25_54,2019,51.584
brb,sex_f,age_aggregate_y25_54,2020,50.03
brb,sex_f,age_aggregate_y25_54,2021,49.4
brb,sex_f,age_aggregate_y25_54,2022,50.518
brb,sex_f,age_aggregate_y25_54,2023,50.178
brb,sex_f,age_aggregate_y25_54,2024,50.405
brb,sex_f,age_aggregate_y25_54,2025,50.233
brb,sex_f,age_aggregate_y25_54,2026,50.005
brb,sex_f,age_aggregate_y25_54,2027,49.705
brb,sex_f,age_aggregate_y55_64,1990,3.449
brb,sex_f,age_aggregate_y55_64,1991,3.562
brb,sex_f,age_aggregate_y55_64,1992,3.709
brb,sex_f,age_aggregate_y55_64,1993,4.054
brb,sex_f,age_aggregate_y55_64,1994,4.393
brb,sex_f,age_aggregate_y55_64,1995,4.042
brb,sex_f,age_aggregate_y55_64,1996,4.49
brb,sex_f,age_aggregate_y55_64,1997,4.582
brb,sex_f,age_aggregate_y55_64,1998,4.744
brb,sex_f,age_aggregate_y55_64,1999,4.943
brb,sex_f,age_aggregate_y55_64,2000,5.129
brb,sex_f,age_aggregate_y55_64,2001,5.352
brb,sex_f,age_aggregate_y55_64,2002,5.659
brb,sex_f,age_aggregate_y55_64,2003,6.041
brb,sex_f,age_aggregate_y55_64,2004,7.084
brb,sex_f,age_aggregate_y55_64,2005,7.483
brb,sex_f,age_aggregate_y55_64,2006,7.877
brb,sex_f,age_aggregate_y55_64,2007,8.29
brb,sex_f,age_aggregate_y55_64,2008,8.698
brb,sex_f,age_aggregate_y55_64,2009,9.084
brb,sex_f,age_aggregate_y55_64,2010,9.515
brb,sex_f,age_aggregate_y55_64,2011,9.986
brb,sex_f,age_aggregate_y55_64,2012,10.373
brb,sex_f,age_aggregate_y55_64,2013,11.908
brb,sex_f,age_aggregate_y55_64,2014,11.361
brb,sex_f,age_aggregate_y55_64,2015,12.281
brb,sex_f,age_aggregate_y55_64,2016,12.473
brb,sex_f,age_aggregate_y55_64,2017,13.588
brb,sex_f,age_aggregate_y55_64,2018,12.985
brb,sex_f,age_aggregate_y55_64,2019,13.459
brb,sex_f,age_aggregate_y55_64,2020,13.307
brb,sex_f,age_aggregate_y55_64,2021,13.272
brb,sex_f,age_aggregate_y55_64,2022,14.025
brb,sex_f,age_aggregate_y55_64,2023,14.161
brb,sex_f,age_aggregate_y55_64,2024,14.234
brb,sex_f,age_aggregate_y55_64,2025,14.137
brb,sex_f,age_aggregate_y55_64,2026,14.06
brb,sex_f,age_aggregate_y55_64,2027,14.033
brb,sex_f,age_aggregate_yge65,1990,0.603
brb,sex_f,age_aggregate_yge65,1991,0.692
brb,sex_f,age_aggregate_yge65,1992,0.798
brb,sex_f,age_aggregate_yge65,1993,0.805
brb,sex_f,age_aggregate_yge65,1994,0.812
brb,sex_f,age_aggregate_yge65,1995,0.644
brb,sex_f,age_aggregate_yge65,1996,0.607
brb,sex_f,age_aggregate_yge65,1997,0.547
brb,sex_f,age_aggregate_yge65,1998,0.59
brb,sex_f,age_aggregate_yge65,1999,0.637
brb,sex_f,age_aggregate_yge65,2000,0.683
brb,sex_f,age_aggregate_yge65,2001,0.732
brb,sex_f,age_aggregate_yge65,2002,0.791
brb,sex_f,age_aggregate_yge65,2003,0.853
brb,sex_f,age_aggregate_yge65,2004,1.056
brb,sex_f,age_aggregate_yge65,2005,1.076
brb,sex_f,age_aggregate_yge65,2006,1.097
brb,sex_f,age_aggregate_yge65,2007,1.12
brb,sex_f,age_aggregate_yge65,2008,1.15
brb,sex_f,age_aggregate_yge65,2009,1.188
brb,sex_f,age_aggregate_yge65,2010,1.224
brb,sex_f,age_aggregate_yge65,2011,1.256
brb,sex_f,age_aggregate_yge65,2012,1.5
brb,sex_f,age_aggregate_yge65,2013,1.815
brb,sex_f,age_aggregate_yge65,2014,1.3
brb,sex_f,age_aggregate_yge65,2015,1.776
brb,sex_f,age_aggregate_yge65,2016,2.207
brb,sex_f,age_aggregate_yge65,2017,2.154
brb,sex_f,age_aggregate_yge65,2018,2.502
brb,sex_f,age_aggregate_yge65,2019,1.917
brb,sex_f,age_aggregate_yge65,2020,1.917
brb,sex_f,age_aggregate_yge65,2021,2.053
brb,sex_f,age_aggregate_yge65,2022,2.586
brb,sex_f,age_aggregate_yge65,2023,2.121
brb,sex_f,age_aggregate_yge65,2024,2.196
brb,sex_f,age_aggregate_yge65,2025,2.272
brb,sex_f,age_aggregate_yge65,2026,2.349
brb,sex_f,age_aggregate_yge65,2027,2.422
brb,sex_f,age_ythadult_y15_24,1990,14.302
brb,sex_f,age_ythadult_y15_24,1991,13.681
brb,sex_f,age_ythadult_y15_24,1992,13.061
brb,sex_f,age_ythadult_y15_24,1993,12.601
brb,sex_f,age_ythadult_y15_24,1994,12.136
brb,sex_f,age_ythadult_y15_24,1995,12.991
brb,sex_f,age_ythadult_y15_24,1996,12.538
brb,sex_f,age_ythadult_y15_24,1997,11.716
brb,sex_f,age_ythadult_y15_24,1998,11.343
brb,sex_f,age_ythadult_y15_24,1999,11.042
brb,sex_f,age_ythadult_y15_24,2000,10.768
brb,sex_f,age_ythadult_y15_24,2001,10.586
brb,sex_f,age_ythadult_y15_24,2002,10.472
brb,sex_f,age_ythadult_y15_24,2003,10.343
brb,sex_f,age_ythadult_y15_24,2004,9.922
brb,sex_f,age_ythadult_y15_24,2005,9.937
brb,sex_f,age_ythadult_y15_24,2006,9.949
brb,sex_f,age_ythadult_y15_24,2007,9.882
brb,sex_f,age_ythadult_y15_24,2008,9.733
brb,sex_f,age_ythadult_y15_24,2009,9.558
brb,sex_f,age_ythadult_y15_24,2010,9.396
brb,sex_f,age_ythadult_y15_24,2011,9.257
brb,sex_f,age_ythadult_y15_24,2012,7.924
brb,sex_f,age_ythadult_y15_24,2013,7.813
brb,sex_f,age_ythadult_y15_24,2014,8.61
brb,sex_f,age_ythadult_y15_24,2015,7.063
brb,sex_f,age_ythadult_y15_24,2016,7.941
brb,sex_f,age_ythadult_y15_24,2017,7.252
brb,sex_f,age_ythadult_y15_24,2018,7.406
brb,sex_f,age_ythadult_y15_24,2019,7.665
brb,sex_f,age_ythadult_y15_24,2020,7.327
brb,sex_f,age_ythadult_y15_24,2021,7.21
brb,sex_f,age_ythadult_y15_24,2022,7.634
brb,sex_f,age_ythadult_y15_24,2023,8.573
brb,sex_f,age_ythadult_y15_24,2024,8.711
brb,sex_f,age_ythadult_y15_24,2025,8.661
brb,sex_f,age_ythadult_y15_24,2026,8.567
brb,sex_f,age_ythadult_y15_24,2027,8.466
brb,sex_f,age_ythadult_y15_64,1990,61.905
brb,sex_f,age_ythadult_y15_64,1991,62.241
brb,sex_f,age_ythadult_y15_64,1992,62.543
brb,sex_f,age_ythadult_y15_64,1993,63.576
brb,sex_f,age_ythadult_y15_64,1994,64.555
brb,sex_f,age_ythadult_y15_64,1995,66.364
brb,sex_f,age_ythadult_y15_64,1996,66.943
brb,sex_f,age_ythadult_y15_64,1997,66.662
brb,sex_f,age_ythadult_y15_64,1998,67.134
brb,sex_f,age_ythadult_y15_64,1999,67.547
brb,sex_f,age_ythadult_y15_64,2000,67.754
brb,sex_f,age_ythadult_y15_64,2001,68.154
brb,sex_f,age_ythadult_y15_64,2002,68.87
brb,sex_f,age_ythadult_y15_64,2003,69.543
brb,sex_f,age_ythadult_y15_64,2004,70.692
brb,sex_f,age_ythadult_y15_64,2005,71.32
brb,sex_f,age_ythadult_y15_64,2006,71.971
brb,sex_f,age_ythadult_y15_64,2007,72.612
brb,sex_f,age_ythadult_y15_64,2008,73.155
brb,sex_f,age_ythadult_y15_64,2009,73.547
brb,sex_f,age_ythadult_y15_64,2010,73.785
brb,sex_f,age_ythadult_y15_64,2011,73.935
brb,sex_f,age_ythadult_y15_64,2012,72.367
brb,sex_f,age_ythadult_y15_64,2013,73.708
brb,sex_f,age_ythadult_y15_64,2014,73.656
brb,sex_f,age_ythadult_y15_64,2015,71.757
brb,sex_f,age_ythadult_y15_64,2016,72.636
brb,sex_f,age_ythadult_y15_64,2017,73.01
brb,sex_f,age_ythadult_y15_64,2018,71.889
brb,sex_f,age_ythadult_y15_64,2019,72.709
brb,sex_f,age_ythadult_y15_64,2020,70.665
brb,sex_f,age_ythadult_y15_64,2021,69.883
brb,sex_f,age_ythadult_y15_64,2022,72.176
brb,sex_f,age_ythadult_y15_64,2023,72.912
brb,sex_f,age_ythadult_y15_64,2024,73.35
brb,sex_f,age_ythadult_y15_64,2025,73.031
brb,sex_f,age_ythadult_y15_64,2026,72.632
brb,sex_f,age_ythadult_y15_64,2027,72.204
brb,sex_f,age_ythadult_yge15,1990,62.507
brb,sex_f,age_ythadult_yge15,1991,62.933
brb,sex_f,age_ythadult_yge15,1992,63.341
brb,sex_f,age_ythadult_yge15,1993,64.381
brb,sex_f,age_ythadult_yge15,1994,65.367
brb,sex_f,age_ythadult_yge15,1995,67.008
brb,sex_f,age_ythadult_yge15,1996,67.55
brb,sex_f,age_ythadult_yge15,1997,67.209
brb,sex_f,age_ythadult_yge15,1998,67.725
brb,sex_f,age_ythadult_yge15,1999,68.184
brb,sex_f,age_ythadult_yge15,2000,68.437
brb,sex_f,age_ythadult_yge15,2001,68.886
brb,sex_f,age_ythadult_yge15,2002,69.661
brb,sex_f,age_ythadult_yge15,2003,70.396
brb,sex_f,age_ythadult_yge15,2004,71.748
brb,sex_f,age_ythadult_yge15,2005,72.396
brb,sex_f,age_ythadult_yge15,2006,73.068
brb,sex_f,age_ythadult_yge15,2007,73.732
brb,sex_f,age_ythadult_yge15,2008,74.305
brb,sex_f,age_ythadult_yge15,2009,74.736
brb,sex_f,age_ythadult_yge15,2010,75.01
brb,sex_f,age_ythadult_yge15,2011,75.191
brb,sex_f,age_ythadult_yge15,2012,73.867
brb,sex_f,age_ythadult_yge15,2013,75.523
brb,sex_f,age_ythadult_yge15,2014,74.957
brb,sex_f,age_ythadult_yge15,2015,73.533
brb,sex_f,age_ythadult_yge15,2016,74.842
brb,sex_f,age_ythadult_yge15,2017,75.165
brb,sex_f,age_ythadult_yge15,2018,74.391
brb,sex_f,age_ythadult_yge15,2019,74.626
brb,sex_f,age_ythadult_yge15,2020,72.582
brb,sex_f,age_ythadult_yge15,2021,71.936
brb,sex_f,age_ythadult_yge15,2022,74.762
brb,sex_f,age_ythadult_yge15,2023,75.033
brb,sex_f,age_ythadult_yge15,2024,75.546
brb,sex_f,age_ythadult_yge15,2025,75.303
brb,sex_f,age_ythadult_yge15,2026,74.981
brb,sex_f,age_ythadult_yge15,2027,74.626
brb,sex_f,age_ythadult_yge25,1990,48.205
brb,sex_f,age_ythadult_yge25,1991,49.252
brb,sex_f,age_ythadult_yge25,1992,50.28
brb,sex_f,age_ythadult_yge25,1993,51.78
brb,sex_f,age_ythadult_yge25,1994,53.232
brb,sex_f,age_ythadult_yge25,1995,54.017
brb,sex_f,age_ythadult_yge25,1996,55.012
brb,sex_f,age_ythadult_yge25,1997,55.493
brb,sex_f,age_ythadult_yge25,1998,56.382
brb,sex_f,age_ythadult_yge25,1999,57.142
brb,sex_f,age_ythadult_yge25,2000,57.669
brb,sex_f,age_ythadult_yge25,2001,58.3
brb,sex_f,age_ythadult_yge25,2002,59.189
brb,sex_f,age_ythadult_yge25,2003,60.052
brb,sex_f,age_ythadult_yge25,2004,61.826
brb,sex_f,age_ythadult_yge25,2005,62.459
brb,sex_f,age_ythadult_yge25,2006,63.119
brb,sex_f,age_ythadult_yge25,2007,63.85
brb,sex_f,age_ythadult_yge25,2008,64.573
brb,sex_f,age_ythadult_yge25,2009,65.177
brb,sex_f,age_ythadult_yge25,2010,65.614
brb,sex_f,age_ythadult_yge25,2011,65.934
brb,sex_f,age_ythadult_yge25,2012,65.943
brb,sex_f,age_ythadult_yge25,2013,67.709
brb,sex_f,age_ythadult_yge25,2014,66.346
brb,sex_f,age_ythadult_yge25,2015,66.47
brb,sex_f,age_ythadult_yge25,2016,66.901
brb,sex_f,age_ythadult_yge25,2017,67.913
brb,sex_f,age_ythadult_yge25,2018,66.985
brb,sex_f,age_ythadult_yge25,2019,66.961
brb,sex_f,age_ythadult_yge25,2020,65.255
brb,sex_f,age_ythadult_yge25,2021,64.726
brb,sex_f,age_ythadult_yge25,2022,67.128
brb,sex_f,age_ythadult_yge25,2023,66.46
brb,sex_f,age_ythadult_yge25,2024,66.835
brb,sex_f,age_ythadult_yge25,2025,66.643
brb,sex_f,age_ythadult_yge25,2026,66.415
brb,sex_f,age_ythadult_yge25,2027,66.16
brb,sex_m,age_aggregate_total,1990,71.692
brb,sex_m,age_aggregate_total,1991,71.54
brb,sex_m,age_aggregate_total,1992,71.194
brb,sex_m,age_aggregate_total,1993,72.008
brb,sex_m,age_aggregate_total,1994,72.717
brb,sex_m,age_aggregate_total,1995,73.56
brb,sex_m,age_aggregate_total,1996,71.887
brb,sex_m,age_aggregate_total,1997,72.959
brb,sex_m,age_aggregate_total,1998,73.195
brb,sex_m,age_aggregate_total,1999,73.403
brb,sex_m,age_aggregate_total,2000,73.508
brb,sex_m,age_aggregate_total,2001,73.784
brb,sex_m,age_aggregate_total,2002,74.263
brb,sex_m,age_aggregate_total,2003,74.733
brb,sex_m,age_aggregate_total,2004,75.855
brb,sex_m,age_aggregate_total,2005,76.082
brb,sex_m,age_aggregate_total,2006,76.299
brb,sex_m,age_aggregate_total,2007,76.474
brb,sex_m,age_aggregate_total,2008,76.537
brb,sex_m,age_aggregate_total,2009,76.467
brb,sex_m,age_aggregate_total,2010,76.399
brb,sex_m,age_aggregate_total,2011,76.37
brb,sex_m,age_aggregate_total,2012,76.069
brb,sex_m,age_aggregate_total,2013,76.794
brb,sex_m,age_aggregate_total,2014,73.79
brb,sex_m,age_aggregate_total,2015,73.996
brb,sex_m,age_aggregate_total,2016,74.944
brb,sex_m,age_aggregate_total,2017,75.625
brb,sex_m,age_aggregate_total,2018,76.06
brb,sex_m,age_aggregate_total,2019,74.648
brb,sex_m,age_aggregate_total,2020,73.074
brb,sex_m,age_aggregate_total,2021,72.578
brb,sex_m,age_aggregate_total,2022,77.02
brb,sex_m,age_aggregate_total,2023,76.437
brb,sex_m,age_aggregate_total,2024,76.344
brb,sex_m,age_aggregate_total,2025,76.316
brb,sex_m,age_aggregate_total,2026,76.238
brb,sex_m,age_aggregate_total,2027,76.135
brb,sex_m,age_aggregate_y15_24,1990,16.097
brb,sex_m,age_aggregate_y15_24,1991,15.575
brb,sex_m,age_aggregate_y15_24,1992,14.998
brb,sex_m,age_aggregate_y15_24,1993,15.077
brb,sex_m,age_aggregate_y15_24,1994,15.128
brb,sex_m,age_aggregate_y15_24,1995,14.652
brb,sex_m,age_aggregate_y15_24,1996,14.327
brb,sex_m,age_aggregate_y15_24,1997,13.456
brb,sex_m,age_aggregate_y15_24,1998,12.994
brb,sex_m,age_aggregate_y15_24,1999,12.617
brb,sex_m,age_aggregate_y15_24,2000,12.264
brb,sex_m,age_aggregate_y15_24,2001,11.96
brb,sex_m,age_aggregate_y15_24,2002,11.708
brb,sex_m,age_aggregate_y15_24,2003,11.466
brb,sex_m,age_aggregate_y15_24,2004,12.001
brb,sex_m,age_aggregate_y15_24,2005,11.875
brb,sex_m,age_aggregate_y15_24,2006,11.772
brb,sex_m,age_aggregate_y15_24,2007,11.603
brb,sex_m,age_aggregate_y15_24,2008,11.32
brb,sex_m,age_aggregate_y15_24,2009,10.988
brb,sex_m,age_aggregate_y15_24,2010,10.688
brb,sex_m,age_aggregate_y15_24,2011,10.455
brb,sex_m,age_aggregate_y15_24,2012,9.617
brb,sex_m,age_aggregate_y15_24,2013,9.87
brb,sex_m,age_aggregate_y15_24,2014,8.764
brb,sex_m,age_aggregate_y15_24,2015,8.602
brb,sex_m,age_aggregate_y15_24,2016,8.303
brb,sex_m,age_aggregate_y15_24,2017,8.01
brb,sex_m,age_aggregate_y15_24,2018,8.903
brb,sex_m,age_aggregate_y15_24,2019,8.728
brb,sex_m,age_aggregate_y15_24,2020,8.524
brb,sex_m,age_aggregate_y15_24,2021,8.517
brb,sex_m,age_aggregate_y15_24,2022,9.654
brb,sex_m,age_aggregate_y15_24,2023,9.098
brb,sex_m,age_aggregate_y15_24,2024,9.101
brb,sex_m,age_aggregate_y15_24,2025,9.03
brb,sex_m,age_aggregate_y15_24,2026,8.917
brb,sex_m,age_aggregate_y15_24,2027,8.806
brb,sex_m,age_aggregate_y25_54,1990,47.981
brb,sex_m,age_aggregate_y25_54,1991,48.706
brb,sex_m,age_aggregate_y25_54,1992,49.245
brb,sex_m,age_aggregate_y25_54,1993,50.216
brb,sex_m,age_aggregate_y25_54,1994,51.099
brb,sex_m,age_aggregate_y25_54,1995,52.189
brb,sex_m,age_aggregate_y25_54,1996,51.489
brb,sex_m,age_aggregate_y25_54,1997,53.107
brb,sex_m,age_aggregate_y25_54,1998,53.535
brb,sex_m,age_aggregate_y25_54,1999,53.788
brb,sex_m,age_aggregate_y25_54,2000,53.893
brb,sex_m,age_aggregate_y25_54,2001,54.012
brb,sex_m,age_aggregate_y25_54,2002,54.151
brb,sex_m,age_aggregate_y25_54,2003,54.214
brb,sex_m,age_aggregate_y25_54,2004,54.599
brb,sex_m,age_aggregate_y25_54,2005,54.436
brb,sex_m,age_aggregate_y25_54,2006,54.24
brb,sex_m,age_aggregate_y25_54,2007,54.053
brb,sex_m,age_aggregate_y25_54,2008,53.862
brb,sex_m,age_aggregate_y25_54,2009,53.568
brb,sex_m,age_aggregate_y25_54,2010,53.227
brb,sex_m,age_aggregate_y25_54,2011,52.898
brb,sex_m,age_aggregate_y25_54,2012,52.959
brb,sex_m,age_aggregate_y25_54,2013,52.68
brb,sex_m,age_aggregate_y25_54,2014,51.326
brb,sex_m,age_aggregate_y25_54,2015,50.754
brb,sex_m,age_aggregate_y25_54,2016,50.772
brb,sex_m,age_aggregate_y25_54,2017,51.379
brb,sex_m,age_aggregate_y25_54,2018,50.444
brb,sex_m,age_aggregate_y25_54,2019,50.167
brb,sex_m,age_aggregate_y25_54,2020,48.885
brb,sex_m,age_aggregate_y25_54,2021,48.228
brb,sex_m,age_aggregate_y25_54,2022,50.302
brb,sex_m,age_aggregate_y25_54,2023,49.836
brb,sex_m,age_aggregate_y25_54,2024,49.795
brb,sex_m,age_aggregate_y25_54,2025,49.77
brb,sex_m,age_aggregate_y25_54,2026,49.715
brb,sex_m,age_aggregate_y25_54,2027,49.592
brb,sex_m,age_aggregate_y55_64,1990,6.033
brb,sex_m,age_aggregate_y55_64,1991,5.728
brb,sex_m,age_aggregate_y55_64,1992,5.463
brb,sex_m,age_aggregate_y55_64,1993,5.466
brb,sex_m,age_aggregate_y55_64,1994,5.443
brb,sex_m,age_aggregate_y55_64,1995,5.584
brb,sex_m,age_aggregate_y55_64,1996,5.396
brb,sex_m,age_aggregate_y55_64,1997,5.593
brb,sex_m,age_aggregate_y55_64,1998,5.771
brb,sex_m,age_aggregate_y55_64,1999,6.002
brb,sex_m,age_aggregate_y55_64,2000,6.253
brb,sex_m,age_aggregate_y55_64,2001,6.603
brb,sex_m,age_aggregate_y55_64,2002,7.058
brb,sex_m,age_aggregate_y55_64,2003,7.557
brb,sex_m,age_aggregate_y55_64,2004,7.902
brb,sex_m,age_aggregate_y55_64,2005,8.324
brb,sex_m,age_aggregate_y55_64,2006,8.742
brb,sex_m,age_aggregate_y55_64,2007,9.167
brb,sex_m,age_aggregate_y55_64,2008,9.579
brb,sex_m,age_aggregate_y55_64,2009,9.991
brb,sex_m,age_aggregate_y55_64,2010,10.413
brb,sex_m,age_aggregate_y55_64,2011,10.789
brb,sex_m,age_aggregate_y55_64,2012,11.543
brb,sex_m,age_aggregate_y55_64,2013,11.639
brb,sex_m,age_aggregate_y55_64,2014,11.614
brb,sex_m,age_aggregate_y55_64,2015,12.327
brb,sex_m,age_aggregate_y55_64,2016,13.109
brb,sex_m,age_aggregate_y55_64,2017,13.474
brb,sex_m,age_aggregate_y55_64,2018,13.645
brb,sex_m,age_aggregate_y55_64,2019,12.946
brb,sex_m,age_aggregate_y55_64,2020,12.944
brb,sex_m,age_aggregate_y55_64,2021,13.117
brb,sex_m,age_aggregate_y55_64,2022,13.865
brb,sex_m,age_aggregate_y55_64,2023,14.028
brb,sex_m,age_aggregate_y55_64,2024,13.941
brb,sex_m,age_aggregate_y55_64,2025,13.885
brb,sex_m,age_aggregate_y55_64,2026,13.856
brb,sex_m,age_aggregate_y55_64,2027,13.877
brb,sex_m,age_aggregate_yge65,1990,1.581
brb,sex_m,age_aggregate_yge65,1991,1.532
brb,sex_m,age_aggregate_yge65,1992,1.489
brb,sex_m,age_aggregate_yge65,1993,1.249
brb,sex_m,age_aggregate_yge65,1994,1.047
brb,sex_m,age_aggregate_yge65,1995,1.134
brb,sex_m,age_aggregate_yge65,1996,0.676
brb,sex_m,age_aggregate_yge65,1997,0.803
brb,sex_m,age_aggregate_yge65,1998,0.895
brb,sex_m,age_aggregate_yge65,1999,0.996
brb,sex_m,age_aggregate_yge65,2000,1.097
brb,sex_m,age_aggregate_yge65,2001,1.208
brb,sex_m,age_aggregate_yge65,2002,1.347
brb,sex_m,age_aggregate_yge65,2003,1.496
brb,sex_m,age_aggregate_yge65,2004,1.353
brb,sex_m,age_aggregate_yge65,2005,1.447
brb,sex_m,age_aggregate_yge65,2006,1.544
brb,sex_m,age_aggregate_yge65,2007,1.65
brb,sex_m,age_aggregate_yge65,2008,1.776
brb,sex_m,age_aggregate_yge65,2009,1.92
brb,sex_m,age_aggregate_yge65,2010,2.071
brb,sex_m,age_aggregate_yge65,2011,2.227
brb,sex_m,age_aggregate_yge65,2012,1.95
brb,sex_m,age_aggregate_yge65,2013,2.605
brb,sex_m,age_aggregate_yge65,2014,2.086
brb,sex_m,age_aggregate_yge65,2015,2.313
brb,sex_m,age_aggregate_yge65,2016,2.76
brb,sex_m,age_aggregate_yge65,2017,2.762
brb,sex_m,age_aggregate_yge65,2018,3.068
brb,sex_m,age_aggregate_yge65,2019,2.807
brb,sex_m,age_aggregate_yge65,2020,2.72
brb,sex_m,age_aggregate_yge65,2021,2.716
brb,sex_m,age_aggregate_yge65,2022,3.198
brb,sex_m,age_aggregate_yge65,2023,3.475
brb,sex_m,age_aggregate_yge65,2024,3.506
brb,sex_m,age_aggregate_yge65,2025,3.631
brb,sex_m,age_aggregate_yge65,2026,3.751
brb,sex_m,age_aggregate_yge65,2027,3.86
brb,sex_m,age_ythadult_y15_24,1990,16.097
brb,sex_m,age_ythadult_y15_24,1991,15.575
brb,sex_m,age_ythadult_y15_24,1992,14.998
brb,sex_m,age_ythadult_y15_24,1993,15.077
brb,sex_m,age_ythadult_y15_24,1994,15.128
brb,sex_m,age_ythadult_y15_24,1995,14.652
brb,sex_m,age_ythadult_y15_24,1996,14.327
brb,sex_m,age_ythadult_y15_24,1997,13.456
brb,sex_m,age_ythadult_y15_24,1998,12.994
brb,sex_m,age_ythadult_y15_24,1999,12.617
brb,sex_m,age_ythadult_y15_24,2000,12.264
brb,sex_m,age_ythadult_y15_24,2001,11.96
brb,sex_m,age_ythadult_y15_24,2002,11.708
brb,sex_m,age_ythadult_y15_24,2003,11.466
brb,sex_m,age_ythadult_y15_24,2004,12.001
brb,sex_m,age_ythadult_y15_24,2005,11.875
brb,sex_m,age_ythadult_y15_24,2006,11.772
brb,sex_m,age_ythadult_y15_24,2007,11.603
brb,sex_m,age_ythadult_y15_24,2008,11.32
brb,sex_m,age_ythadult_y15_24,2009,10.988
brb,sex_m,age_ythadult_y15_24,2010,10.688
brb,sex_m,age_ythadult_y15_24,2011,10.455
brb,sex_m,age_ythadult_y15_24,2012,9.617
brb,sex_m,age_ythadult_y15_24,2013,9.87
brb,sex_m,age_ythadult_y15_24,2014,8.764
brb,sex_m,age_ythadult_y15_24,2015,8.602
brb,sex_m,age_ythadult_y15_24,2016,8.303
brb,sex_m,age_ythadult_y15_24,2017,8.01
brb,sex_m,age_ythadult_y15_24,2018,8.903
brb,sex_m,age_ythadult_y15_24,2019,8.728
brb,sex_m,age_ythadult_y15_24,2020,8.524
brb,sex_m,age_ythadult_y15_24,2021,8.517
brb,sex_m,age_ythadult_y15_24,2022,9.654
brb,sex_m,age_ythadult_y15_24,2023,9.098
brb,sex_m,age_ythadult_y15_24,2024,9.101
brb,sex_m,age_ythadult_y15_24,2025,9.03
brb,sex_m,age_ythadult_y15_24,2026,8.917
brb,sex_m,age_ythadult_y15_24,2027,8.806
brb,sex_m,age_ythadult_y15_64,1990,70.111
brb,sex_m,age_ythadult_y15_64,1991,70.009
brb,sex_m,age_ythadult_y15_64,1992,69.705
brb,sex_m,age_ythadult_y15_64,1993,70.759
brb,sex_m,age_ythadult_y15_64,1994,71.67
brb,sex_m,age_ythadult_y15_64,1995,72.425
brb,sex_m,age_ythadult_y15_64,1996,71.212
brb,sex_m,age_ythadult_y15_64,1997,72.156
brb,sex_m,age_ythadult_y15_64,1998,72.3
brb,sex_m,age_ythadult_y15_64,1999,72.407
brb,sex_m,age_ythadult_y15_64,2000,72.41
brb,sex_m,age_ythadult_y15_64,2001,72.575
brb,sex_m,age_ythadult_y15_64,2002,72.917
brb,sex_m,age_ythadult_y15_64,2003,73.237
brb,sex_m,age_ythadult_y15_64,2004,74.502
brb,sex_m,age_ythadult_y15_64,2005,74.634
brb,sex_m,age_ythadult_y15_64,2006,74.755
brb,sex_m,age_ythadult_y15_64,2007,74.824
brb,sex_m,age_ythadult_y15_64,2008,74.761
brb,sex_m,age_ythadult_y15_64,2009,74.547
brb,sex_m,age_ythadult_y15_64,2010,74.328
brb,sex_m,age_ythadult_y15_64,2011,74.142
brb,sex_m,age_ythadult_y15_64,2012,74.119
brb,sex_m,age_ythadult_y15_64,2013,74.188
brb,sex_m,age_ythadult_y15_64,2014,71.704
brb,sex_m,age_ythadult_y15_64,2015,71.683
brb,sex_m,age_ythadult_y15_64,2016,72.184
brb,sex_m,age_ythadult_y15_64,2017,72.863
brb,sex_m,age_ythadult_y15_64,2018,72.992
brb,sex_m,age_ythadult_y15_64,2019,71.841
brb,sex_m,age_ythadult_y15_64,2020,70.353
brb,sex_m,age_ythadult_y15_64,2021,69.862
brb,sex_m,age_ythadult_y15_64,2022,73.822
brb,sex_m,age_ythadult_y15_64,2023,72.962
brb,sex_m,age_ythadult_y15_64,2024,72.837
brb,sex_m,age_ythadult_y15_64,2025,72.686
brb,sex_m,age_ythadult_y15_64,2026,72.488
brb,sex_m,age_ythadult_y15_64,2027,72.275
brb,sex_m,age_ythadult_yge15,1990,71.692
brb,sex_m,age_ythadult_yge15,1991,71.54
brb,sex_m,age_ythadult_yge15,1992,71.194
brb,sex_m,age_ythadult_yge15,1993,72.008
brb,sex_m,age_ythadult_yge15,1994,72.717
brb,sex_m,age_ythadult_yge15,1995,73.56
brb,sex_m,age_ythadult_yge15,1996,71.887
brb,sex_m,age_ythadult_yge15,1997,72.959
brb,sex_m,age_ythadult_yge15,1998,73.195
brb,sex_m,age_ythadult_yge15,1999,73.403
brb,sex_m,age_ythadult_yge15,2000,73.508
brb,sex_m,age_ythadult_yge15,2001,73.784
brb,sex_m,age_ythadult_yge15,2002,74.263
brb,sex_m,age_ythadult_yge15,2003,74.733
brb,sex_m,age_ythadult_yge15,2004,75.855
brb,sex_m,age_ythadult_yge15,2005,76.082
brb,sex_m,age_ythadult_yge15,2006,76.299
brb,sex_m,age_ythadult_yge15,2007,76.474
brb,sex_m,age_ythadult_yge15,2008,76.537
brb,sex_m,age_ythadult_yge15,2009,76.467
brb,sex_m,age_ythadult_yge15,2010,76.399
brb,sex_m,age_ythadult_yge15,2011,76.37
brb,sex_m,age_ythadult_yge15,2012,76.069
brb,sex_m,age_ythadult_yge15,2013,76.794
brb,sex_m,age_ythadult_yge15,2014,73.79
brb,sex_m,age_ythadult_yge15,2015,73.996
brb,sex_m,age_ythadult_yge15,2016,74.944
brb,sex_m,age_ythadult_yge15,2017,75.625
brb,sex_m,age_ythadult_yge15,2018,76.06
brb,sex_m,age_ythadult_yge15,2019,74.648
brb,sex_m,age_ythadult_yge15,2020,73.074
brb,sex_m,age_ythadult_yge15,2021,72.578
brb,sex_m,age_ythadult_yge15,2022,77.02
brb,sex_m,age_ythadult_yge15,2023,76.437
brb,sex_m,age_ythadult_yge15,2024,76.344
brb,sex_m,age_ythadult_yge15,2025,76.316
brb,sex_m,age_ythadult_yge15,2026,76.238
brb,sex_m,age_ythadult_yge15,2027,76.135
brb,sex_m,age_ythadult_yge25,1990,55.595
brb,sex_m,age_ythadult_yge25,1991,55.965
brb,sex_m,age_ythadult_yge25,1992,56.196
brb,sex_m,age_ythadult_yge25,1993,56.931
brb,sex_m,age_ythadult_yge25,1994,57.589
brb,sex_m,age_ythadult_yge25,1995,58.908
brb,sex_m,age_ythadult_yge25,1996,57.561
brb,sex_m,age_ythadult_yge25,1997,59.503
brb,sex_m,age_ythadult_yge25,1998,60.201
brb,sex_m,age_ythadult_yge25,1999,60.786
brb,sex_m,age_ythadult_yge25,2000,61.244
brb,sex_m,age_ythadult_yge25,2001,61.824
brb,sex_m,age_ythadult_yge25,2002,62.555
brb,sex_m,age_ythadult_yge25,2003,63.267
brb,sex_m,age_ythadult_yge25,2004,63.854
brb,sex_m,age_ythadult_yge25,2005,64.207
brb,sex_m,age_ythadult_yge25,2006,64.527
brb,sex_m,age_ythadult_yge25,2007,64.871
brb,sex_m,age_ythadult_yge25,2008,65.217
brb,sex_m,age_ythadult_yge25,2009,65.479
brb,sex_m,age_ythadult_yge25,2010,65.711
brb,sex_m,age_ythadult_yge25,2011,65.915
brb,sex_m,age_ythadult_yge25,2012,66.452
brb,sex_m,age_ythadult_yge25,2013,66.924
brb,sex_m,age_ythadult_yge25,2014,65.026
brb,sex_m,age_ythadult_yge25,2015,65.394
brb,sex_m,age_ythadult_yge25,2016,66.641
brb,sex_m,age_ythadult_yge25,2017,67.615
brb,sex_m,age_ythadult_yge25,2018,67.157
brb,sex_m,age_ythadult_yge25,2019,65.92
brb,sex_m,age_ythadult_yge25,2020,64.55
brb,sex_m,age_ythadult_yge25,2021,64.061
brb,sex_m,age_ythadult_yge25,2022,67.366
brb,sex_m,age_ythadult_yge25,2023,67.338
brb,sex_m,age_ythadult_yge25,2024,67.242
brb,sex_m,age_ythadult_yge25,2025,67.286
brb,sex_m,age_ythadult_yge25,2026,67.322
brb,sex_m,age_ythadult_yge25,2027,67.329
brb,sex_t,age_aggregate_total,1990,134.2
brb,sex_t,age_aggregate_total,1991,134.474
brb,sex_t,age_aggregate_total,1992,134.535
brb,sex_t,age_aggregate_total,1993,136.389
brb,sex_t,age_aggregate_total,1994,138.085
brb,sex_t,age_aggregate_total,1995,140.568
brb,sex_t,age_aggregate_total,1996,139.438
brb,sex_t,age_aggregate_total,1997,140.167
brb,sex_t,age_aggregate_total,1998,140.92
brb,sex_t,age_aggregate_total,1999,141.587
brb,sex_t,age_aggregate_total,2000,141.945
brb,sex_t,age_aggregate_total,2001,142.67
brb,sex_t,age_aggregate_total,2002,143.924
brb,sex_t,age_aggregate_total,2003,145.129
brb,sex_t,age_aggregate_total,2004,147.604
brb,sex_t,age_aggregate_total,2005,148.478
brb,sex_t,age_aggregate_total,2006,149.367
brb,sex_t,age_aggregate_total,2007,150.207
brb,sex_t,age_aggregate_total,2008,150.842
brb,sex_t,age_aggregate_total,2009,151.202
brb,sex_t,age_aggregate_total,2010,151.409
brb,sex_t,age_aggregate_total,2011,151.561
brb,sex_t,age_aggregate_total,2012,149.937
brb,sex_t,age_aggregate_total,2013,152.316
brb,sex_t,age_aggregate_total,2014,148.747
brb,sex_t,age_aggregate_total,2015,147.529
brb,sex_t,age_aggregate_total,2016,149.787
brb,sex_t,age_aggregate_total,2017,150.79
brb,sex_t,age_aggregate_total,2018,150.451
brb,sex_t,age_aggregate_total,2019,149.274
brb,sex_t,age_aggregate_total,2020,145.656
brb,sex_t,age_aggregate_total,2021,144.514
brb,sex_t,age_aggregate_total,2022,151.782
brb,sex_t,age_aggregate_total,2023,151.47
brb,sex_t,age_aggregate_total,2024,151.889
brb,sex_t,age_aggregate_total,2025,151.62
brb,sex_t,age_aggregate_total,2026,151.22
brb,sex_t,age_aggregate_total,2027,150.761
brb,sex_t,age_aggregate_y15_24,1990,30.399
brb,sex_t,age_aggregate_y15_24,1991,29.256
brb,sex_t,age_aggregate_y15_24,1992,28.058
brb,sex_t,age_aggregate_y15_24,1993,27.678
brb,sex_t,age_aggregate_y15_24,1994,27.264
brb,sex_t,age_aggregate_y15_24,1995,27.643
brb,sex_t,age_aggregate_y15_24,1996,26.865
brb,sex_t,age_aggregate_y15_24,1997,25.172
brb,sex_t,age_aggregate_y15_24,1998,24.337
brb,sex_t,age_aggregate_y15_24,1999,23.659
brb,sex_t,age_aggregate_y15_24,2000,23.032
brb,sex_t,age_aggregate_y15_24,2001,22.546
brb,sex_t,age_aggregate_y15_24,2002,22.18
brb,sex_t,age_aggregate_y15_24,2003,21.809
brb,sex_t,age_aggregate_y15_24,2004,21.924
brb,sex_t,age_aggregate_y15_24,2005,21.812
brb,sex_t,age_aggregate_y15_24,2006,21.721
brb,sex_t,age_aggregate_y15_24,2007,21.485
brb,sex_t,age_aggregate_y15_24,2008,21.053
brb,sex_t,age_aggregate_y15_24,2009,20.546
brb,sex_t,age_aggregate_y15_24,2010,20.084
brb,sex_t,age_aggregate_y15_24,2011,19.712
brb,sex_t,age_aggregate_y15_24,2012,17.542
brb,sex_t,age_aggregate_y15_24,2013,17.683
brb,sex_t,age_aggregate_y15_24,2014,17.374
brb,sex_t,age_aggregate_y15_24,2015,15.665
brb,sex_t,age_aggregate_y15_24,2016,16.244
brb,sex_t,age_aggregate_y15_24,2017,15.262
brb,sex_t,age_aggregate_y15_24,2018,16.309
brb,sex_t,age_aggregate_y15_24,2019,16.393
brb,sex_t,age_aggregate_y15_24,2020,15.851
brb,sex_t,age_aggregate_y15_24,2021,15.727
brb,sex_t,age_aggregate_y15_24,2022,17.288
brb,sex_t,age_aggregate_y15_24,2023,17.672
brb,sex_t,age_aggregate_y15_24,2024,17.812
brb,sex_t,age_aggregate_y15_24,2025,17.691
brb,sex_t,age_aggregate_y15_24,2026,17.483
brb,sex_t,age_aggregate_y15_24,2027,17.273
brb,sex_t,age_aggregate_y25_54,1990,92.134
brb,sex_t,age_aggregate_y25_54,1991,93.704
brb,sex_t,age_aggregate_y25_54,1992,95.018
brb,sex_t,age_aggregate_y25_54,1993,97.137
brb,sex_t,age_aggregate_y25_54,1994,99.126
brb,sex_t,age_aggregate_y25_54,1995,101.521
brb,sex_t,age_aggregate_y25_54,1996,101.404
brb,sex_t,age_aggregate_y25_54,1997,103.471
brb,sex_t,age_aggregate_y25_54,1998,104.582
brb,sex_t,age_aggregate_y25_54,1999,105.349
brb,sex_t,age_aggregate_y25_54,2000,105.75
brb,sex_t,age_aggregate_y25_54,2001,106.228
brb,sex_t,age_aggregate_y25_54,2002,106.89
brb,sex_t,age_aggregate_y25_54,2003,107.373
brb,sex_t,age_aggregate_y25_54,2004,108.286
brb,sex_t,age_aggregate_y25_54,2005,108.335
brb,sex_t,age_aggregate_y25_54,2006,108.385
brb,sex_t,age_aggregate_y25_54,2007,108.494
brb,sex_t,age_aggregate_y25_54,2008,108.587
brb,sex_t,age_aggregate_y25_54,2009,108.473
brb,sex_t,age_aggregate_y25_54,2010,108.102
brb,sex_t,age_aggregate_y25_54,2011,107.59
brb,sex_t,age_aggregate_y25_54,2012,107.028
brb,sex_t,age_aggregate_y25_54,2013,106.667
brb,sex_t,age_aggregate_y25_54,2014,105.011
brb,sex_t,age_aggregate_y25_54,2015,103.168
brb,sex_t,age_aggregate_y25_54,2016,102.994
brb,sex_t,age_aggregate_y25_54,2017,103.549
brb,sex_t,age_aggregate_y25_54,2018,101.942
brb,sex_t,age_aggregate_y25_54,2019,101.751
brb,sex_t,age_aggregate_y25_54,2020,98.916
brb,sex_t,age_aggregate_y25_54,2021,97.629
brb,sex_t,age_aggregate_y25_54,2022,100.82
brb,sex_t,age_aggregate_y25_54,2023,100.014
brb,sex_t,age_aggregate_y25_54,2024,100.2
brb,sex_t,age_aggregate_y25_54,2025,100.003
brb,sex_t,age_aggregate_y25_54,2026,99.72
brb,sex_t,age_aggregate_y25_54,2027,99.297
brb,sex_t,age_aggregate_y55_64,1990,9.483
brb,sex_t,age_aggregate_y55_64,1991,9.289
brb,sex_t,age_aggregate_y55_64,1992,9.172
brb,sex_t,age_aggregate_y55_64,1993,9.519
brb,sex_t,age_aggregate_y55_64,1994,9.836
brb,sex_t,age_aggregate_y55_64,1995,9.626
brb,sex_t,age_aggregate_y55_64,1996,9.886
brb,sex_t,age_aggregate_y55_64,1997,10.175
brb,sex_t,age_aggregate_y55_64,1998,10.515
brb,sex_t,age_aggregate_y55_64,1999,10.945
brb,sex_t,age_aggregate_y55_64,2000,11.383
brb,sex_t,age_aggregate_y55_64,2001,11.955
brb,sex_t,age_aggregate_y55_64,2002,12.717
brb,sex_t,age_aggregate_y55_64,2003,13.598
brb,sex_t,age_aggregate_y55_64,2004,14.986
brb,sex_t,age_aggregate_y55_64,2005,15.807
brb,sex_t,age_aggregate_y55_64,2006,16.62
brb,sex_t,age_aggregate_y55_64,2007,17.457
brb,sex_t,age_aggregate_y55_64,2008,18.277
brb,sex_t,age_aggregate_y55_64,2009,19.075
brb,sex_t,age_aggregate_y55_64,2010,19.928
brb,sex_t,age_aggregate_y55_64,2011,20.775
brb,sex_t,age_aggregate_y55_64,2012,21.917
brb,sex_t,age_aggregate_y55_64,2013,23.547
brb,sex_t,age_aggregate_y55_64,2014,22.975
brb,sex_t,age_aggregate_y55_64,2015,24.607
brb,sex_t,age_aggregate_y55_64,2016,25.582
brb,sex_t,age_aggregate_y55_64,2017,27.062
brb,sex_t,age_aggregate_y55_64,2018,26.63
brb,sex_t,age_aggregate_y55_64,2019,26.405
brb,sex_t,age_aggregate_y55_64,2020,26.252
brb,sex_t,age_aggregate_y55_64,2021,26.389
brb,sex_t,age_aggregate_y55_64,2022,27.89
brb,sex_t,age_aggregate_y55_64,2023,28.189
brb,sex_t,age_aggregate_y55_64,2024,28.175
brb,sex_t,age_aggregate_y55_64,2025,28.023
brb,sex_t,age_aggregate_y55_64,2026,27.916
brb,sex_t,age_aggregate_y55_64,2027,27.91
brb,sex_t,age_aggregate_yge65,1990,2.183
brb,sex_t,age_aggregate_yge65,1991,2.224
brb,sex_t,age_aggregate_yge65,1992,2.286
brb,sex_t,age_aggregate_yge65,1993,2.054
brb,sex_t,age_aggregate_yge65,1994,1.859
brb,sex_t,age_aggregate_yge65,1995,1.778
brb,sex_t,age_aggregate_yge65,1996,1.283
brb,sex_t,age_aggregate_yge65,1997,1.349
brb,sex_t,age_aggregate_yge65,1998,1.485
brb,sex_t,age_aggregate_yge65,1999,1.633
brb,sex_t,age_aggregate_yge65,2000,1.78
brb,sex_t,age_aggregate_yge65,2001,1.94
brb,sex_t,age_aggregate_yge65,2002,2.137
brb,sex_t,age_aggregate_yge65,2003,2.349
brb,sex_t,age_aggregate_yge65,2004,2.409
brb,sex_t,age_aggregate_yge65,2005,2.523
brb,sex_t,age_aggregate_yge65,2006,2.641
brb,sex_t,age_aggregate_yge65,2007,2.77
brb,sex_t,age_aggregate_yge65,2008,2.926
brb,sex_t,age_aggregate_yge65,2009,3.109
brb,sex_t,age_aggregate_yge65,2010,3.295
brb,sex_t,age_aggregate_yge65,2011,3.484
brb,sex_t,age_aggregate_yge65,2012,3.45
brb,sex_t,age_aggregate_yge65,2013,4.42
brb,sex_t,age_aggregate_yge65,2014,3.386
brb,sex_t,age_aggregate_yge65,2015,4.089
brb,sex_t,age_aggregate_yge65,2016,4.967
brb,sex_t,age_aggregate_yge65,2017,4.917
brb,sex_t,age_aggregate_yge65,2018,5.57
brb,sex_t,age_aggregate_yge65,2019,4.725
brb,sex_t,age_aggregate_yge65,2020,4.637
brb,sex_t,age_aggregate_yge65,2021,4.769
brb,sex_t,age_aggregate_yge65,2022,5.784
brb,sex_t,age_aggregate_yge65,2023,5.596
brb,sex_t,age_aggregate_yge65,2024,5.702
brb,sex_t,age_aggregate_yge65,2025,5.903
brb,sex_t,age_aggregate_yge65,2026,6.1
brb,sex_t,age_aggregate_yge65,2027,6.282
brb,sex_t,age_ythadult_y15_24,1990,30.399
brb,sex_t,age_ythadult_y15_24,1991,29.256
brb,sex_t,age_ythadult_y15_24,1992,28.058
brb,sex_t,age_ythadult_y15_24,1993,27.678
brb,sex_t,age_ythadult_y15_24,1994,27.264
brb,sex_t,age_ythadult_y15_24,1995,27.643
brb,sex_t,age_ythadult_y15_24,1996,26.865
brb,sex_t,age_ythadult_y15_24,1997,25.172
brb,sex_t,age_ythadult_y15_24,1998,24.337
brb,sex_t,age_ythadult_y15_24,1999,23.659
brb,sex_t,age_ythadult_y15_24,2000,23.032
brb,sex_t,age_ythadult_y15_24,2001,22.546
brb,sex_t,age_ythadult_y15_24,2002,22.18
brb,sex_t,age_ythadult_y15_24,2003,21.809
brb,sex_t,age_ythadult_y15_24,2004,21.924
brb,sex_t,age_ythadult_y15_24,2005,21.812
brb,sex_t,age_ythadult_y15_24,2006,21.721
brb,sex_t,age_ythadult_y15_24,2007,21.485
brb,sex_t,age_ythadult_y15_24,2008,21.053
brb,sex_t,age_ythadult_y15_24,2009,20.546
brb,sex_t,age_ythadult_y15_24,2010,20.084
brb,sex_t,age_ythadult_y15_24,2011,19.712
brb,sex_t,age_ythadult_y15_24,2012,17.542
brb,sex_t,age_ythadult_y15_24,2013,17.683
brb,sex_t,age_ythadult_y15_24,2014,17.374
brb,sex_t,age_ythadult_y15_24,2015,15.665
brb,sex_t,age_ythadult_y15_24,2016,16.244
brb,sex_t,age_ythadult_y15_24,2017,15.262
brb,sex_t,age_ythadult_y15_24,2018,16.309
brb,sex_t,age_ythadult_y15_24,2019,16.393
brb,sex_t,age_ythadult_y15_24,2020,15.851
brb,sex_t,age_ythadult_y15_24,2021,15.727
brb,sex_t,age_ythadult_y15_24,2022,17.288
brb,sex_t,age_ythadult_y15_24,2023,17.672
brb,sex_t,age_ythadult_y15_24,2024,17.812
brb,sex_t,age_ythadult_y15_24,2025,17.691
brb,sex_t,age_ythadult_y15_24,2026,17.483
brb,sex_t,age_ythadult_y15_24,2027,17.273
brb,sex_t,age_ythadult_y15_64,1990,132.016
brb,sex_t,age_ythadult_y15_64,1991,132.249
brb,sex_t,age_ythadult_y15_64,1992,132.248
brb,sex_t,age_ythadult_y15_64,1993,134.335
brb,sex_t,age_ythadult_y15_64,1994,136.226
brb,sex_t,age_ythadult_y15_64,1995,138.79
brb,sex_t,age_ythadult_y15_64,1996,138.155
brb,sex_t,age_ythadult_y15_64,1997,138.818
brb,sex_t,age_ythadult_y15_64,1998,139.435
brb,sex_t,age_ythadult_y15_64,1999,139.954
brb,sex_t,age_ythadult_y15_64,2000,140.164
brb,sex_t,age_ythadult_y15_64,2001,140.729
brb,sex_t,age_ythadult_y15_64,2002,141.786
brb,sex_t,age_ythadult_y15_64,2003,142.78
brb,sex_t,age_ythadult_y15_64,2004,145.195
brb,sex_t,age_ythadult_y15_64,2005,145.954
brb,sex_t,age_ythadult_y15_64,2006,146.726
brb,sex_t,age_ythadult_y15_64,2007,147.436
brb,sex_t,age_ythadult_y15_64,2008,147.916
brb,sex_t,age_ythadult_y15_64,2009,148.094
brb,sex_t,age_ythadult_y15_64,2010,148.114
brb,sex_t,age_ythadult_y15_64,2011,148.077
brb,sex_t,age_ythadult_y15_64,2012,146.487
brb,sex_t,age_ythadult_y15_64,2013,147.896
brb,sex_t,age_ythadult_y15_64,2014,145.36
brb,sex_t,age_ythadult_y15_64,2015,143.44
brb,sex_t,age_ythadult_y15_64,2016,144.82
brb,sex_t,age_ythadult_y15_64,2017,145.873
brb,sex_t,age_ythadult_y15_64,2018,144.881
brb,sex_t,age_ythadult_y15_64,2019,144.549
brb,sex_t,age_ythadult_y15_64,2020,141.018
brb,sex_t,age_ythadult_y15_64,2021,139.745
brb,sex_t,age_ythadult_y15_64,2022,145.998
brb,sex_t,age_ythadult_y15_64,2023,145.874
brb,sex_t,age_ythadult_y15_64,2024,146.188
brb,sex_t,age_ythadult_y15_64,2025,145.717
brb,sex_t,age_ythadult_y15_64,2026,145.12
brb,sex_t,age_ythadult_y15_64,2027,144.479
brb,sex_t,age_ythadult_yge15,1990,134.2
brb,sex_t,age_ythadult_yge15,1991,134.474
brb,sex_t,age_ythadult_yge15,1992,134.535
brb,sex_t,age_ythadult_yge15,1993,136.389
brb,sex_t,age_ythadult_yge15,1994,138.085
brb,sex_t,age_ythadult_yge15,1995,140.568
brb,sex_t,age_ythadult_yge15,1996,139.438
brb,sex_t,age_ythadult_yge15,1997,140.167
brb,sex_t,age_ythadult_yge15,1998,140.92
brb,sex_t,age_ythadult_yge15,1999,141.587
brb,sex_t,age_ythadult_yge15,2000,141.945
brb,sex_t,age_ythadult_yge15,2001,142.67
brb,sex_t,age_ythadult_yge15,2002,143.924
brb,sex_t,age_ythadult_yge15,2003,145.129
brb,sex_t,age_ythadult_yge15,2004,147.604
brb,sex_t,age_ythadult_yge15,2005,148.478
brb,sex_t,age_ythadult_yge15,2006,149.367
brb,sex_t,age_ythadult_yge15,2007,150.207
brb,sex_t,age_ythadult_yge15,2008,150.842
brb,sex_t,age_ythadult_yge15,2009,151.202
brb,sex_t,age_ythadult_yge15,2010,151.409
brb,sex_t,age_ythadult_yge15,2011,151.561
brb,sex_t,age_ythadult_yge15,2012,149.937
brb,sex_t,age_ythadult_yge15,2013,152.316
brb,sex_t,age_ythadult_yge15,2014,148.747
brb,sex_t,age_ythadult_yge15,2015,147.529
brb,sex_t,age_ythadult_yge15,2016,149.787
brb,sex_t,age_ythadult_yge15,2017,150.79
brb,sex_t,age_ythadult_yge15,2018,150.451
brb,sex_t,age_ythadult_yge15,2019,149.274
brb,sex_t,age_ythadult_yge15,2020,145.656
brb,sex_t,age_ythadult_yge15,2021,144.514
brb,sex_t,age_ythadult_yge15,2022,151.782
brb,sex_t,age_ythadult_yge15,2023,151.47
brb,sex_t,age_ythadult_yge15,2024,151.889
brb,sex_t,age_ythadult_yge15,2025,151.62
brb,sex_t,age_ythadult_yge15,2026,151.22
brb,sex_t,age_ythadult_yge15,2027,150.761
brb,sex_t,age_ythadult_yge25,1990,103.8
brb,sex_t,age_ythadult_yge25,1991,105.218
brb,sex_t,age_ythadult_yge25,1992,106.477
brb,sex_t,age_ythadult_yge25,1993,108.711
brb,sex_t,age_ythadult_yge25,1994,110.821
brb,sex_t,age_ythadult_yge25,1995,112.925
brb,sex_t,age_ythadult_yge25,1996,112.573
brb,sex_t,age_ythadult_yge25,1997,114.995
brb,sex_t,age_ythadult_yge25,1998,116.583
brb,sex_t,age_ythadult_yge25,1999,117.928
brb,sex_t,age_ythadult_yge25,2000,118.912
brb,sex_t,age_ythadult_yge25,2001,120.123
brb,sex_t,age_ythadult_yge25,2002,121.744
brb,sex_t,age_ythadult_yge25,2003,123.32
brb,sex_t,age_ythadult_yge25,2004,125.68
brb,sex_t,age_ythadult_yge25,2005,126.665
brb,sex_t,age_ythadult_yge25,2006,127.646
brb,sex_t,age_ythadult_yge25,2007,128.721
brb,sex_t,age_ythadult_yge25,2008,129.789
brb,sex_t,age_ythadult_yge25,2009,130.657
brb,sex_t,age_ythadult_yge25,2010,131.325
brb,sex_t,age_ythadult_yge25,2011,131.849
brb,sex_t,age_ythadult_yge25,2012,132.395
brb,sex_t,age_ythadult_yge25,2013,134.633
brb,sex_t,age_ythadult_yge25,2014,131.373
brb,sex_t,age_ythadult_yge25,2015,131.864
brb,sex_t,age_ythadult_yge25,2016,133.543
brb,sex_t,age_ythadult_yge25,2017,135.528
brb,sex_t,age_ythadult_yge25,2018,134.142
brb,sex_t,age_ythadult_yge25,2019,132.881
brb,sex_t,age_ythadult_yge25,2020,129.805
brb,sex_t,age_ythadult_yge25,2021,128.787
brb,sex_t,age_ythadult_yge25,2022,134.494
brb,sex_t,age_ythadult_yge25,2023,133.798
brb,sex_t,age_ythadult_yge25,2024,134.077
brb,sex_t,age_ythadult_yge25,2025,133.929
brb,sex_t,age_ythadult_yge25,2026,133.736
brb,sex_t,age_ythadult_yge25,2027,133.488
