ref_area,sex,classif1,classif2,time,emp_norm_sex_skl_eco_nb
zmb,sex_f,skl_skill_match,eco_aggregate_agr,2015,209.7
zmb,sex_f,skl_skill_match,eco_aggregate_agr,2017,387.793
zmb,sex_f,skl_skill_match,eco_aggregate_agr,2018,338.673
zmb,sex_f,skl_skill_match,eco_aggregate_agr,2019,336.813
zmb,sex_f,skl_skill_match,eco_aggregate_agr,2020,485.411
zmb,sex_f,skl_skill_match,eco_aggregate_agr,2021,423.849
zmb,sex_f,skl_skill_match,eco_aggregate_agr,2022,413.998
zmb,sex_f,skl_skill_match,eco_aggregate_agr,2023,546.554
zmb,sex_f,skl_skill_match,eco_aggregate_con,2015,1.942
zmb,sex_f,skl_skill_match,eco_aggregate_con,2017,4.823
zmb,sex_f,skl_skill_match,eco_aggregate_con,2020,3.176
zmb,sex_f,skl_skill_match,eco_aggregate_con,2021,1.975
zmb,sex_f,skl_skill_match,eco_aggregate_man,2015,21.657
zmb,sex_f,skl_skill_match,eco_aggregate_man,2017,19.828
zmb,sex_f,skl_skill_match,eco_aggregate_man,2018,21.958
zmb,sex_f,skl_skill_match,eco_aggregate_man,2019,24.323
zmb,sex_f,skl_skill_match,eco_aggregate_man,2020,27.63
zmb,sex_f,skl_skill_match,eco_aggregate_man,2021,29.201
zmb,sex_f,skl_skill_match,eco_aggregate_man,2022,36.73
zmb,sex_f,skl_skill_match,eco_aggregate_man,2023,47.915
zmb,sex_f,skl_skill_match,eco_aggregate_mel,2015,2.163
zmb,sex_f,skl_skill_match,eco_aggregate_mel,2017,4.873
zmb,sex_f,skl_skill_match,eco_aggregate_mel,2018,4.584
zmb,sex_f,skl_skill_match,eco_aggregate_mel,2019,6.405
zmb,sex_f,skl_skill_match,eco_aggregate_mel,2020,4.652
zmb,sex_f,skl_skill_match,eco_aggregate_mel,2021,3.236
zmb,sex_f,skl_skill_match,eco_aggregate_mel,2023,7.788
zmb,sex_f,skl_skill_match,eco_aggregate_mkt,2015,234.748
zmb,sex_f,skl_skill_match,eco_aggregate_mkt,2017,238.826
zmb,sex_f,skl_skill_match,eco_aggregate_mkt,2018,187.784
zmb,sex_f,skl_skill_match,eco_aggregate_mkt,2019,243.924
zmb,sex_f,skl_skill_match,eco_aggregate_mkt,2020,241.787
zmb,sex_f,skl_skill_match,eco_aggregate_mkt,2021,239.54
zmb,sex_f,skl_skill_match,eco_aggregate_mkt,2022,262.121
zmb,sex_f,skl_skill_match,eco_aggregate_mkt,2023,343.537
zmb,sex_f,skl_skill_match,eco_aggregate_pub,2015,112.334
zmb,sex_f,skl_skill_match,eco_aggregate_pub,2017,116.123
zmb,sex_f,skl_skill_match,eco_aggregate_pub,2018,81.689
zmb,sex_f,skl_skill_match,eco_aggregate_pub,2019,100.107
zmb,sex_f,skl_skill_match,eco_aggregate_pub,2020,107.945
zmb,sex_f,skl_skill_match,eco_aggregate_pub,2021,98.956
zmb,sex_f,skl_skill_match,eco_aggregate_pub,2022,119.918
zmb,sex_f,skl_skill_match,eco_aggregate_pub,2023,150.235
zmb,sex_f,skl_skill_match,eco_aggregate_total,2015,583.076
zmb,sex_f,skl_skill_match,eco_aggregate_total,2017,772.266
zmb,sex_f,skl_skill_match,eco_aggregate_total,2018,635.68
zmb,sex_f,skl_skill_match,eco_aggregate_total,2019,712.43
zmb,sex_f,skl_skill_match,eco_aggregate_total,2020,870.601
zmb,sex_f,skl_skill_match,eco_aggregate_total,2021,796.758
zmb,sex_f,skl_skill_match,eco_aggregate_total,2022,835.223
zmb,sex_f,skl_skill_match,eco_aggregate_total,2023,1097.948
zmb,sex_f,skl_skill_match,eco_aggregate_x,2015,0.532
zmb,sex_f,skl_skill_match,eco_sector_agr,2015,209.7
zmb,sex_f,skl_skill_match,eco_sector_agr,2017,387.793
zmb,sex_f,skl_skill_match,eco_sector_agr,2018,338.673
zmb,sex_f,skl_skill_match,eco_sector_agr,2019,336.813
zmb,sex_f,skl_skill_match,eco_sector_agr,2020,485.411
zmb,sex_f,skl_skill_match,eco_sector_agr,2021,423.849
zmb,sex_f,skl_skill_match,eco_sector_agr,2022,413.998
zmb,sex_f,skl_skill_match,eco_sector_agr,2023,546.554
zmb,sex_f,skl_skill_match,eco_sector_ind,2015,25.762
zmb,sex_f,skl_skill_match,eco_sector_ind,2017,29.524
zmb,sex_f,skl_skill_match,eco_sector_ind,2018,27.534
zmb,sex_f,skl_skill_match,eco_sector_ind,2019,31.586
zmb,sex_f,skl_skill_match,eco_sector_ind,2020,35.458
zmb,sex_f,skl_skill_match,eco_sector_ind,2021,34.413
zmb,sex_f,skl_skill_match,eco_sector_ind,2022,39.186
zmb,sex_f,skl_skill_match,eco_sector_ind,2023,57.622
zmb,sex_f,skl_skill_match,eco_sector_nag,2015,373.376
zmb,sex_f,skl_skill_match,eco_sector_nag,2017,384.473
zmb,sex_f,skl_skill_match,eco_sector_nag,2018,297.007
zmb,sex_f,skl_skill_match,eco_sector_nag,2019,375.616
zmb,sex_f,skl_skill_match,eco_sector_nag,2020,385.19
zmb,sex_f,skl_skill_match,eco_sector_nag,2021,372.909
zmb,sex_f,skl_skill_match,eco_sector_nag,2022,421.225
zmb,sex_f,skl_skill_match,eco_sector_nag,2023,551.393
zmb,sex_f,skl_skill_match,eco_sector_ser,2015,347.083
zmb,sex_f,skl_skill_match,eco_sector_ser,2017,354.95
zmb,sex_f,skl_skill_match,eco_sector_ser,2018,269.473
zmb,sex_f,skl_skill_match,eco_sector_ser,2019,344.031
zmb,sex_f,skl_skill_match,eco_sector_ser,2020,349.732
zmb,sex_f,skl_skill_match,eco_sector_ser,2021,338.496
zmb,sex_f,skl_skill_match,eco_sector_ser,2022,382.039
zmb,sex_f,skl_skill_match,eco_sector_ser,2023,493.772
zmb,sex_f,skl_skill_match,eco_sector_total,2015,583.076
zmb,sex_f,skl_skill_match,eco_sector_total,2017,772.266
zmb,sex_f,skl_skill_match,eco_sector_total,2018,635.68
zmb,sex_f,skl_skill_match,eco_sector_total,2019,712.43
zmb,sex_f,skl_skill_match,eco_sector_total,2020,870.601
zmb,sex_f,skl_skill_match,eco_sector_total,2021,796.758
zmb,sex_f,skl_skill_match,eco_sector_total,2022,835.223
zmb,sex_f,skl_skill_match,eco_sector_total,2023,1097.948
zmb,sex_f,skl_skill_match,eco_sector_x,2015,0.532
zmb,sex_f,skl_skill_over,eco_aggregate_agr,2015,16
zmb,sex_f,skl_skill_over,eco_aggregate_agr,2017,24.846
zmb,sex_f,skl_skill_over,eco_aggregate_agr,2018,25.264
zmb,sex_f,skl_skill_over,eco_aggregate_agr,2019,22.469
zmb,sex_f,skl_skill_over,eco_aggregate_agr,2020,21.217
zmb,sex_f,skl_skill_over,eco_aggregate_agr,2021,25.865
zmb,sex_f,skl_skill_over,eco_aggregate_agr,2022,22.331
zmb,sex_f,skl_skill_over,eco_aggregate_agr,2023,33.842
zmb,sex_f,skl_skill_over,eco_aggregate_con,2019,0
zmb,sex_f,skl_skill_over,eco_aggregate_con,2021,1.553
zmb,sex_f,skl_skill_over,eco_aggregate_man,2015,2.098
zmb,sex_f,skl_skill_over,eco_aggregate_man,2017,10.781
zmb,sex_f,skl_skill_over,eco_aggregate_man,2018,9.386
zmb,sex_f,skl_skill_over,eco_aggregate_man,2019,9.269
zmb,sex_f,skl_skill_over,eco_aggregate_man,2020,9.304
zmb,sex_f,skl_skill_over,eco_aggregate_man,2021,9.951
zmb,sex_f,skl_skill_over,eco_aggregate_man,2022,7.331
zmb,sex_f,skl_skill_over,eco_aggregate_man,2023,12.621
zmb,sex_f,skl_skill_over,eco_aggregate_mel,2015,3.901
zmb,sex_f,skl_skill_over,eco_aggregate_mel,2018,4.143
zmb,sex_f,skl_skill_over,eco_aggregate_mel,2019,3.255
zmb,sex_f,skl_skill_over,eco_aggregate_mel,2020,4.588
zmb,sex_f,skl_skill_over,eco_aggregate_mel,2022,2.791
zmb,sex_f,skl_skill_over,eco_aggregate_mel,2023,2.751
zmb,sex_f,skl_skill_over,eco_aggregate_mkt,2015,38.949
zmb,sex_f,skl_skill_over,eco_aggregate_mkt,2017,32.514
zmb,sex_f,skl_skill_over,eco_aggregate_mkt,2018,51.343
zmb,sex_f,skl_skill_over,eco_aggregate_mkt,2019,55.999
zmb,sex_f,skl_skill_over,eco_aggregate_mkt,2020,65.804
zmb,sex_f,skl_skill_over,eco_aggregate_mkt,2021,58.104
zmb,sex_f,skl_skill_over,eco_aggregate_mkt,2022,44.057
zmb,sex_f,skl_skill_over,eco_aggregate_mkt,2023,61.646
zmb,sex_f,skl_skill_over,eco_aggregate_pub,2015,36.375
zmb,sex_f,skl_skill_over,eco_aggregate_pub,2017,47.308
zmb,sex_f,skl_skill_over,eco_aggregate_pub,2018,33.406
zmb,sex_f,skl_skill_over,eco_aggregate_pub,2019,30.632
zmb,sex_f,skl_skill_over,eco_aggregate_pub,2020,36.468
zmb,sex_f,skl_skill_over,eco_aggregate_pub,2021,33.731
zmb,sex_f,skl_skill_over,eco_aggregate_pub,2022,34.71
zmb,sex_f,skl_skill_over,eco_aggregate_pub,2023,52.542
zmb,sex_f,skl_skill_over,eco_aggregate_total,2015,98.668
zmb,sex_f,skl_skill_over,eco_aggregate_total,2017,117.218
zmb,sex_f,skl_skill_over,eco_aggregate_total,2018,124.028
zmb,sex_f,skl_skill_over,eco_aggregate_total,2019,121.625
zmb,sex_f,skl_skill_over,eco_aggregate_total,2020,138.343
zmb,sex_f,skl_skill_over,eco_aggregate_total,2021,130.988
zmb,sex_f,skl_skill_over,eco_aggregate_total,2022,112.357
zmb,sex_f,skl_skill_over,eco_aggregate_total,2023,163.923
zmb,sex_f,skl_skill_over,eco_sector_agr,2015,16
zmb,sex_f,skl_skill_over,eco_sector_agr,2017,24.846
zmb,sex_f,skl_skill_over,eco_sector_agr,2018,25.264
zmb,sex_f,skl_skill_over,eco_sector_agr,2019,22.469
zmb,sex_f,skl_skill_over,eco_sector_agr,2020,21.217
zmb,sex_f,skl_skill_over,eco_sector_agr,2021,25.865
zmb,sex_f,skl_skill_over,eco_sector_agr,2022,22.331
zmb,sex_f,skl_skill_over,eco_sector_agr,2023,33.842
zmb,sex_f,skl_skill_over,eco_sector_ind,2015,7.254
zmb,sex_f,skl_skill_over,eco_sector_ind,2017,12.551
zmb,sex_f,skl_skill_over,eco_sector_ind,2018,14.015
zmb,sex_f,skl_skill_over,eco_sector_ind,2019,12.524
zmb,sex_f,skl_skill_over,eco_sector_ind,2020,14.853
zmb,sex_f,skl_skill_over,eco_sector_ind,2021,13.287
zmb,sex_f,skl_skill_over,eco_sector_ind,2022,11.26
zmb,sex_f,skl_skill_over,eco_sector_ind,2023,15.892
zmb,sex_f,skl_skill_over,eco_sector_nag,2015,82.667
zmb,sex_f,skl_skill_over,eco_sector_nag,2017,92.373
zmb,sex_f,skl_skill_over,eco_sector_nag,2018,98.764
zmb,sex_f,skl_skill_over,eco_sector_nag,2019,99.155
zmb,sex_f,skl_skill_over,eco_sector_nag,2020,117.126
zmb,sex_f,skl_skill_over,eco_sector_nag,2021,105.122
zmb,sex_f,skl_skill_over,eco_sector_nag,2022,90.027
zmb,sex_f,skl_skill_over,eco_sector_nag,2023,130.081
zmb,sex_f,skl_skill_over,eco_sector_ser,2015,75.323
zmb,sex_f,skl_skill_over,eco_sector_ser,2017,79.822
zmb,sex_f,skl_skill_over,eco_sector_ser,2018,84.749
zmb,sex_f,skl_skill_over,eco_sector_ser,2019,86.632
zmb,sex_f,skl_skill_over,eco_sector_ser,2020,102.273
zmb,sex_f,skl_skill_over,eco_sector_ser,2021,91.835
zmb,sex_f,skl_skill_over,eco_sector_ser,2022,78.767
zmb,sex_f,skl_skill_over,eco_sector_ser,2023,114.189
zmb,sex_f,skl_skill_over,eco_sector_total,2015,98.668
zmb,sex_f,skl_skill_over,eco_sector_total,2017,117.218
zmb,sex_f,skl_skill_over,eco_sector_total,2018,124.028
zmb,sex_f,skl_skill_over,eco_sector_total,2019,121.625
zmb,sex_f,skl_skill_over,eco_sector_total,2020,138.343
zmb,sex_f,skl_skill_over,eco_sector_total,2021,130.988
zmb,sex_f,skl_skill_over,eco_sector_total,2022,112.357
zmb,sex_f,skl_skill_over,eco_sector_total,2023,163.923
zmb,sex_f,skl_skill_total,eco_aggregate_agr,2015,985.413
zmb,sex_f,skl_skill_total,eco_aggregate_agr,2017,1660.205
zmb,sex_f,skl_skill_total,eco_aggregate_agr,2018,1646.788
zmb,sex_f,skl_skill_total,eco_aggregate_agr,2019,1587.265
zmb,sex_f,skl_skill_total,eco_aggregate_agr,2020,1719.485
zmb,sex_f,skl_skill_total,eco_aggregate_agr,2021,1645.623
zmb,sex_f,skl_skill_total,eco_aggregate_agr,2022,1604.087
zmb,sex_f,skl_skill_total,eco_aggregate_agr,2023,1859.954
zmb,sex_f,skl_skill_total,eco_aggregate_con,2015,5.08
zmb,sex_f,skl_skill_total,eco_aggregate_con,2017,6.377
zmb,sex_f,skl_skill_total,eco_aggregate_con,2018,1.927
zmb,sex_f,skl_skill_total,eco_aggregate_con,2020,5.742
zmb,sex_f,skl_skill_total,eco_aggregate_con,2021,5.706
zmb,sex_f,skl_skill_total,eco_aggregate_con,2023,2.44
zmb,sex_f,skl_skill_total,eco_aggregate_man,2015,44.39
zmb,sex_f,skl_skill_total,eco_aggregate_man,2017,57.047
zmb,sex_f,skl_skill_total,eco_aggregate_man,2018,61.326
zmb,sex_f,skl_skill_total,eco_aggregate_man,2019,59.099
zmb,sex_f,skl_skill_total,eco_aggregate_man,2020,74.107
zmb,sex_f,skl_skill_total,eco_aggregate_man,2021,84.102
zmb,sex_f,skl_skill_total,eco_aggregate_man,2022,90.377
zmb,sex_f,skl_skill_total,eco_aggregate_man,2023,91.718
zmb,sex_f,skl_skill_total,eco_aggregate_mel,2015,9.32
zmb,sex_f,skl_skill_total,eco_aggregate_mel,2017,8.389
zmb,sex_f,skl_skill_total,eco_aggregate_mel,2018,12.732
zmb,sex_f,skl_skill_total,eco_aggregate_mel,2019,15.326
zmb,sex_f,skl_skill_total,eco_aggregate_mel,2020,10.664
zmb,sex_f,skl_skill_total,eco_aggregate_mel,2021,8.782
zmb,sex_f,skl_skill_total,eco_aggregate_mel,2022,7.018
zmb,sex_f,skl_skill_total,eco_aggregate_mel,2023,15.134
zmb,sex_f,skl_skill_total,eco_aggregate_mkt,2015,489.507
zmb,sex_f,skl_skill_total,eco_aggregate_mkt,2017,509.393
zmb,sex_f,skl_skill_total,eco_aggregate_mkt,2018,468.54
zmb,sex_f,skl_skill_total,eco_aggregate_mkt,2019,580.24
zmb,sex_f,skl_skill_total,eco_aggregate_mkt,2020,563.844
zmb,sex_f,skl_skill_total,eco_aggregate_mkt,2021,607.659
zmb,sex_f,skl_skill_total,eco_aggregate_mkt,2022,679.623
zmb,sex_f,skl_skill_total,eco_aggregate_mkt,2023,766.317
zmb,sex_f,skl_skill_total,eco_aggregate_pub,2015,229.247
zmb,sex_f,skl_skill_total,eco_aggregate_pub,2017,308.568
zmb,sex_f,skl_skill_total,eco_aggregate_pub,2018,270.304
zmb,sex_f,skl_skill_total,eco_aggregate_pub,2019,292.88
zmb,sex_f,skl_skill_total,eco_aggregate_pub,2020,296.668
zmb,sex_f,skl_skill_total,eco_aggregate_pub,2021,273.073
zmb,sex_f,skl_skill_total,eco_aggregate_pub,2022,303.023
zmb,sex_f,skl_skill_total,eco_aggregate_pub,2023,390.047
zmb,sex_f,skl_skill_total,eco_aggregate_total,2015,1858.826
zmb,sex_f,skl_skill_total,eco_aggregate_total,2017,2549.978
zmb,sex_f,skl_skill_total,eco_aggregate_total,2018,2461.617
zmb,sex_f,skl_skill_total,eco_aggregate_total,2019,2536.225
zmb,sex_f,skl_skill_total,eco_aggregate_total,2020,2670.51
zmb,sex_f,skl_skill_total,eco_aggregate_total,2021,2624.944
zmb,sex_f,skl_skill_total,eco_aggregate_total,2022,2686.397
zmb,sex_f,skl_skill_total,eco_aggregate_total,2023,3125.609
zmb,sex_f,skl_skill_total,eco_aggregate_x,2015,95.869
zmb,sex_f,skl_skill_total,eco_sector_agr,2015,985.413
zmb,sex_f,skl_skill_total,eco_sector_agr,2017,1660.205
zmb,sex_f,skl_skill_total,eco_sector_agr,2018,1646.788
zmb,sex_f,skl_skill_total,eco_sector_agr,2019,1587.265
zmb,sex_f,skl_skill_total,eco_sector_agr,2020,1719.485
zmb,sex_f,skl_skill_total,eco_sector_agr,2021,1645.623
zmb,sex_f,skl_skill_total,eco_sector_agr,2022,1604.087
zmb,sex_f,skl_skill_total,eco_sector_agr,2023,1859.954
zmb,sex_f,skl_skill_total,eco_sector_ind,2015,58.79
zmb,sex_f,skl_skill_total,eco_sector_ind,2017,71.812
zmb,sex_f,skl_skill_total,eco_sector_ind,2018,75.985
zmb,sex_f,skl_skill_total,eco_sector_ind,2019,75.84
zmb,sex_f,skl_skill_total,eco_sector_ind,2020,90.513
zmb,sex_f,skl_skill_total,eco_sector_ind,2021,98.589
zmb,sex_f,skl_skill_total,eco_sector_ind,2022,99.663
zmb,sex_f,skl_skill_total,eco_sector_ind,2023,109.292
zmb,sex_f,skl_skill_total,eco_sector_nag,2015,873.413
zmb,sex_f,skl_skill_total,eco_sector_nag,2017,889.773
zmb,sex_f,skl_skill_total,eco_sector_nag,2018,814.829
zmb,sex_f,skl_skill_total,eco_sector_nag,2019,948.96
zmb,sex_f,skl_skill_total,eco_sector_nag,2020,951.026
zmb,sex_f,skl_skill_total,eco_sector_nag,2021,979.321
zmb,sex_f,skl_skill_total,eco_sector_nag,2022,1082.309
zmb,sex_f,skl_skill_total,eco_sector_nag,2023,1265.656
zmb,sex_f,skl_skill_total,eco_sector_ser,2015,718.754
zmb,sex_f,skl_skill_total,eco_sector_ser,2017,817.961
zmb,sex_f,skl_skill_total,eco_sector_ser,2018,738.844
zmb,sex_f,skl_skill_total,eco_sector_ser,2019,873.12
zmb,sex_f,skl_skill_total,eco_sector_ser,2020,860.513
zmb,sex_f,skl_skill_total,eco_sector_ser,2021,880.732
zmb,sex_f,skl_skill_total,eco_sector_ser,2022,982.646
zmb,sex_f,skl_skill_total,eco_sector_ser,2023,1156.363
zmb,sex_f,skl_skill_total,eco_sector_total,2015,1858.826
zmb,sex_f,skl_skill_total,eco_sector_total,2017,2549.978
zmb,sex_f,skl_skill_total,eco_sector_total,2018,2461.617
zmb,sex_f,skl_skill_total,eco_sector_total,2019,2536.225
zmb,sex_f,skl_skill_total,eco_sector_total,2020,2670.51
zmb,sex_f,skl_skill_total,eco_sector_total,2021,2624.944
zmb,sex_f,skl_skill_total,eco_sector_total,2022,2686.397
zmb,sex_f,skl_skill_total,eco_sector_total,2023,3125.609
zmb,sex_f,skl_skill_total,eco_sector_x,2015,95.869
zmb,sex_f,skl_skill_under,eco_aggregate_agr,2015,753.808
zmb,sex_f,skl_skill_under,eco_aggregate_agr,2017,1247.566
zmb,sex_f,skl_skill_under,eco_aggregate_agr,2018,595.756
zmb,sex_f,skl_skill_under,eco_aggregate_agr,2019,654.267
zmb,sex_f,skl_skill_under,eco_aggregate_agr,2020,655.436
zmb,sex_f,skl_skill_under,eco_aggregate_agr,2021,630.01
zmb,sex_f,skl_skill_under,eco_aggregate_agr,2022,591.323
zmb,sex_f,skl_skill_under,eco_aggregate_agr,2023,1277.929
zmb,sex_f,skl_skill_under,eco_aggregate_con,2015,1.882
zmb,sex_f,skl_skill_under,eco_aggregate_con,2019,0
zmb,sex_f,skl_skill_under,eco_aggregate_con,2023,0
zmb,sex_f,skl_skill_under,eco_aggregate_man,2015,19.522
zmb,sex_f,skl_skill_under,eco_aggregate_man,2017,26.438
zmb,sex_f,skl_skill_under,eco_aggregate_man,2018,14.415
zmb,sex_f,skl_skill_under,eco_aggregate_man,2019,13.358
zmb,sex_f,skl_skill_under,eco_aggregate_man,2020,17.957
zmb,sex_f,skl_skill_under,eco_aggregate_man,2021,25.557
zmb,sex_f,skl_skill_under,eco_aggregate_man,2022,24.066
zmb,sex_f,skl_skill_under,eco_aggregate_man,2023,31.183
zmb,sex_f,skl_skill_under,eco_aggregate_mel,2015,2.881
zmb,sex_f,skl_skill_under,eco_aggregate_mel,2017,1.747
zmb,sex_f,skl_skill_under,eco_aggregate_mel,2019,2.134
zmb,sex_f,skl_skill_under,eco_aggregate_mel,2020,1.424
zmb,sex_f,skl_skill_under,eco_aggregate_mel,2021,2.112
zmb,sex_f,skl_skill_under,eco_aggregate_mel,2022,2.289
zmb,sex_f,skl_skill_under,eco_aggregate_mel,2023,4.595
zmb,sex_f,skl_skill_under,eco_aggregate_mkt,2015,208.944
zmb,sex_f,skl_skill_under,eco_aggregate_mkt,2017,238.052
zmb,sex_f,skl_skill_under,eco_aggregate_mkt,2018,128.941
zmb,sex_f,skl_skill_under,eco_aggregate_mkt,2019,163.052
zmb,sex_f,skl_skill_under,eco_aggregate_mkt,2020,158.634
zmb,sex_f,skl_skill_under,eco_aggregate_mkt,2021,194.077
zmb,sex_f,skl_skill_under,eco_aggregate_mkt,2022,238.189
zmb,sex_f,skl_skill_under,eco_aggregate_mkt,2023,358.21
zmb,sex_f,skl_skill_under,eco_aggregate_pub,2015,61.006
zmb,sex_f,skl_skill_under,eco_aggregate_pub,2017,144.516
zmb,sex_f,skl_skill_under,eco_aggregate_pub,2018,120.136
zmb,sex_f,skl_skill_under,eco_aggregate_pub,2019,120.421
zmb,sex_f,skl_skill_under,eco_aggregate_pub,2020,117.539
zmb,sex_f,skl_skill_under,eco_aggregate_pub,2021,103.328
zmb,sex_f,skl_skill_under,eco_aggregate_pub,2022,112.993
zmb,sex_f,skl_skill_under,eco_aggregate_pub,2023,185.731
zmb,sex_f,skl_skill_under,eco_aggregate_total,2015,1048.936
zmb,sex_f,skl_skill_under,eco_aggregate_total,2017,1659.872
zmb,sex_f,skl_skill_under,eco_aggregate_total,2018,860.984
zmb,sex_f,skl_skill_under,eco_aggregate_total,2019,953.233
zmb,sex_f,skl_skill_under,eco_aggregate_total,2020,952.594
zmb,sex_f,skl_skill_under,eco_aggregate_total,2021,956.711
zmb,sex_f,skl_skill_under,eco_aggregate_total,2022,969.176
zmb,sex_f,skl_skill_under,eco_aggregate_total,2023,1857.647
zmb,sex_f,skl_skill_under,eco_aggregate_x,2015,0.893
zmb,sex_f,skl_skill_under,eco_sector_agr,2015,753.808
zmb,sex_f,skl_skill_under,eco_sector_agr,2017,1247.566
zmb,sex_f,skl_skill_under,eco_sector_agr,2018,595.756
zmb,sex_f,skl_skill_under,eco_sector_agr,2019,654.267
zmb,sex_f,skl_skill_under,eco_sector_agr,2020,655.436
zmb,sex_f,skl_skill_under,eco_sector_agr,2021,630.01
zmb,sex_f,skl_skill_under,eco_sector_agr,2022,591.323
zmb,sex_f,skl_skill_under,eco_sector_agr,2023,1277.929
zmb,sex_f,skl_skill_under,eco_sector_ind,2015,24.285
zmb,sex_f,skl_skill_under,eco_sector_ind,2017,29.738
zmb,sex_f,skl_skill_under,eco_sector_ind,2018,16.151
zmb,sex_f,skl_skill_under,eco_sector_ind,2019,15.492
zmb,sex_f,skl_skill_under,eco_sector_ind,2020,20.985
zmb,sex_f,skl_skill_under,eco_sector_ind,2021,29.295
zmb,sex_f,skl_skill_under,eco_sector_ind,2022,26.671
zmb,sex_f,skl_skill_under,eco_sector_ind,2023,35.778
zmb,sex_f,skl_skill_under,eco_sector_nag,2015,295.128
zmb,sex_f,skl_skill_under,eco_sector_nag,2017,412.306
zmb,sex_f,skl_skill_under,eco_sector_nag,2018,265.228
zmb,sex_f,skl_skill_under,eco_sector_nag,2019,298.966
zmb,sex_f,skl_skill_under,eco_sector_nag,2020,297.158
zmb,sex_f,skl_skill_under,eco_sector_nag,2021,326.7
zmb,sex_f,skl_skill_under,eco_sector_nag,2022,377.853
zmb,sex_f,skl_skill_under,eco_sector_nag,2023,579.718
zmb,sex_f,skl_skill_under,eco_sector_ser,2015,269.95
zmb,sex_f,skl_skill_under,eco_sector_ser,2017,382.568
zmb,sex_f,skl_skill_under,eco_sector_ser,2018,249.077
zmb,sex_f,skl_skill_under,eco_sector_ser,2019,283.473
zmb,sex_f,skl_skill_under,eco_sector_ser,2020,276.173
zmb,sex_f,skl_skill_under,eco_sector_ser,2021,297.405
zmb,sex_f,skl_skill_under,eco_sector_ser,2022,351.182
zmb,sex_f,skl_skill_under,eco_sector_ser,2023,543.94
zmb,sex_f,skl_skill_under,eco_sector_total,2015,1048.936
zmb,sex_f,skl_skill_under,eco_sector_total,2017,1659.872
zmb,sex_f,skl_skill_under,eco_sector_total,2018,860.984
zmb,sex_f,skl_skill_under,eco_sector_total,2019,953.233
zmb,sex_f,skl_skill_under,eco_sector_total,2020,952.594
zmb,sex_f,skl_skill_under,eco_sector_total,2021,956.711
zmb,sex_f,skl_skill_under,eco_sector_total,2022,969.176
zmb,sex_f,skl_skill_under,eco_sector_total,2023,1857.647
zmb,sex_f,skl_skill_under,eco_sector_x,2015,0.893
zmb,sex_f,skl_skill_x,eco_aggregate_agr,2015,5.905
zmb,sex_f,skl_skill_x,eco_aggregate_agr,2018,687.094
zmb,sex_f,skl_skill_x,eco_aggregate_agr,2019,573.715
zmb,sex_f,skl_skill_x,eco_aggregate_agr,2020,557.422
zmb,sex_f,skl_skill_x,eco_aggregate_agr,2021,565.898
zmb,sex_f,skl_skill_x,eco_aggregate_agr,2022,576.436
zmb,sex_f,skl_skill_x,eco_aggregate_con,2020,0
zmb,sex_f,skl_skill_x,eco_aggregate_con,2022,0
zmb,sex_f,skl_skill_x,eco_aggregate_man,2015,1.113
zmb,sex_f,skl_skill_x,eco_aggregate_man,2018,15.568
zmb,sex_f,skl_skill_x,eco_aggregate_man,2019,12.149
zmb,sex_f,skl_skill_x,eco_aggregate_man,2020,19.216
zmb,sex_f,skl_skill_x,eco_aggregate_man,2021,19.391
zmb,sex_f,skl_skill_x,eco_aggregate_man,2022,22.251
zmb,sex_f,skl_skill_x,eco_aggregate_mel,2018,2.718
zmb,sex_f,skl_skill_x,eco_aggregate_mkt,2015,6.866
zmb,sex_f,skl_skill_x,eco_aggregate_mkt,2018,100.472
zmb,sex_f,skl_skill_x,eco_aggregate_mkt,2019,117.265
zmb,sex_f,skl_skill_x,eco_aggregate_mkt,2020,97.618
zmb,sex_f,skl_skill_x,eco_aggregate_mkt,2021,115.938
zmb,sex_f,skl_skill_x,eco_aggregate_mkt,2022,135.256
zmb,sex_f,skl_skill_x,eco_aggregate_mkt,2023,2.924
zmb,sex_f,skl_skill_x,eco_aggregate_pub,2015,19.532
zmb,sex_f,skl_skill_x,eco_aggregate_pub,2018,35.074
zmb,sex_f,skl_skill_x,eco_aggregate_pub,2019,41.719
zmb,sex_f,skl_skill_x,eco_aggregate_pub,2020,34.716
zmb,sex_f,skl_skill_x,eco_aggregate_pub,2021,37.058
zmb,sex_f,skl_skill_x,eco_aggregate_pub,2022,35.402
zmb,sex_f,skl_skill_x,eco_aggregate_total,2015,128.146
zmb,sex_f,skl_skill_x,eco_aggregate_total,2018,840.925
zmb,sex_f,skl_skill_x,eco_aggregate_total,2019,748.938
zmb,sex_f,skl_skill_x,eco_aggregate_total,2020,708.973
zmb,sex_f,skl_skill_x,eco_aggregate_total,2021,740.487
zmb,sex_f,skl_skill_x,eco_aggregate_total,2022,769.64
zmb,sex_f,skl_skill_x,eco_aggregate_total,2023,6.092
zmb,sex_f,skl_skill_x,eco_aggregate_x,2015,94.355
zmb,sex_f,skl_skill_x,eco_sector_agr,2015,5.905
zmb,sex_f,skl_skill_x,eco_sector_agr,2018,687.094
zmb,sex_f,skl_skill_x,eco_sector_agr,2019,573.715
zmb,sex_f,skl_skill_x,eco_sector_agr,2020,557.422
zmb,sex_f,skl_skill_x,eco_sector_agr,2021,565.898
zmb,sex_f,skl_skill_x,eco_sector_agr,2022,576.436
zmb,sex_f,skl_skill_x,eco_sector_ind,2015,1.489
zmb,sex_f,skl_skill_x,eco_sector_ind,2018,18.285
zmb,sex_f,skl_skill_x,eco_sector_ind,2019,16.238
zmb,sex_f,skl_skill_x,eco_sector_ind,2020,19.216
zmb,sex_f,skl_skill_x,eco_sector_ind,2021,21.593
zmb,sex_f,skl_skill_x,eco_sector_ind,2022,22.546
zmb,sex_f,skl_skill_x,eco_sector_nag,2015,122.241
zmb,sex_f,skl_skill_x,eco_sector_nag,2018,153.831
zmb,sex_f,skl_skill_x,eco_sector_nag,2019,175.222
zmb,sex_f,skl_skill_x,eco_sector_nag,2020,151.551
zmb,sex_f,skl_skill_x,eco_sector_nag,2021,174.589
zmb,sex_f,skl_skill_x,eco_sector_nag,2022,193.205
zmb,sex_f,skl_skill_x,eco_sector_nag,2023,4.463
zmb,sex_f,skl_skill_x,eco_sector_ser,2015,26.398
zmb,sex_f,skl_skill_x,eco_sector_ser,2018,135.545
zmb,sex_f,skl_skill_x,eco_sector_ser,2019,158.984
zmb,sex_f,skl_skill_x,eco_sector_ser,2020,132.335
zmb,sex_f,skl_skill_x,eco_sector_ser,2021,152.996
zmb,sex_f,skl_skill_x,eco_sector_ser,2022,170.658
zmb,sex_f,skl_skill_x,eco_sector_ser,2023,4.463
zmb,sex_f,skl_skill_x,eco_sector_total,2015,128.146
zmb,sex_f,skl_skill_x,eco_sector_total,2018,840.925
zmb,sex_f,skl_skill_x,eco_sector_total,2019,748.938
zmb,sex_f,skl_skill_x,eco_sector_total,2020,708.973
zmb,sex_f,skl_skill_x,eco_sector_total,2021,740.487
zmb,sex_f,skl_skill_x,eco_sector_total,2022,769.64
zmb,sex_f,skl_skill_x,eco_sector_total,2023,6.092
zmb,sex_f,skl_skill_x,eco_sector_x,2015,94.355
zmb,sex_m,skl_skill_match,eco_aggregate_agr,2015,471.588
zmb,sex_m,skl_skill_match,eco_aggregate_agr,2017,533.81
zmb,sex_m,skl_skill_match,eco_aggregate_agr,2018,455.776
zmb,sex_m,skl_skill_match,eco_aggregate_agr,2019,496.006
zmb,sex_m,skl_skill_match,eco_aggregate_agr,2020,634.309
zmb,sex_m,skl_skill_match,eco_aggregate_agr,2021,631.162
zmb,sex_m,skl_skill_match,eco_aggregate_agr,2022,621.141
zmb,sex_m,skl_skill_match,eco_aggregate_agr,2023,837.198
zmb,sex_m,skl_skill_match,eco_aggregate_con,2015,105.884
zmb,sex_m,skl_skill_match,eco_aggregate_con,2017,76.824
zmb,sex_m,skl_skill_match,eco_aggregate_con,2018,91.192
zmb,sex_m,skl_skill_match,eco_aggregate_con,2019,74.197
zmb,sex_m,skl_skill_match,eco_aggregate_con,2020,79.976
zmb,sex_m,skl_skill_match,eco_aggregate_con,2021,82.916
zmb,sex_m,skl_skill_match,eco_aggregate_con,2022,77.56
zmb,sex_m,skl_skill_match,eco_aggregate_con,2023,133.473
zmb,sex_m,skl_skill_match,eco_aggregate_man,2015,94.014
zmb,sex_m,skl_skill_match,eco_aggregate_man,2017,97.142
zmb,sex_m,skl_skill_match,eco_aggregate_man,2018,93.607
zmb,sex_m,skl_skill_match,eco_aggregate_man,2019,94.918
zmb,sex_m,skl_skill_match,eco_aggregate_man,2020,91.024
zmb,sex_m,skl_skill_match,eco_aggregate_man,2021,131.104
zmb,sex_m,skl_skill_match,eco_aggregate_man,2022,115.92
zmb,sex_m,skl_skill_match,eco_aggregate_man,2023,139.208
zmb,sex_m,skl_skill_match,eco_aggregate_mel,2015,57.072
zmb,sex_m,skl_skill_match,eco_aggregate_mel,2017,31.388
zmb,sex_m,skl_skill_match,eco_aggregate_mel,2018,45.288
zmb,sex_m,skl_skill_match,eco_aggregate_mel,2019,38.346
zmb,sex_m,skl_skill_match,eco_aggregate_mel,2020,28.879
zmb,sex_m,skl_skill_match,eco_aggregate_mel,2021,37.793
zmb,sex_m,skl_skill_match,eco_aggregate_mel,2022,27.441
zmb,sex_m,skl_skill_match,eco_aggregate_mel,2023,50.663
zmb,sex_m,skl_skill_match,eco_aggregate_mkt,2015,334.85
zmb,sex_m,skl_skill_match,eco_aggregate_mkt,2017,356.099
zmb,sex_m,skl_skill_match,eco_aggregate_mkt,2018,319.456
zmb,sex_m,skl_skill_match,eco_aggregate_mkt,2019,365.718
zmb,sex_m,skl_skill_match,eco_aggregate_mkt,2020,386.397
zmb,sex_m,skl_skill_match,eco_aggregate_mkt,2021,369.814
zmb,sex_m,skl_skill_match,eco_aggregate_mkt,2022,376.858
zmb,sex_m,skl_skill_match,eco_aggregate_mkt,2023,495.601
zmb,sex_m,skl_skill_match,eco_aggregate_pub,2015,123.944
zmb,sex_m,skl_skill_match,eco_aggregate_pub,2017,135.672
zmb,sex_m,skl_skill_match,eco_aggregate_pub,2018,95.573
zmb,sex_m,skl_skill_match,eco_aggregate_pub,2019,137.132
zmb,sex_m,skl_skill_match,eco_aggregate_pub,2020,131.216
zmb,sex_m,skl_skill_match,eco_aggregate_pub,2021,93.889
zmb,sex_m,skl_skill_match,eco_aggregate_pub,2022,98.368
zmb,sex_m,skl_skill_match,eco_aggregate_pub,2023,164.285
zmb,sex_m,skl_skill_match,eco_aggregate_total,2015,1189.47
zmb,sex_m,skl_skill_match,eco_aggregate_total,2017,1230.936
zmb,sex_m,skl_skill_match,eco_aggregate_total,2018,1100.891
zmb,sex_m,skl_skill_match,eco_aggregate_total,2019,1206.316
zmb,sex_m,skl_skill_match,eco_aggregate_total,2020,1351.801
zmb,sex_m,skl_skill_match,eco_aggregate_total,2021,1346.679
zmb,sex_m,skl_skill_match,eco_aggregate_total,2022,1317.288
zmb,sex_m,skl_skill_match,eco_aggregate_total,2023,1820.428
zmb,sex_m,skl_skill_match,eco_aggregate_x,2015,2.119
zmb,sex_m,skl_skill_match,eco_sector_agr,2015,471.588
zmb,sex_m,skl_skill_match,eco_sector_agr,2017,533.81
zmb,sex_m,skl_skill_match,eco_sector_agr,2018,455.776
zmb,sex_m,skl_skill_match,eco_sector_agr,2019,496.006
zmb,sex_m,skl_skill_match,eco_sector_agr,2020,634.309
zmb,sex_m,skl_skill_match,eco_sector_agr,2021,631.162
zmb,sex_m,skl_skill_match,eco_sector_agr,2022,621.141
zmb,sex_m,skl_skill_match,eco_sector_agr,2023,837.198
zmb,sex_m,skl_skill_match,eco_sector_ind,2015,256.969
zmb,sex_m,skl_skill_match,eco_sector_ind,2017,205.354
zmb,sex_m,skl_skill_match,eco_sector_ind,2018,230.086
zmb,sex_m,skl_skill_match,eco_sector_ind,2019,207.46
zmb,sex_m,skl_skill_match,eco_sector_ind,2020,199.88
zmb,sex_m,skl_skill_match,eco_sector_ind,2021,251.813
zmb,sex_m,skl_skill_match,eco_sector_ind,2022,220.922
zmb,sex_m,skl_skill_match,eco_sector_ind,2023,323.344
zmb,sex_m,skl_skill_match,eco_sector_nag,2015,717.882
zmb,sex_m,skl_skill_match,eco_sector_nag,2017,697.126
zmb,sex_m,skl_skill_match,eco_sector_nag,2018,645.115
zmb,sex_m,skl_skill_match,eco_sector_nag,2019,710.311
zmb,sex_m,skl_skill_match,eco_sector_nag,2020,717.492
zmb,sex_m,skl_skill_match,eco_sector_nag,2021,715.517
zmb,sex_m,skl_skill_match,eco_sector_nag,2022,696.148
zmb,sex_m,skl_skill_match,eco_sector_nag,2023,983.23
zmb,sex_m,skl_skill_match,eco_sector_ser,2015,458.795
zmb,sex_m,skl_skill_match,eco_sector_ser,2017,491.772
zmb,sex_m,skl_skill_match,eco_sector_ser,2018,415.029
zmb,sex_m,skl_skill_match,eco_sector_ser,2019,502.85
zmb,sex_m,skl_skill_match,eco_sector_ser,2020,517.613
zmb,sex_m,skl_skill_match,eco_sector_ser,2021,463.704
zmb,sex_m,skl_skill_match,eco_sector_ser,2022,475.226
zmb,sex_m,skl_skill_match,eco_sector_ser,2023,659.886
zmb,sex_m,skl_skill_match,eco_sector_total,2015,1189.47
zmb,sex_m,skl_skill_match,eco_sector_total,2017,1230.936
zmb,sex_m,skl_skill_match,eco_sector_total,2018,1100.891
zmb,sex_m,skl_skill_match,eco_sector_total,2019,1206.316
zmb,sex_m,skl_skill_match,eco_sector_total,2020,1351.801
zmb,sex_m,skl_skill_match,eco_sector_total,2021,1346.679
zmb,sex_m,skl_skill_match,eco_sector_total,2022,1317.288
zmb,sex_m,skl_skill_match,eco_sector_total,2023,1820.428
zmb,sex_m,skl_skill_match,eco_sector_x,2015,2.119
zmb,sex_m,skl_skill_over,eco_aggregate_agr,2015,47.853
zmb,sex_m,skl_skill_over,eco_aggregate_agr,2017,73.647
zmb,sex_m,skl_skill_over,eco_aggregate_agr,2018,63.105
zmb,sex_m,skl_skill_over,eco_aggregate_agr,2019,73.135
zmb,sex_m,skl_skill_over,eco_aggregate_agr,2020,65.464
zmb,sex_m,skl_skill_over,eco_aggregate_agr,2021,68.972
zmb,sex_m,skl_skill_over,eco_aggregate_agr,2022,70.837
zmb,sex_m,skl_skill_over,eco_aggregate_agr,2023,98
zmb,sex_m,skl_skill_over,eco_aggregate_con,2015,17.912
zmb,sex_m,skl_skill_over,eco_aggregate_con,2017,24.219
zmb,sex_m,skl_skill_over,eco_aggregate_con,2018,26.167
zmb,sex_m,skl_skill_over,eco_aggregate_con,2019,27.079
zmb,sex_m,skl_skill_over,eco_aggregate_con,2020,30.516
zmb,sex_m,skl_skill_over,eco_aggregate_con,2021,35.181
zmb,sex_m,skl_skill_over,eco_aggregate_con,2022,30.083
zmb,sex_m,skl_skill_over,eco_aggregate_con,2023,41.735
zmb,sex_m,skl_skill_over,eco_aggregate_man,2015,25.434
zmb,sex_m,skl_skill_over,eco_aggregate_man,2017,33.606
zmb,sex_m,skl_skill_over,eco_aggregate_man,2018,24.266
zmb,sex_m,skl_skill_over,eco_aggregate_man,2019,28.783
zmb,sex_m,skl_skill_over,eco_aggregate_man,2020,31.305
zmb,sex_m,skl_skill_over,eco_aggregate_man,2021,39.847
zmb,sex_m,skl_skill_over,eco_aggregate_man,2022,26.883
zmb,sex_m,skl_skill_over,eco_aggregate_man,2023,35.164
zmb,sex_m,skl_skill_over,eco_aggregate_mel,2015,26.033
zmb,sex_m,skl_skill_over,eco_aggregate_mel,2017,28.294
zmb,sex_m,skl_skill_over,eco_aggregate_mel,2018,21.314
zmb,sex_m,skl_skill_over,eco_aggregate_mel,2019,16.453
zmb,sex_m,skl_skill_over,eco_aggregate_mel,2020,19.169
zmb,sex_m,skl_skill_over,eco_aggregate_mel,2021,18.04
zmb,sex_m,skl_skill_over,eco_aggregate_mel,2022,22.64
zmb,sex_m,skl_skill_over,eco_aggregate_mel,2023,28.126
zmb,sex_m,skl_skill_over,eco_aggregate_mkt,2015,62.29
zmb,sex_m,skl_skill_over,eco_aggregate_mkt,2017,81.599
zmb,sex_m,skl_skill_over,eco_aggregate_mkt,2018,63.29
zmb,sex_m,skl_skill_over,eco_aggregate_mkt,2019,71.949
zmb,sex_m,skl_skill_over,eco_aggregate_mkt,2020,91.804
zmb,sex_m,skl_skill_over,eco_aggregate_mkt,2021,86.674
zmb,sex_m,skl_skill_over,eco_aggregate_mkt,2022,86.633
zmb,sex_m,skl_skill_over,eco_aggregate_mkt,2023,99.242
zmb,sex_m,skl_skill_over,eco_aggregate_pub,2015,39.385
zmb,sex_m,skl_skill_over,eco_aggregate_pub,2017,56.434
zmb,sex_m,skl_skill_over,eco_aggregate_pub,2018,41.845
zmb,sex_m,skl_skill_over,eco_aggregate_pub,2019,45.571
zmb,sex_m,skl_skill_over,eco_aggregate_pub,2020,47.131
zmb,sex_m,skl_skill_over,eco_aggregate_pub,2021,43.638
zmb,sex_m,skl_skill_over,eco_aggregate_pub,2022,36.843
zmb,sex_m,skl_skill_over,eco_aggregate_pub,2023,54.83
zmb,sex_m,skl_skill_over,eco_aggregate_total,2015,219.312
zmb,sex_m,skl_skill_over,eco_aggregate_total,2017,297.799
zmb,sex_m,skl_skill_over,eco_aggregate_total,2018,239.987
zmb,sex_m,skl_skill_over,eco_aggregate_total,2019,262.97
zmb,sex_m,skl_skill_over,eco_aggregate_total,2020,285.39
zmb,sex_m,skl_skill_over,eco_aggregate_total,2021,292.352
zmb,sex_m,skl_skill_over,eco_aggregate_total,2022,273.918
zmb,sex_m,skl_skill_over,eco_aggregate_total,2023,357.097
zmb,sex_m,skl_skill_over,eco_sector_agr,2015,47.853
zmb,sex_m,skl_skill_over,eco_sector_agr,2017,73.647
zmb,sex_m,skl_skill_over,eco_sector_agr,2018,63.105
zmb,sex_m,skl_skill_over,eco_sector_agr,2019,73.135
zmb,sex_m,skl_skill_over,eco_sector_agr,2020,65.464
zmb,sex_m,skl_skill_over,eco_sector_agr,2021,68.972
zmb,sex_m,skl_skill_over,eco_sector_agr,2022,70.837
zmb,sex_m,skl_skill_over,eco_sector_agr,2023,98
zmb,sex_m,skl_skill_over,eco_sector_ind,2015,69.38
zmb,sex_m,skl_skill_over,eco_sector_ind,2017,86.119
zmb,sex_m,skl_skill_over,eco_sector_ind,2018,71.746
zmb,sex_m,skl_skill_over,eco_sector_ind,2019,72.314
zmb,sex_m,skl_skill_over,eco_sector_ind,2020,80.991
zmb,sex_m,skl_skill_over,eco_sector_ind,2021,93.068
zmb,sex_m,skl_skill_over,eco_sector_ind,2022,79.605
zmb,sex_m,skl_skill_over,eco_sector_ind,2023,105.025
zmb,sex_m,skl_skill_over,eco_sector_nag,2015,171.459
zmb,sex_m,skl_skill_over,eco_sector_nag,2017,224.152
zmb,sex_m,skl_skill_over,eco_sector_nag,2018,176.881
zmb,sex_m,skl_skill_over,eco_sector_nag,2019,189.834
zmb,sex_m,skl_skill_over,eco_sector_nag,2020,219.926
zmb,sex_m,skl_skill_over,eco_sector_nag,2021,223.38
zmb,sex_m,skl_skill_over,eco_sector_nag,2022,203.082
zmb,sex_m,skl_skill_over,eco_sector_nag,2023,259.097
zmb,sex_m,skl_skill_over,eco_sector_ser,2015,101.675
zmb,sex_m,skl_skill_over,eco_sector_ser,2017,138.033
zmb,sex_m,skl_skill_over,eco_sector_ser,2018,105.135
zmb,sex_m,skl_skill_over,eco_sector_ser,2019,117.52
zmb,sex_m,skl_skill_over,eco_sector_ser,2020,138.935
zmb,sex_m,skl_skill_over,eco_sector_ser,2021,130.312
zmb,sex_m,skl_skill_over,eco_sector_ser,2022,123.476
zmb,sex_m,skl_skill_over,eco_sector_ser,2023,154.071
zmb,sex_m,skl_skill_over,eco_sector_total,2015,219.312
zmb,sex_m,skl_skill_over,eco_sector_total,2017,297.799
zmb,sex_m,skl_skill_over,eco_sector_total,2018,239.987
zmb,sex_m,skl_skill_over,eco_sector_total,2019,262.97
zmb,sex_m,skl_skill_over,eco_sector_total,2020,285.39
zmb,sex_m,skl_skill_over,eco_sector_total,2021,292.352
zmb,sex_m,skl_skill_over,eco_sector_total,2022,273.918
zmb,sex_m,skl_skill_over,eco_sector_total,2023,357.097
zmb,sex_m,skl_skill_total,eco_aggregate_agr,2015,1326.929
zmb,sex_m,skl_skill_total,eco_aggregate_agr,2017,1525.278
zmb,sex_m,skl_skill_total,eco_aggregate_agr,2018,1501.131
zmb,sex_m,skl_skill_total,eco_aggregate_agr,2019,1544.56
zmb,sex_m,skl_skill_total,eco_aggregate_agr,2020,1629.623
zmb,sex_m,skl_skill_total,eco_aggregate_agr,2021,1664.283
zmb,sex_m,skl_skill_total,eco_aggregate_agr,2022,1651.857
zmb,sex_m,skl_skill_total,eco_aggregate_agr,2023,1923.903
zmb,sex_m,skl_skill_total,eco_aggregate_con,2015,176.468
zmb,sex_m,skl_skill_total,eco_aggregate_con,2017,140.301
zmb,sex_m,skl_skill_total,eco_aggregate_con,2018,172.082
zmb,sex_m,skl_skill_total,eco_aggregate_con,2019,155.398
zmb,sex_m,skl_skill_total,eco_aggregate_con,2020,155.02
zmb,sex_m,skl_skill_total,eco_aggregate_con,2021,160.625
zmb,sex_m,skl_skill_total,eco_aggregate_con,2022,156.663
zmb,sex_m,skl_skill_total,eco_aggregate_con,2023,220.476
zmb,sex_m,skl_skill_total,eco_aggregate_man,2015,161.629
zmb,sex_m,skl_skill_total,eco_aggregate_man,2017,182.012
zmb,sex_m,skl_skill_total,eco_aggregate_man,2018,181.452
zmb,sex_m,skl_skill_total,eco_aggregate_man,2019,182.519
zmb,sex_m,skl_skill_total,eco_aggregate_man,2020,177.968
zmb,sex_m,skl_skill_total,eco_aggregate_man,2021,246.086
zmb,sex_m,skl_skill_total,eco_aggregate_man,2022,235.161
zmb,sex_m,skl_skill_total,eco_aggregate_man,2023,242.342
zmb,sex_m,skl_skill_total,eco_aggregate_mel,2015,99.002
zmb,sex_m,skl_skill_total,eco_aggregate_mel,2017,71.995
zmb,sex_m,skl_skill_total,eco_aggregate_mel,2018,94.269
zmb,sex_m,skl_skill_total,eco_aggregate_mel,2019,82.568
zmb,sex_m,skl_skill_total,eco_aggregate_mel,2020,67.783
zmb,sex_m,skl_skill_total,eco_aggregate_mel,2021,77.372
zmb,sex_m,skl_skill_total,eco_aggregate_mel,2022,73.303
zmb,sex_m,skl_skill_total,eco_aggregate_mel,2023,98.792
zmb,sex_m,skl_skill_total,eco_aggregate_mkt,2015,528.797
zmb,sex_m,skl_skill_total,eco_aggregate_mkt,2017,636.786
zmb,sex_m,skl_skill_total,eco_aggregate_mkt,2018,583.289
zmb,sex_m,skl_skill_total,eco_aggregate_mkt,2019,648.45
zmb,sex_m,skl_skill_total,eco_aggregate_mkt,2020,673.564
zmb,sex_m,skl_skill_total,eco_aggregate_mkt,2021,689.303
zmb,sex_m,skl_skill_total,eco_aggregate_mkt,2022,752.94
zmb,sex_m,skl_skill_total,eco_aggregate_mkt,2023,789.022
zmb,sex_m,skl_skill_total,eco_aggregate_pub,2015,242.077
zmb,sex_m,skl_skill_total,eco_aggregate_pub,2017,312.606
zmb,sex_m,skl_skill_total,eco_aggregate_pub,2018,272.576
zmb,sex_m,skl_skill_total,eco_aggregate_pub,2019,309.626
zmb,sex_m,skl_skill_total,eco_aggregate_pub,2020,291.257
zmb,sex_m,skl_skill_total,eco_aggregate_pub,2021,262.961
zmb,sex_m,skl_skill_total,eco_aggregate_pub,2022,251.301
zmb,sex_m,skl_skill_total,eco_aggregate_pub,2023,360.504
zmb,sex_m,skl_skill_total,eco_aggregate_total,2015,2606.72
zmb,sex_m,skl_skill_total,eco_aggregate_total,2017,2868.978
zmb,sex_m,skl_skill_total,eco_aggregate_total,2018,2804.8
zmb,sex_m,skl_skill_total,eco_aggregate_total,2019,2923.121
zmb,sex_m,skl_skill_total,eco_aggregate_total,2020,2995.215
zmb,sex_m,skl_skill_total,eco_aggregate_total,2021,3100.63
zmb,sex_m,skl_skill_total,eco_aggregate_total,2022,3121.225
zmb,sex_m,skl_skill_total,eco_aggregate_total,2023,3635.04
zmb,sex_m,skl_skill_total,eco_aggregate_x,2015,71.816
zmb,sex_m,skl_skill_total,eco_sector_agr,2015,1326.929
zmb,sex_m,skl_skill_total,eco_sector_agr,2017,1525.278
zmb,sex_m,skl_skill_total,eco_sector_agr,2018,1501.131
zmb,sex_m,skl_skill_total,eco_sector_agr,2019,1544.56
zmb,sex_m,skl_skill_total,eco_sector_agr,2020,1629.623
zmb,sex_m,skl_skill_total,eco_sector_agr,2021,1664.283
zmb,sex_m,skl_skill_total,eco_sector_agr,2022,1651.857
zmb,sex_m,skl_skill_total,eco_sector_agr,2023,1923.903
zmb,sex_m,skl_skill_total,eco_sector_ind,2015,437.1
zmb,sex_m,skl_skill_total,eco_sector_ind,2017,394.308
zmb,sex_m,skl_skill_total,eco_sector_ind,2018,447.803
zmb,sex_m,skl_skill_total,eco_sector_ind,2019,420.485
zmb,sex_m,skl_skill_total,eco_sector_ind,2020,400.771
zmb,sex_m,skl_skill_total,eco_sector_ind,2021,484.084
zmb,sex_m,skl_skill_total,eco_sector_ind,2022,465.127
zmb,sex_m,skl_skill_total,eco_sector_ind,2023,561.61
zmb,sex_m,skl_skill_total,eco_sector_nag,2015,1279.791
zmb,sex_m,skl_skill_total,eco_sector_nag,2017,1343.7
zmb,sex_m,skl_skill_total,eco_sector_nag,2018,1303.669
zmb,sex_m,skl_skill_total,eco_sector_nag,2019,1378.562
zmb,sex_m,skl_skill_total,eco_sector_nag,2020,1365.592
zmb,sex_m,skl_skill_total,eco_sector_nag,2021,1436.347
zmb,sex_m,skl_skill_total,eco_sector_nag,2022,1469.368
zmb,sex_m,skl_skill_total,eco_sector_nag,2023,1711.137
zmb,sex_m,skl_skill_total,eco_sector_ser,2015,770.875
zmb,sex_m,skl_skill_total,eco_sector_ser,2017,949.392
zmb,sex_m,skl_skill_total,eco_sector_ser,2018,855.866
zmb,sex_m,skl_skill_total,eco_sector_ser,2019,958.076
zmb,sex_m,skl_skill_total,eco_sector_ser,2020,964.821
zmb,sex_m,skl_skill_total,eco_sector_ser,2021,952.264
zmb,sex_m,skl_skill_total,eco_sector_ser,2022,1004.241
zmb,sex_m,skl_skill_total,eco_sector_ser,2023,1149.527
zmb,sex_m,skl_skill_total,eco_sector_total,2015,2606.72
zmb,sex_m,skl_skill_total,eco_sector_total,2017,2868.978
zmb,sex_m,skl_skill_total,eco_sector_total,2018,2804.8
zmb,sex_m,skl_skill_total,eco_sector_total,2019,2923.121
zmb,sex_m,skl_skill_total,eco_sector_total,2020,2995.215
zmb,sex_m,skl_skill_total,eco_sector_total,2021,3100.63
zmb,sex_m,skl_skill_total,eco_sector_total,2022,3121.225
zmb,sex_m,skl_skill_total,eco_sector_total,2023,3635.04
zmb,sex_m,skl_skill_total,eco_sector_x,2015,71.816
zmb,sex_m,skl_skill_under,eco_aggregate_agr,2015,799.617
zmb,sex_m,skl_skill_under,eco_aggregate_agr,2017,917.822
zmb,sex_m,skl_skill_under,eco_aggregate_agr,2018,457.488
zmb,sex_m,skl_skill_under,eco_aggregate_agr,2019,519.603
zmb,sex_m,skl_skill_under,eco_aggregate_agr,2020,498.911
zmb,sex_m,skl_skill_under,eco_aggregate_agr,2021,496.804
zmb,sex_m,skl_skill_under,eco_aggregate_agr,2022,495.326
zmb,sex_m,skl_skill_under,eco_aggregate_agr,2023,985.042
zmb,sex_m,skl_skill_under,eco_aggregate_con,2015,50.49
zmb,sex_m,skl_skill_under,eco_aggregate_con,2017,39.258
zmb,sex_m,skl_skill_under,eco_aggregate_con,2018,32.619
zmb,sex_m,skl_skill_under,eco_aggregate_con,2019,30.646
zmb,sex_m,skl_skill_under,eco_aggregate_con,2020,26.138
zmb,sex_m,skl_skill_under,eco_aggregate_con,2021,24.455
zmb,sex_m,skl_skill_under,eco_aggregate_con,2022,32.693
zmb,sex_m,skl_skill_under,eco_aggregate_con,2023,45.268
zmb,sex_m,skl_skill_under,eco_aggregate_man,2015,40.776
zmb,sex_m,skl_skill_under,eco_aggregate_man,2017,50.948
zmb,sex_m,skl_skill_under,eco_aggregate_man,2018,40.035
zmb,sex_m,skl_skill_under,eco_aggregate_man,2019,29.688
zmb,sex_m,skl_skill_under,eco_aggregate_man,2020,37.961
zmb,sex_m,skl_skill_under,eco_aggregate_man,2021,49.544
zmb,sex_m,skl_skill_under,eco_aggregate_man,2022,63.449
zmb,sex_m,skl_skill_under,eco_aggregate_man,2023,67.97
zmb,sex_m,skl_skill_under,eco_aggregate_mel,2015,14.294
zmb,sex_m,skl_skill_under,eco_aggregate_mel,2017,12.313
zmb,sex_m,skl_skill_under,eco_aggregate_mel,2018,18.843
zmb,sex_m,skl_skill_under,eco_aggregate_mel,2019,24.888
zmb,sex_m,skl_skill_under,eco_aggregate_mel,2020,17.555
zmb,sex_m,skl_skill_under,eco_aggregate_mel,2021,13.528
zmb,sex_m,skl_skill_under,eco_aggregate_mel,2022,17.3
zmb,sex_m,skl_skill_under,eco_aggregate_mel,2023,20.003
zmb,sex_m,skl_skill_under,eco_aggregate_mkt,2015,122.089
zmb,sex_m,skl_skill_under,eco_aggregate_mkt,2017,198.656
zmb,sex_m,skl_skill_under,eco_aggregate_mkt,2018,136.405
zmb,sex_m,skl_skill_under,eco_aggregate_mkt,2019,140.617
zmb,sex_m,skl_skill_under,eco_aggregate_mkt,2020,132.57
zmb,sex_m,skl_skill_under,eco_aggregate_mkt,2021,143.564
zmb,sex_m,skl_skill_under,eco_aggregate_mkt,2022,200.912
zmb,sex_m,skl_skill_under,eco_aggregate_mkt,2023,189.674
zmb,sex_m,skl_skill_under,eco_aggregate_pub,2015,49.848
zmb,sex_m,skl_skill_under,eco_aggregate_pub,2017,115.196
zmb,sex_m,skl_skill_under,eco_aggregate_pub,2018,93.482
zmb,sex_m,skl_skill_under,eco_aggregate_pub,2019,98.726
zmb,sex_m,skl_skill_under,eco_aggregate_pub,2020,87.28
zmb,sex_m,skl_skill_under,eco_aggregate_pub,2021,98.972
zmb,sex_m,skl_skill_under,eco_aggregate_pub,2022,91.196
zmb,sex_m,skl_skill_under,eco_aggregate_pub,2023,136.101
zmb,sex_m,skl_skill_under,eco_aggregate_total,2015,1078.839
zmb,sex_m,skl_skill_under,eco_aggregate_total,2017,1334.193
zmb,sex_m,skl_skill_under,eco_aggregate_total,2018,778.871
zmb,sex_m,skl_skill_under,eco_aggregate_total,2019,844.168
zmb,sex_m,skl_skill_under,eco_aggregate_total,2020,800.414
zmb,sex_m,skl_skill_under,eco_aggregate_total,2021,826.867
zmb,sex_m,skl_skill_under,eco_aggregate_total,2022,900.874
zmb,sex_m,skl_skill_under,eco_aggregate_total,2023,1444.059
zmb,sex_m,skl_skill_under,eco_aggregate_x,2015,1.725
zmb,sex_m,skl_skill_under,eco_sector_agr,2015,799.617
zmb,sex_m,skl_skill_under,eco_sector_agr,2017,917.822
zmb,sex_m,skl_skill_under,eco_sector_agr,2018,457.488
zmb,sex_m,skl_skill_under,eco_sector_agr,2019,519.603
zmb,sex_m,skl_skill_under,eco_sector_agr,2020,498.911
zmb,sex_m,skl_skill_under,eco_sector_agr,2021,496.804
zmb,sex_m,skl_skill_under,eco_sector_agr,2022,495.326
zmb,sex_m,skl_skill_under,eco_sector_agr,2023,985.042
zmb,sex_m,skl_skill_under,eco_sector_ind,2015,105.559
zmb,sex_m,skl_skill_under,eco_sector_ind,2017,102.519
zmb,sex_m,skl_skill_under,eco_sector_ind,2018,91.497
zmb,sex_m,skl_skill_under,eco_sector_ind,2019,85.222
zmb,sex_m,skl_skill_under,eco_sector_ind,2020,81.653
zmb,sex_m,skl_skill_under,eco_sector_ind,2021,87.528
zmb,sex_m,skl_skill_under,eco_sector_ind,2022,113.441
zmb,sex_m,skl_skill_under,eco_sector_ind,2023,133.242
zmb,sex_m,skl_skill_under,eco_sector_nag,2015,279.221
zmb,sex_m,skl_skill_under,eco_sector_nag,2017,416.371
zmb,sex_m,skl_skill_under,eco_sector_nag,2018,321.384
zmb,sex_m,skl_skill_under,eco_sector_nag,2019,324.565
zmb,sex_m,skl_skill_under,eco_sector_nag,2020,301.502
zmb,sex_m,skl_skill_under,eco_sector_nag,2021,330.063
zmb,sex_m,skl_skill_under,eco_sector_nag,2022,405.549
zmb,sex_m,skl_skill_under,eco_sector_nag,2023,459.017
zmb,sex_m,skl_skill_under,eco_sector_ser,2015,171.937
zmb,sex_m,skl_skill_under,eco_sector_ser,2017,313.852
zmb,sex_m,skl_skill_under,eco_sector_ser,2018,229.887
zmb,sex_m,skl_skill_under,eco_sector_ser,2019,239.343
zmb,sex_m,skl_skill_under,eco_sector_ser,2020,219.85
zmb,sex_m,skl_skill_under,eco_sector_ser,2021,242.536
zmb,sex_m,skl_skill_under,eco_sector_ser,2022,292.108
zmb,sex_m,skl_skill_under,eco_sector_ser,2023,325.775
zmb,sex_m,skl_skill_under,eco_sector_total,2015,1078.839
zmb,sex_m,skl_skill_under,eco_sector_total,2017,1334.193
zmb,sex_m,skl_skill_under,eco_sector_total,2018,778.871
zmb,sex_m,skl_skill_under,eco_sector_total,2019,844.168
zmb,sex_m,skl_skill_under,eco_sector_total,2020,800.414
zmb,sex_m,skl_skill_under,eco_sector_total,2021,826.867
zmb,sex_m,skl_skill_under,eco_sector_total,2022,900.874
zmb,sex_m,skl_skill_under,eco_sector_total,2023,1444.059
zmb,sex_m,skl_skill_under,eco_sector_x,2015,1.725
zmb,sex_m,skl_skill_x,eco_aggregate_agr,2015,7.871
zmb,sex_m,skl_skill_x,eco_aggregate_agr,2018,524.763
zmb,sex_m,skl_skill_x,eco_aggregate_agr,2019,455.816
zmb,sex_m,skl_skill_x,eco_aggregate_agr,2020,430.939
zmb,sex_m,skl_skill_x,eco_aggregate_agr,2021,467.345
zmb,sex_m,skl_skill_x,eco_aggregate_agr,2022,464.554
zmb,sex_m,skl_skill_x,eco_aggregate_agr,2023,3.662
zmb,sex_m,skl_skill_x,eco_aggregate_con,2015,2.183
zmb,sex_m,skl_skill_x,eco_aggregate_con,2018,22.105
zmb,sex_m,skl_skill_x,eco_aggregate_con,2019,23.476
zmb,sex_m,skl_skill_x,eco_aggregate_con,2020,18.39
zmb,sex_m,skl_skill_x,eco_aggregate_con,2021,18.073
zmb,sex_m,skl_skill_x,eco_aggregate_con,2022,16.327
zmb,sex_m,skl_skill_x,eco_aggregate_man,2015,1.406
zmb,sex_m,skl_skill_x,eco_aggregate_man,2018,23.545
zmb,sex_m,skl_skill_x,eco_aggregate_man,2019,29.131
zmb,sex_m,skl_skill_x,eco_aggregate_man,2020,17.677
zmb,sex_m,skl_skill_x,eco_aggregate_man,2021,25.591
zmb,sex_m,skl_skill_x,eco_aggregate_man,2022,28.91
zmb,sex_m,skl_skill_x,eco_aggregate_mel,2015,1.603
zmb,sex_m,skl_skill_x,eco_aggregate_mel,2018,8.824
zmb,sex_m,skl_skill_x,eco_aggregate_mel,2019,2.881
zmb,sex_m,skl_skill_x,eco_aggregate_mel,2020,2.18
zmb,sex_m,skl_skill_x,eco_aggregate_mel,2021,8.01
zmb,sex_m,skl_skill_x,eco_aggregate_mel,2022,5.922
zmb,sex_m,skl_skill_x,eco_aggregate_mkt,2015,9.568
zmb,sex_m,skl_skill_x,eco_aggregate_mkt,2018,64.138
zmb,sex_m,skl_skill_x,eco_aggregate_mkt,2019,70.167
zmb,sex_m,skl_skill_x,eco_aggregate_mkt,2020,62.794
zmb,sex_m,skl_skill_x,eco_aggregate_mkt,2021,89.25
zmb,sex_m,skl_skill_x,eco_aggregate_mkt,2022,88.537
zmb,sex_m,skl_skill_x,eco_aggregate_mkt,2023,4.506
zmb,sex_m,skl_skill_x,eco_aggregate_pub,2015,28.9
zmb,sex_m,skl_skill_x,eco_aggregate_pub,2017,5.304
zmb,sex_m,skl_skill_x,eco_aggregate_pub,2018,41.677
zmb,sex_m,skl_skill_x,eco_aggregate_pub,2019,28.197
zmb,sex_m,skl_skill_x,eco_aggregate_pub,2020,25.63
zmb,sex_m,skl_skill_x,eco_aggregate_pub,2021,26.462
zmb,sex_m,skl_skill_x,eco_aggregate_pub,2022,24.894
zmb,sex_m,skl_skill_x,eco_aggregate_pub,2023,5.288
zmb,sex_m,skl_skill_x,eco_aggregate_total,2015,119.099
zmb,sex_m,skl_skill_x,eco_aggregate_total,2017,6.05
zmb,sex_m,skl_skill_x,eco_aggregate_total,2018,685.052
zmb,sex_m,skl_skill_x,eco_aggregate_total,2019,609.667
zmb,sex_m,skl_skill_x,eco_aggregate_total,2020,557.61
zmb,sex_m,skl_skill_x,eco_aggregate_total,2021,634.732
zmb,sex_m,skl_skill_x,eco_aggregate_total,2022,629.144
zmb,sex_m,skl_skill_x,eco_aggregate_total,2023,13.456
zmb,sex_m,skl_skill_x,eco_aggregate_x,2015,67.568
zmb,sex_m,skl_skill_x,eco_sector_agr,2015,7.871
zmb,sex_m,skl_skill_x,eco_sector_agr,2018,524.763
zmb,sex_m,skl_skill_x,eco_sector_agr,2019,455.816
zmb,sex_m,skl_skill_x,eco_sector_agr,2020,430.939
zmb,sex_m,skl_skill_x,eco_sector_agr,2021,467.345
zmb,sex_m,skl_skill_x,eco_sector_agr,2022,464.554
zmb,sex_m,skl_skill_x,eco_sector_agr,2023,3.662
zmb,sex_m,skl_skill_x,eco_sector_ind,2015,5.192
zmb,sex_m,skl_skill_x,eco_sector_ind,2018,54.474
zmb,sex_m,skl_skill_x,eco_sector_ind,2019,55.489
zmb,sex_m,skl_skill_x,eco_sector_ind,2020,38.248
zmb,sex_m,skl_skill_x,eco_sector_ind,2021,51.675
zmb,sex_m,skl_skill_x,eco_sector_ind,2022,51.159
zmb,sex_m,skl_skill_x,eco_sector_nag,2015,111.228
zmb,sex_m,skl_skill_x,eco_sector_nag,2018,160.289
zmb,sex_m,skl_skill_x,eco_sector_nag,2019,153.852
zmb,sex_m,skl_skill_x,eco_sector_nag,2020,126.671
zmb,sex_m,skl_skill_x,eco_sector_nag,2021,167.387
zmb,sex_m,skl_skill_x,eco_sector_nag,2022,164.59
zmb,sex_m,skl_skill_x,eco_sector_nag,2023,9.794
zmb,sex_m,skl_skill_x,eco_sector_ser,2015,38.468
zmb,sex_m,skl_skill_x,eco_sector_ser,2017,5.735
zmb,sex_m,skl_skill_x,eco_sector_ser,2018,105.814
zmb,sex_m,skl_skill_x,eco_sector_ser,2019,98.363
zmb,sex_m,skl_skill_x,eco_sector_ser,2020,88.424
zmb,sex_m,skl_skill_x,eco_sector_ser,2021,115.713
zmb,sex_m,skl_skill_x,eco_sector_ser,2022,113.431
zmb,sex_m,skl_skill_x,eco_sector_ser,2023,9.794
zmb,sex_m,skl_skill_x,eco_sector_total,2015,119.099
zmb,sex_m,skl_skill_x,eco_sector_total,2017,6.05
zmb,sex_m,skl_skill_x,eco_sector_total,2018,685.052
zmb,sex_m,skl_skill_x,eco_sector_total,2019,609.667
zmb,sex_m,skl_skill_x,eco_sector_total,2020,557.61
zmb,sex_m,skl_skill_x,eco_sector_total,2021,634.732
zmb,sex_m,skl_skill_x,eco_sector_total,2022,629.144
zmb,sex_m,skl_skill_x,eco_sector_total,2023,13.456
zmb,sex_m,skl_skill_x,eco_sector_x,2015,67.568
zmb,sex_t,skl_skill_match,eco_aggregate_agr,2015,681.288
zmb,sex_t,skl_skill_match,eco_aggregate_agr,2017,921.603
zmb,sex_t,skl_skill_match,eco_aggregate_agr,2018,794.449
zmb,sex_t,skl_skill_match,eco_aggregate_agr,2019,832.819
zmb,sex_t,skl_skill_match,eco_aggregate_agr,2020,1119.719
zmb,sex_t,skl_skill_match,eco_aggregate_agr,2021,1055.011
zmb,sex_t,skl_skill_match,eco_aggregate_agr,2022,1035.139
zmb,sex_t,skl_skill_match,eco_aggregate_agr,2023,1383.753
zmb,sex_t,skl_skill_match,eco_aggregate_con,2015,107.826
zmb,sex_t,skl_skill_match,eco_aggregate_con,2017,81.647
zmb,sex_t,skl_skill_match,eco_aggregate_con,2018,92.183
zmb,sex_t,skl_skill_match,eco_aggregate_con,2019,75.055
zmb,sex_t,skl_skill_match,eco_aggregate_con,2020,83.153
zmb,sex_t,skl_skill_match,eco_aggregate_con,2021,84.891
zmb,sex_t,skl_skill_match,eco_aggregate_con,2022,78.373
zmb,sex_t,skl_skill_match,eco_aggregate_con,2023,135.392
zmb,sex_t,skl_skill_match,eco_aggregate_man,2015,115.67
zmb,sex_t,skl_skill_match,eco_aggregate_man,2017,116.97
zmb,sex_t,skl_skill_match,eco_aggregate_man,2018,115.565
zmb,sex_t,skl_skill_match,eco_aggregate_man,2019,119.24
zmb,sex_t,skl_skill_match,eco_aggregate_man,2020,118.654
zmb,sex_t,skl_skill_match,eco_aggregate_man,2021,160.305
zmb,sex_t,skl_skill_match,eco_aggregate_man,2022,152.65
zmb,sex_t,skl_skill_match,eco_aggregate_man,2023,187.122
zmb,sex_t,skl_skill_match,eco_aggregate_mel,2015,59.234
zmb,sex_t,skl_skill_match,eco_aggregate_mel,2017,36.261
zmb,sex_t,skl_skill_match,eco_aggregate_mel,2018,49.872
zmb,sex_t,skl_skill_match,eco_aggregate_mel,2019,44.751
zmb,sex_t,skl_skill_match,eco_aggregate_mel,2020,33.53
zmb,sex_t,skl_skill_match,eco_aggregate_mel,2021,41.03
zmb,sex_t,skl_skill_match,eco_aggregate_mel,2022,29.084
zmb,sex_t,skl_skill_match,eco_aggregate_mel,2023,58.451
zmb,sex_t,skl_skill_match,eco_aggregate_mkt,2015,569.598
zmb,sex_t,skl_skill_match,eco_aggregate_mkt,2017,594.926
zmb,sex_t,skl_skill_match,eco_aggregate_mkt,2018,507.24
zmb,sex_t,skl_skill_match,eco_aggregate_mkt,2019,609.642
zmb,sex_t,skl_skill_match,eco_aggregate_mkt,2020,628.184
zmb,sex_t,skl_skill_match,eco_aggregate_mkt,2021,609.354
zmb,sex_t,skl_skill_match,eco_aggregate_mkt,2022,638.979
zmb,sex_t,skl_skill_match,eco_aggregate_mkt,2023,839.138
zmb,sex_t,skl_skill_match,eco_aggregate_pub,2015,236.279
zmb,sex_t,skl_skill_match,eco_aggregate_pub,2017,251.796
zmb,sex_t,skl_skill_match,eco_aggregate_pub,2018,177.261
zmb,sex_t,skl_skill_match,eco_aggregate_pub,2019,237.239
zmb,sex_t,skl_skill_match,eco_aggregate_pub,2020,239.161
zmb,sex_t,skl_skill_match,eco_aggregate_pub,2021,192.845
zmb,sex_t,skl_skill_match,eco_aggregate_pub,2022,218.286
zmb,sex_t,skl_skill_match,eco_aggregate_pub,2023,314.52
zmb,sex_t,skl_skill_match,eco_aggregate_total,2015,1772.546
zmb,sex_t,skl_skill_match,eco_aggregate_total,2017,2003.202
zmb,sex_t,skl_skill_match,eco_aggregate_total,2018,1736.571
zmb,sex_t,skl_skill_match,eco_aggregate_total,2019,1918.746
zmb,sex_t,skl_skill_match,eco_aggregate_total,2020,2222.402
zmb,sex_t,skl_skill_match,eco_aggregate_total,2021,2143.437
zmb,sex_t,skl_skill_match,eco_aggregate_total,2022,2152.511
zmb,sex_t,skl_skill_match,eco_aggregate_total,2023,2918.376
zmb,sex_t,skl_skill_match,eco_aggregate_x,2015,2.651
zmb,sex_t,skl_skill_match,eco_sector_agr,2015,681.288
zmb,sex_t,skl_skill_match,eco_sector_agr,2017,921.603
zmb,sex_t,skl_skill_match,eco_sector_agr,2018,794.449
zmb,sex_t,skl_skill_match,eco_sector_agr,2019,832.819
zmb,sex_t,skl_skill_match,eco_sector_agr,2020,1119.719
zmb,sex_t,skl_skill_match,eco_sector_agr,2021,1055.011
zmb,sex_t,skl_skill_match,eco_sector_agr,2022,1035.139
zmb,sex_t,skl_skill_match,eco_sector_agr,2023,1383.753
zmb,sex_t,skl_skill_match,eco_sector_ind,2015,282.73
zmb,sex_t,skl_skill_match,eco_sector_ind,2017,234.878
zmb,sex_t,skl_skill_match,eco_sector_ind,2018,257.62
zmb,sex_t,skl_skill_match,eco_sector_ind,2019,239.046
zmb,sex_t,skl_skill_match,eco_sector_ind,2020,235.338
zmb,sex_t,skl_skill_match,eco_sector_ind,2021,286.226
zmb,sex_t,skl_skill_match,eco_sector_ind,2022,260.108
zmb,sex_t,skl_skill_match,eco_sector_ind,2023,380.965
zmb,sex_t,skl_skill_match,eco_sector_nag,2015,1091.258
zmb,sex_t,skl_skill_match,eco_sector_nag,2017,1081.6
zmb,sex_t,skl_skill_match,eco_sector_nag,2018,942.122
zmb,sex_t,skl_skill_match,eco_sector_nag,2019,1085.927
zmb,sex_t,skl_skill_match,eco_sector_nag,2020,1102.682
zmb,sex_t,skl_skill_match,eco_sector_nag,2021,1088.426
zmb,sex_t,skl_skill_match,eco_sector_nag,2022,1117.372
zmb,sex_t,skl_skill_match,eco_sector_nag,2023,1534.623
zmb,sex_t,skl_skill_match,eco_sector_ser,2015,805.877
zmb,sex_t,skl_skill_match,eco_sector_ser,2017,846.722
zmb,sex_t,skl_skill_match,eco_sector_ser,2018,684.502
zmb,sex_t,skl_skill_match,eco_sector_ser,2019,846.881
zmb,sex_t,skl_skill_match,eco_sector_ser,2020,867.345
zmb,sex_t,skl_skill_match,eco_sector_ser,2021,802.199
zmb,sex_t,skl_skill_match,eco_sector_ser,2022,857.265
zmb,sex_t,skl_skill_match,eco_sector_ser,2023,1153.658
zmb,sex_t,skl_skill_match,eco_sector_total,2015,1772.546
zmb,sex_t,skl_skill_match,eco_sector_total,2017,2003.202
zmb,sex_t,skl_skill_match,eco_sector_total,2018,1736.571
zmb,sex_t,skl_skill_match,eco_sector_total,2019,1918.746
zmb,sex_t,skl_skill_match,eco_sector_total,2020,2222.402
zmb,sex_t,skl_skill_match,eco_sector_total,2021,2143.437
zmb,sex_t,skl_skill_match,eco_sector_total,2022,2152.511
zmb,sex_t,skl_skill_match,eco_sector_total,2023,2918.376
zmb,sex_t,skl_skill_match,eco_sector_x,2015,2.651
zmb,sex_t,skl_skill_over,eco_aggregate_agr,2015,63.853
zmb,sex_t,skl_skill_over,eco_aggregate_agr,2017,98.493
zmb,sex_t,skl_skill_over,eco_aggregate_agr,2018,88.369
zmb,sex_t,skl_skill_over,eco_aggregate_agr,2019,95.605
zmb,sex_t,skl_skill_over,eco_aggregate_agr,2020,86.682
zmb,sex_t,skl_skill_over,eco_aggregate_agr,2021,94.837
zmb,sex_t,skl_skill_over,eco_aggregate_agr,2022,93.167
zmb,sex_t,skl_skill_over,eco_aggregate_agr,2023,131.842
zmb,sex_t,skl_skill_over,eco_aggregate_con,2015,19.168
zmb,sex_t,skl_skill_over,eco_aggregate_con,2017,24.219
zmb,sex_t,skl_skill_over,eco_aggregate_con,2018,26.653
zmb,sex_t,skl_skill_over,eco_aggregate_con,2019,27.079
zmb,sex_t,skl_skill_over,eco_aggregate_con,2020,31.477
zmb,sex_t,skl_skill_over,eco_aggregate_con,2021,36.734
zmb,sex_t,skl_skill_over,eco_aggregate_con,2022,31.221
zmb,sex_t,skl_skill_over,eco_aggregate_con,2023,42.256
zmb,sex_t,skl_skill_over,eco_aggregate_man,2015,27.533
zmb,sex_t,skl_skill_over,eco_aggregate_man,2017,44.387
zmb,sex_t,skl_skill_over,eco_aggregate_man,2018,33.651
zmb,sex_t,skl_skill_over,eco_aggregate_man,2019,38.051
zmb,sex_t,skl_skill_over,eco_aggregate_man,2020,40.609
zmb,sex_t,skl_skill_over,eco_aggregate_man,2021,49.798
zmb,sex_t,skl_skill_over,eco_aggregate_man,2022,34.214
zmb,sex_t,skl_skill_over,eco_aggregate_man,2023,47.785
zmb,sex_t,skl_skill_over,eco_aggregate_mel,2015,29.934
zmb,sex_t,skl_skill_over,eco_aggregate_mel,2017,30.063
zmb,sex_t,skl_skill_over,eco_aggregate_mel,2018,25.457
zmb,sex_t,skl_skill_over,eco_aggregate_mel,2019,19.708
zmb,sex_t,skl_skill_over,eco_aggregate_mel,2020,23.758
zmb,sex_t,skl_skill_over,eco_aggregate_mel,2021,19.823
zmb,sex_t,skl_skill_over,eco_aggregate_mel,2022,25.43
zmb,sex_t,skl_skill_over,eco_aggregate_mel,2023,30.877
zmb,sex_t,skl_skill_over,eco_aggregate_mkt,2015,101.239
zmb,sex_t,skl_skill_over,eco_aggregate_mkt,2017,114.113
zmb,sex_t,skl_skill_over,eco_aggregate_mkt,2018,114.633
zmb,sex_t,skl_skill_over,eco_aggregate_mkt,2019,127.948
zmb,sex_t,skl_skill_over,eco_aggregate_mkt,2020,157.608
zmb,sex_t,skl_skill_over,eco_aggregate_mkt,2021,144.778
zmb,sex_t,skl_skill_over,eco_aggregate_mkt,2022,130.69
zmb,sex_t,skl_skill_over,eco_aggregate_mkt,2023,160.887
zmb,sex_t,skl_skill_over,eco_aggregate_pub,2015,75.76
zmb,sex_t,skl_skill_over,eco_aggregate_pub,2017,103.742
zmb,sex_t,skl_skill_over,eco_aggregate_pub,2018,75.251
zmb,sex_t,skl_skill_over,eco_aggregate_pub,2019,76.203
zmb,sex_t,skl_skill_over,eco_aggregate_pub,2020,83.599
zmb,sex_t,skl_skill_over,eco_aggregate_pub,2021,77.369
zmb,sex_t,skl_skill_over,eco_aggregate_pub,2022,71.553
zmb,sex_t,skl_skill_over,eco_aggregate_pub,2023,107.372
zmb,sex_t,skl_skill_over,eco_aggregate_total,2015,317.98
zmb,sex_t,skl_skill_over,eco_aggregate_total,2017,415.017
zmb,sex_t,skl_skill_over,eco_aggregate_total,2018,364.014
zmb,sex_t,skl_skill_over,eco_aggregate_total,2019,384.594
zmb,sex_t,skl_skill_over,eco_aggregate_total,2020,423.733
zmb,sex_t,skl_skill_over,eco_aggregate_total,2021,423.339
zmb,sex_t,skl_skill_over,eco_aggregate_total,2022,386.276
zmb,sex_t,skl_skill_over,eco_aggregate_total,2023,521.02
zmb,sex_t,skl_skill_over,eco_sector_agr,2015,63.853
zmb,sex_t,skl_skill_over,eco_sector_agr,2017,98.493
zmb,sex_t,skl_skill_over,eco_sector_agr,2018,88.369
zmb,sex_t,skl_skill_over,eco_sector_agr,2019,95.605
zmb,sex_t,skl_skill_over,eco_sector_agr,2020,86.682
zmb,sex_t,skl_skill_over,eco_sector_agr,2021,94.837
zmb,sex_t,skl_skill_over,eco_sector_agr,2022,93.167
zmb,sex_t,skl_skill_over,eco_sector_agr,2023,131.842
zmb,sex_t,skl_skill_over,eco_sector_ind,2015,76.634
zmb,sex_t,skl_skill_over,eco_sector_ind,2017,98.669
zmb,sex_t,skl_skill_over,eco_sector_ind,2018,85.761
zmb,sex_t,skl_skill_over,eco_sector_ind,2019,84.838
zmb,sex_t,skl_skill_over,eco_sector_ind,2020,95.844
zmb,sex_t,skl_skill_over,eco_sector_ind,2021,106.355
zmb,sex_t,skl_skill_over,eco_sector_ind,2022,90.865
zmb,sex_t,skl_skill_over,eco_sector_ind,2023,120.918
zmb,sex_t,skl_skill_over,eco_sector_nag,2015,254.127
zmb,sex_t,skl_skill_over,eco_sector_nag,2017,316.524
zmb,sex_t,skl_skill_over,eco_sector_nag,2018,275.645
zmb,sex_t,skl_skill_over,eco_sector_nag,2019,288.99
zmb,sex_t,skl_skill_over,eco_sector_nag,2020,337.052
zmb,sex_t,skl_skill_over,eco_sector_nag,2021,328.502
zmb,sex_t,skl_skill_over,eco_sector_nag,2022,293.108
zmb,sex_t,skl_skill_over,eco_sector_nag,2023,389.178
zmb,sex_t,skl_skill_over,eco_sector_ser,2015,176.999
zmb,sex_t,skl_skill_over,eco_sector_ser,2017,217.855
zmb,sex_t,skl_skill_over,eco_sector_ser,2018,189.884
zmb,sex_t,skl_skill_over,eco_sector_ser,2019,204.151
zmb,sex_t,skl_skill_over,eco_sector_ser,2020,241.208
zmb,sex_t,skl_skill_over,eco_sector_ser,2021,222.147
zmb,sex_t,skl_skill_over,eco_sector_ser,2022,202.243
zmb,sex_t,skl_skill_over,eco_sector_ser,2023,268.26
zmb,sex_t,skl_skill_over,eco_sector_total,2015,317.98
zmb,sex_t,skl_skill_over,eco_sector_total,2017,415.017
zmb,sex_t,skl_skill_over,eco_sector_total,2018,364.014
zmb,sex_t,skl_skill_over,eco_sector_total,2019,384.594
zmb,sex_t,skl_skill_over,eco_sector_total,2020,423.733
zmb,sex_t,skl_skill_over,eco_sector_total,2021,423.339
zmb,sex_t,skl_skill_over,eco_sector_total,2022,386.276
zmb,sex_t,skl_skill_over,eco_sector_total,2023,521.02
zmb,sex_t,skl_skill_total,eco_aggregate_agr,2015,2312.342
zmb,sex_t,skl_skill_total,eco_aggregate_agr,2017,3185.483
zmb,sex_t,skl_skill_total,eco_aggregate_agr,2018,3147.919
zmb,sex_t,skl_skill_total,eco_aggregate_agr,2019,3131.825
zmb,sex_t,skl_skill_total,eco_aggregate_agr,2020,3349.108
zmb,sex_t,skl_skill_total,eco_aggregate_agr,2021,3309.905
zmb,sex_t,skl_skill_total,eco_aggregate_agr,2022,3255.944
zmb,sex_t,skl_skill_total,eco_aggregate_agr,2023,3783.857
zmb,sex_t,skl_skill_total,eco_aggregate_con,2015,181.548
zmb,sex_t,skl_skill_total,eco_aggregate_con,2017,146.678
zmb,sex_t,skl_skill_total,eco_aggregate_con,2018,174.009
zmb,sex_t,skl_skill_total,eco_aggregate_con,2019,156.814
zmb,sex_t,skl_skill_total,eco_aggregate_con,2020,160.762
zmb,sex_t,skl_skill_total,eco_aggregate_con,2021,166.332
zmb,sex_t,skl_skill_total,eco_aggregate_con,2022,158.931
zmb,sex_t,skl_skill_total,eco_aggregate_con,2023,222.916
zmb,sex_t,skl_skill_total,eco_aggregate_man,2015,206.019
zmb,sex_t,skl_skill_total,eco_aggregate_man,2017,239.058
zmb,sex_t,skl_skill_total,eco_aggregate_man,2018,242.779
zmb,sex_t,skl_skill_total,eco_aggregate_man,2019,241.618
zmb,sex_t,skl_skill_total,eco_aggregate_man,2020,252.075
zmb,sex_t,skl_skill_total,eco_aggregate_man,2021,330.188
zmb,sex_t,skl_skill_total,eco_aggregate_man,2022,325.539
zmb,sex_t,skl_skill_total,eco_aggregate_man,2023,334.06
zmb,sex_t,skl_skill_total,eco_aggregate_mel,2015,108.322
zmb,sex_t,skl_skill_total,eco_aggregate_mel,2017,80.384
zmb,sex_t,skl_skill_total,eco_aggregate_mel,2018,107.001
zmb,sex_t,skl_skill_total,eco_aggregate_mel,2019,97.894
zmb,sex_t,skl_skill_total,eco_aggregate_mel,2020,78.446
zmb,sex_t,skl_skill_total,eco_aggregate_mel,2021,86.154
zmb,sex_t,skl_skill_total,eco_aggregate_mel,2022,80.321
zmb,sex_t,skl_skill_total,eco_aggregate_mel,2023,113.926
zmb,sex_t,skl_skill_total,eco_aggregate_mkt,2015,1018.304
zmb,sex_t,skl_skill_total,eco_aggregate_mkt,2017,1146.178
zmb,sex_t,skl_skill_total,eco_aggregate_mkt,2018,1051.829
zmb,sex_t,skl_skill_total,eco_aggregate_mkt,2019,1228.69
zmb,sex_t,skl_skill_total,eco_aggregate_mkt,2020,1237.408
zmb,sex_t,skl_skill_total,eco_aggregate_mkt,2021,1296.962
zmb,sex_t,skl_skill_total,eco_aggregate_mkt,2022,1432.563
zmb,sex_t,skl_skill_total,eco_aggregate_mkt,2023,1555.339
zmb,sex_t,skl_skill_total,eco_aggregate_pub,2015,471.324
zmb,sex_t,skl_skill_total,eco_aggregate_pub,2017,621.174
zmb,sex_t,skl_skill_total,eco_aggregate_pub,2018,542.88
zmb,sex_t,skl_skill_total,eco_aggregate_pub,2019,602.506
zmb,sex_t,skl_skill_total,eco_aggregate_pub,2020,587.926
zmb,sex_t,skl_skill_total,eco_aggregate_pub,2021,536.033
zmb,sex_t,skl_skill_total,eco_aggregate_pub,2022,554.324
zmb,sex_t,skl_skill_total,eco_aggregate_pub,2023,750.551
zmb,sex_t,skl_skill_total,eco_aggregate_total,2015,4465.546
zmb,sex_t,skl_skill_total,eco_aggregate_total,2017,5418.956
zmb,sex_t,skl_skill_total,eco_aggregate_total,2018,5266.417
zmb,sex_t,skl_skill_total,eco_aggregate_total,2019,5459.346
zmb,sex_t,skl_skill_total,eco_aggregate_total,2020,5665.726
zmb,sex_t,skl_skill_total,eco_aggregate_total,2021,5725.574
zmb,sex_t,skl_skill_total,eco_aggregate_total,2022,5807.622
zmb,sex_t,skl_skill_total,eco_aggregate_total,2023,6760.649
zmb,sex_t,skl_skill_total,eco_aggregate_x,2015,167.685
zmb,sex_t,skl_skill_total,eco_sector_agr,2015,2312.342
zmb,sex_t,skl_skill_total,eco_sector_agr,2017,3185.483
zmb,sex_t,skl_skill_total,eco_sector_agr,2018,3147.919
zmb,sex_t,skl_skill_total,eco_sector_agr,2019,3131.825
zmb,sex_t,skl_skill_total,eco_sector_agr,2020,3349.108
zmb,sex_t,skl_skill_total,eco_sector_agr,2021,3309.905
zmb,sex_t,skl_skill_total,eco_sector_agr,2022,3255.944
zmb,sex_t,skl_skill_total,eco_sector_agr,2023,3783.857
zmb,sex_t,skl_skill_total,eco_sector_ind,2015,495.89
zmb,sex_t,skl_skill_total,eco_sector_ind,2017,466.12
zmb,sex_t,skl_skill_total,eco_sector_ind,2018,523.788
zmb,sex_t,skl_skill_total,eco_sector_ind,2019,496.325
zmb,sex_t,skl_skill_total,eco_sector_ind,2020,491.284
zmb,sex_t,skl_skill_total,eco_sector_ind,2021,582.673
zmb,sex_t,skl_skill_total,eco_sector_ind,2022,564.79
zmb,sex_t,skl_skill_total,eco_sector_ind,2023,670.902
zmb,sex_t,skl_skill_total,eco_sector_nag,2015,2153.204
zmb,sex_t,skl_skill_total,eco_sector_nag,2017,2233.473
zmb,sex_t,skl_skill_total,eco_sector_nag,2018,2118.498
zmb,sex_t,skl_skill_total,eco_sector_nag,2019,2327.521
zmb,sex_t,skl_skill_total,eco_sector_nag,2020,2316.617
zmb,sex_t,skl_skill_total,eco_sector_nag,2021,2415.668
zmb,sex_t,skl_skill_total,eco_sector_nag,2022,2551.677
zmb,sex_t,skl_skill_total,eco_sector_nag,2023,2976.793
zmb,sex_t,skl_skill_total,eco_sector_ser,2015,1489.629
zmb,sex_t,skl_skill_total,eco_sector_ser,2017,1767.352
zmb,sex_t,skl_skill_total,eco_sector_ser,2018,1594.71
zmb,sex_t,skl_skill_total,eco_sector_ser,2019,1831.196
zmb,sex_t,skl_skill_total,eco_sector_ser,2020,1825.334
zmb,sex_t,skl_skill_total,eco_sector_ser,2021,1832.996
zmb,sex_t,skl_skill_total,eco_sector_ser,2022,1986.887
zmb,sex_t,skl_skill_total,eco_sector_ser,2023,2305.89
zmb,sex_t,skl_skill_total,eco_sector_total,2015,4465.546
zmb,sex_t,skl_skill_total,eco_sector_total,2017,5418.956
zmb,sex_t,skl_skill_total,eco_sector_total,2018,5266.417
zmb,sex_t,skl_skill_total,eco_sector_total,2019,5459.346
zmb,sex_t,skl_skill_total,eco_sector_total,2020,5665.726
zmb,sex_t,skl_skill_total,eco_sector_total,2021,5725.574
zmb,sex_t,skl_skill_total,eco_sector_total,2022,5807.622
zmb,sex_t,skl_skill_total,eco_sector_total,2023,6760.649
zmb,sex_t,skl_skill_total,eco_sector_x,2015,167.685
zmb,sex_t,skl_skill_under,eco_aggregate_agr,2015,1553.425
zmb,sex_t,skl_skill_under,eco_aggregate_agr,2017,2165.387
zmb,sex_t,skl_skill_under,eco_aggregate_agr,2018,1053.244
zmb,sex_t,skl_skill_under,eco_aggregate_agr,2019,1173.87
zmb,sex_t,skl_skill_under,eco_aggregate_agr,2020,1154.347
zmb,sex_t,skl_skill_under,eco_aggregate_agr,2021,1126.814
zmb,sex_t,skl_skill_under,eco_aggregate_agr,2022,1086.649
zmb,sex_t,skl_skill_under,eco_aggregate_agr,2023,2262.971
zmb,sex_t,skl_skill_under,eco_aggregate_con,2015,52.372
zmb,sex_t,skl_skill_under,eco_aggregate_con,2017,40.812
zmb,sex_t,skl_skill_under,eco_aggregate_con,2018,33.067
zmb,sex_t,skl_skill_under,eco_aggregate_con,2019,30.646
zmb,sex_t,skl_skill_under,eco_aggregate_con,2020,27.742
zmb,sex_t,skl_skill_under,eco_aggregate_con,2021,26.081
zmb,sex_t,skl_skill_under,eco_aggregate_con,2022,33.009
zmb,sex_t,skl_skill_under,eco_aggregate_con,2023,45.268
zmb,sex_t,skl_skill_under,eco_aggregate_man,2015,60.298
zmb,sex_t,skl_skill_under,eco_aggregate_man,2017,77.386
zmb,sex_t,skl_skill_under,eco_aggregate_man,2018,54.45
zmb,sex_t,skl_skill_under,eco_aggregate_man,2019,43.046
zmb,sex_t,skl_skill_under,eco_aggregate_man,2020,55.917
zmb,sex_t,skl_skill_under,eco_aggregate_man,2021,75.102
zmb,sex_t,skl_skill_under,eco_aggregate_man,2022,87.514
zmb,sex_t,skl_skill_under,eco_aggregate_man,2023,99.153
zmb,sex_t,skl_skill_under,eco_aggregate_mel,2015,17.175
zmb,sex_t,skl_skill_under,eco_aggregate_mel,2017,14.06
zmb,sex_t,skl_skill_under,eco_aggregate_mel,2018,20.13
zmb,sex_t,skl_skill_under,eco_aggregate_mel,2019,27.022
zmb,sex_t,skl_skill_under,eco_aggregate_mel,2020,18.978
zmb,sex_t,skl_skill_under,eco_aggregate_mel,2021,15.64
zmb,sex_t,skl_skill_under,eco_aggregate_mel,2022,19.589
zmb,sex_t,skl_skill_under,eco_aggregate_mel,2023,24.598
zmb,sex_t,skl_skill_under,eco_aggregate_mkt,2015,331.033
zmb,sex_t,skl_skill_under,eco_aggregate_mkt,2017,436.708
zmb,sex_t,skl_skill_under,eco_aggregate_mkt,2018,265.347
zmb,sex_t,skl_skill_under,eco_aggregate_mkt,2019,303.669
zmb,sex_t,skl_skill_under,eco_aggregate_mkt,2020,291.204
zmb,sex_t,skl_skill_under,eco_aggregate_mkt,2021,337.641
zmb,sex_t,skl_skill_under,eco_aggregate_mkt,2022,439.1
zmb,sex_t,skl_skill_under,eco_aggregate_mkt,2023,547.884
zmb,sex_t,skl_skill_under,eco_aggregate_pub,2015,110.854
zmb,sex_t,skl_skill_under,eco_aggregate_pub,2017,259.712
zmb,sex_t,skl_skill_under,eco_aggregate_pub,2018,213.618
zmb,sex_t,skl_skill_under,eco_aggregate_pub,2019,219.148
zmb,sex_t,skl_skill_under,eco_aggregate_pub,2020,204.819
zmb,sex_t,skl_skill_under,eco_aggregate_pub,2021,202.3
zmb,sex_t,skl_skill_under,eco_aggregate_pub,2022,204.189
zmb,sex_t,skl_skill_under,eco_aggregate_pub,2023,321.831
zmb,sex_t,skl_skill_under,eco_aggregate_total,2015,2127.775
zmb,sex_t,skl_skill_under,eco_aggregate_total,2017,2994.065
zmb,sex_t,skl_skill_under,eco_aggregate_total,2018,1639.856
zmb,sex_t,skl_skill_under,eco_aggregate_total,2019,1797.401
zmb,sex_t,skl_skill_under,eco_aggregate_total,2020,1753.007
zmb,sex_t,skl_skill_under,eco_aggregate_total,2021,1783.578
zmb,sex_t,skl_skill_under,eco_aggregate_total,2022,1870.051
zmb,sex_t,skl_skill_under,eco_aggregate_total,2023,3301.706
zmb,sex_t,skl_skill_under,eco_aggregate_x,2015,2.618
zmb,sex_t,skl_skill_under,eco_sector_agr,2015,1553.425
zmb,sex_t,skl_skill_under,eco_sector_agr,2017,2165.387
zmb,sex_t,skl_skill_under,eco_sector_agr,2018,1053.244
zmb,sex_t,skl_skill_under,eco_sector_agr,2019,1173.87
zmb,sex_t,skl_skill_under,eco_sector_agr,2020,1154.347
zmb,sex_t,skl_skill_under,eco_sector_agr,2021,1126.814
zmb,sex_t,skl_skill_under,eco_sector_agr,2022,1086.649
zmb,sex_t,skl_skill_under,eco_sector_agr,2023,2262.971
zmb,sex_t,skl_skill_under,eco_sector_ind,2015,129.845
zmb,sex_t,skl_skill_under,eco_sector_ind,2017,132.257
zmb,sex_t,skl_skill_under,eco_sector_ind,2018,107.647
zmb,sex_t,skl_skill_under,eco_sector_ind,2019,100.714
zmb,sex_t,skl_skill_under,eco_sector_ind,2020,102.638
zmb,sex_t,skl_skill_under,eco_sector_ind,2021,116.823
zmb,sex_t,skl_skill_under,eco_sector_ind,2022,140.112
zmb,sex_t,skl_skill_under,eco_sector_ind,2023,169.019
zmb,sex_t,skl_skill_under,eco_sector_nag,2015,574.35
zmb,sex_t,skl_skill_under,eco_sector_nag,2017,828.678
zmb,sex_t,skl_skill_under,eco_sector_nag,2018,586.611
zmb,sex_t,skl_skill_under,eco_sector_nag,2019,623.531
zmb,sex_t,skl_skill_under,eco_sector_nag,2020,598.66
zmb,sex_t,skl_skill_under,eco_sector_nag,2021,656.764
zmb,sex_t,skl_skill_under,eco_sector_nag,2022,783.402
zmb,sex_t,skl_skill_under,eco_sector_nag,2023,1038.735
zmb,sex_t,skl_skill_under,eco_sector_ser,2015,441.888
zmb,sex_t,skl_skill_under,eco_sector_ser,2017,696.42
zmb,sex_t,skl_skill_under,eco_sector_ser,2018,478.964
zmb,sex_t,skl_skill_under,eco_sector_ser,2019,522.816
zmb,sex_t,skl_skill_under,eco_sector_ser,2020,496.022
zmb,sex_t,skl_skill_under,eco_sector_ser,2021,539.941
zmb,sex_t,skl_skill_under,eco_sector_ser,2022,643.29
zmb,sex_t,skl_skill_under,eco_sector_ser,2023,869.715
zmb,sex_t,skl_skill_under,eco_sector_total,2015,2127.775
zmb,sex_t,skl_skill_under,eco_sector_total,2017,2994.065
zmb,sex_t,skl_skill_under,eco_sector_total,2018,1639.856
zmb,sex_t,skl_skill_under,eco_sector_total,2019,1797.401
zmb,sex_t,skl_skill_under,eco_sector_total,2020,1753.007
zmb,sex_t,skl_skill_under,eco_sector_total,2021,1783.578
zmb,sex_t,skl_skill_under,eco_sector_total,2022,1870.051
zmb,sex_t,skl_skill_under,eco_sector_total,2023,3301.706
zmb,sex_t,skl_skill_under,eco_sector_x,2015,2.618
zmb,sex_t,skl_skill_x,eco_aggregate_agr,2015,13.775
zmb,sex_t,skl_skill_x,eco_aggregate_agr,2018,1211.857
zmb,sex_t,skl_skill_x,eco_aggregate_agr,2019,1029.531
zmb,sex_t,skl_skill_x,eco_aggregate_agr,2020,988.36
zmb,sex_t,skl_skill_x,eco_aggregate_agr,2021,1033.243
zmb,sex_t,skl_skill_x,eco_aggregate_agr,2022,1040.989
zmb,sex_t,skl_skill_x,eco_aggregate_agr,2023,5.291
zmb,sex_t,skl_skill_x,eco_aggregate_con,2015,2.183
zmb,sex_t,skl_skill_x,eco_aggregate_con,2018,22.105
zmb,sex_t,skl_skill_x,eco_aggregate_con,2019,24.034
zmb,sex_t,skl_skill_x,eco_aggregate_con,2020,18.39
zmb,sex_t,skl_skill_x,eco_aggregate_con,2021,18.625
zmb,sex_t,skl_skill_x,eco_aggregate_con,2022,16.327
zmb,sex_t,skl_skill_x,eco_aggregate_man,2015,2.518
zmb,sex_t,skl_skill_x,eco_aggregate_man,2018,39.113
zmb,sex_t,skl_skill_x,eco_aggregate_man,2019,41.28
zmb,sex_t,skl_skill_x,eco_aggregate_man,2020,36.894
zmb,sex_t,skl_skill_x,eco_aggregate_man,2021,44.983
zmb,sex_t,skl_skill_x,eco_aggregate_man,2022,51.16
zmb,sex_t,skl_skill_x,eco_aggregate_mel,2015,1.979
zmb,sex_t,skl_skill_x,eco_aggregate_mel,2018,11.541
zmb,sex_t,skl_skill_x,eco_aggregate_mel,2019,6.413
zmb,sex_t,skl_skill_x,eco_aggregate_mel,2020,2.18
zmb,sex_t,skl_skill_x,eco_aggregate_mel,2021,9.661
zmb,sex_t,skl_skill_x,eco_aggregate_mel,2022,6.217
zmb,sex_t,skl_skill_x,eco_aggregate_mkt,2015,16.434
zmb,sex_t,skl_skill_x,eco_aggregate_mkt,2018,164.609
zmb,sex_t,skl_skill_x,eco_aggregate_mkt,2019,187.432
zmb,sex_t,skl_skill_x,eco_aggregate_mkt,2020,160.412
zmb,sex_t,skl_skill_x,eco_aggregate_mkt,2021,205.188
zmb,sex_t,skl_skill_x,eco_aggregate_mkt,2022,223.793
zmb,sex_t,skl_skill_x,eco_aggregate_mkt,2023,7.43
zmb,sex_t,skl_skill_x,eco_aggregate_pub,2015,48.431
zmb,sex_t,skl_skill_x,eco_aggregate_pub,2017,5.924
zmb,sex_t,skl_skill_x,eco_aggregate_pub,2018,76.75
zmb,sex_t,skl_skill_x,eco_aggregate_pub,2019,69.916
zmb,sex_t,skl_skill_x,eco_aggregate_pub,2020,60.347
zmb,sex_t,skl_skill_x,eco_aggregate_pub,2021,63.52
zmb,sex_t,skl_skill_x,eco_aggregate_pub,2022,60.296
zmb,sex_t,skl_skill_x,eco_aggregate_pub,2023,6.827
zmb,sex_t,skl_skill_x,eco_aggregate_total,2015,247.245
zmb,sex_t,skl_skill_x,eco_aggregate_total,2017,6.671
zmb,sex_t,skl_skill_x,eco_aggregate_total,2018,1525.976
zmb,sex_t,skl_skill_x,eco_aggregate_total,2019,1358.605
zmb,sex_t,skl_skill_x,eco_aggregate_total,2020,1266.583
zmb,sex_t,skl_skill_x,eco_aggregate_total,2021,1375.22
zmb,sex_t,skl_skill_x,eco_aggregate_total,2022,1398.784
zmb,sex_t,skl_skill_x,eco_aggregate_total,2023,19.548
zmb,sex_t,skl_skill_x,eco_aggregate_x,2015,161.923
zmb,sex_t,skl_skill_x,eco_sector_agr,2015,13.775
zmb,sex_t,skl_skill_x,eco_sector_agr,2018,1211.857
zmb,sex_t,skl_skill_x,eco_sector_agr,2019,1029.531
zmb,sex_t,skl_skill_x,eco_sector_agr,2020,988.36
zmb,sex_t,skl_skill_x,eco_sector_agr,2021,1033.243
zmb,sex_t,skl_skill_x,eco_sector_agr,2022,1040.989
zmb,sex_t,skl_skill_x,eco_sector_agr,2023,5.291
zmb,sex_t,skl_skill_x,eco_sector_ind,2015,6.681
zmb,sex_t,skl_skill_x,eco_sector_ind,2018,72.76
zmb,sex_t,skl_skill_x,eco_sector_ind,2019,71.727
zmb,sex_t,skl_skill_x,eco_sector_ind,2020,57.464
zmb,sex_t,skl_skill_x,eco_sector_ind,2021,73.268
zmb,sex_t,skl_skill_x,eco_sector_ind,2022,73.705
zmb,sex_t,skl_skill_x,eco_sector_nag,2015,233.47
zmb,sex_t,skl_skill_x,eco_sector_nag,2018,314.119
zmb,sex_t,skl_skill_x,eco_sector_nag,2019,329.074
zmb,sex_t,skl_skill_x,eco_sector_nag,2020,278.223
zmb,sex_t,skl_skill_x,eco_sector_nag,2021,341.976
zmb,sex_t,skl_skill_x,eco_sector_nag,2022,357.795
zmb,sex_t,skl_skill_x,eco_sector_nag,2023,14.257
zmb,sex_t,skl_skill_x,eco_sector_ser,2015,64.865
zmb,sex_t,skl_skill_x,eco_sector_ser,2017,6.356
zmb,sex_t,skl_skill_x,eco_sector_ser,2018,241.36
zmb,sex_t,skl_skill_x,eco_sector_ser,2019,257.347
zmb,sex_t,skl_skill_x,eco_sector_ser,2020,220.759
zmb,sex_t,skl_skill_x,eco_sector_ser,2021,268.708
zmb,sex_t,skl_skill_x,eco_sector_ser,2022,284.089
zmb,sex_t,skl_skill_x,eco_sector_ser,2023,14.257
zmb,sex_t,skl_skill_x,eco_sector_total,2015,247.245
zmb,sex_t,skl_skill_x,eco_sector_total,2017,6.671
zmb,sex_t,skl_skill_x,eco_sector_total,2018,1525.976
zmb,sex_t,skl_skill_x,eco_sector_total,2019,1358.605
zmb,sex_t,skl_skill_x,eco_sector_total,2020,1266.583
zmb,sex_t,skl_skill_x,eco_sector_total,2021,1375.22
zmb,sex_t,skl_skill_x,eco_sector_total,2022,1398.784
zmb,sex_t,skl_skill_x,eco_sector_total,2023,19.548
zmb,sex_t,skl_skill_x,eco_sector_x,2015,161.923
