ref_area,classif1,classif2,time,emp_2emp_age_ste_nb
x16,age_ythadult_y15_24,ste_aggregate_ees,1991,1826.642
x16,age_ythadult_y15_24,ste_aggregate_ees,1992,1828.766
x16,age_ythadult_y15_24,ste_aggregate_ees,1993,1790.559
x16,age_ythadult_y15_24,ste_aggregate_ees,1994,1821.301
x16,age_ythadult_y15_24,ste_aggregate_ees,1995,1952.769
x16,age_ythadult_y15_24,ste_aggregate_ees,1996,2061.545
x16,age_ythadult_y15_24,ste_aggregate_ees,1997,2122.346
x16,age_ythadult_y15_24,ste_aggregate_ees,1998,2108.704
x16,age_ythadult_y15_24,ste_aggregate_ees,1999,2101.667
x16,age_ythadult_y15_24,ste_aggregate_ees,2000,2103.382
x16,age_ythadult_y15_24,ste_aggregate_ees,2001,2073.02
x16,age_ythadult_y15_24,ste_aggregate_ees,2002,2073.152
x16,age_ythadult_y15_24,ste_aggregate_ees,2003,2055.085
x16,age_ythadult_y15_24,ste_aggregate_ees,2004,2053.784
x16,age_ythadult_y15_24,ste_aggregate_ees,2005,2041.07
x16,age_ythadult_y15_24,ste_aggregate_ees,2006,2035.028
x16,age_ythadult_y15_24,ste_aggregate_ees,2007,2030.453
x16,age_ythadult_y15_24,ste_aggregate_ees,2008,1997.208
x16,age_ythadult_y15_24,ste_aggregate_ees,2009,1738.655
x16,age_ythadult_y15_24,ste_aggregate_ees,2010,1546.286
x16,age_ythadult_y15_24,ste_aggregate_ees,2011,1517.192
x16,age_ythadult_y15_24,ste_aggregate_ees,2012,1461.088
x16,age_ythadult_y15_24,ste_aggregate_ees,2013,1487.042
x16,age_ythadult_y15_24,ste_aggregate_ees,2014,1462.368
x16,age_ythadult_y15_24,ste_aggregate_ees,2015,1554.548
x16,age_ythadult_y15_24,ste_aggregate_ees,2016,1417.95
x16,age_ythadult_y15_24,ste_aggregate_ees,2017,1401.218
x16,age_ythadult_y15_24,ste_aggregate_ees,2018,1333.854
x16,age_ythadult_y15_24,ste_aggregate_ees,2019,1247.807
x16,age_ythadult_y15_24,ste_aggregate_ees,2020,963.718
x16,age_ythadult_y15_24,ste_aggregate_ees,2021,896.48
x16,age_ythadult_y15_24,ste_aggregate_ees,2022,1129.536
x16,age_ythadult_y15_24,ste_aggregate_ees,2023,1249.179
x16,age_ythadult_y15_24,ste_aggregate_ees,2024,1241.002
x16,age_ythadult_y15_24,ste_aggregate_ees,2025,1261.156
x16,age_ythadult_y15_24,ste_aggregate_slf,1991,333.685
x16,age_ythadult_y15_24,ste_aggregate_slf,1992,337.313
x16,age_ythadult_y15_24,ste_aggregate_slf,1993,334.05
x16,age_ythadult_y15_24,ste_aggregate_slf,1994,337.679
x16,age_ythadult_y15_24,ste_aggregate_slf,1995,353.188
x16,age_ythadult_y15_24,ste_aggregate_slf,1996,362.194
x16,age_ythadult_y15_24,ste_aggregate_slf,1997,363.932
x16,age_ythadult_y15_24,ste_aggregate_slf,1998,354.622
x16,age_ythadult_y15_24,ste_aggregate_slf,1999,344.589
x16,age_ythadult_y15_24,ste_aggregate_slf,2000,335.768
x16,age_ythadult_y15_24,ste_aggregate_slf,2001,339.253
x16,age_ythadult_y15_24,ste_aggregate_slf,2002,318.697
x16,age_ythadult_y15_24,ste_aggregate_slf,2003,302.563
x16,age_ythadult_y15_24,ste_aggregate_slf,2004,293.615
x16,age_ythadult_y15_24,ste_aggregate_slf,2005,298.237
x16,age_ythadult_y15_24,ste_aggregate_slf,2006,302.202
x16,age_ythadult_y15_24,ste_aggregate_slf,2007,272.179
x16,age_ythadult_y15_24,ste_aggregate_slf,2008,258.278
x16,age_ythadult_y15_24,ste_aggregate_slf,2009,238.907
x16,age_ythadult_y15_24,ste_aggregate_slf,2010,210.949
x16,age_ythadult_y15_24,ste_aggregate_slf,2011,208.785
x16,age_ythadult_y15_24,ste_aggregate_slf,2012,199.095
x16,age_ythadult_y15_24,ste_aggregate_slf,2013,185.812
x16,age_ythadult_y15_24,ste_aggregate_slf,2014,172.921
x16,age_ythadult_y15_24,ste_aggregate_slf,2015,179.876
x16,age_ythadult_y15_24,ste_aggregate_slf,2016,180.969
x16,age_ythadult_y15_24,ste_aggregate_slf,2017,178.285
x16,age_ythadult_y15_24,ste_aggregate_slf,2018,181.404
x16,age_ythadult_y15_24,ste_aggregate_slf,2019,183.025
x16,age_ythadult_y15_24,ste_aggregate_slf,2020,171.14
x16,age_ythadult_y15_24,ste_aggregate_slf,2021,158.208
x16,age_ythadult_y15_24,ste_aggregate_slf,2022,189.598
x16,age_ythadult_y15_24,ste_aggregate_slf,2023,188.736
x16,age_ythadult_y15_24,ste_aggregate_slf,2024,196.622
x16,age_ythadult_y15_24,ste_aggregate_slf,2025,200.316
x16,age_ythadult_y15_24,ste_aggregate_total,1991,2160.327
x16,age_ythadult_y15_24,ste_aggregate_total,1992,2166.079
x16,age_ythadult_y15_24,ste_aggregate_total,1993,2124.609
x16,age_ythadult_y15_24,ste_aggregate_total,1994,2158.98
x16,age_ythadult_y15_24,ste_aggregate_total,1995,2305.958
x16,age_ythadult_y15_24,ste_aggregate_total,1996,2423.74
x16,age_ythadult_y15_24,ste_aggregate_total,1997,2486.278
x16,age_ythadult_y15_24,ste_aggregate_total,1998,2463.326
x16,age_ythadult_y15_24,ste_aggregate_total,1999,2446.257
x16,age_ythadult_y15_24,ste_aggregate_total,2000,2439.151
x16,age_ythadult_y15_24,ste_aggregate_total,2001,2412.274
x16,age_ythadult_y15_24,ste_aggregate_total,2002,2391.848
x16,age_ythadult_y15_24,ste_aggregate_total,2003,2357.648
x16,age_ythadult_y15_24,ste_aggregate_total,2004,2347.399
x16,age_ythadult_y15_24,ste_aggregate_total,2005,2339.307
x16,age_ythadult_y15_24,ste_aggregate_total,2006,2337.23
x16,age_ythadult_y15_24,ste_aggregate_total,2007,2302.632
x16,age_ythadult_y15_24,ste_aggregate_total,2008,2255.485
x16,age_ythadult_y15_24,ste_aggregate_total,2009,1977.562
x16,age_ythadult_y15_24,ste_aggregate_total,2010,1757.234
x16,age_ythadult_y15_24,ste_aggregate_total,2011,1725.977
x16,age_ythadult_y15_24,ste_aggregate_total,2012,1660.183
x16,age_ythadult_y15_24,ste_aggregate_total,2013,1672.854
x16,age_ythadult_y15_24,ste_aggregate_total,2014,1635.288
x16,age_ythadult_y15_24,ste_aggregate_total,2015,1734.424
x16,age_ythadult_y15_24,ste_aggregate_total,2016,1598.918
x16,age_ythadult_y15_24,ste_aggregate_total,2017,1579.502
x16,age_ythadult_y15_24,ste_aggregate_total,2018,1515.259
x16,age_ythadult_y15_24,ste_aggregate_total,2019,1430.832
x16,age_ythadult_y15_24,ste_aggregate_total,2020,1134.858
x16,age_ythadult_y15_24,ste_aggregate_total,2021,1054.687
x16,age_ythadult_y15_24,ste_aggregate_total,2022,1319.134
x16,age_ythadult_y15_24,ste_aggregate_total,2023,1437.915
x16,age_ythadult_y15_24,ste_aggregate_total,2024,1437.624
x16,age_ythadult_y15_24,ste_aggregate_total,2025,1461.472
x16,age_ythadult_y15_24,ste_icse93_1,1991,1826.642
x16,age_ythadult_y15_24,ste_icse93_1,1992,1828.766
x16,age_ythadult_y15_24,ste_icse93_1,1993,1790.559
x16,age_ythadult_y15_24,ste_icse93_1,1994,1821.301
x16,age_ythadult_y15_24,ste_icse93_1,1995,1952.769
x16,age_ythadult_y15_24,ste_icse93_1,1996,2061.545
x16,age_ythadult_y15_24,ste_icse93_1,1997,2122.346
x16,age_ythadult_y15_24,ste_icse93_1,1998,2108.704
x16,age_ythadult_y15_24,ste_icse93_1,1999,2101.667
x16,age_ythadult_y15_24,ste_icse93_1,2000,2103.382
x16,age_ythadult_y15_24,ste_icse93_1,2001,2073.02
x16,age_ythadult_y15_24,ste_icse93_1,2002,2073.152
x16,age_ythadult_y15_24,ste_icse93_1,2003,2055.085
x16,age_ythadult_y15_24,ste_icse93_1,2004,2053.784
x16,age_ythadult_y15_24,ste_icse93_1,2005,2041.07
x16,age_ythadult_y15_24,ste_icse93_1,2006,2035.028
x16,age_ythadult_y15_24,ste_icse93_1,2007,2030.453
x16,age_ythadult_y15_24,ste_icse93_1,2008,1997.208
x16,age_ythadult_y15_24,ste_icse93_1,2009,1738.655
x16,age_ythadult_y15_24,ste_icse93_1,2010,1546.286
x16,age_ythadult_y15_24,ste_icse93_1,2011,1517.192
x16,age_ythadult_y15_24,ste_icse93_1,2012,1461.088
x16,age_ythadult_y15_24,ste_icse93_1,2013,1487.042
x16,age_ythadult_y15_24,ste_icse93_1,2014,1462.368
x16,age_ythadult_y15_24,ste_icse93_1,2015,1554.548
x16,age_ythadult_y15_24,ste_icse93_1,2016,1417.95
x16,age_ythadult_y15_24,ste_icse93_1,2017,1401.218
x16,age_ythadult_y15_24,ste_icse93_1,2018,1333.854
x16,age_ythadult_y15_24,ste_icse93_1,2019,1247.807
x16,age_ythadult_y15_24,ste_icse93_1,2020,963.718
x16,age_ythadult_y15_24,ste_icse93_1,2021,896.48
x16,age_ythadult_y15_24,ste_icse93_1,2022,1129.536
x16,age_ythadult_y15_24,ste_icse93_1,2023,1249.179
x16,age_ythadult_y15_24,ste_icse93_1,2024,1241.002
x16,age_ythadult_y15_24,ste_icse93_1,2025,1261.156
x16,age_ythadult_y15_24,ste_icse93_2,1991,31.265
x16,age_ythadult_y15_24,ste_icse93_2,1992,31.399
x16,age_ythadult_y15_24,ste_icse93_2,1993,30.234
x16,age_ythadult_y15_24,ste_icse93_2,1994,30.521
x16,age_ythadult_y15_24,ste_icse93_2,1995,32.933
x16,age_ythadult_y15_24,ste_icse93_2,1996,35.231
x16,age_ythadult_y15_24,ste_icse93_2,1997,36.903
x16,age_ythadult_y15_24,ste_icse93_2,1998,36.926
x16,age_ythadult_y15_24,ste_icse93_2,1999,36.653
x16,age_ythadult_y15_24,ste_icse93_2,2000,36.552
x16,age_ythadult_y15_24,ste_icse93_2,2001,36.919
x16,age_ythadult_y15_24,ste_icse93_2,2002,36.645
x16,age_ythadult_y15_24,ste_icse93_2,2003,36.147
x16,age_ythadult_y15_24,ste_icse93_2,2004,35.858
x16,age_ythadult_y15_24,ste_icse93_2,2005,35.46
x16,age_ythadult_y15_24,ste_icse93_2,2006,37.887
x16,age_ythadult_y15_24,ste_icse93_2,2007,33.874
x16,age_ythadult_y15_24,ste_icse93_2,2008,33.632
x16,age_ythadult_y15_24,ste_icse93_2,2009,23.817
x16,age_ythadult_y15_24,ste_icse93_2,2010,22.682
x16,age_ythadult_y15_24,ste_icse93_2,2011,20.834
x16,age_ythadult_y15_24,ste_icse93_2,2012,21.712
x16,age_ythadult_y15_24,ste_icse93_2,2013,22.756
x16,age_ythadult_y15_24,ste_icse93_2,2014,22.066
x16,age_ythadult_y15_24,ste_icse93_2,2015,23.571
x16,age_ythadult_y15_24,ste_icse93_2,2016,21.252
x16,age_ythadult_y15_24,ste_icse93_2,2017,24.388
x16,age_ythadult_y15_24,ste_icse93_2,2018,21.995
x16,age_ythadult_y15_24,ste_icse93_2,2019,23.203
x16,age_ythadult_y15_24,ste_icse93_2,2020,22.485
x16,age_ythadult_y15_24,ste_icse93_2,2021,20.888
x16,age_ythadult_y15_24,ste_icse93_2,2022,19.136
x16,age_ythadult_y15_24,ste_icse93_2,2023,23.673
x16,age_ythadult_y15_24,ste_icse93_2,2024,26.979
x16,age_ythadult_y15_24,ste_icse93_2,2025,27.792
x16,age_ythadult_y15_24,ste_icse93_3,1991,146.407
x16,age_ythadult_y15_24,ste_icse93_3,1992,147.55
x16,age_ythadult_y15_24,ste_icse93_3,1993,145.531
x16,age_ythadult_y15_24,ste_icse93_3,1994,147.415
x16,age_ythadult_y15_24,ste_icse93_3,1995,156.363
x16,age_ythadult_y15_24,ste_icse93_3,1996,161.97
x16,age_ythadult_y15_24,ste_icse93_3,1997,163.707
x16,age_ythadult_y15_24,ste_icse93_3,1998,161.181
x16,age_ythadult_y15_24,ste_icse93_3,1999,159.568
x16,age_ythadult_y15_24,ste_icse93_3,2000,158.171
x16,age_ythadult_y15_24,ste_icse93_3,2001,158.839
x16,age_ythadult_y15_24,ste_icse93_3,2002,162.582
x16,age_ythadult_y15_24,ste_icse93_3,2003,162.509
x16,age_ythadult_y15_24,ste_icse93_3,2004,159.485
x16,age_ythadult_y15_24,ste_icse93_3,2005,171.692
x16,age_ythadult_y15_24,ste_icse93_3,2006,171.397
x16,age_ythadult_y15_24,ste_icse93_3,2007,156.277
x16,age_ythadult_y15_24,ste_icse93_3,2008,151.445
x16,age_ythadult_y15_24,ste_icse93_3,2009,144.89
x16,age_ythadult_y15_24,ste_icse93_3,2010,129.417
x16,age_ythadult_y15_24,ste_icse93_3,2011,125.759
x16,age_ythadult_y15_24,ste_icse93_3,2012,128.407
x16,age_ythadult_y15_24,ste_icse93_3,2013,118.969
x16,age_ythadult_y15_24,ste_icse93_3,2014,111.136
x16,age_ythadult_y15_24,ste_icse93_3,2015,116.714
x16,age_ythadult_y15_24,ste_icse93_3,2016,117.997
x16,age_ythadult_y15_24,ste_icse93_3,2017,109.943
x16,age_ythadult_y15_24,ste_icse93_3,2018,117.383
x16,age_ythadult_y15_24,ste_icse93_3,2019,113.533
x16,age_ythadult_y15_24,ste_icse93_3,2020,108.015
x16,age_ythadult_y15_24,ste_icse93_3,2021,102.841
x16,age_ythadult_y15_24,ste_icse93_3,2022,130.537
x16,age_ythadult_y15_24,ste_icse93_3,2023,127.049
x16,age_ythadult_y15_24,ste_icse93_3,2024,136.108
x16,age_ythadult_y15_24,ste_icse93_3,2025,138.068
x16,age_ythadult_y15_24,ste_icse93_5,1991,156.012
x16,age_ythadult_y15_24,ste_icse93_5,1992,158.364
x16,age_ythadult_y15_24,ste_icse93_5,1993,158.285
x16,age_ythadult_y15_24,ste_icse93_5,1994,159.743
x16,age_ythadult_y15_24,ste_icse93_5,1995,163.892
x16,age_ythadult_y15_24,ste_icse93_5,1996,164.993
x16,age_ythadult_y15_24,ste_icse93_5,1997,163.322
x16,age_ythadult_y15_24,ste_icse93_5,1998,156.516
x16,age_ythadult_y15_24,ste_icse93_5,1999,148.369
x16,age_ythadult_y15_24,ste_icse93_5,2000,141.046
x16,age_ythadult_y15_24,ste_icse93_5,2001,143.496
x16,age_ythadult_y15_24,ste_icse93_5,2002,119.469
x16,age_ythadult_y15_24,ste_icse93_5,2003,103.906
x16,age_ythadult_y15_24,ste_icse93_5,2004,98.272
x16,age_ythadult_y15_24,ste_icse93_5,2005,91.086
x16,age_ythadult_y15_24,ste_icse93_5,2006,92.918
x16,age_ythadult_y15_24,ste_icse93_5,2007,82.028
x16,age_ythadult_y15_24,ste_icse93_5,2008,73.201
x16,age_ythadult_y15_24,ste_icse93_5,2009,70.2
x16,age_ythadult_y15_24,ste_icse93_5,2010,58.85
x16,age_ythadult_y15_24,ste_icse93_5,2011,62.192
x16,age_ythadult_y15_24,ste_icse93_5,2012,48.976
x16,age_ythadult_y15_24,ste_icse93_5,2013,44.087
x16,age_ythadult_y15_24,ste_icse93_5,2014,39.719
x16,age_ythadult_y15_24,ste_icse93_5,2015,39.592
x16,age_ythadult_y15_24,ste_icse93_5,2016,41.719
x16,age_ythadult_y15_24,ste_icse93_5,2017,43.953
x16,age_ythadult_y15_24,ste_icse93_5,2018,42.026
x16,age_ythadult_y15_24,ste_icse93_5,2019,46.289
x16,age_ythadult_y15_24,ste_icse93_5,2020,40.64
x16,age_ythadult_y15_24,ste_icse93_5,2021,34.479
x16,age_ythadult_y15_24,ste_icse93_5,2022,39.925
x16,age_ythadult_y15_24,ste_icse93_5,2023,38.014
x16,age_ythadult_y15_24,ste_icse93_5,2024,33.535
x16,age_ythadult_y15_24,ste_icse93_5,2025,34.457
x16,age_ythadult_y15_24,ste_icse93_total,1991,2160.327
x16,age_ythadult_y15_24,ste_icse93_total,1992,2166.079
x16,age_ythadult_y15_24,ste_icse93_total,1993,2124.609
x16,age_ythadult_y15_24,ste_icse93_total,1994,2158.98
x16,age_ythadult_y15_24,ste_icse93_total,1995,2305.958
x16,age_ythadult_y15_24,ste_icse93_total,1996,2423.74
x16,age_ythadult_y15_24,ste_icse93_total,1997,2486.278
x16,age_ythadult_y15_24,ste_icse93_total,1998,2463.326
x16,age_ythadult_y15_24,ste_icse93_total,1999,2446.256
x16,age_ythadult_y15_24,ste_icse93_total,2000,2439.151
x16,age_ythadult_y15_24,ste_icse93_total,2001,2412.274
x16,age_ythadult_y15_24,ste_icse93_total,2002,2391.848
x16,age_ythadult_y15_24,ste_icse93_total,2003,2357.648
x16,age_ythadult_y15_24,ste_icse93_total,2004,2347.399
x16,age_ythadult_y15_24,ste_icse93_total,2005,2339.307
x16,age_ythadult_y15_24,ste_icse93_total,2006,2337.23
x16,age_ythadult_y15_24,ste_icse93_total,2007,2302.632
x16,age_ythadult_y15_24,ste_icse93_total,2008,2255.485
x16,age_ythadult_y15_24,ste_icse93_total,2009,1977.562
x16,age_ythadult_y15_24,ste_icse93_total,2010,1757.235
x16,age_ythadult_y15_24,ste_icse93_total,2011,1725.977
x16,age_ythadult_y15_24,ste_icse93_total,2012,1660.183
x16,age_ythadult_y15_24,ste_icse93_total,2013,1672.854
x16,age_ythadult_y15_24,ste_icse93_total,2014,1635.288
x16,age_ythadult_y15_24,ste_icse93_total,2015,1734.424
x16,age_ythadult_y15_24,ste_icse93_total,2016,1598.918
x16,age_ythadult_y15_24,ste_icse93_total,2017,1579.502
x16,age_ythadult_y15_24,ste_icse93_total,2018,1515.259
x16,age_ythadult_y15_24,ste_icse93_total,2019,1430.832
x16,age_ythadult_y15_24,ste_icse93_total,2020,1134.858
x16,age_ythadult_y15_24,ste_icse93_total,2021,1054.687
x16,age_ythadult_y15_24,ste_icse93_total,2022,1319.134
x16,age_ythadult_y15_24,ste_icse93_total,2023,1437.915
x16,age_ythadult_y15_24,ste_icse93_total,2024,1437.624
x16,age_ythadult_y15_24,ste_icse93_total,2025,1461.472
x16,age_ythadult_yge15,ste_aggregate_ees,1991,10459.625
x16,age_ythadult_yge15,ste_aggregate_ees,1992,10600.503
x16,age_ythadult_yge15,ste_aggregate_ees,1993,10861.834
x16,age_ythadult_yge15,ste_aggregate_ees,1994,11097.663
x16,age_ythadult_yge15,ste_aggregate_ees,1995,11279.354
x16,age_ythadult_yge15,ste_aggregate_ees,1996,11488.796
x16,age_ythadult_yge15,ste_aggregate_ees,1997,11696.753
x16,age_ythadult_yge15,ste_aggregate_ees,1998,11940.07
x16,age_ythadult_yge15,ste_aggregate_ees,1999,12198.495
x16,age_ythadult_yge15,ste_aggregate_ees,2000,12481.208
x16,age_ythadult_yge15,ste_aggregate_ees,2001,12653.352
x16,age_ythadult_yge15,ste_aggregate_ees,2002,12923.345
x16,age_ythadult_yge15,ste_aggregate_ees,2003,13175.14
x16,age_ythadult_yge15,ste_aggregate_ees,2004,13478.24
x16,age_ythadult_yge15,ste_aggregate_ees,2005,13619.799
x16,age_ythadult_yge15,ste_aggregate_ees,2006,13804.675
x16,age_ythadult_yge15,ste_aggregate_ees,2007,14319.507
x16,age_ythadult_yge15,ste_aggregate_ees,2008,14568.732
x16,age_ythadult_yge15,ste_aggregate_ees,2009,14253.138
x16,age_ythadult_yge15,ste_aggregate_ees,2010,13859.772
x16,age_ythadult_yge15,ste_aggregate_ees,2011,14096.414
x16,age_ythadult_yge15,ste_aggregate_ees,2012,14470.148
x16,age_ythadult_yge15,ste_aggregate_ees,2013,15025.105
x16,age_ythadult_yge15,ste_aggregate_ees,2014,15442.842
x16,age_ythadult_yge15,ste_aggregate_ees,2015,16007.348
x16,age_ythadult_yge15,ste_aggregate_ees,2016,15851.644
x16,age_ythadult_yge15,ste_aggregate_ees,2017,16003.014
x16,age_ythadult_yge15,ste_aggregate_ees,2018,16313.365
x16,age_ythadult_yge15,ste_aggregate_ees,2019,16266.348
x16,age_ythadult_yge15,ste_aggregate_ees,2020,15036.249
x16,age_ythadult_yge15,ste_aggregate_ees,2021,14771.296
x16,age_ythadult_yge15,ste_aggregate_ees,2022,15669.629
x16,age_ythadult_yge15,ste_aggregate_ees,2023,16756.861
x16,age_ythadult_yge15,ste_aggregate_ees,2024,16948.095
x16,age_ythadult_yge15,ste_aggregate_ees,2025,17163.646
x16,age_ythadult_yge15,ste_aggregate_slf,1991,2485.079
x16,age_ythadult_yge15,ste_aggregate_slf,1992,2521.6
x16,age_ythadult_yge15,ste_aggregate_slf,1993,2578.882
x16,age_ythadult_yge15,ste_aggregate_slf,1994,2620.788
x16,age_ythadult_yge15,ste_aggregate_slf,1995,2644.531
x16,age_ythadult_yge15,ste_aggregate_slf,1996,2662.49
x16,age_ythadult_yge15,ste_aggregate_slf,1997,2680.313
x16,age_ythadult_yge15,ste_aggregate_slf,1998,2701.784
x16,age_ythadult_yge15,ste_aggregate_slf,1999,2722.376
x16,age_ythadult_yge15,ste_aggregate_slf,2000,2747.715
x16,age_ythadult_yge15,ste_aggregate_slf,2001,2861.693
x16,age_ythadult_yge15,ste_aggregate_slf,2002,2904.411
x16,age_ythadult_yge15,ste_aggregate_slf,2003,2944.085
x16,age_ythadult_yge15,ste_aggregate_slf,2004,2958.416
x16,age_ythadult_yge15,ste_aggregate_slf,2005,3126.218
x16,age_ythadult_yge15,ste_aggregate_slf,2006,3256.509
x16,age_ythadult_yge15,ste_aggregate_slf,2007,3030.424
x16,age_ythadult_yge15,ste_aggregate_slf,2008,3050.458
x16,age_ythadult_yge15,ste_aggregate_slf,2009,2939.374
x16,age_ythadult_yge15,ste_aggregate_slf,2010,2903.291
x16,age_ythadult_yge15,ste_aggregate_slf,2011,2951.564
x16,age_ythadult_yge15,ste_aggregate_slf,2012,2992.436
x16,age_ythadult_yge15,ste_aggregate_slf,2013,3005.628
x16,age_ythadult_yge15,ste_aggregate_slf,2014,2948.871
x16,age_ythadult_yge15,ste_aggregate_slf,2015,3142.621
x16,age_ythadult_yge15,ste_aggregate_slf,2016,3227.313
x16,age_ythadult_yge15,ste_aggregate_slf,2017,3335.98
x16,age_ythadult_yge15,ste_aggregate_slf,2018,3415.475
x16,age_ythadult_yge15,ste_aggregate_slf,2019,3573.425
x16,age_ythadult_yge15,ste_aggregate_slf,2020,3373.853
x16,age_ythadult_yge15,ste_aggregate_slf,2021,3365.677
x16,age_ythadult_yge15,ste_aggregate_slf,2022,3565
x16,age_ythadult_yge15,ste_aggregate_slf,2023,3668.444
x16,age_ythadult_yge15,ste_aggregate_slf,2024,3919.187
x16,age_ythadult_yge15,ste_aggregate_slf,2025,3964.003
x16,age_ythadult_yge15,ste_aggregate_total,1991,12944.704
x16,age_ythadult_yge15,ste_aggregate_total,1992,13122.103
x16,age_ythadult_yge15,ste_aggregate_total,1993,13440.716
x16,age_ythadult_yge15,ste_aggregate_total,1994,13718.452
x16,age_ythadult_yge15,ste_aggregate_total,1995,13923.884
x16,age_ythadult_yge15,ste_aggregate_total,1996,14151.287
x16,age_ythadult_yge15,ste_aggregate_total,1997,14377.066
x16,age_ythadult_yge15,ste_aggregate_total,1998,14641.854
x16,age_ythadult_yge15,ste_aggregate_total,1999,14920.871
x16,age_ythadult_yge15,ste_aggregate_total,2000,15228.923
x16,age_ythadult_yge15,ste_aggregate_total,2001,15515.044
x16,age_ythadult_yge15,ste_aggregate_total,2002,15827.756
x16,age_ythadult_yge15,ste_aggregate_total,2003,16119.226
x16,age_ythadult_yge15,ste_aggregate_total,2004,16436.656
x16,age_ythadult_yge15,ste_aggregate_total,2005,16746.017
x16,age_ythadult_yge15,ste_aggregate_total,2006,17061.184
x16,age_ythadult_yge15,ste_aggregate_total,2007,17349.931
x16,age_ythadult_yge15,ste_aggregate_total,2008,17619.19
x16,age_ythadult_yge15,ste_aggregate_total,2009,17192.512
x16,age_ythadult_yge15,ste_aggregate_total,2010,16763.063
x16,age_ythadult_yge15,ste_aggregate_total,2011,17047.978
x16,age_ythadult_yge15,ste_aggregate_total,2012,17462.584
x16,age_ythadult_yge15,ste_aggregate_total,2013,18030.733
x16,age_ythadult_yge15,ste_aggregate_total,2014,18391.713
x16,age_ythadult_yge15,ste_aggregate_total,2015,19149.968
x16,age_ythadult_yge15,ste_aggregate_total,2016,19078.956
x16,age_ythadult_yge15,ste_aggregate_total,2017,19338.994
x16,age_ythadult_yge15,ste_aggregate_total,2018,19728.84
x16,age_ythadult_yge15,ste_aggregate_total,2019,19839.773
x16,age_ythadult_yge15,ste_aggregate_total,2020,18410.102
x16,age_ythadult_yge15,ste_aggregate_total,2021,18136.974
x16,age_ythadult_yge15,ste_aggregate_total,2022,19234.63
x16,age_ythadult_yge15,ste_aggregate_total,2023,20425.305
x16,age_ythadult_yge15,ste_aggregate_total,2024,20867.282
x16,age_ythadult_yge15,ste_aggregate_total,2025,21127.649
x16,age_ythadult_yge15,ste_icse93_1,1991,10459.624
x16,age_ythadult_yge15,ste_icse93_1,1992,10600.503
x16,age_ythadult_yge15,ste_icse93_1,1993,10861.833
x16,age_ythadult_yge15,ste_icse93_1,1994,11097.664
x16,age_ythadult_yge15,ste_icse93_1,1995,11279.353
x16,age_ythadult_yge15,ste_icse93_1,1996,11488.795
x16,age_ythadult_yge15,ste_icse93_1,1997,11696.753
x16,age_ythadult_yge15,ste_icse93_1,1998,11940.07
x16,age_ythadult_yge15,ste_icse93_1,1999,12198.495
x16,age_ythadult_yge15,ste_icse93_1,2000,12481.209
x16,age_ythadult_yge15,ste_icse93_1,2001,12653.351
x16,age_ythadult_yge15,ste_icse93_1,2002,12923.345
x16,age_ythadult_yge15,ste_icse93_1,2003,13175.139
x16,age_ythadult_yge15,ste_icse93_1,2004,13478.24
x16,age_ythadult_yge15,ste_icse93_1,2005,13619.798
x16,age_ythadult_yge15,ste_icse93_1,2006,13804.674
x16,age_ythadult_yge15,ste_icse93_1,2007,14319.507
x16,age_ythadult_yge15,ste_icse93_1,2008,14568.732
x16,age_ythadult_yge15,ste_icse93_1,2009,14253.138
x16,age_ythadult_yge15,ste_icse93_1,2010,13859.772
x16,age_ythadult_yge15,ste_icse93_1,2011,14096.413
x16,age_ythadult_yge15,ste_icse93_1,2012,14470.149
x16,age_ythadult_yge15,ste_icse93_1,2013,15025.104
x16,age_ythadult_yge15,ste_icse93_1,2014,15442.842
x16,age_ythadult_yge15,ste_icse93_1,2015,16007.349
x16,age_ythadult_yge15,ste_icse93_1,2016,15851.643
x16,age_ythadult_yge15,ste_icse93_1,2017,16003.013
x16,age_ythadult_yge15,ste_icse93_1,2018,16313.367
x16,age_ythadult_yge15,ste_icse93_1,2019,16266.349
x16,age_ythadult_yge15,ste_icse93_1,2020,15036.249
x16,age_ythadult_yge15,ste_icse93_1,2021,14771.295
x16,age_ythadult_yge15,ste_icse93_1,2022,15669.629
x16,age_ythadult_yge15,ste_icse93_1,2023,16756.862
x16,age_ythadult_yge15,ste_icse93_1,2024,16948.094
x16,age_ythadult_yge15,ste_icse93_1,2025,17163.646
x16,age_ythadult_yge15,ste_icse93_2,1991,683.19
x16,age_ythadult_yge15,ste_icse93_2,1992,693.251
x16,age_ythadult_yge15,ste_icse93_2,1993,710.907
x16,age_ythadult_yge15,ste_icse93_2,1994,728.004
x16,age_ythadult_yge15,ste_icse93_2,1995,740.496
x16,age_ythadult_yge15,ste_icse93_2,1996,754.377
x16,age_ythadult_yge15,ste_icse93_2,1997,768.168
x16,age_ythadult_yge15,ste_icse93_2,1998,785.005
x16,age_ythadult_yge15,ste_icse93_2,1999,802.817
x16,age_ythadult_yge15,ste_icse93_2,2000,823.026
x16,age_ythadult_yge15,ste_icse93_2,2001,862.715
x16,age_ythadult_yge15,ste_icse93_2,2002,881.704
x16,age_ythadult_yge15,ste_icse93_2,2003,907.251
x16,age_ythadult_yge15,ste_icse93_2,2004,935.818
x16,age_ythadult_yge15,ste_icse93_2,2005,945.426
x16,age_ythadult_yge15,ste_icse93_2,2006,1047.938
x16,age_ythadult_yge15,ste_icse93_2,2007,928.358
x16,age_ythadult_yge15,ste_icse93_2,2008,941.251
x16,age_ythadult_yge15,ste_icse93_2,2009,877.274
x16,age_ythadult_yge15,ste_icse93_2,2010,870.249
x16,age_ythadult_yge15,ste_icse93_2,2011,884.904
x16,age_ythadult_yge15,ste_icse93_2,2012,870.444
x16,age_ythadult_yge15,ste_icse93_2,2013,899.953
x16,age_ythadult_yge15,ste_icse93_2,2014,917.19
x16,age_ythadult_yge15,ste_icse93_2,2015,929.121
x16,age_ythadult_yge15,ste_icse93_2,2016,989.783
x16,age_ythadult_yge15,ste_icse93_2,2017,1006.277
x16,age_ythadult_yge15,ste_icse93_2,2018,970.092
x16,age_ythadult_yge15,ste_icse93_2,2019,1045.25
x16,age_ythadult_yge15,ste_icse93_2,2020,1024.059
x16,age_ythadult_yge15,ste_icse93_2,2021,1000.559
x16,age_ythadult_yge15,ste_icse93_2,2022,1020.099
x16,age_ythadult_yge15,ste_icse93_2,2023,1035.948
x16,age_ythadult_yge15,ste_icse93_2,2024,1092.815
x16,age_ythadult_yge15,ste_icse93_2,2025,1109.945
x16,age_ythadult_yge15,ste_icse93_3,1991,1425.448
x16,age_ythadult_yge15,ste_icse93_3,1992,1444.548
x16,age_ythadult_yge15,ste_icse93_3,1993,1475.052
x16,age_ythadult_yge15,ste_icse93_3,1994,1495.507
x16,age_ythadult_yge15,ste_icse93_3,1995,1509.331
x16,age_ythadult_yge15,ste_icse93_3,1996,1517.963
x16,age_ythadult_yge15,ste_icse93_3,1997,1527.042
x16,age_ythadult_yge15,ste_icse93_3,1998,1541.8
x16,age_ythadult_yge15,ste_icse93_3,1999,1558.84
x16,age_ythadult_yge15,ste_icse93_3,2000,1576.62
x16,age_ythadult_yge15,ste_icse93_3,2001,1638.116
x16,age_ythadult_yge15,ste_icse93_3,2002,1718.219
x16,age_ythadult_yge15,ste_icse93_3,2003,1768.551
x16,age_ythadult_yge15,ste_icse93_3,2004,1764.773
x16,age_ythadult_yge15,ste_icse93_3,2005,1940.857
x16,age_ythadult_yge15,ste_icse93_3,2006,1959.81
x16,age_ythadult_yge15,ste_icse93_3,2007,1876.296
x16,age_ythadult_yge15,ste_icse93_3,2008,1900.627
x16,age_ythadult_yge15,ste_icse93_3,2009,1851.373
x16,age_ythadult_yge15,ste_icse93_3,2010,1827.842
x16,age_ythadult_yge15,ste_icse93_3,2011,1878.084
x16,age_ythadult_yge15,ste_icse93_3,2012,1945.632
x16,age_ythadult_yge15,ste_icse93_3,2013,1930.895
x16,age_ythadult_yge15,ste_icse93_3,2014,1866.978
x16,age_ythadult_yge15,ste_icse93_3,2015,2040.477
x16,age_ythadult_yge15,ste_icse93_3,2016,2077.864
x16,age_ythadult_yge15,ste_icse93_3,2017,2159.386
x16,age_ythadult_yge15,ste_icse93_3,2018,2275.738
x16,age_ythadult_yge15,ste_icse93_3,2019,2348.848
x16,age_ythadult_yge15,ste_icse93_3,2020,2166.689
x16,age_ythadult_yge15,ste_icse93_3,2021,2190.364
x16,age_ythadult_yge15,ste_icse93_3,2022,2370.892
x16,age_ythadult_yge15,ste_icse93_3,2023,2460.296
x16,age_ythadult_yge15,ste_icse93_3,2024,2649.668
x16,age_ythadult_yge15,ste_icse93_3,2025,2673.325
x16,age_ythadult_yge15,ste_icse93_5,1991,376.441
x16,age_ythadult_yge15,ste_icse93_5,1992,383.802
x16,age_ythadult_yge15,ste_icse93_5,1993,392.923
x16,age_ythadult_yge15,ste_icse93_5,1994,397.278
x16,age_ythadult_yge15,ste_icse93_5,1995,394.703
x16,age_ythadult_yge15,ste_icse93_5,1996,390.15
x16,age_ythadult_yge15,ste_icse93_5,1997,385.102
x16,age_ythadult_yge15,ste_icse93_5,1998,374.979
x16,age_ythadult_yge15,ste_icse93_5,1999,360.719
x16,age_ythadult_yge15,ste_icse93_5,2000,348.07
x16,age_ythadult_yge15,ste_icse93_5,2001,360.861
x16,age_ythadult_yge15,ste_icse93_5,2002,304.488
x16,age_ythadult_yge15,ste_icse93_5,2003,268.284
x16,age_ythadult_yge15,ste_icse93_5,2004,257.824
x16,age_ythadult_yge15,ste_icse93_5,2005,239.934
x16,age_ythadult_yge15,ste_icse93_5,2006,248.761
x16,age_ythadult_yge15,ste_icse93_5,2007,225.769
x16,age_ythadult_yge15,ste_icse93_5,2008,208.58
x16,age_ythadult_yge15,ste_icse93_5,2009,210.726
x16,age_ythadult_yge15,ste_icse93_5,2010,205.2
x16,age_ythadult_yge15,ste_icse93_5,2011,188.576
x16,age_ythadult_yge15,ste_icse93_5,2012,176.36
x16,age_ythadult_yge15,ste_icse93_5,2013,174.78
x16,age_ythadult_yge15,ste_icse93_5,2014,164.703
x16,age_ythadult_yge15,ste_icse93_5,2015,173.023
x16,age_ythadult_yge15,ste_icse93_5,2016,159.666
x16,age_ythadult_yge15,ste_icse93_5,2017,170.316
x16,age_ythadult_yge15,ste_icse93_5,2018,169.645
x16,age_ythadult_yge15,ste_icse93_5,2019,179.327
x16,age_ythadult_yge15,ste_icse93_5,2020,183.105
x16,age_ythadult_yge15,ste_icse93_5,2021,174.754
x16,age_ythadult_yge15,ste_icse93_5,2022,174.009
x16,age_ythadult_yge15,ste_icse93_5,2023,172.2
x16,age_ythadult_yge15,ste_icse93_5,2024,176.703
x16,age_ythadult_yge15,ste_icse93_5,2025,180.733
x16,age_ythadult_yge15,ste_icse93_total,1991,12944.703
x16,age_ythadult_yge15,ste_icse93_total,1992,13122.103
x16,age_ythadult_yge15,ste_icse93_total,1993,13440.715
x16,age_ythadult_yge15,ste_icse93_total,1994,13718.452
x16,age_ythadult_yge15,ste_icse93_total,1995,13923.883
x16,age_ythadult_yge15,ste_icse93_total,1996,14151.285
x16,age_ythadult_yge15,ste_icse93_total,1997,14377.066
x16,age_ythadult_yge15,ste_icse93_total,1998,14641.854
x16,age_ythadult_yge15,ste_icse93_total,1999,14920.871
x16,age_ythadult_yge15,ste_icse93_total,2000,15228.924
x16,age_ythadult_yge15,ste_icse93_total,2001,15515.044
x16,age_ythadult_yge15,ste_icse93_total,2002,15827.757
x16,age_ythadult_yge15,ste_icse93_total,2003,16119.225
x16,age_ythadult_yge15,ste_icse93_total,2004,16436.655
x16,age_ythadult_yge15,ste_icse93_total,2005,16746.016
x16,age_ythadult_yge15,ste_icse93_total,2006,17061.183
x16,age_ythadult_yge15,ste_icse93_total,2007,17349.931
x16,age_ythadult_yge15,ste_icse93_total,2008,17619.19
x16,age_ythadult_yge15,ste_icse93_total,2009,17192.511
x16,age_ythadult_yge15,ste_icse93_total,2010,16763.063
x16,age_ythadult_yge15,ste_icse93_total,2011,17047.976
x16,age_ythadult_yge15,ste_icse93_total,2012,17462.585
x16,age_ythadult_yge15,ste_icse93_total,2013,18030.732
x16,age_ythadult_yge15,ste_icse93_total,2014,18391.714
x16,age_ythadult_yge15,ste_icse93_total,2015,19149.97
x16,age_ythadult_yge15,ste_icse93_total,2016,19078.956
x16,age_ythadult_yge15,ste_icse93_total,2017,19338.992
x16,age_ythadult_yge15,ste_icse93_total,2018,19728.841
x16,age_ythadult_yge15,ste_icse93_total,2019,19839.775
x16,age_ythadult_yge15,ste_icse93_total,2020,18410.102
x16,age_ythadult_yge15,ste_icse93_total,2021,18136.972
x16,age_ythadult_yge15,ste_icse93_total,2022,19234.629
x16,age_ythadult_yge15,ste_icse93_total,2023,20425.306
x16,age_ythadult_yge15,ste_icse93_total,2024,20867.281
x16,age_ythadult_yge15,ste_icse93_total,2025,21127.65
x16,age_ythadult_yge25,ste_aggregate_ees,1991,8632.983
x16,age_ythadult_yge25,ste_aggregate_ees,1992,8771.736
x16,age_ythadult_yge25,ste_aggregate_ees,1993,9071.274
x16,age_ythadult_yge25,ste_aggregate_ees,1994,9276.362
x16,age_ythadult_yge25,ste_aggregate_ees,1995,9326.583
x16,age_ythadult_yge25,ste_aggregate_ees,1996,9427.25
x16,age_ythadult_yge25,ste_aggregate_ees,1997,9574.406
x16,age_ythadult_yge25,ste_aggregate_ees,1998,9831.365
x16,age_ythadult_yge25,ste_aggregate_ees,1999,10096.828
x16,age_ythadult_yge25,ste_aggregate_ees,2000,10377.827
x16,age_ythadult_yge25,ste_aggregate_ees,2001,10580.331
x16,age_ythadult_yge25,ste_aggregate_ees,2002,10850.194
x16,age_ythadult_yge25,ste_aggregate_ees,2003,11120.055
x16,age_ythadult_yge25,ste_aggregate_ees,2004,11424.456
x16,age_ythadult_yge25,ste_aggregate_ees,2005,11578.729
x16,age_ythadult_yge25,ste_aggregate_ees,2006,11769.647
x16,age_ythadult_yge25,ste_aggregate_ees,2007,12289.054
x16,age_ythadult_yge25,ste_aggregate_ees,2008,12571.524
x16,age_ythadult_yge25,ste_aggregate_ees,2009,12514.482
x16,age_ythadult_yge25,ste_aggregate_ees,2010,12313.487
x16,age_ythadult_yge25,ste_aggregate_ees,2011,12579.222
x16,age_ythadult_yge25,ste_aggregate_ees,2012,13009.061
x16,age_ythadult_yge25,ste_aggregate_ees,2013,13538.063
x16,age_ythadult_yge25,ste_aggregate_ees,2014,13980.475
x16,age_ythadult_yge25,ste_aggregate_ees,2015,14452.801
x16,age_ythadult_yge25,ste_aggregate_ees,2016,14433.693
x16,age_ythadult_yge25,ste_aggregate_ees,2017,14601.794
x16,age_ythadult_yge25,ste_aggregate_ees,2018,14979.512
x16,age_ythadult_yge25,ste_aggregate_ees,2019,15018.541
x16,age_ythadult_yge25,ste_aggregate_ees,2020,14072.531
x16,age_ythadult_yge25,ste_aggregate_ees,2021,13874.815
x16,age_ythadult_yge25,ste_aggregate_ees,2022,14540.093
x16,age_ythadult_yge25,ste_aggregate_ees,2023,15507.683
x16,age_ythadult_yge25,ste_aggregate_ees,2024,15707.091
x16,age_ythadult_yge25,ste_aggregate_ees,2025,15902.491
x16,age_ythadult_yge25,ste_aggregate_slf,1991,2151.394
x16,age_ythadult_yge25,ste_aggregate_slf,1992,2184.288
x16,age_ythadult_yge25,ste_aggregate_slf,1993,2244.833
x16,age_ythadult_yge25,ste_aggregate_slf,1994,2283.109
x16,age_ythadult_yge25,ste_aggregate_slf,1995,2291.342
x16,age_ythadult_yge25,ste_aggregate_slf,1996,2300.296
x16,age_ythadult_yge25,ste_aggregate_slf,1997,2316.381
x16,age_ythadult_yge25,ste_aggregate_slf,1998,2347.162
x16,age_ythadult_yge25,ste_aggregate_slf,1999,2377.786
x16,age_ythadult_yge25,ste_aggregate_slf,2000,2411.947
x16,age_ythadult_yge25,ste_aggregate_slf,2001,2522.439
x16,age_ythadult_yge25,ste_aggregate_slf,2002,2585.714
x16,age_ythadult_yge25,ste_aggregate_slf,2003,2641.523
x16,age_ythadult_yge25,ste_aggregate_slf,2004,2664.801
x16,age_ythadult_yge25,ste_aggregate_slf,2005,2827.981
x16,age_ythadult_yge25,ste_aggregate_slf,2006,2954.306
x16,age_ythadult_yge25,ste_aggregate_slf,2007,2758.245
x16,age_ythadult_yge25,ste_aggregate_slf,2008,2792.18
x16,age_ythadult_yge25,ste_aggregate_slf,2009,2700.466
x16,age_ythadult_yge25,ste_aggregate_slf,2010,2692.342
x16,age_ythadult_yge25,ste_aggregate_slf,2011,2742.779
x16,age_ythadult_yge25,ste_aggregate_slf,2012,2793.341
x16,age_ythadult_yge25,ste_aggregate_slf,2013,2819.816
x16,age_ythadult_yge25,ste_aggregate_slf,2014,2775.95
x16,age_ythadult_yge25,ste_aggregate_slf,2015,2962.744
x16,age_ythadult_yge25,ste_aggregate_slf,2016,3046.344
x16,age_ythadult_yge25,ste_aggregate_slf,2017,3157.695
x16,age_ythadult_yge25,ste_aggregate_slf,2018,3234.071
x16,age_ythadult_yge25,ste_aggregate_slf,2019,3390.401
x16,age_ythadult_yge25,ste_aggregate_slf,2020,3202.713
x16,age_ythadult_yge25,ste_aggregate_slf,2021,3207.47
x16,age_ythadult_yge25,ste_aggregate_slf,2022,3375.403
x16,age_ythadult_yge25,ste_aggregate_slf,2023,3479.708
x16,age_ythadult_yge25,ste_aggregate_slf,2024,3722.565
x16,age_ythadult_yge25,ste_aggregate_slf,2025,3763.687
x16,age_ythadult_yge25,ste_aggregate_total,1991,10784.377
x16,age_ythadult_yge25,ste_aggregate_total,1992,10956.024
x16,age_ythadult_yge25,ste_aggregate_total,1993,11316.107
x16,age_ythadult_yge25,ste_aggregate_total,1994,11559.471
x16,age_ythadult_yge25,ste_aggregate_total,1995,11617.925
x16,age_ythadult_yge25,ste_aggregate_total,1996,11727.546
x16,age_ythadult_yge25,ste_aggregate_total,1997,11890.787
x16,age_ythadult_yge25,ste_aggregate_total,1998,12178.527
x16,age_ythadult_yge25,ste_aggregate_total,1999,12474.615
x16,age_ythadult_yge25,ste_aggregate_total,2000,12789.774
x16,age_ythadult_yge25,ste_aggregate_total,2001,13102.77
x16,age_ythadult_yge25,ste_aggregate_total,2002,13435.908
x16,age_ythadult_yge25,ste_aggregate_total,2003,13761.578
x16,age_ythadult_yge25,ste_aggregate_total,2004,14089.257
x16,age_ythadult_yge25,ste_aggregate_total,2005,14406.71
x16,age_ythadult_yge25,ste_aggregate_total,2006,14723.953
x16,age_ythadult_yge25,ste_aggregate_total,2007,15047.299
x16,age_ythadult_yge25,ste_aggregate_total,2008,15363.705
x16,age_ythadult_yge25,ste_aggregate_total,2009,15214.949
x16,age_ythadult_yge25,ste_aggregate_total,2010,15005.829
x16,age_ythadult_yge25,ste_aggregate_total,2011,15322
x16,age_ythadult_yge25,ste_aggregate_total,2012,15802.402
x16,age_ythadult_yge25,ste_aggregate_total,2013,16357.878
x16,age_ythadult_yge25,ste_aggregate_total,2014,16756.425
x16,age_ythadult_yge25,ste_aggregate_total,2015,17415.545
x16,age_ythadult_yge25,ste_aggregate_total,2016,17480.037
x16,age_ythadult_yge25,ste_aggregate_total,2017,17759.489
x16,age_ythadult_yge25,ste_aggregate_total,2018,18213.582
x16,age_ythadult_yge25,ste_aggregate_total,2019,18408.942
x16,age_ythadult_yge25,ste_aggregate_total,2020,17275.245
x16,age_ythadult_yge25,ste_aggregate_total,2021,17082.285
x16,age_ythadult_yge25,ste_aggregate_total,2022,17915.496
x16,age_ythadult_yge25,ste_aggregate_total,2023,18987.391
x16,age_ythadult_yge25,ste_aggregate_total,2024,19429.656
x16,age_ythadult_yge25,ste_aggregate_total,2025,19666.178
x16,age_ythadult_yge25,ste_icse93_1,1991,8632.983
x16,age_ythadult_yge25,ste_icse93_1,1992,8771.736
x16,age_ythadult_yge25,ste_icse93_1,1993,9071.274
x16,age_ythadult_yge25,ste_icse93_1,1994,9276.363
x16,age_ythadult_yge25,ste_icse93_1,1995,9326.583
x16,age_ythadult_yge25,ste_icse93_1,1996,9427.249
x16,age_ythadult_yge25,ste_icse93_1,1997,9574.407
x16,age_ythadult_yge25,ste_icse93_1,1998,9831.366
x16,age_ythadult_yge25,ste_icse93_1,1999,10096.828
x16,age_ythadult_yge25,ste_icse93_1,2000,10377.827
x16,age_ythadult_yge25,ste_icse93_1,2001,10580.331
x16,age_ythadult_yge25,ste_icse93_1,2002,10850.194
x16,age_ythadult_yge25,ste_icse93_1,2003,11120.055
x16,age_ythadult_yge25,ste_icse93_1,2004,11424.455
x16,age_ythadult_yge25,ste_icse93_1,2005,11578.728
x16,age_ythadult_yge25,ste_icse93_1,2006,11769.647
x16,age_ythadult_yge25,ste_icse93_1,2007,12289.054
x16,age_ythadult_yge25,ste_icse93_1,2008,12571.524
x16,age_ythadult_yge25,ste_icse93_1,2009,12514.484
x16,age_ythadult_yge25,ste_icse93_1,2010,12313.487
x16,age_ythadult_yge25,ste_icse93_1,2011,12579.222
x16,age_ythadult_yge25,ste_icse93_1,2012,13009.061
x16,age_ythadult_yge25,ste_icse93_1,2013,13538.063
x16,age_ythadult_yge25,ste_icse93_1,2014,13980.475
x16,age_ythadult_yge25,ste_icse93_1,2015,14452.802
x16,age_ythadult_yge25,ste_icse93_1,2016,14433.693
x16,age_ythadult_yge25,ste_icse93_1,2017,14601.794
x16,age_ythadult_yge25,ste_icse93_1,2018,14979.512
x16,age_ythadult_yge25,ste_icse93_1,2019,15018.541
x16,age_ythadult_yge25,ste_icse93_1,2020,14072.53
x16,age_ythadult_yge25,ste_icse93_1,2021,13874.815
x16,age_ythadult_yge25,ste_icse93_1,2022,14540.093
x16,age_ythadult_yge25,ste_icse93_1,2023,15507.683
x16,age_ythadult_yge25,ste_icse93_1,2024,15707.091
x16,age_ythadult_yge25,ste_icse93_1,2025,15902.491
x16,age_ythadult_yge25,ste_icse93_2,1991,651.925
x16,age_ythadult_yge25,ste_icse93_2,1992,661.852
x16,age_ythadult_yge25,ste_icse93_2,1993,680.673
x16,age_ythadult_yge25,ste_icse93_2,1994,697.482
x16,age_ythadult_yge25,ste_icse93_2,1995,707.563
x16,age_ythadult_yge25,ste_icse93_2,1996,719.147
x16,age_ythadult_yge25,ste_icse93_2,1997,731.265
x16,age_ythadult_yge25,ste_icse93_2,1998,748.08
x16,age_ythadult_yge25,ste_icse93_2,1999,766.164
x16,age_ythadult_yge25,ste_icse93_2,2000,786.474
x16,age_ythadult_yge25,ste_icse93_2,2001,825.796
x16,age_ythadult_yge25,ste_icse93_2,2002,845.059
x16,age_ythadult_yge25,ste_icse93_2,2003,871.104
x16,age_ythadult_yge25,ste_icse93_2,2004,899.96
x16,age_ythadult_yge25,ste_icse93_2,2005,909.966
x16,age_ythadult_yge25,ste_icse93_2,2006,1010.051
x16,age_ythadult_yge25,ste_icse93_2,2007,894.484
x16,age_ythadult_yge25,ste_icse93_2,2008,907.618
x16,age_ythadult_yge25,ste_icse93_2,2009,853.457
x16,age_ythadult_yge25,ste_icse93_2,2010,847.567
x16,age_ythadult_yge25,ste_icse93_2,2011,864.069
x16,age_ythadult_yge25,ste_icse93_2,2012,848.732
x16,age_ythadult_yge25,ste_icse93_2,2013,877.197
x16,age_ythadult_yge25,ste_icse93_2,2014,895.124
x16,age_ythadult_yge25,ste_icse93_2,2015,905.55
x16,age_ythadult_yge25,ste_icse93_2,2016,968.531
x16,age_ythadult_yge25,ste_icse93_2,2017,981.889
x16,age_ythadult_yge25,ste_icse93_2,2018,948.097
x16,age_ythadult_yge25,ste_icse93_2,2019,1022.047
x16,age_ythadult_yge25,ste_icse93_2,2020,1001.574
x16,age_ythadult_yge25,ste_icse93_2,2021,979.671
x16,age_ythadult_yge25,ste_icse93_2,2022,1000.963
x16,age_ythadult_yge25,ste_icse93_2,2023,1012.276
x16,age_ythadult_yge25,ste_icse93_2,2024,1065.836
x16,age_ythadult_yge25,ste_icse93_2,2025,1082.153
x16,age_ythadult_yge25,ste_icse93_3,1991,1279.041
x16,age_ythadult_yge25,ste_icse93_3,1992,1296.998
x16,age_ythadult_yge25,ste_icse93_3,1993,1329.521
x16,age_ythadult_yge25,ste_icse93_3,1994,1348.092
x16,age_ythadult_yge25,ste_icse93_3,1995,1352.968
x16,age_ythadult_yge25,ste_icse93_3,1996,1355.993
x16,age_ythadult_yge25,ste_icse93_3,1997,1363.336
x16,age_ythadult_yge25,ste_icse93_3,1998,1380.619
x16,age_ythadult_yge25,ste_icse93_3,1999,1399.272
x16,age_ythadult_yge25,ste_icse93_3,2000,1418.449
x16,age_ythadult_yge25,ste_icse93_3,2001,1479.278
x16,age_ythadult_yge25,ste_icse93_3,2002,1555.636
x16,age_ythadult_yge25,ste_icse93_3,2003,1606.041
x16,age_ythadult_yge25,ste_icse93_3,2004,1605.288
x16,age_ythadult_yge25,ste_icse93_3,2005,1769.166
x16,age_ythadult_yge25,ste_icse93_3,2006,1788.413
x16,age_ythadult_yge25,ste_icse93_3,2007,1720.02
x16,age_ythadult_yge25,ste_icse93_3,2008,1749.182
x16,age_ythadult_yge25,ste_icse93_3,2009,1706.483
x16,age_ythadult_yge25,ste_icse93_3,2010,1698.424
x16,age_ythadult_yge25,ste_icse93_3,2011,1752.326
x16,age_ythadult_yge25,ste_icse93_3,2012,1817.225
x16,age_ythadult_yge25,ste_icse93_3,2013,1811.926
x16,age_ythadult_yge25,ste_icse93_3,2014,1755.842
x16,age_ythadult_yge25,ste_icse93_3,2015,1923.763
x16,age_ythadult_yge25,ste_icse93_3,2016,1959.867
x16,age_ythadult_yge25,ste_icse93_3,2017,2049.443
x16,age_ythadult_yge25,ste_icse93_3,2018,2158.356
x16,age_ythadult_yge25,ste_icse93_3,2019,2235.315
x16,age_ythadult_yge25,ste_icse93_3,2020,2058.674
x16,age_ythadult_yge25,ste_icse93_3,2021,2087.523
x16,age_ythadult_yge25,ste_icse93_3,2022,2240.355
x16,age_ythadult_yge25,ste_icse93_3,2023,2333.247
x16,age_ythadult_yge25,ste_icse93_3,2024,2513.56
x16,age_ythadult_yge25,ste_icse93_3,2025,2535.258
x16,age_ythadult_yge25,ste_icse93_5,1991,220.429
x16,age_ythadult_yge25,ste_icse93_5,1992,225.438
x16,age_ythadult_yge25,ste_icse93_5,1993,234.639
x16,age_ythadult_yge25,ste_icse93_5,1994,237.535
x16,age_ythadult_yge25,ste_icse93_5,1995,230.811
x16,age_ythadult_yge25,ste_icse93_5,1996,225.157
x16,age_ythadult_yge25,ste_icse93_5,1997,221.78
x16,age_ythadult_yge25,ste_icse93_5,1998,218.463
x16,age_ythadult_yge25,ste_icse93_5,1999,212.35
x16,age_ythadult_yge25,ste_icse93_5,2000,207.024
x16,age_ythadult_yge25,ste_icse93_5,2001,217.365
x16,age_ythadult_yge25,ste_icse93_5,2002,185.019
x16,age_ythadult_yge25,ste_icse93_5,2003,164.377
x16,age_ythadult_yge25,ste_icse93_5,2004,159.552
x16,age_ythadult_yge25,ste_icse93_5,2005,148.849
x16,age_ythadult_yge25,ste_icse93_5,2006,155.843
x16,age_ythadult_yge25,ste_icse93_5,2007,143.741
x16,age_ythadult_yge25,ste_icse93_5,2008,135.38
x16,age_ythadult_yge25,ste_icse93_5,2009,140.526
x16,age_ythadult_yge25,ste_icse93_5,2010,146.351
x16,age_ythadult_yge25,ste_icse93_5,2011,126.384
x16,age_ythadult_yge25,ste_icse93_5,2012,127.384
x16,age_ythadult_yge25,ste_icse93_5,2013,130.693
x16,age_ythadult_yge25,ste_icse93_5,2014,124.984
x16,age_ythadult_yge25,ste_icse93_5,2015,133.431
x16,age_ythadult_yge25,ste_icse93_5,2016,117.947
x16,age_ythadult_yge25,ste_icse93_5,2017,126.363
x16,age_ythadult_yge25,ste_icse93_5,2018,127.618
x16,age_ythadult_yge25,ste_icse93_5,2019,133.039
x16,age_ythadult_yge25,ste_icse93_5,2020,142.465
x16,age_ythadult_yge25,ste_icse93_5,2021,140.275
x16,age_ythadult_yge25,ste_icse93_5,2022,134.085
x16,age_ythadult_yge25,ste_icse93_5,2023,134.186
x16,age_ythadult_yge25,ste_icse93_5,2024,143.168
x16,age_ythadult_yge25,ste_icse93_5,2025,146.276
x16,age_ythadult_yge25,ste_icse93_total,1991,10784.377
x16,age_ythadult_yge25,ste_icse93_total,1992,10956.024
x16,age_ythadult_yge25,ste_icse93_total,1993,11316.107
x16,age_ythadult_yge25,ste_icse93_total,1994,11559.472
x16,age_ythadult_yge25,ste_icse93_total,1995,11617.925
x16,age_ythadult_yge25,ste_icse93_total,1996,11727.546
x16,age_ythadult_yge25,ste_icse93_total,1997,11890.788
x16,age_ythadult_yge25,ste_icse93_total,1998,12178.528
x16,age_ythadult_yge25,ste_icse93_total,1999,12474.615
x16,age_ythadult_yge25,ste_icse93_total,2000,12789.774
x16,age_ythadult_yge25,ste_icse93_total,2001,13102.77
x16,age_ythadult_yge25,ste_icse93_total,2002,13435.908
x16,age_ythadult_yge25,ste_icse93_total,2003,13761.577
x16,age_ythadult_yge25,ste_icse93_total,2004,14089.256
x16,age_ythadult_yge25,ste_icse93_total,2005,14406.709
x16,age_ythadult_yge25,ste_icse93_total,2006,14723.953
x16,age_ythadult_yge25,ste_icse93_total,2007,15047.299
x16,age_ythadult_yge25,ste_icse93_total,2008,15363.705
x16,age_ythadult_yge25,ste_icse93_total,2009,15214.949
x16,age_ythadult_yge25,ste_icse93_total,2010,15005.828
x16,age_ythadult_yge25,ste_icse93_total,2011,15322
x16,age_ythadult_yge25,ste_icse93_total,2012,15802.402
x16,age_ythadult_yge25,ste_icse93_total,2013,16357.878
x16,age_ythadult_yge25,ste_icse93_total,2014,16756.425
x16,age_ythadult_yge25,ste_icse93_total,2015,17415.546
x16,age_ythadult_yge25,ste_icse93_total,2016,17480.038
x16,age_ythadult_yge25,ste_icse93_total,2017,17759.489
x16,age_ythadult_yge25,ste_icse93_total,2018,18213.583
x16,age_ythadult_yge25,ste_icse93_total,2019,18408.943
x16,age_ythadult_yge25,ste_icse93_total,2020,17275.244
x16,age_ythadult_yge25,ste_icse93_total,2021,17082.285
x16,age_ythadult_yge25,ste_icse93_total,2022,17915.495
x16,age_ythadult_yge25,ste_icse93_total,2023,18987.391
x16,age_ythadult_yge25,ste_icse93_total,2024,19429.656
x16,age_ythadult_yge25,ste_icse93_total,2025,19666.178
