ref_area,sex,classif1,time,eip_2eip_sex_age_nb
swe,sex_f,age_aggregate_total,1990,1332.784
swe,sex_f,age_aggregate_total,1991,1362.616
swe,sex_f,age_aggregate_total,1992,1415.929
swe,sex_f,age_aggregate_total,1993,1471.901
swe,sex_f,age_aggregate_total,1994,1508.669
swe,sex_f,age_aggregate_total,1995,1498.776
swe,sex_f,age_aggregate_total,1996,1499.374
swe,sex_f,age_aggregate_total,1997,1518.774
swe,sex_f,age_aggregate_total,1998,1566.236
swe,sex_f,age_aggregate_total,1999,1531.554
swe,sex_f,age_aggregate_total,2000,1545.648
swe,sex_f,age_aggregate_total,2001,1534.113
swe,sex_f,age_aggregate_total,2002,1535.836
swe,sex_f,age_aggregate_total,2003,1540.971
swe,sex_f,age_aggregate_total,2004,1562.559
swe,sex_f,age_aggregate_total,2005,1548.416
swe,sex_f,age_aggregate_total,2006,1556.465
swe,sex_f,age_aggregate_total,2007,1551.86
swe,sex_f,age_aggregate_total,2008,1560.37
swe,sex_f,age_aggregate_total,2009,1592.385
swe,sex_f,age_aggregate_total,2010,1620.857
swe,sex_f,age_aggregate_total,2011,1608.731
swe,sex_f,age_aggregate_total,2012,1609.544
swe,sex_f,age_aggregate_total,2013,1602.157
swe,sex_f,age_aggregate_total,2014,1606.282
swe,sex_f,age_aggregate_total,2015,1605.853
swe,sex_f,age_aggregate_total,2016,1614.106
swe,sex_f,age_aggregate_total,2017,1615.611
swe,sex_f,age_aggregate_total,2018,1621.407
swe,sex_f,age_aggregate_total,2019,1633.552
swe,sex_f,age_aggregate_total,2020,1676.134
swe,sex_f,age_aggregate_total,2021,1682.471
swe,sex_f,age_aggregate_total,2022,1681.496
swe,sex_f,age_aggregate_total,2023,1668.291
swe,sex_f,age_aggregate_total,2024,1682.084
swe,sex_f,age_aggregate_total,2025,1701.272
swe,sex_f,age_aggregate_total,2026,1720.038
swe,sex_f,age_aggregate_total,2027,1738.626
swe,sex_f,age_aggregate_y15_24,1990,177.916
swe,sex_f,age_aggregate_y15_24,1991,192.405
swe,sex_f,age_aggregate_y15_24,1992,216.676
swe,sex_f,age_aggregate_y15_24,1993,246.049
swe,sex_f,age_aggregate_y15_24,1994,250.761
swe,sex_f,age_aggregate_y15_24,1995,249.735
swe,sex_f,age_aggregate_y15_24,1996,247.096
swe,sex_f,age_aggregate_y15_24,1997,243.671
swe,sex_f,age_aggregate_y15_24,1998,240.524
swe,sex_f,age_aggregate_y15_24,1999,237.945
swe,sex_f,age_aggregate_y15_24,2000,237.036
swe,sex_f,age_aggregate_y15_24,2001,238.657
swe,sex_f,age_aggregate_y15_24,2002,251.556
swe,sex_f,age_aggregate_y15_24,2003,255.277
swe,sex_f,age_aggregate_y15_24,2004,274.299
swe,sex_f,age_aggregate_y15_24,2005,263.759
swe,sex_f,age_aggregate_y15_24,2006,268.249
swe,sex_f,age_aggregate_y15_24,2007,271.05
swe,sex_f,age_aggregate_y15_24,2008,276.05
swe,sex_f,age_aggregate_y15_24,2009,294.504
swe,sex_f,age_aggregate_y15_24,2010,296.152
swe,sex_f,age_aggregate_y15_24,2011,286.863
swe,sex_f,age_aggregate_y15_24,2012,280.533
swe,sex_f,age_aggregate_y15_24,2013,266.858
swe,sex_f,age_aggregate_y15_24,2014,257.541
swe,sex_f,age_aggregate_y15_24,2015,250.208
swe,sex_f,age_aggregate_y15_24,2016,251.591
swe,sex_f,age_aggregate_y15_24,2017,249.524
swe,sex_f,age_aggregate_y15_24,2018,246.817
swe,sex_f,age_aggregate_y15_24,2019,241.394
swe,sex_f,age_aggregate_y15_24,2020,264.717
swe,sex_f,age_aggregate_y15_24,2021,250.042
swe,sex_f,age_aggregate_y15_24,2022,244.278
swe,sex_f,age_aggregate_y15_24,2023,244.852
swe,sex_f,age_aggregate_y15_24,2024,251.745
swe,sex_f,age_aggregate_y15_24,2025,259.188
swe,sex_f,age_aggregate_y15_24,2026,266.047
swe,sex_f,age_aggregate_y15_24,2027,271.665
swe,sex_f,age_aggregate_y25_54,1990,155.848
swe,sex_f,age_aggregate_y25_54,1991,171.802
swe,sex_f,age_aggregate_y25_54,1992,191.638
swe,sex_f,age_aggregate_y25_54,1993,209.129
swe,sex_f,age_aggregate_y25_54,1994,233.02
swe,sex_f,age_aggregate_y25_54,1995,223.102
swe,sex_f,age_aggregate_y25_54,1996,240.956
swe,sex_f,age_aggregate_y25_54,1997,249.845
swe,sex_f,age_aggregate_y25_54,1998,290.154
swe,sex_f,age_aggregate_y25_54,1999,267.051
swe,sex_f,age_aggregate_y25_54,2000,272.231
swe,sex_f,age_aggregate_y25_54,2001,262.058
swe,sex_f,age_aggregate_y25_54,2002,255.186
swe,sex_f,age_aggregate_y25_54,2003,253.798
swe,sex_f,age_aggregate_y25_54,2004,254.394
swe,sex_f,age_aggregate_y25_54,2005,238.442
swe,sex_f,age_aggregate_y25_54,2006,242.94
swe,sex_f,age_aggregate_y25_54,2007,228.768
swe,sex_f,age_aggregate_y25_54,2008,221.372
swe,sex_f,age_aggregate_y25_54,2009,230.09
swe,sex_f,age_aggregate_y25_54,2010,240.512
swe,sex_f,age_aggregate_y25_54,2011,229.809
swe,sex_f,age_aggregate_y25_54,2012,226.591
swe,sex_f,age_aggregate_y25_54,2013,218.638
swe,sex_f,age_aggregate_y25_54,2014,223.363
swe,sex_f,age_aggregate_y25_54,2015,218.777
swe,sex_f,age_aggregate_y25_54,2016,220.83
swe,sex_f,age_aggregate_y25_54,2017,218.582
swe,sex_f,age_aggregate_y25_54,2018,219.08
swe,sex_f,age_aggregate_y25_54,2019,224.531
swe,sex_f,age_aggregate_y25_54,2020,231.655
swe,sex_f,age_aggregate_y25_54,2021,240.717
swe,sex_f,age_aggregate_y25_54,2022,224.542
swe,sex_f,age_aggregate_y25_54,2023,195.413
swe,sex_f,age_aggregate_y25_54,2024,193.576
swe,sex_f,age_aggregate_y25_54,2025,192.547
swe,sex_f,age_aggregate_y25_54,2026,191.414
swe,sex_f,age_aggregate_y25_54,2027,190.471
swe,sex_f,age_aggregate_y55_64,1990,147.988
swe,sex_f,age_aggregate_y55_64,1991,142.851
swe,sex_f,age_aggregate_y55_64,1992,148.947
swe,sex_f,age_aggregate_y55_64,1993,155.956
swe,sex_f,age_aggregate_y55_64,1994,160.934
swe,sex_f,age_aggregate_y55_64,1995,158.632
swe,sex_f,age_aggregate_y55_64,1996,143.407
swe,sex_f,age_aggregate_y55_64,1997,158.01
swe,sex_f,age_aggregate_y55_64,1998,169.989
swe,sex_f,age_aggregate_y55_64,1999,164.543
swe,sex_f,age_aggregate_y55_64,2000,178.129
swe,sex_f,age_aggregate_y55_64,2001,178.254
swe,sex_f,age_aggregate_y55_64,2002,173.149
swe,sex_f,age_aggregate_y55_64,2003,177.148
swe,sex_f,age_aggregate_y55_64,2004,176.238
swe,sex_f,age_aggregate_y55_64,2005,183.975
swe,sex_f,age_aggregate_y55_64,2006,183.177
swe,sex_f,age_aggregate_y55_64,2007,185.727
swe,sex_f,age_aggregate_y55_64,2008,188.126
swe,sex_f,age_aggregate_y55_64,2009,181.364
swe,sex_f,age_aggregate_y55_64,2010,177.419
swe,sex_f,age_aggregate_y55_64,2011,164.414
swe,sex_f,age_aggregate_y55_64,2012,157.369
swe,sex_f,age_aggregate_y55_64,2013,153.511
swe,sex_f,age_aggregate_y55_64,2014,143.375
swe,sex_f,age_aggregate_y55_64,2015,139.216
swe,sex_f,age_aggregate_y55_64,2016,131.578
swe,sex_f,age_aggregate_y55_64,2017,126.608
swe,sex_f,age_aggregate_y55_64,2018,123.023
swe,sex_f,age_aggregate_y55_64,2019,123.049
swe,sex_f,age_aggregate_y55_64,2020,122.816
swe,sex_f,age_aggregate_y55_64,2021,125.091
swe,sex_f,age_aggregate_y55_64,2022,131.006
swe,sex_f,age_aggregate_y55_64,2023,130.074
swe,sex_f,age_aggregate_y55_64,2024,122.482
swe,sex_f,age_aggregate_y55_64,2025,122.353
swe,sex_f,age_aggregate_y55_64,2026,122.63
swe,sex_f,age_aggregate_y55_64,2027,123.078
swe,sex_f,age_aggregate_yge65,1990,851.032
swe,sex_f,age_aggregate_yge65,1991,855.558
swe,sex_f,age_aggregate_yge65,1992,858.668
swe,sex_f,age_aggregate_yge65,1993,860.767
swe,sex_f,age_aggregate_yge65,1994,863.954
swe,sex_f,age_aggregate_yge65,1995,867.308
swe,sex_f,age_aggregate_yge65,1996,867.915
swe,sex_f,age_aggregate_yge65,1997,867.247
swe,sex_f,age_aggregate_yge65,1998,865.569
swe,sex_f,age_aggregate_yge65,1999,862.016
swe,sex_f,age_aggregate_yge65,2000,858.251
swe,sex_f,age_aggregate_yge65,2001,855.143
swe,sex_f,age_aggregate_yge65,2002,855.945
swe,sex_f,age_aggregate_yge65,2003,854.748
swe,sex_f,age_aggregate_yge65,2004,857.629
swe,sex_f,age_aggregate_yge65,2005,862.239
swe,sex_f,age_aggregate_yge65,2006,862.099
swe,sex_f,age_aggregate_yge65,2007,866.315
swe,sex_f,age_aggregate_yge65,2008,874.822
swe,sex_f,age_aggregate_yge65,2009,886.428
swe,sex_f,age_aggregate_yge65,2010,906.774
swe,sex_f,age_aggregate_yge65,2011,927.645
swe,sex_f,age_aggregate_yge65,2012,945.051
swe,sex_f,age_aggregate_yge65,2013,963.15
swe,sex_f,age_aggregate_yge65,2014,982.003
swe,sex_f,age_aggregate_yge65,2015,997.651
swe,sex_f,age_aggregate_yge65,2016,1010.107
swe,sex_f,age_aggregate_yge65,2017,1020.896
swe,sex_f,age_aggregate_yge65,2018,1032.487
swe,sex_f,age_aggregate_yge65,2019,1044.578
swe,sex_f,age_aggregate_yge65,2020,1056.946
swe,sex_f,age_aggregate_yge65,2021,1066.622
swe,sex_f,age_aggregate_yge65,2022,1081.67
swe,sex_f,age_aggregate_yge65,2023,1097.951
swe,sex_f,age_aggregate_yge65,2024,1114.28
swe,sex_f,age_aggregate_yge65,2025,1127.185
swe,sex_f,age_aggregate_yge65,2026,1139.947
swe,sex_f,age_aggregate_yge65,2027,1153.413
swe,sex_f,age_ythadult_y15_24,1990,177.916
swe,sex_f,age_ythadult_y15_24,1991,192.405
swe,sex_f,age_ythadult_y15_24,1992,216.676
swe,sex_f,age_ythadult_y15_24,1993,246.049
swe,sex_f,age_ythadult_y15_24,1994,250.761
swe,sex_f,age_ythadult_y15_24,1995,249.735
swe,sex_f,age_ythadult_y15_24,1996,247.096
swe,sex_f,age_ythadult_y15_24,1997,243.671
swe,sex_f,age_ythadult_y15_24,1998,240.524
swe,sex_f,age_ythadult_y15_24,1999,237.945
swe,sex_f,age_ythadult_y15_24,2000,237.036
swe,sex_f,age_ythadult_y15_24,2001,238.657
swe,sex_f,age_ythadult_y15_24,2002,251.556
swe,sex_f,age_ythadult_y15_24,2003,255.277
swe,sex_f,age_ythadult_y15_24,2004,274.299
swe,sex_f,age_ythadult_y15_24,2005,263.759
swe,sex_f,age_ythadult_y15_24,2006,268.249
swe,sex_f,age_ythadult_y15_24,2007,271.05
swe,sex_f,age_ythadult_y15_24,2008,276.05
swe,sex_f,age_ythadult_y15_24,2009,294.504
swe,sex_f,age_ythadult_y15_24,2010,296.152
swe,sex_f,age_ythadult_y15_24,2011,286.863
swe,sex_f,age_ythadult_y15_24,2012,280.533
swe,sex_f,age_ythadult_y15_24,2013,266.858
swe,sex_f,age_ythadult_y15_24,2014,257.541
swe,sex_f,age_ythadult_y15_24,2015,250.208
swe,sex_f,age_ythadult_y15_24,2016,251.591
swe,sex_f,age_ythadult_y15_24,2017,249.524
swe,sex_f,age_ythadult_y15_24,2018,246.817
swe,sex_f,age_ythadult_y15_24,2019,241.394
swe,sex_f,age_ythadult_y15_24,2020,264.717
swe,sex_f,age_ythadult_y15_24,2021,250.042
swe,sex_f,age_ythadult_y15_24,2022,244.278
swe,sex_f,age_ythadult_y15_24,2023,244.852
swe,sex_f,age_ythadult_y15_24,2024,251.745
swe,sex_f,age_ythadult_y15_24,2025,259.188
swe,sex_f,age_ythadult_y15_24,2026,266.047
swe,sex_f,age_ythadult_y15_24,2027,271.665
swe,sex_f,age_ythadult_y15_64,1990,481.752
swe,sex_f,age_ythadult_y15_64,1991,507.058
swe,sex_f,age_ythadult_y15_64,1992,557.261
swe,sex_f,age_ythadult_y15_64,1993,611.134
swe,sex_f,age_ythadult_y15_64,1994,644.715
swe,sex_f,age_ythadult_y15_64,1995,631.468
swe,sex_f,age_ythadult_y15_64,1996,631.459
swe,sex_f,age_ythadult_y15_64,1997,651.527
swe,sex_f,age_ythadult_y15_64,1998,700.667
swe,sex_f,age_ythadult_y15_64,1999,669.538
swe,sex_f,age_ythadult_y15_64,2000,687.397
swe,sex_f,age_ythadult_y15_64,2001,678.97
swe,sex_f,age_ythadult_y15_64,2002,679.891
swe,sex_f,age_ythadult_y15_64,2003,686.223
swe,sex_f,age_ythadult_y15_64,2004,704.93
swe,sex_f,age_ythadult_y15_64,2005,686.176
swe,sex_f,age_ythadult_y15_64,2006,694.366
swe,sex_f,age_ythadult_y15_64,2007,685.545
swe,sex_f,age_ythadult_y15_64,2008,685.548
swe,sex_f,age_ythadult_y15_64,2009,705.958
swe,sex_f,age_ythadult_y15_64,2010,714.083
swe,sex_f,age_ythadult_y15_64,2011,681.086
swe,sex_f,age_ythadult_y15_64,2012,664.493
swe,sex_f,age_ythadult_y15_64,2013,639.006
swe,sex_f,age_ythadult_y15_64,2014,624.28
swe,sex_f,age_ythadult_y15_64,2015,608.202
swe,sex_f,age_ythadult_y15_64,2016,603.999
swe,sex_f,age_ythadult_y15_64,2017,594.714
swe,sex_f,age_ythadult_y15_64,2018,588.92
swe,sex_f,age_ythadult_y15_64,2019,588.974
swe,sex_f,age_ythadult_y15_64,2020,619.188
swe,sex_f,age_ythadult_y15_64,2021,615.849
swe,sex_f,age_ythadult_y15_64,2022,599.826
swe,sex_f,age_ythadult_y15_64,2023,570.34
swe,sex_f,age_ythadult_y15_64,2024,567.804
swe,sex_f,age_ythadult_y15_64,2025,574.087
swe,sex_f,age_ythadult_y15_64,2026,580.091
swe,sex_f,age_ythadult_y15_64,2027,585.214
swe,sex_f,age_ythadult_yge15,1990,1332.784
swe,sex_f,age_ythadult_yge15,1991,1362.616
swe,sex_f,age_ythadult_yge15,1992,1415.929
swe,sex_f,age_ythadult_yge15,1993,1471.901
swe,sex_f,age_ythadult_yge15,1994,1508.669
swe,sex_f,age_ythadult_yge15,1995,1498.776
swe,sex_f,age_ythadult_yge15,1996,1499.374
swe,sex_f,age_ythadult_yge15,1997,1518.774
swe,sex_f,age_ythadult_yge15,1998,1566.236
swe,sex_f,age_ythadult_yge15,1999,1531.554
swe,sex_f,age_ythadult_yge15,2000,1545.648
swe,sex_f,age_ythadult_yge15,2001,1534.113
swe,sex_f,age_ythadult_yge15,2002,1535.836
swe,sex_f,age_ythadult_yge15,2003,1540.971
swe,sex_f,age_ythadult_yge15,2004,1562.559
swe,sex_f,age_ythadult_yge15,2005,1548.416
swe,sex_f,age_ythadult_yge15,2006,1556.465
swe,sex_f,age_ythadult_yge15,2007,1551.86
swe,sex_f,age_ythadult_yge15,2008,1560.37
swe,sex_f,age_ythadult_yge15,2009,1592.385
swe,sex_f,age_ythadult_yge15,2010,1620.857
swe,sex_f,age_ythadult_yge15,2011,1608.731
swe,sex_f,age_ythadult_yge15,2012,1609.544
swe,sex_f,age_ythadult_yge15,2013,1602.157
swe,sex_f,age_ythadult_yge15,2014,1606.282
swe,sex_f,age_ythadult_yge15,2015,1605.853
swe,sex_f,age_ythadult_yge15,2016,1614.106
swe,sex_f,age_ythadult_yge15,2017,1615.611
swe,sex_f,age_ythadult_yge15,2018,1621.407
swe,sex_f,age_ythadult_yge15,2019,1633.552
swe,sex_f,age_ythadult_yge15,2020,1676.134
swe,sex_f,age_ythadult_yge15,2021,1682.471
swe,sex_f,age_ythadult_yge15,2022,1681.496
swe,sex_f,age_ythadult_yge15,2023,1668.291
swe,sex_f,age_ythadult_yge15,2024,1682.084
swe,sex_f,age_ythadult_yge15,2025,1701.272
swe,sex_f,age_ythadult_yge15,2026,1720.038
swe,sex_f,age_ythadult_yge15,2027,1738.626
swe,sex_f,age_ythadult_yge25,1990,1154.868
swe,sex_f,age_ythadult_yge25,1991,1170.211
swe,sex_f,age_ythadult_yge25,1992,1199.254
swe,sex_f,age_ythadult_yge25,1993,1225.852
swe,sex_f,age_ythadult_yge25,1994,1257.909
swe,sex_f,age_ythadult_yge25,1995,1249.041
swe,sex_f,age_ythadult_yge25,1996,1252.278
swe,sex_f,age_ythadult_yge25,1997,1275.103
swe,sex_f,age_ythadult_yge25,1998,1325.713
swe,sex_f,age_ythadult_yge25,1999,1293.61
swe,sex_f,age_ythadult_yge25,2000,1308.611
swe,sex_f,age_ythadult_yge25,2001,1295.456
swe,sex_f,age_ythadult_yge25,2002,1284.28
swe,sex_f,age_ythadult_yge25,2003,1285.694
swe,sex_f,age_ythadult_yge25,2004,1288.261
swe,sex_f,age_ythadult_yge25,2005,1284.657
swe,sex_f,age_ythadult_yge25,2006,1288.216
swe,sex_f,age_ythadult_yge25,2007,1280.81
swe,sex_f,age_ythadult_yge25,2008,1284.32
swe,sex_f,age_ythadult_yge25,2009,1297.882
swe,sex_f,age_ythadult_yge25,2010,1324.705
swe,sex_f,age_ythadult_yge25,2011,1321.868
swe,sex_f,age_ythadult_yge25,2012,1329.011
swe,sex_f,age_ythadult_yge25,2013,1335.299
swe,sex_f,age_ythadult_yge25,2014,1348.742
swe,sex_f,age_ythadult_yge25,2015,1355.645
swe,sex_f,age_ythadult_yge25,2016,1362.515
swe,sex_f,age_ythadult_yge25,2017,1366.086
swe,sex_f,age_ythadult_yge25,2018,1374.59
swe,sex_f,age_ythadult_yge25,2019,1392.158
swe,sex_f,age_ythadult_yge25,2020,1411.417
swe,sex_f,age_ythadult_yge25,2021,1432.43
swe,sex_f,age_ythadult_yge25,2022,1437.218
swe,sex_f,age_ythadult_yge25,2023,1423.439
swe,sex_f,age_ythadult_yge25,2024,1430.339
swe,sex_f,age_ythadult_yge25,2025,1442.084
swe,sex_f,age_ythadult_yge25,2026,1453.991
swe,sex_f,age_ythadult_yge25,2027,1466.961
swe,sex_m,age_aggregate_total,1990,982.822
swe,sex_m,age_aggregate_total,1991,1015.595
swe,sex_m,age_aggregate_total,1992,1069.143
swe,sex_m,age_aggregate_total,1993,1123.105
swe,sex_m,age_aggregate_total,1994,1150.976
swe,sex_m,age_aggregate_total,1995,1135.392
swe,sex_m,age_aggregate_total,1996,1155.784
swe,sex_m,age_aggregate_total,1997,1161.535
swe,sex_m,age_aggregate_total,1998,1163.974
swe,sex_m,age_aggregate_total,1999,1166.542
swe,sex_m,age_aggregate_total,2000,1204.78
swe,sex_m,age_aggregate_total,2001,1178.616
swe,sex_m,age_aggregate_total,2002,1193.965
swe,sex_m,age_aggregate_total,2003,1206.122
swe,sex_m,age_aggregate_total,2004,1220.039
swe,sex_m,age_aggregate_total,2005,1193.284
swe,sex_m,age_aggregate_total,2006,1202.705
swe,sex_m,age_aggregate_total,2007,1207.744
swe,sex_m,age_aggregate_total,2008,1213.982
swe,sex_m,age_aggregate_total,2009,1248.279
swe,sex_m,age_aggregate_total,2010,1257.568
swe,sex_m,age_aggregate_total,2011,1263.043
swe,sex_m,age_aggregate_total,2012,1279.64
swe,sex_m,age_aggregate_total,2013,1279.309
swe,sex_m,age_aggregate_total,2014,1293.522
swe,sex_m,age_aggregate_total,2015,1316.437
swe,sex_m,age_aggregate_total,2016,1325.792
swe,sex_m,age_aggregate_total,2017,1332.828
swe,sex_m,age_aggregate_total,2018,1349.305
swe,sex_m,age_aggregate_total,2019,1359.857
swe,sex_m,age_aggregate_total,2020,1377.136
swe,sex_m,age_aggregate_total,2021,1390.418
swe,sex_m,age_aggregate_total,2022,1385.364
swe,sex_m,age_aggregate_total,2023,1393.707
swe,sex_m,age_aggregate_total,2024,1423.073
swe,sex_m,age_aggregate_total,2025,1441.387
swe,sex_m,age_aggregate_total,2026,1460.348
swe,sex_m,age_aggregate_total,2027,1479.435
swe,sex_m,age_aggregate_y15_24,1990,184.291
swe,sex_m,age_aggregate_y15_24,1991,201.44
swe,sex_m,age_aggregate_y15_24,1992,231.047
swe,sex_m,age_aggregate_y15_24,1993,254.392
swe,sex_m,age_aggregate_y15_24,1994,259.91
swe,sex_m,age_aggregate_y15_24,1995,259.387
swe,sex_m,age_aggregate_y15_24,1996,257.288
swe,sex_m,age_aggregate_y15_24,1997,254.375
swe,sex_m,age_aggregate_y15_24,1998,251.844
swe,sex_m,age_aggregate_y15_24,1999,249.819
swe,sex_m,age_aggregate_y15_24,2000,249.635
swe,sex_m,age_aggregate_y15_24,2001,252.062
swe,sex_m,age_aggregate_y15_24,2002,264.08
swe,sex_m,age_aggregate_y15_24,2003,268.747
swe,sex_m,age_aggregate_y15_24,2004,284.031
swe,sex_m,age_aggregate_y15_24,2005,289.683
swe,sex_m,age_aggregate_y15_24,2006,288.219
swe,sex_m,age_aggregate_y15_24,2007,291.54
swe,sex_m,age_aggregate_y15_24,2008,293.698
swe,sex_m,age_aggregate_y15_24,2009,309.33
swe,sex_m,age_aggregate_y15_24,2010,307.151
swe,sex_m,age_aggregate_y15_24,2011,299.399
swe,sex_m,age_aggregate_y15_24,2012,306.244
swe,sex_m,age_aggregate_y15_24,2013,289.955
swe,sex_m,age_aggregate_y15_24,2014,280.28
swe,sex_m,age_aggregate_y15_24,2015,283.169
swe,sex_m,age_aggregate_y15_24,2016,278.757
swe,sex_m,age_aggregate_y15_24,2017,278.556
swe,sex_m,age_aggregate_y15_24,2018,285.496
swe,sex_m,age_aggregate_y15_24,2019,279.014
swe,sex_m,age_aggregate_y15_24,2020,289.6
swe,sex_m,age_aggregate_y15_24,2021,284.275
swe,sex_m,age_aggregate_y15_24,2022,264.504
swe,sex_m,age_aggregate_y15_24,2023,263.122
swe,sex_m,age_aggregate_y15_24,2024,272.885
swe,sex_m,age_aggregate_y15_24,2025,277.604
swe,sex_m,age_aggregate_y15_24,2026,283.307
swe,sex_m,age_aggregate_y15_24,2027,288.367
swe,sex_m,age_aggregate_y25_54,1990,94.872
swe,sex_m,age_aggregate_y25_54,1991,108.8
swe,sex_m,age_aggregate_y25_54,1992,124.709
swe,sex_m,age_aggregate_y25_54,1993,143.021
swe,sex_m,age_aggregate_y25_54,1994,161.862
swe,sex_m,age_aggregate_y25_54,1995,146.518
swe,sex_m,age_aggregate_y25_54,1996,174.221
swe,sex_m,age_aggregate_y25_54,1997,177.937
swe,sex_m,age_aggregate_y25_54,1998,175.687
swe,sex_m,age_aggregate_y25_54,1999,184.02
swe,sex_m,age_aggregate_y25_54,2000,212.904
swe,sex_m,age_aggregate_y25_54,2001,178.622
swe,sex_m,age_aggregate_y25_54,2002,187.877
swe,sex_m,age_aggregate_y25_54,2003,185.49
swe,sex_m,age_aggregate_y25_54,2004,173.704
swe,sex_m,age_aggregate_y25_54,2005,138.901
swe,sex_m,age_aggregate_y25_54,2006,136.648
swe,sex_m,age_aggregate_y25_54,2007,130.95
swe,sex_m,age_aggregate_y25_54,2008,127.09
swe,sex_m,age_aggregate_y25_54,2009,132.805
swe,sex_m,age_aggregate_y25_54,2010,132.372
swe,sex_m,age_aggregate_y25_54,2011,127.989
swe,sex_m,age_aggregate_y25_54,2012,122.452
swe,sex_m,age_aggregate_y25_54,2013,121.961
swe,sex_m,age_aggregate_y25_54,2014,125.37
swe,sex_m,age_aggregate_y25_54,2015,130.263
swe,sex_m,age_aggregate_y25_54,2016,133.125
swe,sex_m,age_aggregate_y25_54,2017,129.205
swe,sex_m,age_aggregate_y25_54,2018,132.05
swe,sex_m,age_aggregate_y25_54,2019,130.533
swe,sex_m,age_aggregate_y25_54,2020,128.778
swe,sex_m,age_aggregate_y25_54,2021,130.172
swe,sex_m,age_aggregate_y25_54,2022,124.126
swe,sex_m,age_aggregate_y25_54,2023,125.113
swe,sex_m,age_aggregate_y25_54,2024,125.274
swe,sex_m,age_aggregate_y25_54,2025,125.587
swe,sex_m,age_aggregate_y25_54,2026,125.622
swe,sex_m,age_aggregate_y25_54,2027,125.61
swe,sex_m,age_aggregate_y55_64,1990,100.849
swe,sex_m,age_aggregate_y55_64,1991,100.625
swe,sex_m,age_aggregate_y55_64,1992,107.818
swe,sex_m,age_aggregate_y55_64,1993,119.827
swe,sex_m,age_aggregate_y55_64,1994,122.576
swe,sex_m,age_aggregate_y55_64,1995,122.311
swe,sex_m,age_aggregate_y55_64,1996,117.51
swe,sex_m,age_aggregate_y55_64,1997,123.148
swe,sex_m,age_aggregate_y55_64,1998,131.947
swe,sex_m,age_aggregate_y55_64,1999,130.597
swe,sex_m,age_aggregate_y55_64,2000,141.382
swe,sex_m,age_aggregate_y55_64,2001,146.001
swe,sex_m,age_aggregate_y55_64,2002,141.796
swe,sex_m,age_aggregate_y55_64,2003,143.38
swe,sex_m,age_aggregate_y55_64,2004,143.781
swe,sex_m,age_aggregate_y55_64,2005,142.88
swe,sex_m,age_aggregate_y55_64,2006,145.808
swe,sex_m,age_aggregate_y55_64,2007,145.372
swe,sex_m,age_aggregate_y55_64,2008,143.422
swe,sex_m,age_aggregate_y55_64,2009,134.407
swe,sex_m,age_aggregate_y55_64,2010,123.644
swe,sex_m,age_aggregate_y55_64,2011,118.625
swe,sex_m,age_aggregate_y55_64,2012,111.245
swe,sex_m,age_aggregate_y55_64,2013,105.951
swe,sex_m,age_aggregate_y55_64,2014,105.972
swe,sex_m,age_aggregate_y55_64,2015,104.125
swe,sex_m,age_aggregate_y55_64,2016,99.998
swe,sex_m,age_aggregate_y55_64,2017,96.882
swe,sex_m,age_aggregate_y55_64,2018,89.276
swe,sex_m,age_aggregate_y55_64,2019,94.304
swe,sex_m,age_aggregate_y55_64,2020,88.31
swe,sex_m,age_aggregate_y55_64,2021,94.439
swe,sex_m,age_aggregate_y55_64,2022,99.561
swe,sex_m,age_aggregate_y55_64,2023,92.536
swe,sex_m,age_aggregate_y55_64,2024,95.718
swe,sex_m,age_aggregate_y55_64,2025,96.102
swe,sex_m,age_aggregate_y55_64,2026,96.748
swe,sex_m,age_aggregate_y55_64,2027,97.422
swe,sex_m,age_aggregate_yge65,1990,602.81
swe,sex_m,age_aggregate_yge65,1991,604.73
swe,sex_m,age_aggregate_yge65,1992,605.57
swe,sex_m,age_aggregate_yge65,1993,605.865
swe,sex_m,age_aggregate_yge65,1994,606.628
swe,sex_m,age_aggregate_yge65,1995,607.176
swe,sex_m,age_aggregate_yge65,1996,606.765
swe,sex_m,age_aggregate_yge65,1997,606.075
swe,sex_m,age_aggregate_yge65,1998,604.495
swe,sex_m,age_aggregate_yge65,1999,602.106
swe,sex_m,age_aggregate_yge65,2000,600.859
swe,sex_m,age_aggregate_yge65,2001,601.932
swe,sex_m,age_aggregate_yge65,2002,600.212
swe,sex_m,age_aggregate_yge65,2003,608.505
swe,sex_m,age_aggregate_yge65,2004,618.523
swe,sex_m,age_aggregate_yge65,2005,621.82
swe,sex_m,age_aggregate_yge65,2006,632.031
swe,sex_m,age_aggregate_yge65,2007,639.883
swe,sex_m,age_aggregate_yge65,2008,649.773
swe,sex_m,age_aggregate_yge65,2009,671.737
swe,sex_m,age_aggregate_yge65,2010,694.401
swe,sex_m,age_aggregate_yge65,2011,717.03
swe,sex_m,age_aggregate_yge65,2012,739.7
swe,sex_m,age_aggregate_yge65,2013,761.443
swe,sex_m,age_aggregate_yge65,2014,781.9
swe,sex_m,age_aggregate_yge65,2015,798.88
swe,sex_m,age_aggregate_yge65,2016,813.913
swe,sex_m,age_aggregate_yge65,2017,828.185
swe,sex_m,age_aggregate_yge65,2018,842.483
swe,sex_m,age_aggregate_yge65,2019,856.006
swe,sex_m,age_aggregate_yge65,2020,870.448
swe,sex_m,age_aggregate_yge65,2021,881.532
swe,sex_m,age_aggregate_yge65,2022,897.173
swe,sex_m,age_aggregate_yge65,2023,912.935
swe,sex_m,age_aggregate_yge65,2024,929.196
swe,sex_m,age_aggregate_yge65,2025,942.093
swe,sex_m,age_aggregate_yge65,2026,954.672
swe,sex_m,age_aggregate_yge65,2027,968.035
swe,sex_m,age_ythadult_y15_24,1990,184.291
swe,sex_m,age_ythadult_y15_24,1991,201.44
swe,sex_m,age_ythadult_y15_24,1992,231.047
swe,sex_m,age_ythadult_y15_24,1993,254.392
swe,sex_m,age_ythadult_y15_24,1994,259.91
swe,sex_m,age_ythadult_y15_24,1995,259.387
swe,sex_m,age_ythadult_y15_24,1996,257.288
swe,sex_m,age_ythadult_y15_24,1997,254.375
swe,sex_m,age_ythadult_y15_24,1998,251.844
swe,sex_m,age_ythadult_y15_24,1999,249.819
swe,sex_m,age_ythadult_y15_24,2000,249.635
swe,sex_m,age_ythadult_y15_24,2001,252.062
swe,sex_m,age_ythadult_y15_24,2002,264.08
swe,sex_m,age_ythadult_y15_24,2003,268.747
swe,sex_m,age_ythadult_y15_24,2004,284.031
swe,sex_m,age_ythadult_y15_24,2005,289.683
swe,sex_m,age_ythadult_y15_24,2006,288.219
swe,sex_m,age_ythadult_y15_24,2007,291.54
swe,sex_m,age_ythadult_y15_24,2008,293.698
swe,sex_m,age_ythadult_y15_24,2009,309.33
swe,sex_m,age_ythadult_y15_24,2010,307.151
swe,sex_m,age_ythadult_y15_24,2011,299.399
swe,sex_m,age_ythadult_y15_24,2012,306.244
swe,sex_m,age_ythadult_y15_24,2013,289.955
swe,sex_m,age_ythadult_y15_24,2014,280.28
swe,sex_m,age_ythadult_y15_24,2015,283.169
swe,sex_m,age_ythadult_y15_24,2016,278.757
swe,sex_m,age_ythadult_y15_24,2017,278.556
swe,sex_m,age_ythadult_y15_24,2018,285.496
swe,sex_m,age_ythadult_y15_24,2019,279.014
swe,sex_m,age_ythadult_y15_24,2020,289.6
swe,sex_m,age_ythadult_y15_24,2021,284.275
swe,sex_m,age_ythadult_y15_24,2022,264.504
swe,sex_m,age_ythadult_y15_24,2023,263.122
swe,sex_m,age_ythadult_y15_24,2024,272.885
swe,sex_m,age_ythadult_y15_24,2025,277.604
swe,sex_m,age_ythadult_y15_24,2026,283.307
swe,sex_m,age_ythadult_y15_24,2027,288.367
swe,sex_m,age_ythadult_y15_64,1990,380.012
swe,sex_m,age_ythadult_y15_64,1991,410.865
swe,sex_m,age_ythadult_y15_64,1992,463.573
swe,sex_m,age_ythadult_y15_64,1993,517.24
swe,sex_m,age_ythadult_y15_64,1994,544.349
swe,sex_m,age_ythadult_y15_64,1995,528.216
swe,sex_m,age_ythadult_y15_64,1996,549.019
swe,sex_m,age_ythadult_y15_64,1997,555.46
swe,sex_m,age_ythadult_y15_64,1998,559.479
swe,sex_m,age_ythadult_y15_64,1999,564.436
swe,sex_m,age_ythadult_y15_64,2000,603.921
swe,sex_m,age_ythadult_y15_64,2001,576.684
swe,sex_m,age_ythadult_y15_64,2002,593.753
swe,sex_m,age_ythadult_y15_64,2003,597.617
swe,sex_m,age_ythadult_y15_64,2004,601.516
swe,sex_m,age_ythadult_y15_64,2005,571.464
swe,sex_m,age_ythadult_y15_64,2006,570.675
swe,sex_m,age_ythadult_y15_64,2007,567.862
swe,sex_m,age_ythadult_y15_64,2008,564.21
swe,sex_m,age_ythadult_y15_64,2009,576.542
swe,sex_m,age_ythadult_y15_64,2010,563.167
swe,sex_m,age_ythadult_y15_64,2011,546.013
swe,sex_m,age_ythadult_y15_64,2012,539.94
swe,sex_m,age_ythadult_y15_64,2013,517.867
swe,sex_m,age_ythadult_y15_64,2014,511.622
swe,sex_m,age_ythadult_y15_64,2015,517.557
swe,sex_m,age_ythadult_y15_64,2016,511.879
swe,sex_m,age_ythadult_y15_64,2017,504.643
swe,sex_m,age_ythadult_y15_64,2018,506.821
swe,sex_m,age_ythadult_y15_64,2019,503.851
swe,sex_m,age_ythadult_y15_64,2020,506.688
swe,sex_m,age_ythadult_y15_64,2021,508.886
swe,sex_m,age_ythadult_y15_64,2022,488.191
swe,sex_m,age_ythadult_y15_64,2023,480.772
swe,sex_m,age_ythadult_y15_64,2024,493.877
swe,sex_m,age_ythadult_y15_64,2025,499.293
swe,sex_m,age_ythadult_y15_64,2026,505.677
swe,sex_m,age_ythadult_y15_64,2027,511.4
swe,sex_m,age_ythadult_yge15,1990,982.822
swe,sex_m,age_ythadult_yge15,1991,1015.595
swe,sex_m,age_ythadult_yge15,1992,1069.143
swe,sex_m,age_ythadult_yge15,1993,1123.105
swe,sex_m,age_ythadult_yge15,1994,1150.976
swe,sex_m,age_ythadult_yge15,1995,1135.392
swe,sex_m,age_ythadult_yge15,1996,1155.784
swe,sex_m,age_ythadult_yge15,1997,1161.535
swe,sex_m,age_ythadult_yge15,1998,1163.974
swe,sex_m,age_ythadult_yge15,1999,1166.542
swe,sex_m,age_ythadult_yge15,2000,1204.78
swe,sex_m,age_ythadult_yge15,2001,1178.616
swe,sex_m,age_ythadult_yge15,2002,1193.965
swe,sex_m,age_ythadult_yge15,2003,1206.122
swe,sex_m,age_ythadult_yge15,2004,1220.039
swe,sex_m,age_ythadult_yge15,2005,1193.284
swe,sex_m,age_ythadult_yge15,2006,1202.705
swe,sex_m,age_ythadult_yge15,2007,1207.744
swe,sex_m,age_ythadult_yge15,2008,1213.982
swe,sex_m,age_ythadult_yge15,2009,1248.279
swe,sex_m,age_ythadult_yge15,2010,1257.568
swe,sex_m,age_ythadult_yge15,2011,1263.043
swe,sex_m,age_ythadult_yge15,2012,1279.64
swe,sex_m,age_ythadult_yge15,2013,1279.309
swe,sex_m,age_ythadult_yge15,2014,1293.522
swe,sex_m,age_ythadult_yge15,2015,1316.437
swe,sex_m,age_ythadult_yge15,2016,1325.792
swe,sex_m,age_ythadult_yge15,2017,1332.828
swe,sex_m,age_ythadult_yge15,2018,1349.305
swe,sex_m,age_ythadult_yge15,2019,1359.857
swe,sex_m,age_ythadult_yge15,2020,1377.136
swe,sex_m,age_ythadult_yge15,2021,1390.418
swe,sex_m,age_ythadult_yge15,2022,1385.364
swe,sex_m,age_ythadult_yge15,2023,1393.707
swe,sex_m,age_ythadult_yge15,2024,1423.073
swe,sex_m,age_ythadult_yge15,2025,1441.387
swe,sex_m,age_ythadult_yge15,2026,1460.348
swe,sex_m,age_ythadult_yge15,2027,1479.435
swe,sex_m,age_ythadult_yge25,1990,798.531
swe,sex_m,age_ythadult_yge25,1991,814.155
swe,sex_m,age_ythadult_yge25,1992,838.096
swe,sex_m,age_ythadult_yge25,1993,868.713
swe,sex_m,age_ythadult_yge25,1994,891.066
swe,sex_m,age_ythadult_yge25,1995,876.005
swe,sex_m,age_ythadult_yge25,1996,898.496
swe,sex_m,age_ythadult_yge25,1997,907.16
swe,sex_m,age_ythadult_yge25,1998,912.13
swe,sex_m,age_ythadult_yge25,1999,916.723
swe,sex_m,age_ythadult_yge25,2000,955.146
swe,sex_m,age_ythadult_yge25,2001,926.554
swe,sex_m,age_ythadult_yge25,2002,929.885
swe,sex_m,age_ythadult_yge25,2003,937.375
swe,sex_m,age_ythadult_yge25,2004,936.008
swe,sex_m,age_ythadult_yge25,2005,903.601
swe,sex_m,age_ythadult_yge25,2006,914.487
swe,sex_m,age_ythadult_yge25,2007,916.205
swe,sex_m,age_ythadult_yge25,2008,920.285
swe,sex_m,age_ythadult_yge25,2009,938.949
swe,sex_m,age_ythadult_yge25,2010,950.417
swe,sex_m,age_ythadult_yge25,2011,963.644
swe,sex_m,age_ythadult_yge25,2012,973.397
swe,sex_m,age_ythadult_yge25,2013,989.355
swe,sex_m,age_ythadult_yge25,2014,1013.242
swe,sex_m,age_ythadult_yge25,2015,1033.268
swe,sex_m,age_ythadult_yge25,2016,1047.035
swe,sex_m,age_ythadult_yge25,2017,1054.272
swe,sex_m,age_ythadult_yge25,2018,1063.808
swe,sex_m,age_ythadult_yge25,2019,1080.843
swe,sex_m,age_ythadult_yge25,2020,1087.536
swe,sex_m,age_ythadult_yge25,2021,1106.143
swe,sex_m,age_ythadult_yge25,2022,1120.86
swe,sex_m,age_ythadult_yge25,2023,1130.584
swe,sex_m,age_ythadult_yge25,2024,1150.189
swe,sex_m,age_ythadult_yge25,2025,1163.783
swe,sex_m,age_ythadult_yge25,2026,1177.041
swe,sex_m,age_ythadult_yge25,2027,1191.067
swe,sex_t,age_aggregate_total,1990,2315.606
swe,sex_t,age_aggregate_total,1991,2378.21
swe,sex_t,age_aggregate_total,1992,2485.072
swe,sex_t,age_aggregate_total,1993,2595.006
swe,sex_t,age_aggregate_total,1994,2659.646
swe,sex_t,age_aggregate_total,1995,2634.168
swe,sex_t,age_aggregate_total,1996,2655.158
swe,sex_t,age_aggregate_total,1997,2680.309
swe,sex_t,age_aggregate_total,1998,2730.211
swe,sex_t,age_aggregate_total,1999,2698.096
swe,sex_t,age_aggregate_total,2000,2750.428
swe,sex_t,age_aggregate_total,2001,2712.729
swe,sex_t,age_aggregate_total,2002,2729.8
swe,sex_t,age_aggregate_total,2003,2747.093
swe,sex_t,age_aggregate_total,2004,2782.598
swe,sex_t,age_aggregate_total,2005,2741.7
swe,sex_t,age_aggregate_total,2006,2759.171
swe,sex_t,age_aggregate_total,2007,2759.605
swe,sex_t,age_aggregate_total,2008,2774.353
swe,sex_t,age_aggregate_total,2009,2840.664
swe,sex_t,age_aggregate_total,2010,2878.425
swe,sex_t,age_aggregate_total,2011,2871.774
swe,sex_t,age_aggregate_total,2012,2889.184
swe,sex_t,age_aggregate_total,2013,2881.466
swe,sex_t,age_aggregate_total,2014,2899.804
swe,sex_t,age_aggregate_total,2015,2922.29
swe,sex_t,age_aggregate_total,2016,2939.898
swe,sex_t,age_aggregate_total,2017,2948.439
swe,sex_t,age_aggregate_total,2018,2970.712
swe,sex_t,age_aggregate_total,2019,2993.409
swe,sex_t,age_aggregate_total,2020,3053.27
swe,sex_t,age_aggregate_total,2021,3072.889
swe,sex_t,age_aggregate_total,2022,3066.86
swe,sex_t,age_aggregate_total,2023,3061.998
swe,sex_t,age_aggregate_total,2024,3105.157
swe,sex_t,age_aggregate_total,2025,3142.659
swe,sex_t,age_aggregate_total,2026,3180.387
swe,sex_t,age_aggregate_total,2027,3218.061
swe,sex_t,age_aggregate_y15_24,1990,362.207
swe,sex_t,age_aggregate_y15_24,1991,393.845
swe,sex_t,age_aggregate_y15_24,1992,447.723
swe,sex_t,age_aggregate_y15_24,1993,500.441
swe,sex_t,age_aggregate_y15_24,1994,510.671
swe,sex_t,age_aggregate_y15_24,1995,509.122
swe,sex_t,age_aggregate_y15_24,1996,504.384
swe,sex_t,age_aggregate_y15_24,1997,498.046
swe,sex_t,age_aggregate_y15_24,1998,492.368
swe,sex_t,age_aggregate_y15_24,1999,487.763
swe,sex_t,age_aggregate_y15_24,2000,486.671
swe,sex_t,age_aggregate_y15_24,2001,490.719
swe,sex_t,age_aggregate_y15_24,2002,515.636
swe,sex_t,age_aggregate_y15_24,2003,524.024
swe,sex_t,age_aggregate_y15_24,2004,558.33
swe,sex_t,age_aggregate_y15_24,2005,553.442
swe,sex_t,age_aggregate_y15_24,2006,556.468
swe,sex_t,age_aggregate_y15_24,2007,562.59
swe,sex_t,age_aggregate_y15_24,2008,569.748
swe,sex_t,age_aggregate_y15_24,2009,603.833
swe,sex_t,age_aggregate_y15_24,2010,603.303
swe,sex_t,age_aggregate_y15_24,2011,586.262
swe,sex_t,age_aggregate_y15_24,2012,586.776
swe,sex_t,age_aggregate_y15_24,2013,556.813
swe,sex_t,age_aggregate_y15_24,2014,537.821
swe,sex_t,age_aggregate_y15_24,2015,533.378
swe,sex_t,age_aggregate_y15_24,2016,530.348
swe,sex_t,age_aggregate_y15_24,2017,528.08
swe,sex_t,age_aggregate_y15_24,2018,532.313
swe,sex_t,age_aggregate_y15_24,2019,520.409
swe,sex_t,age_aggregate_y15_24,2020,554.317
swe,sex_t,age_aggregate_y15_24,2021,534.316
swe,sex_t,age_aggregate_y15_24,2022,508.782
swe,sex_t,age_aggregate_y15_24,2023,507.974
swe,sex_t,age_aggregate_y15_24,2024,524.63
swe,sex_t,age_aggregate_y15_24,2025,536.792
swe,sex_t,age_aggregate_y15_24,2026,549.355
swe,sex_t,age_aggregate_y15_24,2027,560.032
swe,sex_t,age_aggregate_y25_54,1990,250.72
swe,sex_t,age_aggregate_y25_54,1991,280.602
swe,sex_t,age_aggregate_y25_54,1992,316.347
swe,sex_t,age_aggregate_y25_54,1993,352.15
swe,sex_t,age_aggregate_y25_54,1994,394.883
swe,sex_t,age_aggregate_y25_54,1995,369.62
swe,sex_t,age_aggregate_y25_54,1996,415.177
swe,sex_t,age_aggregate_y25_54,1997,427.782
swe,sex_t,age_aggregate_y25_54,1998,465.842
swe,sex_t,age_aggregate_y25_54,1999,451.07
swe,sex_t,age_aggregate_y25_54,2000,485.135
swe,sex_t,age_aggregate_y25_54,2001,440.68
swe,sex_t,age_aggregate_y25_54,2002,443.062
swe,sex_t,age_aggregate_y25_54,2003,439.288
swe,sex_t,age_aggregate_y25_54,2004,428.097
swe,sex_t,age_aggregate_y25_54,2005,377.343
swe,sex_t,age_aggregate_y25_54,2006,379.588
swe,sex_t,age_aggregate_y25_54,2007,359.718
swe,sex_t,age_aggregate_y25_54,2008,348.462
swe,sex_t,age_aggregate_y25_54,2009,362.895
swe,sex_t,age_aggregate_y25_54,2010,372.884
swe,sex_t,age_aggregate_y25_54,2011,357.798
swe,sex_t,age_aggregate_y25_54,2012,349.043
swe,sex_t,age_aggregate_y25_54,2013,340.599
swe,sex_t,age_aggregate_y25_54,2014,348.734
swe,sex_t,age_aggregate_y25_54,2015,349.04
swe,sex_t,age_aggregate_y25_54,2016,353.954
swe,sex_t,age_aggregate_y25_54,2017,347.786
swe,sex_t,age_aggregate_y25_54,2018,351.13
swe,sex_t,age_aggregate_y25_54,2019,355.064
swe,sex_t,age_aggregate_y25_54,2020,360.433
swe,sex_t,age_aggregate_y25_54,2021,370.889
swe,sex_t,age_aggregate_y25_54,2022,348.669
swe,sex_t,age_aggregate_y25_54,2023,320.527
swe,sex_t,age_aggregate_y25_54,2024,318.851
swe,sex_t,age_aggregate_y25_54,2025,318.134
swe,sex_t,age_aggregate_y25_54,2026,317.036
swe,sex_t,age_aggregate_y25_54,2027,316.081
swe,sex_t,age_aggregate_y55_64,1990,248.837
swe,sex_t,age_aggregate_y55_64,1991,243.476
swe,sex_t,age_aggregate_y55_64,1992,256.765
swe,sex_t,age_aggregate_y55_64,1993,275.783
swe,sex_t,age_aggregate_y55_64,1994,283.51
swe,sex_t,age_aggregate_y55_64,1995,280.943
swe,sex_t,age_aggregate_y55_64,1996,260.917
swe,sex_t,age_aggregate_y55_64,1997,281.159
swe,sex_t,age_aggregate_y55_64,1998,301.936
swe,sex_t,age_aggregate_y55_64,1999,295.14
swe,sex_t,age_aggregate_y55_64,2000,319.512
swe,sex_t,age_aggregate_y55_64,2001,324.255
swe,sex_t,age_aggregate_y55_64,2002,314.945
swe,sex_t,age_aggregate_y55_64,2003,320.528
swe,sex_t,age_aggregate_y55_64,2004,320.019
swe,sex_t,age_aggregate_y55_64,2005,326.855
swe,sex_t,age_aggregate_y55_64,2006,328.985
swe,sex_t,age_aggregate_y55_64,2007,331.099
swe,sex_t,age_aggregate_y55_64,2008,331.548
swe,sex_t,age_aggregate_y55_64,2009,315.771
swe,sex_t,age_aggregate_y55_64,2010,301.063
swe,sex_t,age_aggregate_y55_64,2011,283.039
swe,sex_t,age_aggregate_y55_64,2012,268.614
swe,sex_t,age_aggregate_y55_64,2013,259.462
swe,sex_t,age_aggregate_y55_64,2014,249.347
swe,sex_t,age_aggregate_y55_64,2015,243.341
swe,sex_t,age_aggregate_y55_64,2016,231.576
swe,sex_t,age_aggregate_y55_64,2017,223.49
swe,sex_t,age_aggregate_y55_64,2018,212.298
swe,sex_t,age_aggregate_y55_64,2019,217.352
swe,sex_t,age_aggregate_y55_64,2020,211.126
swe,sex_t,age_aggregate_y55_64,2021,219.529
swe,sex_t,age_aggregate_y55_64,2022,230.566
swe,sex_t,age_aggregate_y55_64,2023,222.611
swe,sex_t,age_aggregate_y55_64,2024,218.2
swe,sex_t,age_aggregate_y55_64,2025,218.455
swe,sex_t,age_aggregate_y55_64,2026,219.378
swe,sex_t,age_aggregate_y55_64,2027,220.5
swe,sex_t,age_aggregate_yge65,1990,1453.842
swe,sex_t,age_aggregate_yge65,1991,1460.288
swe,sex_t,age_aggregate_yge65,1992,1464.238
swe,sex_t,age_aggregate_yge65,1993,1466.632
swe,sex_t,age_aggregate_yge65,1994,1470.582
swe,sex_t,age_aggregate_yge65,1995,1474.483
swe,sex_t,age_aggregate_yge65,1996,1474.68
swe,sex_t,age_aggregate_yge65,1997,1473.322
swe,sex_t,age_aggregate_yge65,1998,1470.065
swe,sex_t,age_aggregate_yge65,1999,1464.122
swe,sex_t,age_aggregate_yge65,2000,1459.111
swe,sex_t,age_aggregate_yge65,2001,1457.075
swe,sex_t,age_aggregate_yge65,2002,1456.156
swe,sex_t,age_aggregate_yge65,2003,1463.253
swe,sex_t,age_aggregate_yge65,2004,1476.153
swe,sex_t,age_aggregate_yge65,2005,1484.059
swe,sex_t,age_aggregate_yge65,2006,1494.13
swe,sex_t,age_aggregate_yge65,2007,1506.198
swe,sex_t,age_aggregate_yge65,2008,1524.595
swe,sex_t,age_aggregate_yge65,2009,1558.164
swe,sex_t,age_aggregate_yge65,2010,1601.175
swe,sex_t,age_aggregate_yge65,2011,1644.675
swe,sex_t,age_aggregate_yge65,2012,1684.751
swe,sex_t,age_aggregate_yge65,2013,1724.593
swe,sex_t,age_aggregate_yge65,2014,1763.902
swe,sex_t,age_aggregate_yge65,2015,1796.532
swe,sex_t,age_aggregate_yge65,2016,1824.02
swe,sex_t,age_aggregate_yge65,2017,1849.082
swe,sex_t,age_aggregate_yge65,2018,1874.971
swe,sex_t,age_aggregate_yge65,2019,1900.584
swe,sex_t,age_aggregate_yge65,2020,1927.394
swe,sex_t,age_aggregate_yge65,2021,1948.154
swe,sex_t,age_aggregate_yge65,2022,1978.842
swe,sex_t,age_aggregate_yge65,2023,2010.886
swe,sex_t,age_aggregate_yge65,2024,2043.477
swe,sex_t,age_aggregate_yge65,2025,2069.278
swe,sex_t,age_aggregate_yge65,2026,2094.619
swe,sex_t,age_aggregate_yge65,2027,2121.448
swe,sex_t,age_ythadult_y15_24,1990,362.207
swe,sex_t,age_ythadult_y15_24,1991,393.845
swe,sex_t,age_ythadult_y15_24,1992,447.723
swe,sex_t,age_ythadult_y15_24,1993,500.441
swe,sex_t,age_ythadult_y15_24,1994,510.671
swe,sex_t,age_ythadult_y15_24,1995,509.122
swe,sex_t,age_ythadult_y15_24,1996,504.384
swe,sex_t,age_ythadult_y15_24,1997,498.046
swe,sex_t,age_ythadult_y15_24,1998,492.368
swe,sex_t,age_ythadult_y15_24,1999,487.763
swe,sex_t,age_ythadult_y15_24,2000,486.671
swe,sex_t,age_ythadult_y15_24,2001,490.719
swe,sex_t,age_ythadult_y15_24,2002,515.636
swe,sex_t,age_ythadult_y15_24,2003,524.024
swe,sex_t,age_ythadult_y15_24,2004,558.33
swe,sex_t,age_ythadult_y15_24,2005,553.442
swe,sex_t,age_ythadult_y15_24,2006,556.468
swe,sex_t,age_ythadult_y15_24,2007,562.59
swe,sex_t,age_ythadult_y15_24,2008,569.748
swe,sex_t,age_ythadult_y15_24,2009,603.833
swe,sex_t,age_ythadult_y15_24,2010,603.303
swe,sex_t,age_ythadult_y15_24,2011,586.262
swe,sex_t,age_ythadult_y15_24,2012,586.776
swe,sex_t,age_ythadult_y15_24,2013,556.813
swe,sex_t,age_ythadult_y15_24,2014,537.821
swe,sex_t,age_ythadult_y15_24,2015,533.378
swe,sex_t,age_ythadult_y15_24,2016,530.348
swe,sex_t,age_ythadult_y15_24,2017,528.08
swe,sex_t,age_ythadult_y15_24,2018,532.313
swe,sex_t,age_ythadult_y15_24,2019,520.409
swe,sex_t,age_ythadult_y15_24,2020,554.317
swe,sex_t,age_ythadult_y15_24,2021,534.316
swe,sex_t,age_ythadult_y15_24,2022,508.782
swe,sex_t,age_ythadult_y15_24,2023,507.974
swe,sex_t,age_ythadult_y15_24,2024,524.63
swe,sex_t,age_ythadult_y15_24,2025,536.792
swe,sex_t,age_ythadult_y15_24,2026,549.355
swe,sex_t,age_ythadult_y15_24,2027,560.032
swe,sex_t,age_ythadult_y15_64,1990,861.764
swe,sex_t,age_ythadult_y15_64,1991,917.923
swe,sex_t,age_ythadult_y15_64,1992,1020.834
swe,sex_t,age_ythadult_y15_64,1993,1128.374
swe,sex_t,age_ythadult_y15_64,1994,1189.064
swe,sex_t,age_ythadult_y15_64,1995,1159.684
swe,sex_t,age_ythadult_y15_64,1996,1180.478
swe,sex_t,age_ythadult_y15_64,1997,1206.987
swe,sex_t,age_ythadult_y15_64,1998,1260.146
swe,sex_t,age_ythadult_y15_64,1999,1233.973
swe,sex_t,age_ythadult_y15_64,2000,1291.317
swe,sex_t,age_ythadult_y15_64,2001,1255.654
swe,sex_t,age_ythadult_y15_64,2002,1273.644
swe,sex_t,age_ythadult_y15_64,2003,1283.84
swe,sex_t,age_ythadult_y15_64,2004,1306.446
swe,sex_t,age_ythadult_y15_64,2005,1257.64
swe,sex_t,age_ythadult_y15_64,2006,1265.041
swe,sex_t,age_ythadult_y15_64,2007,1253.407
swe,sex_t,age_ythadult_y15_64,2008,1249.758
swe,sex_t,age_ythadult_y15_64,2009,1282.5
swe,sex_t,age_ythadult_y15_64,2010,1277.25
swe,sex_t,age_ythadult_y15_64,2011,1227.099
swe,sex_t,age_ythadult_y15_64,2012,1204.433
swe,sex_t,age_ythadult_y15_64,2013,1156.873
swe,sex_t,age_ythadult_y15_64,2014,1135.902
swe,sex_t,age_ythadult_y15_64,2015,1125.759
swe,sex_t,age_ythadult_y15_64,2016,1115.878
swe,sex_t,age_ythadult_y15_64,2017,1099.357
swe,sex_t,age_ythadult_y15_64,2018,1095.741
swe,sex_t,age_ythadult_y15_64,2019,1092.825
swe,sex_t,age_ythadult_y15_64,2020,1125.876
swe,sex_t,age_ythadult_y15_64,2021,1124.735
swe,sex_t,age_ythadult_y15_64,2022,1088.018
swe,sex_t,age_ythadult_y15_64,2023,1051.112
swe,sex_t,age_ythadult_y15_64,2024,1061.681
swe,sex_t,age_ythadult_y15_64,2025,1073.381
swe,sex_t,age_ythadult_y15_64,2026,1085.768
swe,sex_t,age_ythadult_y15_64,2027,1096.613
swe,sex_t,age_ythadult_yge15,1990,2315.606
swe,sex_t,age_ythadult_yge15,1991,2378.21
swe,sex_t,age_ythadult_yge15,1992,2485.072
swe,sex_t,age_ythadult_yge15,1993,2595.006
swe,sex_t,age_ythadult_yge15,1994,2659.646
swe,sex_t,age_ythadult_yge15,1995,2634.168
swe,sex_t,age_ythadult_yge15,1996,2655.158
swe,sex_t,age_ythadult_yge15,1997,2680.309
swe,sex_t,age_ythadult_yge15,1998,2730.211
swe,sex_t,age_ythadult_yge15,1999,2698.096
swe,sex_t,age_ythadult_yge15,2000,2750.428
swe,sex_t,age_ythadult_yge15,2001,2712.729
swe,sex_t,age_ythadult_yge15,2002,2729.8
swe,sex_t,age_ythadult_yge15,2003,2747.093
swe,sex_t,age_ythadult_yge15,2004,2782.598
swe,sex_t,age_ythadult_yge15,2005,2741.7
swe,sex_t,age_ythadult_yge15,2006,2759.171
swe,sex_t,age_ythadult_yge15,2007,2759.605
swe,sex_t,age_ythadult_yge15,2008,2774.353
swe,sex_t,age_ythadult_yge15,2009,2840.664
swe,sex_t,age_ythadult_yge15,2010,2878.425
swe,sex_t,age_ythadult_yge15,2011,2871.774
swe,sex_t,age_ythadult_yge15,2012,2889.184
swe,sex_t,age_ythadult_yge15,2013,2881.466
swe,sex_t,age_ythadult_yge15,2014,2899.804
swe,sex_t,age_ythadult_yge15,2015,2922.29
swe,sex_t,age_ythadult_yge15,2016,2939.898
swe,sex_t,age_ythadult_yge15,2017,2948.439
swe,sex_t,age_ythadult_yge15,2018,2970.712
swe,sex_t,age_ythadult_yge15,2019,2993.409
swe,sex_t,age_ythadult_yge15,2020,3053.27
swe,sex_t,age_ythadult_yge15,2021,3072.889
swe,sex_t,age_ythadult_yge15,2022,3066.86
swe,sex_t,age_ythadult_yge15,2023,3061.998
swe,sex_t,age_ythadult_yge15,2024,3105.157
swe,sex_t,age_ythadult_yge15,2025,3142.659
swe,sex_t,age_ythadult_yge15,2026,3180.387
swe,sex_t,age_ythadult_yge15,2027,3218.061
swe,sex_t,age_ythadult_yge25,1990,1953.399
swe,sex_t,age_ythadult_yge25,1991,1984.365
swe,sex_t,age_ythadult_yge25,1992,2037.35
swe,sex_t,age_ythadult_yge25,1993,2094.565
swe,sex_t,age_ythadult_yge25,1994,2148.975
swe,sex_t,age_ythadult_yge25,1995,2125.046
swe,sex_t,age_ythadult_yge25,1996,2150.774
swe,sex_t,age_ythadult_yge25,1997,2182.263
swe,sex_t,age_ythadult_yge25,1998,2237.843
swe,sex_t,age_ythadult_yge25,1999,2210.333
swe,sex_t,age_ythadult_yge25,2000,2263.757
swe,sex_t,age_ythadult_yge25,2001,2222.01
swe,sex_t,age_ythadult_yge25,2002,2214.164
swe,sex_t,age_ythadult_yge25,2003,2223.069
swe,sex_t,age_ythadult_yge25,2004,2224.268
swe,sex_t,age_ythadult_yge25,2005,2188.258
swe,sex_t,age_ythadult_yge25,2006,2202.703
swe,sex_t,age_ythadult_yge25,2007,2197.015
swe,sex_t,age_ythadult_yge25,2008,2204.605
swe,sex_t,age_ythadult_yge25,2009,2236.831
swe,sex_t,age_ythadult_yge25,2010,2275.122
swe,sex_t,age_ythadult_yge25,2011,2285.512
swe,sex_t,age_ythadult_yge25,2012,2302.408
swe,sex_t,age_ythadult_yge25,2013,2324.653
swe,sex_t,age_ythadult_yge25,2014,2361.983
swe,sex_t,age_ythadult_yge25,2015,2388.913
swe,sex_t,age_ythadult_yge25,2016,2409.55
swe,sex_t,age_ythadult_yge25,2017,2420.359
swe,sex_t,age_ythadult_yge25,2018,2438.399
swe,sex_t,age_ythadult_yge25,2019,2473.001
swe,sex_t,age_ythadult_yge25,2020,2498.953
swe,sex_t,age_ythadult_yge25,2021,2538.573
swe,sex_t,age_ythadult_yge25,2022,2558.078
swe,sex_t,age_ythadult_yge25,2023,2554.023
swe,sex_t,age_ythadult_yge25,2024,2580.528
swe,sex_t,age_ythadult_yge25,2025,2605.867
swe,sex_t,age_ythadult_yge25,2026,2631.032
swe,sex_t,age_ythadult_yge25,2027,2658.029
