ref_area,sex,classif1,classif2,time,emp_nifl_sex_est_mts_nb
gnb,sex_f,est_sizeaggregate_s1_4,mts_aggregate_1,2018,28.709
gnb,sex_f,est_sizeaggregate_s1_4,mts_aggregate_2,2018,62.07
gnb,sex_f,est_sizeaggregate_s1_4,mts_aggregate_total,2018,91.013
gnb,sex_f,est_sizeaggregate_s1_4,mts_aggregate_x,2018,0.234
gnb,sex_f,est_sizeaggregate_s1_4,mts_details_mrd,2018,62.07
gnb,sex_f,est_sizeaggregate_s1_4,mts_details_sep,2018,1.688
gnb,sex_f,est_sizeaggregate_s1_4,mts_details_sgle,2018,18.075
gnb,sex_f,est_sizeaggregate_s1_4,mts_details_total,2018,91.013
gnb,sex_f,est_sizeaggregate_s1_4,mts_details_wid,2018,8.946
gnb,sex_f,est_sizeaggregate_s1_4,mts_details_x,2018,0.234
gnb,sex_f,est_sizeaggregate_s5_49,mts_aggregate_1,2018,2.046
gnb,sex_f,est_sizeaggregate_s5_49,mts_aggregate_2,2018,2.621
gnb,sex_f,est_sizeaggregate_s5_49,mts_aggregate_total,2018,4.668
gnb,sex_f,est_sizeaggregate_s5_49,mts_details_mrd,2018,2.621
gnb,sex_f,est_sizeaggregate_s5_49,mts_details_sgle,2018,1.745
gnb,sex_f,est_sizeaggregate_s5_49,mts_details_total,2018,4.668
gnb,sex_f,est_sizeaggregate_s5_49,mts_details_wid,2018,0.183
gnb,sex_f,est_sizeaggregate_sge50,mts_aggregate_1,2018,0.604
gnb,sex_f,est_sizeaggregate_sge50,mts_aggregate_2,2018,0.34
gnb,sex_f,est_sizeaggregate_sge50,mts_aggregate_total,2018,0.943
gnb,sex_f,est_sizeaggregate_sge50,mts_details_mrd,2018,0.34
gnb,sex_f,est_sizeaggregate_sge50,mts_details_sgle,2018,0.572
gnb,sex_f,est_sizeaggregate_sge50,mts_details_total,2018,0.943
gnb,sex_f,est_sizeaggregate_total,mts_aggregate_1,2018,117.89
gnb,sex_f,est_sizeaggregate_total,mts_aggregate_2,2018,133.236
gnb,sex_f,est_sizeaggregate_total,mts_aggregate_total,2018,251.582
gnb,sex_f,est_sizeaggregate_total,mts_aggregate_x,2018,0.456
gnb,sex_f,est_sizeaggregate_total,mts_details_mrd,2018,133.236
gnb,sex_f,est_sizeaggregate_total,mts_details_sep,2018,3.342
gnb,sex_f,est_sizeaggregate_total,mts_details_sgle,2018,90.413
gnb,sex_f,est_sizeaggregate_total,mts_details_total,2018,251.582
gnb,sex_f,est_sizeaggregate_total,mts_details_wid,2018,24.134
gnb,sex_f,est_sizeaggregate_total,mts_details_x,2018,0.456
gnb,sex_f,est_sizeaggregate_x,mts_aggregate_1,2018,86.531
gnb,sex_f,est_sizeaggregate_x,mts_aggregate_2,2018,68.205
gnb,sex_f,est_sizeaggregate_x,mts_aggregate_total,2018,154.958
gnb,sex_f,est_sizeaggregate_x,mts_aggregate_x,2018,0.222
gnb,sex_f,est_sizeaggregate_x,mts_details_mrd,2018,68.205
gnb,sex_f,est_sizeaggregate_x,mts_details_sep,2018,1.535
gnb,sex_f,est_sizeaggregate_x,mts_details_sgle,2018,70.022
gnb,sex_f,est_sizeaggregate_x,mts_details_total,2018,154.958
gnb,sex_f,est_sizeaggregate_x,mts_details_wid,2018,14.974
gnb,sex_f,est_sizeaggregate_x,mts_details_x,2018,0.222
gnb,sex_f,est_sizedetails_s1,mts_aggregate_1,2018,21.941
gnb,sex_f,est_sizedetails_s1,mts_aggregate_2,2018,47.361
gnb,sex_f,est_sizedetails_s1,mts_aggregate_total,2018,69.497
gnb,sex_f,est_sizedetails_s1,mts_aggregate_x,2018,0.195
gnb,sex_f,est_sizedetails_s1,mts_details_mrd,2018,47.361
gnb,sex_f,est_sizedetails_s1,mts_details_sep,2018,1.265
gnb,sex_f,est_sizedetails_s1,mts_details_sgle,2018,13.589
gnb,sex_f,est_sizedetails_s1,mts_details_total,2018,69.497
gnb,sex_f,est_sizedetails_s1,mts_details_wid,2018,7.088
gnb,sex_f,est_sizedetails_s1,mts_details_x,2018,0.195
gnb,sex_f,est_sizedetails_s10_19,mts_aggregate_1,2018,0.575
gnb,sex_f,est_sizedetails_s10_19,mts_aggregate_2,2018,0.85
gnb,sex_f,est_sizedetails_s10_19,mts_aggregate_total,2018,1.424
gnb,sex_f,est_sizedetails_s10_19,mts_details_mrd,2018,0.85
gnb,sex_f,est_sizedetails_s10_19,mts_details_sgle,2018,0.533
gnb,sex_f,est_sizedetails_s10_19,mts_details_total,2018,1.424
gnb,sex_f,est_sizedetails_s20_49,mts_aggregate_1,2018,0.32
gnb,sex_f,est_sizedetails_s20_49,mts_aggregate_2,2018,0.288
gnb,sex_f,est_sizedetails_s20_49,mts_aggregate_total,2018,0.608
gnb,sex_f,est_sizedetails_s20_49,mts_details_mrd,2018,0.288
gnb,sex_f,est_sizedetails_s20_49,mts_details_sgle,2018,0.253
gnb,sex_f,est_sizedetails_s20_49,mts_details_total,2018,0.608
gnb,sex_f,est_sizedetails_s2_4,mts_aggregate_1,2018,6.768
gnb,sex_f,est_sizedetails_s2_4,mts_aggregate_2,2018,14.709
gnb,sex_f,est_sizedetails_s2_4,mts_aggregate_total,2018,21.516
gnb,sex_f,est_sizedetails_s2_4,mts_details_mrd,2018,14.709
gnb,sex_f,est_sizedetails_s2_4,mts_details_sep,2018,0.424
gnb,sex_f,est_sizedetails_s2_4,mts_details_sgle,2018,4.486
gnb,sex_f,est_sizedetails_s2_4,mts_details_total,2018,21.516
gnb,sex_f,est_sizedetails_s2_4,mts_details_wid,2018,1.858
gnb,sex_f,est_sizedetails_s5_9,mts_aggregate_1,2018,1.152
gnb,sex_f,est_sizedetails_s5_9,mts_aggregate_2,2018,1.484
gnb,sex_f,est_sizedetails_s5_9,mts_aggregate_total,2018,2.635
gnb,sex_f,est_sizedetails_s5_9,mts_details_mrd,2018,1.484
gnb,sex_f,est_sizedetails_s5_9,mts_details_sgle,2018,0.96
gnb,sex_f,est_sizedetails_s5_9,mts_details_total,2018,2.635
gnb,sex_f,est_sizedetails_s5_9,mts_details_wid,2018,0.172
gnb,sex_f,est_sizedetails_sge50,mts_aggregate_1,2018,0.604
gnb,sex_f,est_sizedetails_sge50,mts_aggregate_2,2018,0.34
gnb,sex_f,est_sizedetails_sge50,mts_aggregate_total,2018,0.943
gnb,sex_f,est_sizedetails_sge50,mts_details_mrd,2018,0.34
gnb,sex_f,est_sizedetails_sge50,mts_details_sgle,2018,0.572
gnb,sex_f,est_sizedetails_sge50,mts_details_total,2018,0.943
gnb,sex_f,est_sizedetails_total,mts_aggregate_1,2018,117.89
gnb,sex_f,est_sizedetails_total,mts_aggregate_2,2018,133.236
gnb,sex_f,est_sizedetails_total,mts_aggregate_total,2018,251.582
gnb,sex_f,est_sizedetails_total,mts_aggregate_x,2018,0.456
gnb,sex_f,est_sizedetails_total,mts_details_mrd,2018,133.236
gnb,sex_f,est_sizedetails_total,mts_details_sep,2018,3.342
gnb,sex_f,est_sizedetails_total,mts_details_sgle,2018,90.413
gnb,sex_f,est_sizedetails_total,mts_details_total,2018,251.582
gnb,sex_f,est_sizedetails_total,mts_details_wid,2018,24.134
gnb,sex_f,est_sizedetails_total,mts_details_x,2018,0.456
gnb,sex_f,est_sizedetails_x,mts_aggregate_1,2018,86.531
gnb,sex_f,est_sizedetails_x,mts_aggregate_2,2018,68.205
gnb,sex_f,est_sizedetails_x,mts_aggregate_total,2018,154.958
gnb,sex_f,est_sizedetails_x,mts_aggregate_x,2018,0.222
gnb,sex_f,est_sizedetails_x,mts_details_mrd,2018,68.205
gnb,sex_f,est_sizedetails_x,mts_details_sep,2018,1.535
gnb,sex_f,est_sizedetails_x,mts_details_sgle,2018,70.022
gnb,sex_f,est_sizedetails_x,mts_details_total,2018,154.958
gnb,sex_f,est_sizedetails_x,mts_details_wid,2018,14.974
gnb,sex_f,est_sizedetails_x,mts_details_x,2018,0.222
gnb,sex_m,est_sizeaggregate_s1_4,mts_aggregate_1,2018,22.445
gnb,sex_m,est_sizeaggregate_s1_4,mts_aggregate_2,2018,49.501
gnb,sex_m,est_sizeaggregate_s1_4,mts_aggregate_total,2018,72.183
gnb,sex_m,est_sizeaggregate_s1_4,mts_aggregate_x,2018,0.237
gnb,sex_m,est_sizeaggregate_s1_4,mts_details_mrd,2018,49.501
gnb,sex_m,est_sizeaggregate_s1_4,mts_details_sep,2018,0.741
gnb,sex_m,est_sizeaggregate_s1_4,mts_details_sgle,2018,21.001
gnb,sex_m,est_sizeaggregate_s1_4,mts_details_total,2018,72.183
gnb,sex_m,est_sizeaggregate_s1_4,mts_details_wid,2018,0.704
gnb,sex_m,est_sizeaggregate_s1_4,mts_details_x,2018,0.237
gnb,sex_m,est_sizeaggregate_s5_49,mts_aggregate_1,2018,6.668
gnb,sex_m,est_sizeaggregate_s5_49,mts_aggregate_2,2018,9.922
gnb,sex_m,est_sizeaggregate_s5_49,mts_aggregate_total,2018,16.789
gnb,sex_m,est_sizeaggregate_s5_49,mts_details_mrd,2018,9.922
gnb,sex_m,est_sizeaggregate_s5_49,mts_details_sgle,2018,6.512
gnb,sex_m,est_sizeaggregate_s5_49,mts_details_total,2018,16.789
gnb,sex_m,est_sizeaggregate_sge50,mts_aggregate_1,2018,1.065
gnb,sex_m,est_sizeaggregate_sge50,mts_aggregate_2,2018,0.857
gnb,sex_m,est_sizeaggregate_sge50,mts_aggregate_total,2018,1.922
gnb,sex_m,est_sizeaggregate_sge50,mts_details_mrd,2018,0.857
gnb,sex_m,est_sizeaggregate_sge50,mts_details_sgle,2018,0.998
gnb,sex_m,est_sizeaggregate_sge50,mts_details_total,2018,1.922
gnb,sex_m,est_sizeaggregate_total,mts_aggregate_1,2018,132.784
gnb,sex_m,est_sizeaggregate_total,mts_aggregate_2,2018,133.2
gnb,sex_m,est_sizeaggregate_total,mts_aggregate_total,2018,266.575
gnb,sex_m,est_sizeaggregate_total,mts_aggregate_x,2018,0.591
gnb,sex_m,est_sizeaggregate_total,mts_details_mrd,2018,133.2
gnb,sex_m,est_sizeaggregate_total,mts_details_sep,2018,2.041
gnb,sex_m,est_sizeaggregate_total,mts_details_sgle,2018,127.813
gnb,sex_m,est_sizeaggregate_total,mts_details_total,2018,266.575
gnb,sex_m,est_sizeaggregate_total,mts_details_wid,2018,2.93
gnb,sex_m,est_sizeaggregate_total,mts_details_x,2018,0.591
gnb,sex_m,est_sizeaggregate_x,mts_aggregate_1,2018,102.606
gnb,sex_m,est_sizeaggregate_x,mts_aggregate_2,2018,72.92
gnb,sex_m,est_sizeaggregate_x,mts_aggregate_total,2018,175.681
gnb,sex_m,est_sizeaggregate_x,mts_details_mrd,2018,72.92
gnb,sex_m,est_sizeaggregate_x,mts_details_sep,2018,1.135
gnb,sex_m,est_sizeaggregate_x,mts_details_sgle,2018,99.302
gnb,sex_m,est_sizeaggregate_x,mts_details_total,2018,175.681
gnb,sex_m,est_sizeaggregate_x,mts_details_wid,2018,2.168
gnb,sex_m,est_sizedetails_s1,mts_aggregate_1,2018,9.192
gnb,sex_m,est_sizedetails_s1,mts_aggregate_2,2018,21.277
gnb,sex_m,est_sizedetails_s1,mts_aggregate_total,2018,30.568
gnb,sex_m,est_sizedetails_s1,mts_details_mrd,2018,21.277
gnb,sex_m,est_sizedetails_s1,mts_details_sep,2018,0.303
gnb,sex_m,est_sizedetails_s1,mts_details_sgle,2018,8.63
gnb,sex_m,est_sizedetails_s1,mts_details_total,2018,30.568
gnb,sex_m,est_sizedetails_s1,mts_details_wid,2018,0.259
gnb,sex_m,est_sizedetails_s10_19,mts_aggregate_1,2018,1.015
gnb,sex_m,est_sizedetails_s10_19,mts_aggregate_2,2018,2.536
gnb,sex_m,est_sizedetails_s10_19,mts_aggregate_total,2018,3.59
gnb,sex_m,est_sizedetails_s10_19,mts_details_mrd,2018,2.536
gnb,sex_m,est_sizedetails_s10_19,mts_details_sgle,2018,1.015
gnb,sex_m,est_sizedetails_s10_19,mts_details_total,2018,3.59
gnb,sex_m,est_sizedetails_s20_49,mts_aggregate_1,2018,0.993
gnb,sex_m,est_sizedetails_s20_49,mts_aggregate_2,2018,1.526
gnb,sex_m,est_sizedetails_s20_49,mts_aggregate_total,2018,2.578
gnb,sex_m,est_sizedetails_s20_49,mts_details_mrd,2018,1.526
gnb,sex_m,est_sizedetails_s20_49,mts_details_sgle,2018,0.934
gnb,sex_m,est_sizedetails_s20_49,mts_details_total,2018,2.578
gnb,sex_m,est_sizedetails_s2_4,mts_aggregate_1,2018,13.253
gnb,sex_m,est_sizedetails_s2_4,mts_aggregate_2,2018,28.224
gnb,sex_m,est_sizedetails_s2_4,mts_aggregate_total,2018,41.615
gnb,sex_m,est_sizedetails_s2_4,mts_details_mrd,2018,28.224
gnb,sex_m,est_sizedetails_s2_4,mts_details_sep,2018,0.438
gnb,sex_m,est_sizedetails_s2_4,mts_details_sgle,2018,12.37
gnb,sex_m,est_sizedetails_s2_4,mts_details_total,2018,41.615
gnb,sex_m,est_sizedetails_s2_4,mts_details_wid,2018,0.445
gnb,sex_m,est_sizedetails_s5_9,mts_aggregate_1,2018,4.661
gnb,sex_m,est_sizedetails_s5_9,mts_aggregate_2,2018,5.861
gnb,sex_m,est_sizedetails_s5_9,mts_aggregate_total,2018,10.62
gnb,sex_m,est_sizedetails_s5_9,mts_details_mrd,2018,5.861
gnb,sex_m,est_sizedetails_s5_9,mts_details_sgle,2018,4.562
gnb,sex_m,est_sizedetails_s5_9,mts_details_total,2018,10.62
gnb,sex_m,est_sizedetails_sge50,mts_aggregate_1,2018,1.065
gnb,sex_m,est_sizedetails_sge50,mts_aggregate_2,2018,0.857
gnb,sex_m,est_sizedetails_sge50,mts_aggregate_total,2018,1.922
gnb,sex_m,est_sizedetails_sge50,mts_details_mrd,2018,0.857
gnb,sex_m,est_sizedetails_sge50,mts_details_sgle,2018,0.998
gnb,sex_m,est_sizedetails_sge50,mts_details_total,2018,1.922
gnb,sex_m,est_sizedetails_total,mts_aggregate_1,2018,132.784
gnb,sex_m,est_sizedetails_total,mts_aggregate_2,2018,133.2
gnb,sex_m,est_sizedetails_total,mts_aggregate_total,2018,266.575
gnb,sex_m,est_sizedetails_total,mts_aggregate_x,2018,0.591
gnb,sex_m,est_sizedetails_total,mts_details_mrd,2018,133.2
gnb,sex_m,est_sizedetails_total,mts_details_sep,2018,2.041
gnb,sex_m,est_sizedetails_total,mts_details_sgle,2018,127.813
gnb,sex_m,est_sizedetails_total,mts_details_total,2018,266.575
gnb,sex_m,est_sizedetails_total,mts_details_wid,2018,2.93
gnb,sex_m,est_sizedetails_total,mts_details_x,2018,0.591
gnb,sex_m,est_sizedetails_x,mts_aggregate_1,2018,102.606
gnb,sex_m,est_sizedetails_x,mts_aggregate_2,2018,72.92
gnb,sex_m,est_sizedetails_x,mts_aggregate_total,2018,175.681
gnb,sex_m,est_sizedetails_x,mts_details_mrd,2018,72.92
gnb,sex_m,est_sizedetails_x,mts_details_sep,2018,1.135
gnb,sex_m,est_sizedetails_x,mts_details_sgle,2018,99.302
gnb,sex_m,est_sizedetails_x,mts_details_total,2018,175.681
gnb,sex_m,est_sizedetails_x,mts_details_wid,2018,2.168
gnb,sex_t,est_sizeaggregate_s1_4,mts_aggregate_1,2018,51.154
gnb,sex_t,est_sizeaggregate_s1_4,mts_aggregate_2,2018,111.572
gnb,sex_t,est_sizeaggregate_s1_4,mts_aggregate_total,2018,163.197
gnb,sex_t,est_sizeaggregate_s1_4,mts_aggregate_x,2018,0.471
gnb,sex_t,est_sizeaggregate_s1_4,mts_details_mrd,2018,111.572
gnb,sex_t,est_sizeaggregate_s1_4,mts_details_sep,2018,2.429
gnb,sex_t,est_sizeaggregate_s1_4,mts_details_sgle,2018,39.075
gnb,sex_t,est_sizeaggregate_s1_4,mts_details_total,2018,163.197
gnb,sex_t,est_sizeaggregate_s1_4,mts_details_wid,2018,9.65
gnb,sex_t,est_sizeaggregate_s1_4,mts_details_x,2018,0.471
gnb,sex_t,est_sizeaggregate_s5_49,mts_aggregate_1,2018,8.715
gnb,sex_t,est_sizeaggregate_s5_49,mts_aggregate_2,2018,12.544
gnb,sex_t,est_sizeaggregate_s5_49,mts_aggregate_total,2018,21.456
gnb,sex_t,est_sizeaggregate_s5_49,mts_details_mrd,2018,12.544
gnb,sex_t,est_sizeaggregate_s5_49,mts_details_sep,2018,0.217
gnb,sex_t,est_sizeaggregate_s5_49,mts_details_sgle,2018,8.257
gnb,sex_t,est_sizeaggregate_s5_49,mts_details_total,2018,21.456
gnb,sex_t,est_sizeaggregate_s5_49,mts_details_wid,2018,0.241
gnb,sex_t,est_sizeaggregate_sge50,mts_aggregate_1,2018,1.669
gnb,sex_t,est_sizeaggregate_sge50,mts_aggregate_2,2018,1.196
gnb,sex_t,est_sizeaggregate_sge50,mts_aggregate_total,2018,2.865
gnb,sex_t,est_sizeaggregate_sge50,mts_details_mrd,2018,1.196
gnb,sex_t,est_sizeaggregate_sge50,mts_details_sgle,2018,1.569
gnb,sex_t,est_sizeaggregate_sge50,mts_details_total,2018,2.865
gnb,sex_t,est_sizeaggregate_total,mts_aggregate_1,2018,250.674
gnb,sex_t,est_sizeaggregate_total,mts_aggregate_2,2018,266.436
gnb,sex_t,est_sizeaggregate_total,mts_aggregate_total,2018,518.157
gnb,sex_t,est_sizeaggregate_total,mts_aggregate_x,2018,1.047
gnb,sex_t,est_sizeaggregate_total,mts_details_mrd,2018,266.436
gnb,sex_t,est_sizeaggregate_total,mts_details_sep,2018,5.383
gnb,sex_t,est_sizeaggregate_total,mts_details_sgle,2018,218.226
gnb,sex_t,est_sizeaggregate_total,mts_details_total,2018,518.157
gnb,sex_t,est_sizeaggregate_total,mts_details_wid,2018,27.065
gnb,sex_t,est_sizeaggregate_total,mts_details_x,2018,1.047
gnb,sex_t,est_sizeaggregate_x,mts_aggregate_1,2018,189.136
gnb,sex_t,est_sizeaggregate_x,mts_aggregate_2,2018,141.125
gnb,sex_t,est_sizeaggregate_x,mts_aggregate_total,2018,330.639
gnb,sex_t,est_sizeaggregate_x,mts_aggregate_x,2018,0.378
gnb,sex_t,est_sizeaggregate_x,mts_details_mrd,2018,141.125
gnb,sex_t,est_sizeaggregate_x,mts_details_sep,2018,2.67
gnb,sex_t,est_sizeaggregate_x,mts_details_sgle,2018,169.324
gnb,sex_t,est_sizeaggregate_x,mts_details_total,2018,330.639
gnb,sex_t,est_sizeaggregate_x,mts_details_wid,2018,17.142
gnb,sex_t,est_sizeaggregate_x,mts_details_x,2018,0.378
gnb,sex_t,est_sizedetails_s1,mts_aggregate_1,2018,31.133
gnb,sex_t,est_sizedetails_s1,mts_aggregate_2,2018,68.639
gnb,sex_t,est_sizedetails_s1,mts_aggregate_total,2018,100.065
gnb,sex_t,est_sizedetails_s1,mts_aggregate_x,2018,0.294
gnb,sex_t,est_sizedetails_s1,mts_details_mrd,2018,68.639
gnb,sex_t,est_sizedetails_s1,mts_details_sep,2018,1.567
gnb,sex_t,est_sizedetails_s1,mts_details_sgle,2018,22.219
gnb,sex_t,est_sizedetails_s1,mts_details_total,2018,100.065
gnb,sex_t,est_sizedetails_s1,mts_details_wid,2018,7.346
gnb,sex_t,est_sizedetails_s1,mts_details_x,2018,0.294
gnb,sex_t,est_sizedetails_s10_19,mts_aggregate_1,2018,1.59
gnb,sex_t,est_sizedetails_s10_19,mts_aggregate_2,2018,3.386
gnb,sex_t,est_sizedetails_s10_19,mts_aggregate_total,2018,5.015
gnb,sex_t,est_sizedetails_s10_19,mts_details_mrd,2018,3.386
gnb,sex_t,est_sizedetails_s10_19,mts_details_sgle,2018,1.548
gnb,sex_t,est_sizedetails_s10_19,mts_details_total,2018,5.015
gnb,sex_t,est_sizedetails_s20_49,mts_aggregate_1,2018,1.312
gnb,sex_t,est_sizedetails_s20_49,mts_aggregate_2,2018,1.813
gnb,sex_t,est_sizedetails_s20_49,mts_aggregate_total,2018,3.186
gnb,sex_t,est_sizedetails_s20_49,mts_details_mrd,2018,1.813
gnb,sex_t,est_sizedetails_s20_49,mts_details_sgle,2018,1.187
gnb,sex_t,est_sizedetails_s20_49,mts_details_total,2018,3.186
gnb,sex_t,est_sizedetails_s2_4,mts_aggregate_1,2018,20.022
gnb,sex_t,est_sizedetails_s2_4,mts_aggregate_2,2018,42.933
gnb,sex_t,est_sizedetails_s2_4,mts_aggregate_total,2018,63.131
gnb,sex_t,est_sizedetails_s2_4,mts_details_mrd,2018,42.933
gnb,sex_t,est_sizedetails_s2_4,mts_details_sep,2018,0.862
gnb,sex_t,est_sizedetails_s2_4,mts_details_sgle,2018,16.856
gnb,sex_t,est_sizedetails_s2_4,mts_details_total,2018,63.131
gnb,sex_t,est_sizedetails_s2_4,mts_details_wid,2018,2.303
gnb,sex_t,est_sizedetails_s5_9,mts_aggregate_1,2018,5.812
gnb,sex_t,est_sizedetails_s5_9,mts_aggregate_2,2018,7.345
gnb,sex_t,est_sizedetails_s5_9,mts_aggregate_total,2018,13.256
gnb,sex_t,est_sizedetails_s5_9,mts_details_mrd,2018,7.345
gnb,sex_t,est_sizedetails_s5_9,mts_details_sgle,2018,5.522
gnb,sex_t,est_sizedetails_s5_9,mts_details_total,2018,13.256
gnb,sex_t,est_sizedetails_s5_9,mts_details_wid,2018,0.23
gnb,sex_t,est_sizedetails_sge50,mts_aggregate_1,2018,1.669
gnb,sex_t,est_sizedetails_sge50,mts_aggregate_2,2018,1.196
gnb,sex_t,est_sizedetails_sge50,mts_aggregate_total,2018,2.865
gnb,sex_t,est_sizedetails_sge50,mts_details_mrd,2018,1.196
gnb,sex_t,est_sizedetails_sge50,mts_details_sgle,2018,1.569
gnb,sex_t,est_sizedetails_sge50,mts_details_total,2018,2.865
gnb,sex_t,est_sizedetails_total,mts_aggregate_1,2018,250.674
gnb,sex_t,est_sizedetails_total,mts_aggregate_2,2018,266.436
gnb,sex_t,est_sizedetails_total,mts_aggregate_total,2018,518.157
gnb,sex_t,est_sizedetails_total,mts_aggregate_x,2018,1.047
gnb,sex_t,est_sizedetails_total,mts_details_mrd,2018,266.436
gnb,sex_t,est_sizedetails_total,mts_details_sep,2018,5.383
gnb,sex_t,est_sizedetails_total,mts_details_sgle,2018,218.226
gnb,sex_t,est_sizedetails_total,mts_details_total,2018,518.157
gnb,sex_t,est_sizedetails_total,mts_details_wid,2018,27.065
gnb,sex_t,est_sizedetails_total,mts_details_x,2018,1.047
gnb,sex_t,est_sizedetails_x,mts_aggregate_1,2018,189.136
gnb,sex_t,est_sizedetails_x,mts_aggregate_2,2018,141.125
gnb,sex_t,est_sizedetails_x,mts_aggregate_total,2018,330.639
gnb,sex_t,est_sizedetails_x,mts_aggregate_x,2018,0.378
gnb,sex_t,est_sizedetails_x,mts_details_mrd,2018,141.125
gnb,sex_t,est_sizedetails_x,mts_details_sep,2018,2.67
gnb,sex_t,est_sizedetails_x,mts_details_sgle,2018,169.324
gnb,sex_t,est_sizedetails_x,mts_details_total,2018,330.639
gnb,sex_t,est_sizedetails_x,mts_details_wid,2018,17.142
gnb,sex_t,est_sizedetails_x,mts_details_x,2018,0.378
