ref_area,sex,classif1,time,eip_teip_sex_age_nb
ncl,sex_f,age_10yrbands_total,2014,41.99
ncl,sex_f,age_10yrbands_total,2017,47.368
ncl,sex_f,age_10yrbands_total,2018,50.087
ncl,sex_f,age_10yrbands_total,2019,49.343
ncl,sex_f,age_10yrbands_total,2020,49.693
ncl,sex_f,age_10yrbands_total,2022,50.877
ncl,sex_f,age_10yrbands_total,2023,49.387
ncl,sex_f,age_10yrbands_y15_24,2014,12.186
ncl,sex_f,age_10yrbands_y15_24,2017,12.594
ncl,sex_f,age_10yrbands_y15_24,2018,12.938
ncl,sex_f,age_10yrbands_y15_24,2019,13.146
ncl,sex_f,age_10yrbands_y15_24,2020,12.479
ncl,sex_f,age_10yrbands_y15_24,2022,12.634
ncl,sex_f,age_10yrbands_y15_24,2023,12.097
ncl,sex_f,age_10yrbands_y25_34,2014,3.311
ncl,sex_f,age_10yrbands_y25_34,2017,4.588
ncl,sex_f,age_10yrbands_y25_34,2018,5.689
ncl,sex_f,age_10yrbands_y25_34,2019,5.161
ncl,sex_f,age_10yrbands_y25_34,2020,5.114
ncl,sex_f,age_10yrbands_y25_34,2022,4.96
ncl,sex_f,age_10yrbands_y25_34,2023,3.962
ncl,sex_f,age_10yrbands_y35_44,2014,3.683
ncl,sex_f,age_10yrbands_y35_44,2017,4.831
ncl,sex_f,age_10yrbands_y35_44,2018,4.976
ncl,sex_f,age_10yrbands_y35_44,2019,4.678
ncl,sex_f,age_10yrbands_y35_44,2020,4.566
ncl,sex_f,age_10yrbands_y35_44,2022,4.869
ncl,sex_f,age_10yrbands_y35_44,2023,4.32
ncl,sex_f,age_10yrbands_y45_54,2014,4.326
ncl,sex_f,age_10yrbands_y45_54,2017,5.558
ncl,sex_f,age_10yrbands_y45_54,2018,5.797
ncl,sex_f,age_10yrbands_y45_54,2019,5.201
ncl,sex_f,age_10yrbands_y45_54,2020,5.942
ncl,sex_f,age_10yrbands_y45_54,2022,5.283
ncl,sex_f,age_10yrbands_y45_54,2023,5.475
ncl,sex_f,age_10yrbands_y55_64,2014,6.797
ncl,sex_f,age_10yrbands_y55_64,2017,7.16
ncl,sex_f,age_10yrbands_y55_64,2018,7.254
ncl,sex_f,age_10yrbands_y55_64,2019,7.387
ncl,sex_f,age_10yrbands_y55_64,2020,7.56
ncl,sex_f,age_10yrbands_y55_64,2022,8.131
ncl,sex_f,age_10yrbands_y55_64,2023,8.281
ncl,sex_f,age_10yrbands_yge65,2014,11.687
ncl,sex_f,age_10yrbands_yge65,2017,12.637
ncl,sex_f,age_10yrbands_yge65,2018,13.433
ncl,sex_f,age_10yrbands_yge65,2019,13.769
ncl,sex_f,age_10yrbands_yge65,2020,14.032
ncl,sex_f,age_10yrbands_yge65,2022,15
ncl,sex_f,age_10yrbands_yge65,2023,15.253
ncl,sex_f,age_5yrbands_total,2014,41.99
ncl,sex_f,age_5yrbands_total,2017,47.368
ncl,sex_f,age_5yrbands_total,2018,50.087
ncl,sex_f,age_5yrbands_total,2019,49.343
ncl,sex_f,age_5yrbands_total,2020,49.693
ncl,sex_f,age_5yrbands_total,2022,50.877
ncl,sex_f,age_5yrbands_total,2023,49.387
ncl,sex_f,age_5yrbands_y15_19,2014,9.489
ncl,sex_f,age_5yrbands_y15_19,2017,9.309
ncl,sex_f,age_5yrbands_y15_19,2018,9.555
ncl,sex_f,age_5yrbands_y15_19,2019,9.742
ncl,sex_f,age_5yrbands_y15_19,2020,9.496
ncl,sex_f,age_5yrbands_y15_19,2022,9.178
ncl,sex_f,age_5yrbands_y15_19,2023,8.741
ncl,sex_f,age_5yrbands_y20_24,2014,2.697
ncl,sex_f,age_5yrbands_y20_24,2017,3.285
ncl,sex_f,age_5yrbands_y20_24,2018,3.383
ncl,sex_f,age_5yrbands_y20_24,2019,3.404
ncl,sex_f,age_5yrbands_y20_24,2020,2.983
ncl,sex_f,age_5yrbands_y20_24,2022,3.456
ncl,sex_f,age_5yrbands_y20_24,2023,3.356
ncl,sex_f,age_5yrbands_y25_29,2014,1.652
ncl,sex_f,age_5yrbands_y25_29,2017,1.756
ncl,sex_f,age_5yrbands_y25_29,2018,2.923
ncl,sex_f,age_5yrbands_y25_29,2019,2.641
ncl,sex_f,age_5yrbands_y25_29,2020,2.917
ncl,sex_f,age_5yrbands_y25_29,2022,2.025
ncl,sex_f,age_5yrbands_y25_29,2023,1.507
ncl,sex_f,age_5yrbands_y30_34,2014,1.659
ncl,sex_f,age_5yrbands_y30_34,2017,2.832
ncl,sex_f,age_5yrbands_y30_34,2018,2.766
ncl,sex_f,age_5yrbands_y30_34,2019,2.52
ncl,sex_f,age_5yrbands_y30_34,2020,2.197
ncl,sex_f,age_5yrbands_y30_34,2022,2.935
ncl,sex_f,age_5yrbands_y30_34,2023,2.455
ncl,sex_f,age_5yrbands_y35_39,2014,1.749
ncl,sex_f,age_5yrbands_y35_39,2017,2.392
ncl,sex_f,age_5yrbands_y35_39,2018,2.316
ncl,sex_f,age_5yrbands_y35_39,2019,1.842
ncl,sex_f,age_5yrbands_y35_39,2020,2.34
ncl,sex_f,age_5yrbands_y35_39,2022,2.46
ncl,sex_f,age_5yrbands_y35_39,2023,2.26
ncl,sex_f,age_5yrbands_y40_44,2014,1.934
ncl,sex_f,age_5yrbands_y40_44,2017,2.439
ncl,sex_f,age_5yrbands_y40_44,2018,2.66
ncl,sex_f,age_5yrbands_y40_44,2019,2.836
ncl,sex_f,age_5yrbands_y40_44,2020,2.226
ncl,sex_f,age_5yrbands_y40_44,2022,2.409
ncl,sex_f,age_5yrbands_y40_44,2023,2.06
ncl,sex_f,age_5yrbands_y45_49,2014,1.939
ncl,sex_f,age_5yrbands_y45_49,2017,2.529
ncl,sex_f,age_5yrbands_y45_49,2018,2.716
ncl,sex_f,age_5yrbands_y45_49,2019,2.532
ncl,sex_f,age_5yrbands_y45_49,2020,3.088
ncl,sex_f,age_5yrbands_y45_49,2022,2.356
ncl,sex_f,age_5yrbands_y45_49,2023,2.812
ncl,sex_f,age_5yrbands_y50_54,2014,2.387
ncl,sex_f,age_5yrbands_y50_54,2017,3.029
ncl,sex_f,age_5yrbands_y50_54,2018,3.081
ncl,sex_f,age_5yrbands_y50_54,2019,2.67
ncl,sex_f,age_5yrbands_y50_54,2020,2.854
ncl,sex_f,age_5yrbands_y50_54,2022,2.926
ncl,sex_f,age_5yrbands_y50_54,2023,2.663
ncl,sex_f,age_5yrbands_y55_59,2014,2.974
ncl,sex_f,age_5yrbands_y55_59,2017,3.155
ncl,sex_f,age_5yrbands_y55_59,2018,3.17
ncl,sex_f,age_5yrbands_y55_59,2019,2.902
ncl,sex_f,age_5yrbands_y55_59,2020,2.585
ncl,sex_f,age_5yrbands_y55_59,2022,3.138
ncl,sex_f,age_5yrbands_y55_59,2023,3.105
ncl,sex_f,age_5yrbands_y60_64,2014,3.823
ncl,sex_f,age_5yrbands_y60_64,2017,4.005
ncl,sex_f,age_5yrbands_y60_64,2018,4.084
ncl,sex_f,age_5yrbands_y60_64,2019,4.485
ncl,sex_f,age_5yrbands_y60_64,2020,4.975
ncl,sex_f,age_5yrbands_y60_64,2022,4.993
ncl,sex_f,age_5yrbands_y60_64,2023,5.176
ncl,sex_f,age_5yrbands_yge65,2014,11.687
ncl,sex_f,age_5yrbands_yge65,2017,12.637
ncl,sex_f,age_5yrbands_yge65,2018,13.433
ncl,sex_f,age_5yrbands_yge65,2019,13.769
ncl,sex_f,age_5yrbands_yge65,2020,14.032
ncl,sex_f,age_5yrbands_yge65,2022,15
ncl,sex_f,age_5yrbands_yge65,2023,15.253
ncl,sex_f,age_aggregate_total,2014,41.99
ncl,sex_f,age_aggregate_total,2017,47.368
ncl,sex_f,age_aggregate_total,2018,50.087
ncl,sex_f,age_aggregate_total,2019,49.343
ncl,sex_f,age_aggregate_total,2020,49.693
ncl,sex_f,age_aggregate_total,2022,50.877
ncl,sex_f,age_aggregate_total,2023,49.387
ncl,sex_f,age_aggregate_y15_24,2014,12.186
ncl,sex_f,age_aggregate_y15_24,2017,12.594
ncl,sex_f,age_aggregate_y15_24,2018,12.938
ncl,sex_f,age_aggregate_y15_24,2019,13.146
ncl,sex_f,age_aggregate_y15_24,2020,12.479
ncl,sex_f,age_aggregate_y15_24,2022,12.634
ncl,sex_f,age_aggregate_y15_24,2023,12.097
ncl,sex_f,age_aggregate_y25_54,2014,11.32
ncl,sex_f,age_aggregate_y25_54,2017,14.977
ncl,sex_f,age_aggregate_y25_54,2018,16.462
ncl,sex_f,age_aggregate_y25_54,2019,15.04
ncl,sex_f,age_aggregate_y25_54,2020,15.622
ncl,sex_f,age_aggregate_y25_54,2022,15.112
ncl,sex_f,age_aggregate_y25_54,2023,13.757
ncl,sex_f,age_aggregate_y55_64,2014,6.797
ncl,sex_f,age_aggregate_y55_64,2017,7.16
ncl,sex_f,age_aggregate_y55_64,2018,7.254
ncl,sex_f,age_aggregate_y55_64,2019,7.387
ncl,sex_f,age_aggregate_y55_64,2020,7.56
ncl,sex_f,age_aggregate_y55_64,2022,8.131
ncl,sex_f,age_aggregate_y55_64,2023,8.281
ncl,sex_f,age_aggregate_yge65,2014,11.687
ncl,sex_f,age_aggregate_yge65,2017,12.637
ncl,sex_f,age_aggregate_yge65,2018,13.433
ncl,sex_f,age_aggregate_yge65,2019,13.769
ncl,sex_f,age_aggregate_yge65,2020,14.032
ncl,sex_f,age_aggregate_yge65,2022,15
ncl,sex_f,age_aggregate_yge65,2023,15.253
ncl,sex_f,age_ythadult_y15_24,2014,12.186
ncl,sex_f,age_ythadult_y15_24,2017,12.594
ncl,sex_f,age_ythadult_y15_24,2018,12.938
ncl,sex_f,age_ythadult_y15_24,2019,13.146
ncl,sex_f,age_ythadult_y15_24,2020,12.479
ncl,sex_f,age_ythadult_y15_24,2022,12.634
ncl,sex_f,age_ythadult_y15_24,2023,12.097
ncl,sex_f,age_ythadult_y15_64,2014,30.303
ncl,sex_f,age_ythadult_y15_64,2017,34.731
ncl,sex_f,age_ythadult_y15_64,2018,36.654
ncl,sex_f,age_ythadult_y15_64,2019,35.574
ncl,sex_f,age_ythadult_y15_64,2020,35.661
ncl,sex_f,age_ythadult_y15_64,2022,35.876
ncl,sex_f,age_ythadult_y15_64,2023,34.134
ncl,sex_f,age_ythadult_yge15,1963,16.17
ncl,sex_f,age_ythadult_yge15,1969,35.525
ncl,sex_f,age_ythadult_yge15,1996,44.021
ncl,sex_f,age_ythadult_yge15,2009,31.337
ncl,sex_f,age_ythadult_yge15,2014,41.99
ncl,sex_f,age_ythadult_yge15,2017,47.368
ncl,sex_f,age_ythadult_yge15,2018,50.087
ncl,sex_f,age_ythadult_yge15,2019,49.343
ncl,sex_f,age_ythadult_yge15,2020,49.693
ncl,sex_f,age_ythadult_yge15,2022,50.877
ncl,sex_f,age_ythadult_yge15,2023,49.387
ncl,sex_f,age_ythadult_yge25,2014,29.804
ncl,sex_f,age_ythadult_yge25,2017,34.774
ncl,sex_f,age_ythadult_yge25,2018,37.149
ncl,sex_f,age_ythadult_yge25,2019,36.197
ncl,sex_f,age_ythadult_yge25,2020,37.215
ncl,sex_f,age_ythadult_yge25,2022,38.243
ncl,sex_f,age_ythadult_yge25,2023,37.291
ncl,sex_m,age_10yrbands_total,2014,31.825
ncl,sex_m,age_10yrbands_total,2017,35.563
ncl,sex_m,age_10yrbands_total,2018,38.113
ncl,sex_m,age_10yrbands_total,2019,39.26
ncl,sex_m,age_10yrbands_total,2020,39.651
ncl,sex_m,age_10yrbands_total,2022,38.728
ncl,sex_m,age_10yrbands_total,2023,36.947
ncl,sex_m,age_10yrbands_y15_24,2014,11.366
ncl,sex_m,age_10yrbands_y15_24,2017,12.374
ncl,sex_m,age_10yrbands_y15_24,2018,12.928
ncl,sex_m,age_10yrbands_y15_24,2019,13.11
ncl,sex_m,age_10yrbands_y15_24,2020,12.152
ncl,sex_m,age_10yrbands_y15_24,2022,11.98
ncl,sex_m,age_10yrbands_y15_24,2023,11.983
ncl,sex_m,age_10yrbands_y25_34,2014,1.619
ncl,sex_m,age_10yrbands_y25_34,2017,2.246
ncl,sex_m,age_10yrbands_y25_34,2018,3.11
ncl,sex_m,age_10yrbands_y25_34,2019,3.101
ncl,sex_m,age_10yrbands_y25_34,2020,2.945
ncl,sex_m,age_10yrbands_y25_34,2022,2.404
ncl,sex_m,age_10yrbands_y25_34,2023,1.981
ncl,sex_m,age_10yrbands_y35_44,2014,1.563
ncl,sex_m,age_10yrbands_y35_44,2017,2.042
ncl,sex_m,age_10yrbands_y35_44,2018,2.146
ncl,sex_m,age_10yrbands_y35_44,2019,2.456
ncl,sex_m,age_10yrbands_y35_44,2020,2.913
ncl,sex_m,age_10yrbands_y35_44,2022,2.501
ncl,sex_m,age_10yrbands_y35_44,2023,2.194
ncl,sex_m,age_10yrbands_y45_54,2014,1.767
ncl,sex_m,age_10yrbands_y45_54,2017,2.476
ncl,sex_m,age_10yrbands_y45_54,2018,2.553
ncl,sex_m,age_10yrbands_y45_54,2019,2.643
ncl,sex_m,age_10yrbands_y45_54,2020,3.134
ncl,sex_m,age_10yrbands_y45_54,2022,3.279
ncl,sex_m,age_10yrbands_y45_54,2023,2.324
ncl,sex_m,age_10yrbands_y55_64,2014,5.232
ncl,sex_m,age_10yrbands_y55_64,2017,5.41
ncl,sex_m,age_10yrbands_y55_64,2018,5.967
ncl,sex_m,age_10yrbands_y55_64,2019,6.298
ncl,sex_m,age_10yrbands_y55_64,2020,6.61
ncl,sex_m,age_10yrbands_y55_64,2022,6.33
ncl,sex_m,age_10yrbands_y55_64,2023,6.09
ncl,sex_m,age_10yrbands_yge65,2014,10.278
ncl,sex_m,age_10yrbands_yge65,2017,11.015
ncl,sex_m,age_10yrbands_yge65,2018,11.409
ncl,sex_m,age_10yrbands_yge65,2019,11.653
ncl,sex_m,age_10yrbands_yge65,2020,11.897
ncl,sex_m,age_10yrbands_yge65,2022,12.234
ncl,sex_m,age_10yrbands_yge65,2023,12.374
ncl,sex_m,age_5yrbands_total,2014,31.825
ncl,sex_m,age_5yrbands_total,2017,35.563
ncl,sex_m,age_5yrbands_total,2018,38.113
ncl,sex_m,age_5yrbands_total,2019,39.26
ncl,sex_m,age_5yrbands_total,2020,39.651
ncl,sex_m,age_5yrbands_total,2022,38.728
ncl,sex_m,age_5yrbands_total,2023,36.947
ncl,sex_m,age_5yrbands_y15_19,2014,9.208
ncl,sex_m,age_5yrbands_y15_19,2017,9.537
ncl,sex_m,age_5yrbands_y15_19,2018,9.666
ncl,sex_m,age_5yrbands_y15_19,2019,9.362
ncl,sex_m,age_5yrbands_y15_19,2020,9.361
ncl,sex_m,age_5yrbands_y15_19,2022,8.933
ncl,sex_m,age_5yrbands_y15_19,2023,8.944
ncl,sex_m,age_5yrbands_y20_24,2014,2.158
ncl,sex_m,age_5yrbands_y20_24,2017,2.837
ncl,sex_m,age_5yrbands_y20_24,2018,3.262
ncl,sex_m,age_5yrbands_y20_24,2019,3.748
ncl,sex_m,age_5yrbands_y20_24,2020,2.791
ncl,sex_m,age_5yrbands_y20_24,2022,3.047
ncl,sex_m,age_5yrbands_y20_24,2023,3.039
ncl,sex_m,age_5yrbands_y25_29,2014,0.897
ncl,sex_m,age_5yrbands_y25_29,2017,1.211
ncl,sex_m,age_5yrbands_y25_29,2018,1.5
ncl,sex_m,age_5yrbands_y25_29,2019,1.929
ncl,sex_m,age_5yrbands_y25_29,2020,1.683
ncl,sex_m,age_5yrbands_y25_29,2022,1.322
ncl,sex_m,age_5yrbands_y25_29,2023,0.971
ncl,sex_m,age_5yrbands_y30_34,2014,0.722
ncl,sex_m,age_5yrbands_y30_34,2017,1.035
ncl,sex_m,age_5yrbands_y30_34,2018,1.61
ncl,sex_m,age_5yrbands_y30_34,2019,1.172
ncl,sex_m,age_5yrbands_y30_34,2020,1.262
ncl,sex_m,age_5yrbands_y30_34,2022,1.082
ncl,sex_m,age_5yrbands_y30_34,2023,1.01
ncl,sex_m,age_5yrbands_y35_39,2014,0.726
ncl,sex_m,age_5yrbands_y35_39,2017,1.319
ncl,sex_m,age_5yrbands_y35_39,2018,1.131
ncl,sex_m,age_5yrbands_y35_39,2019,1.502
ncl,sex_m,age_5yrbands_y35_39,2020,1.536
ncl,sex_m,age_5yrbands_y35_39,2022,1.748
ncl,sex_m,age_5yrbands_y35_39,2023,1.058
ncl,sex_m,age_5yrbands_y40_44,2014,0.837
ncl,sex_m,age_5yrbands_y40_44,2017,0.723
ncl,sex_m,age_5yrbands_y40_44,2018,1.015
ncl,sex_m,age_5yrbands_y40_44,2019,0.954
ncl,sex_m,age_5yrbands_y40_44,2020,1.377
ncl,sex_m,age_5yrbands_y40_44,2022,0.753
ncl,sex_m,age_5yrbands_y40_44,2023,1.136
ncl,sex_m,age_5yrbands_y45_49,2014,0.705
ncl,sex_m,age_5yrbands_y45_49,2017,0.785
ncl,sex_m,age_5yrbands_y45_49,2018,1.053
ncl,sex_m,age_5yrbands_y45_49,2019,1.226
ncl,sex_m,age_5yrbands_y45_49,2020,1.637
ncl,sex_m,age_5yrbands_y45_49,2022,1.498
ncl,sex_m,age_5yrbands_y45_49,2023,0.994
ncl,sex_m,age_5yrbands_y50_54,2014,1.062
ncl,sex_m,age_5yrbands_y50_54,2017,1.691
ncl,sex_m,age_5yrbands_y50_54,2018,1.5
ncl,sex_m,age_5yrbands_y50_54,2019,1.417
ncl,sex_m,age_5yrbands_y50_54,2020,1.498
ncl,sex_m,age_5yrbands_y50_54,2022,1.781
ncl,sex_m,age_5yrbands_y50_54,2023,1.329
ncl,sex_m,age_5yrbands_y55_59,2014,1.825
ncl,sex_m,age_5yrbands_y55_59,2017,1.908
ncl,sex_m,age_5yrbands_y55_59,2018,2.068
ncl,sex_m,age_5yrbands_y55_59,2019,2.04
ncl,sex_m,age_5yrbands_y55_59,2020,2.351
ncl,sex_m,age_5yrbands_y55_59,2022,2.331
ncl,sex_m,age_5yrbands_y55_59,2023,2.052
ncl,sex_m,age_5yrbands_y60_64,2014,3.407
ncl,sex_m,age_5yrbands_y60_64,2017,3.502
ncl,sex_m,age_5yrbands_y60_64,2018,3.899
ncl,sex_m,age_5yrbands_y60_64,2019,4.258
ncl,sex_m,age_5yrbands_y60_64,2020,4.259
ncl,sex_m,age_5yrbands_y60_64,2022,4
ncl,sex_m,age_5yrbands_y60_64,2023,4.038
ncl,sex_m,age_5yrbands_yge65,2014,10.278
ncl,sex_m,age_5yrbands_yge65,2017,11.015
ncl,sex_m,age_5yrbands_yge65,2018,11.409
ncl,sex_m,age_5yrbands_yge65,2019,11.653
ncl,sex_m,age_5yrbands_yge65,2020,11.897
ncl,sex_m,age_5yrbands_yge65,2022,12.234
ncl,sex_m,age_5yrbands_yge65,2023,12.374
ncl,sex_m,age_aggregate_total,2014,31.825
ncl,sex_m,age_aggregate_total,2017,35.563
ncl,sex_m,age_aggregate_total,2018,38.113
ncl,sex_m,age_aggregate_total,2019,39.26
ncl,sex_m,age_aggregate_total,2020,39.651
ncl,sex_m,age_aggregate_total,2022,38.728
ncl,sex_m,age_aggregate_total,2023,36.947
ncl,sex_m,age_aggregate_y15_24,2014,11.366
ncl,sex_m,age_aggregate_y15_24,2017,12.374
ncl,sex_m,age_aggregate_y15_24,2018,12.928
ncl,sex_m,age_aggregate_y15_24,2019,13.11
ncl,sex_m,age_aggregate_y15_24,2020,12.152
ncl,sex_m,age_aggregate_y15_24,2022,11.98
ncl,sex_m,age_aggregate_y15_24,2023,11.983
ncl,sex_m,age_aggregate_y25_54,2014,4.949
ncl,sex_m,age_aggregate_y25_54,2017,6.764
ncl,sex_m,age_aggregate_y25_54,2018,7.809
ncl,sex_m,age_aggregate_y25_54,2019,8.2
ncl,sex_m,age_aggregate_y25_54,2020,8.992
ncl,sex_m,age_aggregate_y25_54,2022,8.184
ncl,sex_m,age_aggregate_y25_54,2023,6.499
ncl,sex_m,age_aggregate_y55_64,2014,5.232
ncl,sex_m,age_aggregate_y55_64,2017,5.41
ncl,sex_m,age_aggregate_y55_64,2018,5.967
ncl,sex_m,age_aggregate_y55_64,2019,6.298
ncl,sex_m,age_aggregate_y55_64,2020,6.61
ncl,sex_m,age_aggregate_y55_64,2022,6.33
ncl,sex_m,age_aggregate_y55_64,2023,6.09
ncl,sex_m,age_aggregate_yge65,2014,10.278
ncl,sex_m,age_aggregate_yge65,2017,11.015
ncl,sex_m,age_aggregate_yge65,2018,11.409
ncl,sex_m,age_aggregate_yge65,2019,11.653
ncl,sex_m,age_aggregate_yge65,2020,11.897
ncl,sex_m,age_aggregate_yge65,2022,12.234
ncl,sex_m,age_aggregate_yge65,2023,12.374
ncl,sex_m,age_ythadult_y15_24,2014,11.366
ncl,sex_m,age_ythadult_y15_24,2017,12.374
ncl,sex_m,age_ythadult_y15_24,2018,12.928
ncl,sex_m,age_ythadult_y15_24,2019,13.11
ncl,sex_m,age_ythadult_y15_24,2020,12.152
ncl,sex_m,age_ythadult_y15_24,2022,11.98
ncl,sex_m,age_ythadult_y15_24,2023,11.983
ncl,sex_m,age_ythadult_y15_64,2014,21.547
ncl,sex_m,age_ythadult_y15_64,2017,24.548
ncl,sex_m,age_ythadult_y15_64,2018,26.704
ncl,sex_m,age_ythadult_y15_64,2019,27.607
ncl,sex_m,age_ythadult_y15_64,2020,27.754
ncl,sex_m,age_ythadult_y15_64,2022,26.494
ncl,sex_m,age_ythadult_y15_64,2023,24.573
ncl,sex_m,age_ythadult_yge15,1963,6.122
ncl,sex_m,age_ythadult_yge15,1969,26.049
ncl,sex_m,age_ythadult_yge15,1996,30.672
ncl,sex_m,age_ythadult_yge15,2009,22.465
ncl,sex_m,age_ythadult_yge15,2014,31.825
ncl,sex_m,age_ythadult_yge15,2017,35.563
ncl,sex_m,age_ythadult_yge15,2018,38.113
ncl,sex_m,age_ythadult_yge15,2019,39.26
ncl,sex_m,age_ythadult_yge15,2020,39.651
ncl,sex_m,age_ythadult_yge15,2022,38.728
ncl,sex_m,age_ythadult_yge15,2023,36.947
ncl,sex_m,age_ythadult_yge25,2014,20.459
ncl,sex_m,age_ythadult_yge25,2017,23.189
ncl,sex_m,age_ythadult_yge25,2018,25.185
ncl,sex_m,age_ythadult_yge25,2019,26.15
ncl,sex_m,age_ythadult_yge25,2020,27.5
ncl,sex_m,age_ythadult_yge25,2022,26.748
ncl,sex_m,age_ythadult_yge25,2023,24.963
ncl,sex_t,age_10yrbands_total,2014,73.815
ncl,sex_t,age_10yrbands_total,2017,82.931
ncl,sex_t,age_10yrbands_total,2018,88.2
ncl,sex_t,age_10yrbands_total,2019,88.603
ncl,sex_t,age_10yrbands_total,2020,89.345
ncl,sex_t,age_10yrbands_total,2022,89.605
ncl,sex_t,age_10yrbands_total,2023,86.334
ncl,sex_t,age_10yrbands_y15_24,2014,23.552
ncl,sex_t,age_10yrbands_y15_24,2017,24.968
ncl,sex_t,age_10yrbands_y15_24,2018,25.866
ncl,sex_t,age_10yrbands_y15_24,2019,26.256
ncl,sex_t,age_10yrbands_y15_24,2020,24.63
ncl,sex_t,age_10yrbands_y15_24,2022,24.614
ncl,sex_t,age_10yrbands_y15_24,2023,24.08
ncl,sex_t,age_10yrbands_y25_34,2014,4.93
ncl,sex_t,age_10yrbands_y25_34,2017,6.834
ncl,sex_t,age_10yrbands_y25_34,2018,8.799
ncl,sex_t,age_10yrbands_y25_34,2019,8.261
ncl,sex_t,age_10yrbands_y25_34,2020,8.06
ncl,sex_t,age_10yrbands_y25_34,2022,7.364
ncl,sex_t,age_10yrbands_y25_34,2023,5.943
ncl,sex_t,age_10yrbands_y35_44,2014,5.246
ncl,sex_t,age_10yrbands_y35_44,2017,6.873
ncl,sex_t,age_10yrbands_y35_44,2018,7.122
ncl,sex_t,age_10yrbands_y35_44,2019,7.134
ncl,sex_t,age_10yrbands_y35_44,2020,7.479
ncl,sex_t,age_10yrbands_y35_44,2022,7.37
ncl,sex_t,age_10yrbands_y35_44,2023,6.514
ncl,sex_t,age_10yrbands_y45_54,2014,6.093
ncl,sex_t,age_10yrbands_y45_54,2017,8.034
ncl,sex_t,age_10yrbands_y45_54,2018,8.35
ncl,sex_t,age_10yrbands_y45_54,2019,7.845
ncl,sex_t,age_10yrbands_y45_54,2020,9.076
ncl,sex_t,age_10yrbands_y45_54,2022,8.562
ncl,sex_t,age_10yrbands_y45_54,2023,7.798
ncl,sex_t,age_10yrbands_y55_64,2014,12.029
ncl,sex_t,age_10yrbands_y55_64,2017,12.57
ncl,sex_t,age_10yrbands_y55_64,2018,13.221
ncl,sex_t,age_10yrbands_y55_64,2019,13.685
ncl,sex_t,age_10yrbands_y55_64,2020,14.17
ncl,sex_t,age_10yrbands_y55_64,2022,14.461
ncl,sex_t,age_10yrbands_y55_64,2023,14.371
ncl,sex_t,age_10yrbands_yge65,2014,21.965
ncl,sex_t,age_10yrbands_yge65,2017,23.652
ncl,sex_t,age_10yrbands_yge65,2018,24.842
ncl,sex_t,age_10yrbands_yge65,2019,25.422
ncl,sex_t,age_10yrbands_yge65,2020,25.929
ncl,sex_t,age_10yrbands_yge65,2022,27.234
ncl,sex_t,age_10yrbands_yge65,2023,27.627
ncl,sex_t,age_5yrbands_total,2014,73.815
ncl,sex_t,age_5yrbands_total,2017,82.931
ncl,sex_t,age_5yrbands_total,2018,88.2
ncl,sex_t,age_5yrbands_total,2019,88.603
ncl,sex_t,age_5yrbands_total,2020,89.345
ncl,sex_t,age_5yrbands_total,2022,89.605
ncl,sex_t,age_5yrbands_total,2023,86.334
ncl,sex_t,age_5yrbands_y15_19,2014,18.697
ncl,sex_t,age_5yrbands_y15_19,2017,18.846
ncl,sex_t,age_5yrbands_y15_19,2018,19.221
ncl,sex_t,age_5yrbands_y15_19,2019,19.104
ncl,sex_t,age_5yrbands_y15_19,2020,18.857
ncl,sex_t,age_5yrbands_y15_19,2022,18.11
ncl,sex_t,age_5yrbands_y15_19,2023,17.686
ncl,sex_t,age_5yrbands_y20_24,2014,4.855
ncl,sex_t,age_5yrbands_y20_24,2017,6.122
ncl,sex_t,age_5yrbands_y20_24,2018,6.645
ncl,sex_t,age_5yrbands_y20_24,2019,7.152
ncl,sex_t,age_5yrbands_y20_24,2020,5.774
ncl,sex_t,age_5yrbands_y20_24,2022,6.504
ncl,sex_t,age_5yrbands_y20_24,2023,6.394
ncl,sex_t,age_5yrbands_y25_29,2014,2.549
ncl,sex_t,age_5yrbands_y25_29,2017,2.967
ncl,sex_t,age_5yrbands_y25_29,2018,4.423
ncl,sex_t,age_5yrbands_y25_29,2019,4.569
ncl,sex_t,age_5yrbands_y25_29,2020,4.6
ncl,sex_t,age_5yrbands_y25_29,2022,3.346
ncl,sex_t,age_5yrbands_y25_29,2023,2.479
ncl,sex_t,age_5yrbands_y30_34,2014,2.381
ncl,sex_t,age_5yrbands_y30_34,2017,3.867
ncl,sex_t,age_5yrbands_y30_34,2018,4.376
ncl,sex_t,age_5yrbands_y30_34,2019,3.692
ncl,sex_t,age_5yrbands_y30_34,2020,3.459
ncl,sex_t,age_5yrbands_y30_34,2022,4.017
ncl,sex_t,age_5yrbands_y30_34,2023,3.465
ncl,sex_t,age_5yrbands_y35_39,2014,2.475
ncl,sex_t,age_5yrbands_y35_39,2017,3.711
ncl,sex_t,age_5yrbands_y35_39,2018,3.447
ncl,sex_t,age_5yrbands_y35_39,2019,3.344
ncl,sex_t,age_5yrbands_y35_39,2020,3.876
ncl,sex_t,age_5yrbands_y35_39,2022,4.208
ncl,sex_t,age_5yrbands_y35_39,2023,3.319
ncl,sex_t,age_5yrbands_y40_44,2014,2.771
ncl,sex_t,age_5yrbands_y40_44,2017,3.162
ncl,sex_t,age_5yrbands_y40_44,2018,3.675
ncl,sex_t,age_5yrbands_y40_44,2019,3.79
ncl,sex_t,age_5yrbands_y40_44,2020,3.604
ncl,sex_t,age_5yrbands_y40_44,2022,3.162
ncl,sex_t,age_5yrbands_y40_44,2023,3.196
ncl,sex_t,age_5yrbands_y45_49,2014,2.644
ncl,sex_t,age_5yrbands_y45_49,2017,3.314
ncl,sex_t,age_5yrbands_y45_49,2018,3.769
ncl,sex_t,age_5yrbands_y45_49,2019,3.758
ncl,sex_t,age_5yrbands_y45_49,2020,4.725
ncl,sex_t,age_5yrbands_y45_49,2022,3.855
ncl,sex_t,age_5yrbands_y45_49,2023,3.807
ncl,sex_t,age_5yrbands_y50_54,2014,3.449
ncl,sex_t,age_5yrbands_y50_54,2017,4.72
ncl,sex_t,age_5yrbands_y50_54,2018,4.581
ncl,sex_t,age_5yrbands_y50_54,2019,4.087
ncl,sex_t,age_5yrbands_y50_54,2020,4.351
ncl,sex_t,age_5yrbands_y50_54,2022,4.707
ncl,sex_t,age_5yrbands_y50_54,2023,3.992
ncl,sex_t,age_5yrbands_y55_59,2014,4.799
ncl,sex_t,age_5yrbands_y55_59,2017,5.063
ncl,sex_t,age_5yrbands_y55_59,2018,5.238
ncl,sex_t,age_5yrbands_y55_59,2019,4.942
ncl,sex_t,age_5yrbands_y55_59,2020,4.936
ncl,sex_t,age_5yrbands_y55_59,2022,5.468
ncl,sex_t,age_5yrbands_y55_59,2023,5.156
ncl,sex_t,age_5yrbands_y60_64,2014,7.23
ncl,sex_t,age_5yrbands_y60_64,2017,7.507
ncl,sex_t,age_5yrbands_y60_64,2018,7.983
ncl,sex_t,age_5yrbands_y60_64,2019,8.743
ncl,sex_t,age_5yrbands_y60_64,2020,9.234
ncl,sex_t,age_5yrbands_y60_64,2022,8.993
ncl,sex_t,age_5yrbands_y60_64,2023,9.215
ncl,sex_t,age_5yrbands_yge65,2014,21.965
ncl,sex_t,age_5yrbands_yge65,2017,23.652
ncl,sex_t,age_5yrbands_yge65,2018,24.842
ncl,sex_t,age_5yrbands_yge65,2019,25.422
ncl,sex_t,age_5yrbands_yge65,2020,25.929
ncl,sex_t,age_5yrbands_yge65,2022,27.234
ncl,sex_t,age_5yrbands_yge65,2023,27.627
ncl,sex_t,age_aggregate_total,2014,73.815
ncl,sex_t,age_aggregate_total,2017,82.931
ncl,sex_t,age_aggregate_total,2018,88.2
ncl,sex_t,age_aggregate_total,2019,88.603
ncl,sex_t,age_aggregate_total,2020,89.345
ncl,sex_t,age_aggregate_total,2022,89.605
ncl,sex_t,age_aggregate_total,2023,86.334
ncl,sex_t,age_aggregate_y15_24,2014,23.552
ncl,sex_t,age_aggregate_y15_24,2017,24.968
ncl,sex_t,age_aggregate_y15_24,2018,25.866
ncl,sex_t,age_aggregate_y15_24,2019,26.256
ncl,sex_t,age_aggregate_y15_24,2020,24.63
ncl,sex_t,age_aggregate_y15_24,2022,24.614
ncl,sex_t,age_aggregate_y15_24,2023,24.08
ncl,sex_t,age_aggregate_y25_54,2014,16.269
ncl,sex_t,age_aggregate_y25_54,2017,21.741
ncl,sex_t,age_aggregate_y25_54,2018,24.271
ncl,sex_t,age_aggregate_y25_54,2019,23.24
ncl,sex_t,age_aggregate_y25_54,2020,24.615
ncl,sex_t,age_aggregate_y25_54,2022,23.295
ncl,sex_t,age_aggregate_y25_54,2023,20.256
ncl,sex_t,age_aggregate_y55_64,2014,12.029
ncl,sex_t,age_aggregate_y55_64,2017,12.57
ncl,sex_t,age_aggregate_y55_64,2018,13.221
ncl,sex_t,age_aggregate_y55_64,2019,13.685
ncl,sex_t,age_aggregate_y55_64,2020,14.17
ncl,sex_t,age_aggregate_y55_64,2022,14.461
ncl,sex_t,age_aggregate_y55_64,2023,14.371
ncl,sex_t,age_aggregate_yge65,2014,21.965
ncl,sex_t,age_aggregate_yge65,2017,23.652
ncl,sex_t,age_aggregate_yge65,2018,24.842
ncl,sex_t,age_aggregate_yge65,2019,25.422
ncl,sex_t,age_aggregate_yge65,2020,25.929
ncl,sex_t,age_aggregate_yge65,2022,27.234
ncl,sex_t,age_aggregate_yge65,2023,27.627
ncl,sex_t,age_ythadult_y15_24,2014,23.552
ncl,sex_t,age_ythadult_y15_24,2017,24.968
ncl,sex_t,age_ythadult_y15_24,2018,25.866
ncl,sex_t,age_ythadult_y15_24,2019,26.256
ncl,sex_t,age_ythadult_y15_24,2020,24.63
ncl,sex_t,age_ythadult_y15_24,2022,24.614
ncl,sex_t,age_ythadult_y15_24,2023,24.08
ncl,sex_t,age_ythadult_y15_64,2014,51.85
ncl,sex_t,age_ythadult_y15_64,2017,59.279
ncl,sex_t,age_ythadult_y15_64,2018,63.358
ncl,sex_t,age_ythadult_y15_64,2019,63.18
ncl,sex_t,age_ythadult_y15_64,2020,63.416
ncl,sex_t,age_ythadult_y15_64,2022,62.37
ncl,sex_t,age_ythadult_y15_64,2023,58.707
ncl,sex_t,age_ythadult_yge15,1963,22.292
ncl,sex_t,age_ythadult_yge15,1969,61.574
ncl,sex_t,age_ythadult_yge15,1996,74.693
ncl,sex_t,age_ythadult_yge15,2004,69.883
ncl,sex_t,age_ythadult_yge15,2009,53.802
ncl,sex_t,age_ythadult_yge15,2014,73.815
ncl,sex_t,age_ythadult_yge15,2017,82.931
ncl,sex_t,age_ythadult_yge15,2018,88.2
ncl,sex_t,age_ythadult_yge15,2019,88.603
ncl,sex_t,age_ythadult_yge15,2020,89.345
ncl,sex_t,age_ythadult_yge15,2022,89.605
ncl,sex_t,age_ythadult_yge15,2023,86.334
ncl,sex_t,age_ythadult_yge25,2014,50.263
ncl,sex_t,age_ythadult_yge25,2017,57.963
ncl,sex_t,age_ythadult_yge25,2018,62.334
ncl,sex_t,age_ythadult_yge25,2019,62.347
ncl,sex_t,age_ythadult_yge25,2020,64.714
ncl,sex_t,age_ythadult_yge25,2022,64.991
ncl,sex_t,age_ythadult_yge25,2023,62.254
