ref_area,sex,classif1,classif2,time,how_temp_sex_ocu_mts_nb
fji,sex_f,ocu_isco08_1,mts_aggregate_1,2024,38.38
fji,sex_f,ocu_isco08_1,mts_aggregate_2,2024,39.45
fji,sex_f,ocu_isco08_1,mts_aggregate_total,2024,39.11
fji,sex_f,ocu_isco08_1,mts_details_mrd,2024,39.44
fji,sex_f,ocu_isco08_1,mts_details_sep,2024,45.68
fji,sex_f,ocu_isco08_1,mts_details_sgle,2024,39.53
fji,sex_f,ocu_isco08_1,mts_details_total,2024,39.11
fji,sex_f,ocu_isco08_1,mts_details_wid,2024,29.69
fji,sex_f,ocu_isco08_2,mts_aggregate_1,2024,37.45
fji,sex_f,ocu_isco08_2,mts_aggregate_2,2024,38.13
fji,sex_f,ocu_isco08_2,mts_aggregate_total,2024,37.91
fji,sex_f,ocu_isco08_2,mts_details_mrd,2024,37.98
fji,sex_f,ocu_isco08_2,mts_details_sep,2024,37.28
fji,sex_f,ocu_isco08_2,mts_details_sgle,2024,39.57
fji,sex_f,ocu_isco08_2,mts_details_total,2024,37.91
fji,sex_f,ocu_isco08_2,mts_details_union,2024,44.39
fji,sex_f,ocu_isco08_2,mts_details_wid,2024,27.94
fji,sex_f,ocu_isco08_3,mts_aggregate_1,2024,37.66
fji,sex_f,ocu_isco08_3,mts_aggregate_2,2024,38.06
fji,sex_f,ocu_isco08_3,mts_aggregate_total,2024,37.9
fji,sex_f,ocu_isco08_3,mts_details_mrd,2024,38.03
fji,sex_f,ocu_isco08_3,mts_details_sep,2024,41.32
fji,sex_f,ocu_isco08_3,mts_details_sgle,2024,39.96
fji,sex_f,ocu_isco08_3,mts_details_total,2024,37.9
fji,sex_f,ocu_isco08_3,mts_details_union,2024,38.94
fji,sex_f,ocu_isco08_3,mts_details_wid,2024,22.34
fji,sex_f,ocu_isco08_4,mts_aggregate_1,2024,43.6
fji,sex_f,ocu_isco08_4,mts_aggregate_2,2024,40.64
fji,sex_f,ocu_isco08_4,mts_aggregate_total,2024,41.92
fji,sex_f,ocu_isco08_4,mts_details_mrd,2024,40.58
fji,sex_f,ocu_isco08_4,mts_details_sep,2024,43.02
fji,sex_f,ocu_isco08_4,mts_details_sgle,2024,44.79
fji,sex_f,ocu_isco08_4,mts_details_total,2024,41.92
fji,sex_f,ocu_isco08_4,mts_details_union,2024,42.94
fji,sex_f,ocu_isco08_4,mts_details_wid,2024,38.89
fji,sex_f,ocu_isco08_5,mts_aggregate_1,2024,42.76
fji,sex_f,ocu_isco08_5,mts_aggregate_2,2024,41.13
fji,sex_f,ocu_isco08_5,mts_aggregate_total,2024,41.76
fji,sex_f,ocu_isco08_5,mts_details_mrd,2024,40.72
fji,sex_f,ocu_isco08_5,mts_details_sep,2024,44.59
fji,sex_f,ocu_isco08_5,mts_details_sgle,2024,42.84
fji,sex_f,ocu_isco08_5,mts_details_total,2024,41.76
fji,sex_f,ocu_isco08_5,mts_details_union,2024,50.35
fji,sex_f,ocu_isco08_5,mts_details_wid,2024,41.39
fji,sex_f,ocu_isco08_6,mts_aggregate_1,2024,21.25
fji,sex_f,ocu_isco08_6,mts_aggregate_2,2024,21.85
fji,sex_f,ocu_isco08_6,mts_aggregate_total,2024,21.72
fji,sex_f,ocu_isco08_6,mts_details_mrd,2024,22
fji,sex_f,ocu_isco08_6,mts_details_sep,2024,30
fji,sex_f,ocu_isco08_6,mts_details_sgle,2024,21.57
fji,sex_f,ocu_isco08_6,mts_details_total,2024,21.72
fji,sex_f,ocu_isco08_6,mts_details_wid,2024,19.66
fji,sex_f,ocu_isco08_7,mts_aggregate_1,2024,35.59
fji,sex_f,ocu_isco08_7,mts_aggregate_2,2024,37.38
fji,sex_f,ocu_isco08_7,mts_aggregate_total,2024,36.8
fji,sex_f,ocu_isco08_7,mts_details_mrd,2024,38.01
fji,sex_f,ocu_isco08_7,mts_details_sep,2024,36.27
fji,sex_f,ocu_isco08_7,mts_details_sgle,2024,39.47
fji,sex_f,ocu_isco08_7,mts_details_total,2024,36.8
fji,sex_f,ocu_isco08_7,mts_details_union,2024,26.18
fji,sex_f,ocu_isco08_7,mts_details_wid,2024,28.19
fji,sex_f,ocu_isco08_8,mts_aggregate_1,2024,43.26
fji,sex_f,ocu_isco08_8,mts_aggregate_2,2024,37.47
fji,sex_f,ocu_isco08_8,mts_aggregate_total,2024,38.7
fji,sex_f,ocu_isco08_8,mts_details_mrd,2024,37.24
fji,sex_f,ocu_isco08_8,mts_details_sep,2024,44.72
fji,sex_f,ocu_isco08_8,mts_details_sgle,2024,45.83
fji,sex_f,ocu_isco08_8,mts_details_total,2024,38.7
fji,sex_f,ocu_isco08_8,mts_details_union,2024,44.31
fji,sex_f,ocu_isco08_8,mts_details_wid,2024,34.11
fji,sex_f,ocu_isco08_9,mts_aggregate_1,2024,32.86
fji,sex_f,ocu_isco08_9,mts_aggregate_2,2024,31.86
fji,sex_f,ocu_isco08_9,mts_aggregate_total,2024,32.25
fji,sex_f,ocu_isco08_9,mts_details_mrd,2024,31.33
fji,sex_f,ocu_isco08_9,mts_details_sep,2024,36.06
fji,sex_f,ocu_isco08_9,mts_details_sgle,2024,35.46
fji,sex_f,ocu_isco08_9,mts_details_total,2024,32.25
fji,sex_f,ocu_isco08_9,mts_details_union,2024,43.77
fji,sex_f,ocu_isco08_9,mts_details_wid,2024,28.32
fji,sex_f,ocu_isco08_total,mts_aggregate_1,2024,38.11
fji,sex_f,ocu_isco08_total,mts_aggregate_2,2024,36.4
fji,sex_f,ocu_isco08_total,mts_aggregate_total,2024,37
fji,sex_f,ocu_isco08_total,mts_details_mrd,2024,36.24
fji,sex_f,ocu_isco08_total,mts_details_sep,2024,40.52
fji,sex_f,ocu_isco08_total,mts_details_sgle,2024,40.49
fji,sex_f,ocu_isco08_total,mts_details_total,2024,37
fji,sex_f,ocu_isco08_total,mts_details_union,2024,41.1
fji,sex_f,ocu_isco08_total,mts_details_wid,2024,30.71
fji,sex_f,ocu_skill_l1,mts_aggregate_1,2024,32.86
fji,sex_f,ocu_skill_l1,mts_aggregate_2,2024,31.86
fji,sex_f,ocu_skill_l1,mts_aggregate_total,2024,32.25
fji,sex_f,ocu_skill_l1,mts_details_mrd,2024,31.33
fji,sex_f,ocu_skill_l1,mts_details_sep,2024,36.06
fji,sex_f,ocu_skill_l1,mts_details_sgle,2024,35.46
fji,sex_f,ocu_skill_l1,mts_details_total,2024,32.25
fji,sex_f,ocu_skill_l1,mts_details_union,2024,43.77
fji,sex_f,ocu_skill_l1,mts_details_wid,2024,28.32
fji,sex_f,ocu_skill_l2,mts_aggregate_1,2024,39.79
fji,sex_f,ocu_skill_l2,mts_aggregate_2,2024,36.36
fji,sex_f,ocu_skill_l2,mts_aggregate_total,2024,37.52
fji,sex_f,ocu_skill_l2,mts_details_mrd,2024,36.22
fji,sex_f,ocu_skill_l2,mts_details_sep,2024,41.92
fji,sex_f,ocu_skill_l2,mts_details_sgle,2024,41.97
fji,sex_f,ocu_skill_l2,mts_details_total,2024,37.52
fji,sex_f,ocu_skill_l2,mts_details_union,2024,40.2
fji,sex_f,ocu_skill_l2,mts_details_wid,2024,33.2
fji,sex_f,ocu_skill_l3_4,mts_aggregate_1,2024,37.7
fji,sex_f,ocu_skill_l3_4,mts_aggregate_2,2024,38.38
fji,sex_f,ocu_skill_l3_4,mts_aggregate_total,2024,38.14
fji,sex_f,ocu_skill_l3_4,mts_details_mrd,2024,38.29
fji,sex_f,ocu_skill_l3_4,mts_details_sep,2024,41.04
fji,sex_f,ocu_skill_l3_4,mts_details_sgle,2024,39.71
fji,sex_f,ocu_skill_l3_4,mts_details_total,2024,38.14
fji,sex_f,ocu_skill_l3_4,mts_details_union,2024,41.6
fji,sex_f,ocu_skill_l3_4,mts_details_wid,2024,26.64
fji,sex_f,ocu_skill_total,mts_aggregate_1,2024,38.11
fji,sex_f,ocu_skill_total,mts_aggregate_2,2024,36.4
fji,sex_f,ocu_skill_total,mts_aggregate_total,2024,37
fji,sex_f,ocu_skill_total,mts_details_mrd,2024,36.24
fji,sex_f,ocu_skill_total,mts_details_sep,2024,40.52
fji,sex_f,ocu_skill_total,mts_details_sgle,2024,40.49
fji,sex_f,ocu_skill_total,mts_details_total,2024,37
fji,sex_f,ocu_skill_total,mts_details_union,2024,41.1
fji,sex_f,ocu_skill_total,mts_details_wid,2024,30.71
fji,sex_m,ocu_isco08_1,mts_aggregate_1,2024,41.7
fji,sex_m,ocu_isco08_1,mts_aggregate_2,2024,41.36
fji,sex_m,ocu_isco08_1,mts_aggregate_total,2024,41.44
fji,sex_m,ocu_isco08_1,mts_details_mrd,2024,41.39
fji,sex_m,ocu_isco08_1,mts_details_sep,2024,48.25
fji,sex_m,ocu_isco08_1,mts_details_sgle,2024,40.36
fji,sex_m,ocu_isco08_1,mts_details_total,2024,41.44
fji,sex_m,ocu_isco08_1,mts_details_union,2024,40
fji,sex_m,ocu_isco08_2,mts_aggregate_1,2024,38.43
fji,sex_m,ocu_isco08_2,mts_aggregate_2,2024,40.09
fji,sex_m,ocu_isco08_2,mts_aggregate_total,2024,39.58
fji,sex_m,ocu_isco08_2,mts_details_mrd,2024,39.93
fji,sex_m,ocu_isco08_2,mts_details_sep,2024,35.89
fji,sex_m,ocu_isco08_2,mts_details_sgle,2024,38.52
fji,sex_m,ocu_isco08_2,mts_details_total,2024,39.58
fji,sex_m,ocu_isco08_2,mts_details_union,2024,48.32
fji,sex_m,ocu_isco08_2,mts_details_wid,2024,40.28
fji,sex_m,ocu_isco08_3,mts_aggregate_1,2024,40.43
fji,sex_m,ocu_isco08_3,mts_aggregate_2,2024,37.57
fji,sex_m,ocu_isco08_3,mts_aggregate_total,2024,38.56
fji,sex_m,ocu_isco08_3,mts_details_mrd,2024,37.5
fji,sex_m,ocu_isco08_3,mts_details_sep,2024,40.34
fji,sex_m,ocu_isco08_3,mts_details_sgle,2024,40.92
fji,sex_m,ocu_isco08_3,mts_details_total,2024,38.56
fji,sex_m,ocu_isco08_3,mts_details_union,2024,39.92
fji,sex_m,ocu_isco08_3,mts_details_wid,2024,32.15
fji,sex_m,ocu_isco08_4,mts_aggregate_1,2024,42.17
fji,sex_m,ocu_isco08_4,mts_aggregate_2,2024,40.9
fji,sex_m,ocu_isco08_4,mts_aggregate_total,2024,41.31
fji,sex_m,ocu_isco08_4,mts_details_mrd,2024,40.89
fji,sex_m,ocu_isco08_4,mts_details_sep,2024,41.6
fji,sex_m,ocu_isco08_4,mts_details_sgle,2024,42.05
fji,sex_m,ocu_isco08_4,mts_details_total,2024,41.31
fji,sex_m,ocu_isco08_4,mts_details_union,2024,41.29
fji,sex_m,ocu_isco08_5,mts_aggregate_1,2024,41.85
fji,sex_m,ocu_isco08_5,mts_aggregate_2,2024,44.44
fji,sex_m,ocu_isco08_5,mts_aggregate_total,2024,43.56
fji,sex_m,ocu_isco08_5,mts_details_mrd,2024,44.51
fji,sex_m,ocu_isco08_5,mts_details_sep,2024,43.05
fji,sex_m,ocu_isco08_5,mts_details_sgle,2024,41.88
fji,sex_m,ocu_isco08_5,mts_details_total,2024,43.56
fji,sex_m,ocu_isco08_5,mts_details_union,2024,41.88
fji,sex_m,ocu_isco08_5,mts_details_wid,2024,39.7
fji,sex_m,ocu_isco08_6,mts_aggregate_1,2024,25.54
fji,sex_m,ocu_isco08_6,mts_aggregate_2,2024,26.01
fji,sex_m,ocu_isco08_6,mts_aggregate_total,2024,25.9
fji,sex_m,ocu_isco08_6,mts_details_mrd,2024,26.04
fji,sex_m,ocu_isco08_6,mts_details_sep,2024,26.49
fji,sex_m,ocu_isco08_6,mts_details_sgle,2024,25.37
fji,sex_m,ocu_isco08_6,mts_details_total,2024,25.9
fji,sex_m,ocu_isco08_6,mts_details_union,2024,23.79
fji,sex_m,ocu_isco08_6,mts_details_wid,2024,25.37
fji,sex_m,ocu_isco08_7,mts_aggregate_1,2024,40.44
fji,sex_m,ocu_isco08_7,mts_aggregate_2,2024,40.43
fji,sex_m,ocu_isco08_7,mts_aggregate_total,2024,40.43
fji,sex_m,ocu_isco08_7,mts_details_mrd,2024,40.28
fji,sex_m,ocu_isco08_7,mts_details_sep,2024,37.81
fji,sex_m,ocu_isco08_7,mts_details_sgle,2024,41.17
fji,sex_m,ocu_isco08_7,mts_details_total,2024,40.43
fji,sex_m,ocu_isco08_7,mts_details_union,2024,44.06
fji,sex_m,ocu_isco08_7,mts_details_wid,2024,35.27
fji,sex_m,ocu_isco08_8,mts_aggregate_1,2024,42.7
fji,sex_m,ocu_isco08_8,mts_aggregate_2,2024,44.94
fji,sex_m,ocu_isco08_8,mts_aggregate_total,2024,44.34
fji,sex_m,ocu_isco08_8,mts_details_mrd,2024,44.94
fji,sex_m,ocu_isco08_8,mts_details_sep,2024,46.25
fji,sex_m,ocu_isco08_8,mts_details_sgle,2024,42.99
fji,sex_m,ocu_isco08_8,mts_details_total,2024,44.34
fji,sex_m,ocu_isco08_8,mts_details_union,2024,44.84
fji,sex_m,ocu_isco08_8,mts_details_wid,2024,29.48
fji,sex_m,ocu_isco08_9,mts_aggregate_1,2024,40
fji,sex_m,ocu_isco08_9,mts_aggregate_2,2024,36.45
fji,sex_m,ocu_isco08_9,mts_aggregate_total,2024,37.61
fji,sex_m,ocu_isco08_9,mts_details_mrd,2024,36.45
fji,sex_m,ocu_isco08_9,mts_details_sep,2024,37.64
fji,sex_m,ocu_isco08_9,mts_details_sgle,2024,40.35
fji,sex_m,ocu_isco08_9,mts_details_total,2024,37.61
fji,sex_m,ocu_isco08_9,mts_details_union,2024,36.37
fji,sex_m,ocu_isco08_9,mts_details_wid,2024,38.39
fji,sex_m,ocu_isco08_total,mts_aggregate_1,2024,38.11
fji,sex_m,ocu_isco08_total,mts_aggregate_2,2024,37.26
fji,sex_m,ocu_isco08_total,mts_aggregate_total,2024,37.51
fji,sex_m,ocu_isco08_total,mts_details_mrd,2024,37.2
fji,sex_m,ocu_isco08_total,mts_details_sep,2024,38.31
fji,sex_m,ocu_isco08_total,mts_details_sgle,2024,38.34
fji,sex_m,ocu_isco08_total,mts_details_total,2024,37.51
fji,sex_m,ocu_isco08_total,mts_details_union,2024,39.42
fji,sex_m,ocu_isco08_total,mts_details_wid,2024,34.22
fji,sex_m,ocu_skill_l1,mts_aggregate_1,2024,40
fji,sex_m,ocu_skill_l1,mts_aggregate_2,2024,36.45
fji,sex_m,ocu_skill_l1,mts_aggregate_total,2024,37.61
fji,sex_m,ocu_skill_l1,mts_details_mrd,2024,36.45
fji,sex_m,ocu_skill_l1,mts_details_sep,2024,37.64
fji,sex_m,ocu_skill_l1,mts_details_sgle,2024,40.35
fji,sex_m,ocu_skill_l1,mts_details_total,2024,37.61
fji,sex_m,ocu_skill_l1,mts_details_union,2024,36.37
fji,sex_m,ocu_skill_l1,mts_details_wid,2024,38.39
fji,sex_m,ocu_skill_l2,mts_aggregate_1,2024,37.14
fji,sex_m,ocu_skill_l2,mts_aggregate_2,2024,36.64
fji,sex_m,ocu_skill_l2,mts_aggregate_total,2024,36.78
fji,sex_m,ocu_skill_l2,mts_details_mrd,2024,36.58
fji,sex_m,ocu_skill_l2,mts_details_sep,2024,37.61
fji,sex_m,ocu_skill_l2,mts_details_sgle,2024,37.41
fji,sex_m,ocu_skill_l2,mts_details_total,2024,36.78
fji,sex_m,ocu_skill_l2,mts_details_union,2024,39.22
fji,sex_m,ocu_skill_l2,mts_details_wid,2024,32.66
fji,sex_m,ocu_skill_l3_4,mts_aggregate_1,2024,39.86
fji,sex_m,ocu_skill_l3_4,mts_aggregate_2,2024,39.68
fji,sex_m,ocu_skill_l3_4,mts_aggregate_total,2024,39.74
fji,sex_m,ocu_skill_l3_4,mts_details_mrd,2024,39.61
fji,sex_m,ocu_skill_l3_4,mts_details_sep,2024,41.57
fji,sex_m,ocu_skill_l3_4,mts_details_sgle,2024,39.74
fji,sex_m,ocu_skill_l3_4,mts_details_total,2024,39.74
fji,sex_m,ocu_skill_l3_4,mts_details_union,2024,42.88
fji,sex_m,ocu_skill_l3_4,mts_details_wid,2024,38.33
fji,sex_m,ocu_skill_total,mts_aggregate_1,2024,38.11
fji,sex_m,ocu_skill_total,mts_aggregate_2,2024,37.26
fji,sex_m,ocu_skill_total,mts_aggregate_total,2024,37.51
fji,sex_m,ocu_skill_total,mts_details_mrd,2024,37.2
fji,sex_m,ocu_skill_total,mts_details_sep,2024,38.31
fji,sex_m,ocu_skill_total,mts_details_sgle,2024,38.34
fji,sex_m,ocu_skill_total,mts_details_total,2024,37.51
fji,sex_m,ocu_skill_total,mts_details_union,2024,39.42
fji,sex_m,ocu_skill_total,mts_details_wid,2024,34.22
fji,sex_t,ocu_isco08_1,mts_aggregate_1,2024,40.33
fji,sex_t,ocu_isco08_1,mts_aggregate_2,2024,40.73
fji,sex_t,ocu_isco08_1,mts_aggregate_total,2024,40.62
fji,sex_t,ocu_isco08_1,mts_details_mrd,2024,40.75
fji,sex_t,ocu_isco08_1,mts_details_sep,2024,47
fji,sex_t,ocu_isco08_1,mts_details_sgle,2024,40.08
fji,sex_t,ocu_isco08_1,mts_details_total,2024,40.62
fji,sex_t,ocu_isco08_1,mts_details_union,2024,40
fji,sex_t,ocu_isco08_1,mts_details_wid,2024,33.33
fji,sex_t,ocu_isco08_2,mts_aggregate_1,2024,37.98
fji,sex_t,ocu_isco08_2,mts_aggregate_2,2024,39.21
fji,sex_t,ocu_isco08_2,mts_aggregate_total,2024,38.83
fji,sex_t,ocu_isco08_2,mts_details_mrd,2024,39.05
fji,sex_t,ocu_isco08_2,mts_details_sep,2024,36.72
fji,sex_t,ocu_isco08_2,mts_details_sgle,2024,38.95
fji,sex_t,ocu_isco08_2,mts_details_total,2024,38.83
fji,sex_t,ocu_isco08_2,mts_details_union,2024,46.36
fji,sex_t,ocu_isco08_2,mts_details_wid,2024,30.77
fji,sex_t,ocu_isco08_3,mts_aggregate_1,2024,39.18
fji,sex_t,ocu_isco08_3,mts_aggregate_2,2024,37.76
fji,sex_t,ocu_isco08_3,mts_aggregate_total,2024,38.29
fji,sex_t,ocu_isco08_3,mts_details_mrd,2024,37.71
fji,sex_t,ocu_isco08_3,mts_details_sep,2024,40.78
fji,sex_t,ocu_isco08_3,mts_details_sgle,2024,40.51
fji,sex_t,ocu_isco08_3,mts_details_total,2024,38.29
fji,sex_t,ocu_isco08_3,mts_details_union,2024,39.47
fji,sex_t,ocu_isco08_3,mts_details_wid,2024,25.2
fji,sex_t,ocu_isco08_4,mts_aggregate_1,2024,42.99
fji,sex_t,ocu_isco08_4,mts_aggregate_2,2024,40.78
fji,sex_t,ocu_isco08_4,mts_aggregate_total,2024,41.61
fji,sex_t,ocu_isco08_4,mts_details_mrd,2024,40.75
fji,sex_t,ocu_isco08_4,mts_details_sep,2024,42.42
fji,sex_t,ocu_isco08_4,mts_details_sgle,2024,43.48
fji,sex_t,ocu_isco08_4,mts_details_total,2024,41.61
fji,sex_t,ocu_isco08_4,mts_details_union,2024,42.05
fji,sex_t,ocu_isco08_4,mts_details_wid,2024,39.81
fji,sex_t,ocu_isco08_5,mts_aggregate_1,2024,42.27
fji,sex_t,ocu_isco08_5,mts_aggregate_2,2024,43.08
fji,sex_t,ocu_isco08_5,mts_aggregate_total,2024,42.79
fji,sex_t,ocu_isco08_5,mts_details_mrd,2024,42.97
fji,sex_t,ocu_isco08_5,mts_details_sep,2024,43.8
fji,sex_t,ocu_isco08_5,mts_details_sgle,2024,42.28
fji,sex_t,ocu_isco08_5,mts_details_total,2024,42.79
fji,sex_t,ocu_isco08_5,mts_details_union,2024,46.52
fji,sex_t,ocu_isco08_5,mts_details_wid,2024,40.9
fji,sex_t,ocu_isco08_6,mts_aggregate_1,2024,24.88
fji,sex_t,ocu_isco08_6,mts_aggregate_2,2024,25.32
fji,sex_t,ocu_isco08_6,mts_aggregate_total,2024,25.22
fji,sex_t,ocu_isco08_6,mts_details_mrd,2024,25.36
fji,sex_t,ocu_isco08_6,mts_details_sep,2024,26.85
fji,sex_t,ocu_isco08_6,mts_details_sgle,2024,25.09
fji,sex_t,ocu_isco08_6,mts_details_total,2024,25.22
fji,sex_t,ocu_isco08_6,mts_details_union,2024,21.51
fji,sex_t,ocu_isco08_6,mts_details_wid,2024,22.11
fji,sex_t,ocu_isco08_7,mts_aggregate_1,2024,39.09
fji,sex_t,ocu_isco08_7,mts_aggregate_2,2024,39.64
fji,sex_t,ocu_isco08_7,mts_aggregate_total,2024,39.47
fji,sex_t,ocu_isco08_7,mts_details_mrd,2024,39.7
fji,sex_t,ocu_isco08_7,mts_details_sep,2024,37.46
fji,sex_t,ocu_isco08_7,mts_details_sgle,2024,40.8
fji,sex_t,ocu_isco08_7,mts_details_total,2024,39.47
fji,sex_t,ocu_isco08_7,mts_details_union,2024,38.41
fji,sex_t,ocu_isco08_7,mts_details_wid,2024,30.02
fji,sex_t,ocu_isco08_8,mts_aggregate_1,2024,42.81
fji,sex_t,ocu_isco08_8,mts_aggregate_2,2024,43.19
fji,sex_t,ocu_isco08_8,mts_aggregate_total,2024,43.09
fji,sex_t,ocu_isco08_8,mts_details_mrd,2024,43.16
fji,sex_t,ocu_isco08_8,mts_details_sep,2024,46.01
fji,sex_t,ocu_isco08_8,mts_details_sgle,2024,43.46
fji,sex_t,ocu_isco08_8,mts_details_total,2024,43.09
fji,sex_t,ocu_isco08_8,mts_details_union,2024,44.66
fji,sex_t,ocu_isco08_8,mts_details_wid,2024,31.32
fji,sex_t,ocu_isco08_9,mts_aggregate_1,2024,36.95
fji,sex_t,ocu_isco08_9,mts_aggregate_2,2024,34.78
fji,sex_t,ocu_isco08_9,mts_aggregate_total,2024,35.55
fji,sex_t,ocu_isco08_9,mts_details_mrd,2024,34.59
fji,sex_t,ocu_isco08_9,mts_details_sep,2024,36.8
fji,sex_t,ocu_isco08_9,mts_details_sgle,2024,38.94
fji,sex_t,ocu_isco08_9,mts_details_total,2024,35.55
fji,sex_t,ocu_isco08_9,mts_details_union,2024,39.03
fji,sex_t,ocu_isco08_9,mts_details_wid,2024,29.58
fji,sex_t,ocu_isco08_total,mts_aggregate_1,2024,38.11
fji,sex_t,ocu_isco08_total,mts_aggregate_2,2024,36.98
fji,sex_t,ocu_isco08_total,mts_aggregate_total,2024,37.33
fji,sex_t,ocu_isco08_total,mts_details_mrd,2024,36.9
fji,sex_t,ocu_isco08_total,mts_details_sep,2024,39.14
fji,sex_t,ocu_isco08_total,mts_details_sgle,2024,39.03
fji,sex_t,ocu_isco08_total,mts_details_total,2024,37.33
fji,sex_t,ocu_isco08_total,mts_details_union,2024,40.07
fji,sex_t,ocu_isco08_total,mts_details_wid,2024,31.66
fji,sex_t,ocu_skill_l1,mts_aggregate_1,2024,36.95
fji,sex_t,ocu_skill_l1,mts_aggregate_2,2024,34.78
fji,sex_t,ocu_skill_l1,mts_aggregate_total,2024,35.55
fji,sex_t,ocu_skill_l1,mts_details_mrd,2024,34.59
fji,sex_t,ocu_skill_l1,mts_details_sep,2024,36.8
fji,sex_t,ocu_skill_l1,mts_details_sgle,2024,38.94
fji,sex_t,ocu_skill_l1,mts_details_total,2024,35.55
fji,sex_t,ocu_skill_l1,mts_details_union,2024,39.03
fji,sex_t,ocu_skill_l1,mts_details_wid,2024,29.58
fji,sex_t,ocu_skill_l2,mts_aggregate_1,2024,38.04
fji,sex_t,ocu_skill_l2,mts_aggregate_2,2024,36.56
fji,sex_t,ocu_skill_l2,mts_aggregate_total,2024,37
fji,sex_t,ocu_skill_l2,mts_details_mrd,2024,36.48
fji,sex_t,ocu_skill_l2,mts_details_sep,2024,38.88
fji,sex_t,ocu_skill_l2,mts_details_sgle,2024,38.75
fji,sex_t,ocu_skill_l2,mts_details_total,2024,37
fji,sex_t,ocu_skill_l2,mts_details_union,2024,39.59
fji,sex_t,ocu_skill_l2,mts_details_wid,2024,33.03
fji,sex_t,ocu_skill_l3_4,mts_aggregate_1,2024,38.89
fji,sex_t,ocu_skill_l3_4,mts_aggregate_2,2024,39.15
fji,sex_t,ocu_skill_l3_4,mts_aggregate_total,2024,39.07
fji,sex_t,ocu_skill_l3_4,mts_details_mrd,2024,39.08
fji,sex_t,ocu_skill_l3_4,mts_details_sep,2024,41.3
fji,sex_t,ocu_skill_l3_4,mts_details_sgle,2024,39.73
fji,sex_t,ocu_skill_l3_4,mts_details_total,2024,39.07
fji,sex_t,ocu_skill_l3_4,mts_details_union,2024,42.33
fji,sex_t,ocu_skill_l3_4,mts_details_wid,2024,29.57
fji,sex_t,ocu_skill_total,mts_aggregate_1,2024,38.11
fji,sex_t,ocu_skill_total,mts_aggregate_2,2024,36.98
fji,sex_t,ocu_skill_total,mts_aggregate_total,2024,37.33
fji,sex_t,ocu_skill_total,mts_details_mrd,2024,36.9
fji,sex_t,ocu_skill_total,mts_details_sep,2024,39.14
fji,sex_t,ocu_skill_total,mts_details_sgle,2024,39.03
fji,sex_t,ocu_skill_total,mts_details_total,2024,37.33
fji,sex_t,ocu_skill_total,mts_details_union,2024,40.07
fji,sex_t,ocu_skill_total,mts_details_wid,2024,31.66
