ref_area,sex,classif1,classif2,time,emp_pifl_sex_edu_mts_nb
atg,sex_f,edu_aggregate_adv,mts_aggregate_2,2018,0.153
atg,sex_f,edu_aggregate_adv,mts_aggregate_total,2018,0.234
atg,sex_f,edu_aggregate_adv,mts_details_mrd,2018,0.153
atg,sex_f,edu_aggregate_adv,mts_details_total,2018,0.234
atg,sex_f,edu_aggregate_bas,mts_aggregate_1,2018,0.585
atg,sex_f,edu_aggregate_bas,mts_aggregate_2,2018,0.145
atg,sex_f,edu_aggregate_bas,mts_aggregate_total,2018,0.729
atg,sex_f,edu_aggregate_bas,mts_details_mrd,2018,0.145
atg,sex_f,edu_aggregate_bas,mts_details_sgle,2018,0.426
atg,sex_f,edu_aggregate_bas,mts_details_total,2018,0.729
atg,sex_f,edu_aggregate_bas,mts_details_wid,2018,0.102
atg,sex_f,edu_aggregate_int,mts_aggregate_1,2018,0.598
atg,sex_f,edu_aggregate_int,mts_aggregate_2,2018,0.206
atg,sex_f,edu_aggregate_int,mts_aggregate_total,2018,0.804
atg,sex_f,edu_aggregate_int,mts_details_mrd,2018,0.206
atg,sex_f,edu_aggregate_int,mts_details_sgle,2018,0.509
atg,sex_f,edu_aggregate_int,mts_details_total,2018,0.804
atg,sex_f,edu_aggregate_total,mts_aggregate_1,2018,1.286
atg,sex_f,edu_aggregate_total,mts_aggregate_2,2018,0.574
atg,sex_f,edu_aggregate_total,mts_aggregate_total,2018,1.86
atg,sex_f,edu_aggregate_total,mts_details_mrd,2018,0.574
atg,sex_f,edu_aggregate_total,mts_details_sgle,2018,0.998
atg,sex_f,edu_aggregate_total,mts_details_total,2018,1.86
atg,sex_f,edu_aggregate_total,mts_details_wid,2018,0.188
atg,sex_f,edu_isced11_1,mts_aggregate_1,2018,0.332
atg,sex_f,edu_isced11_1,mts_aggregate_2,2018,0.092
atg,sex_f,edu_isced11_1,mts_aggregate_total,2018,0.424
atg,sex_f,edu_isced11_1,mts_details_mrd,2018,0.092
atg,sex_f,edu_isced11_1,mts_details_sgle,2018,0.236
atg,sex_f,edu_isced11_1,mts_details_total,2018,0.424
atg,sex_f,edu_isced11_2,mts_aggregate_1,2018,0.253
atg,sex_f,edu_isced11_2,mts_aggregate_total,2018,0.306
atg,sex_f,edu_isced11_2,mts_details_sgle,2018,0.19
atg,sex_f,edu_isced11_2,mts_details_total,2018,0.306
atg,sex_f,edu_isced11_3,mts_aggregate_1,2018,0.558
atg,sex_f,edu_isced11_3,mts_aggregate_2,2018,0.206
atg,sex_f,edu_isced11_3,mts_aggregate_total,2018,0.764
atg,sex_f,edu_isced11_3,mts_details_mrd,2018,0.206
atg,sex_f,edu_isced11_3,mts_details_sgle,2018,0.469
atg,sex_f,edu_isced11_3,mts_details_total,2018,0.764
atg,sex_f,edu_isced11_5,mts_aggregate_2,2018,0.137
atg,sex_f,edu_isced11_5,mts_aggregate_total,2018,0.18
atg,sex_f,edu_isced11_5,mts_details_mrd,2018,0.137
atg,sex_f,edu_isced11_5,mts_details_total,2018,0.18
atg,sex_f,edu_isced11_total,mts_aggregate_1,2018,1.286
atg,sex_f,edu_isced11_total,mts_aggregate_2,2018,0.574
atg,sex_f,edu_isced11_total,mts_aggregate_total,2018,1.86
atg,sex_f,edu_isced11_total,mts_details_mrd,2018,0.574
atg,sex_f,edu_isced11_total,mts_details_sgle,2018,0.998
atg,sex_f,edu_isced11_total,mts_details_total,2018,1.86
atg,sex_f,edu_isced11_total,mts_details_wid,2018,0.188
atg,sex_m,edu_aggregate_adv,mts_aggregate_1,2018,0.36
atg,sex_m,edu_aggregate_adv,mts_aggregate_2,2018,0.17
atg,sex_m,edu_aggregate_adv,mts_aggregate_total,2018,0.529
atg,sex_m,edu_aggregate_adv,mts_details_mrd,2018,0.17
atg,sex_m,edu_aggregate_adv,mts_details_sgle,2018,0.194
atg,sex_m,edu_aggregate_adv,mts_details_total,2018,0.529
atg,sex_m,edu_aggregate_bas,mts_aggregate_1,2018,1.425
atg,sex_m,edu_aggregate_bas,mts_aggregate_2,2018,0.441
atg,sex_m,edu_aggregate_bas,mts_aggregate_total,2018,1.866
atg,sex_m,edu_aggregate_bas,mts_details_mrd,2018,0.441
atg,sex_m,edu_aggregate_bas,mts_details_sgle,2018,1.342
atg,sex_m,edu_aggregate_bas,mts_details_total,2018,1.866
atg,sex_m,edu_aggregate_int,mts_aggregate_1,2018,0.904
atg,sex_m,edu_aggregate_int,mts_aggregate_2,2018,0.4
atg,sex_m,edu_aggregate_int,mts_aggregate_total,2018,1.304
atg,sex_m,edu_aggregate_int,mts_details_mrd,2018,0.4
atg,sex_m,edu_aggregate_int,mts_details_sgle,2018,0.871
atg,sex_m,edu_aggregate_int,mts_details_total,2018,1.304
atg,sex_m,edu_aggregate_ltb,mts_aggregate_1,2018,0.114
atg,sex_m,edu_aggregate_ltb,mts_aggregate_total,2018,0.19
atg,sex_m,edu_aggregate_ltb,mts_details_sgle,2018,0.114
atg,sex_m,edu_aggregate_ltb,mts_details_total,2018,0.19
atg,sex_m,edu_aggregate_total,mts_aggregate_1,2018,2.884
atg,sex_m,edu_aggregate_total,mts_aggregate_2,2018,1.087
atg,sex_m,edu_aggregate_total,mts_aggregate_total,2018,3.971
atg,sex_m,edu_aggregate_total,mts_details_mrd,2018,1.087
atg,sex_m,edu_aggregate_total,mts_details_sep,2018,0.226
atg,sex_m,edu_aggregate_total,mts_details_sgle,2018,2.602
atg,sex_m,edu_aggregate_total,mts_details_total,2018,3.971
atg,sex_m,edu_isced11_1,mts_aggregate_1,2018,0.885
atg,sex_m,edu_isced11_1,mts_aggregate_2,2018,0.261
atg,sex_m,edu_isced11_1,mts_aggregate_total,2018,1.146
atg,sex_m,edu_isced11_1,mts_details_mrd,2018,0.261
atg,sex_m,edu_isced11_1,mts_details_sgle,2018,0.841
atg,sex_m,edu_isced11_1,mts_details_total,2018,1.146
atg,sex_m,edu_isced11_2,mts_aggregate_1,2018,0.54
atg,sex_m,edu_isced11_2,mts_aggregate_2,2018,0.18
atg,sex_m,edu_isced11_2,mts_aggregate_total,2018,0.72
atg,sex_m,edu_isced11_2,mts_details_mrd,2018,0.18
atg,sex_m,edu_isced11_2,mts_details_sgle,2018,0.501
atg,sex_m,edu_isced11_2,mts_details_total,2018,0.72
atg,sex_m,edu_isced11_3,mts_aggregate_1,2018,0.871
atg,sex_m,edu_isced11_3,mts_aggregate_2,2018,0.383
atg,sex_m,edu_isced11_3,mts_aggregate_total,2018,1.254
atg,sex_m,edu_isced11_3,mts_details_mrd,2018,0.383
atg,sex_m,edu_isced11_3,mts_details_sgle,2018,0.838
atg,sex_m,edu_isced11_3,mts_details_total,2018,1.254
atg,sex_m,edu_isced11_5,mts_aggregate_1,2018,0.184
atg,sex_m,edu_isced11_5,mts_aggregate_total,2018,0.221
atg,sex_m,edu_isced11_5,mts_details_sgle,2018,0.167
atg,sex_m,edu_isced11_5,mts_details_total,2018,0.221
atg,sex_m,edu_isced11_6,mts_aggregate_1,2018,0.176
atg,sex_m,edu_isced11_6,mts_aggregate_2,2018,0.133
atg,sex_m,edu_isced11_6,mts_aggregate_total,2018,0.308
atg,sex_m,edu_isced11_6,mts_details_mrd,2018,0.133
atg,sex_m,edu_isced11_6,mts_details_total,2018,0.308
atg,sex_m,edu_isced11_total,mts_aggregate_1,2018,2.884
atg,sex_m,edu_isced11_total,mts_aggregate_2,2018,1.087
atg,sex_m,edu_isced11_total,mts_aggregate_total,2018,3.971
atg,sex_m,edu_isced11_total,mts_details_mrd,2018,1.087
atg,sex_m,edu_isced11_total,mts_details_sep,2018,0.226
atg,sex_m,edu_isced11_total,mts_details_sgle,2018,2.602
atg,sex_m,edu_isced11_total,mts_details_total,2018,3.971
atg,sex_m,edu_isced11_x,mts_aggregate_total,2018,0.164
atg,sex_m,edu_isced11_x,mts_details_total,2018,0.164
atg,sex_t,edu_aggregate_adv,mts_aggregate_1,2018,0.44
atg,sex_t,edu_aggregate_adv,mts_aggregate_2,2018,0.323
atg,sex_t,edu_aggregate_adv,mts_aggregate_total,2018,0.763
atg,sex_t,edu_aggregate_adv,mts_details_mrd,2018,0.323
atg,sex_t,edu_aggregate_adv,mts_details_sgle,2018,0.234
atg,sex_t,edu_aggregate_adv,mts_details_total,2018,0.763
atg,sex_t,edu_aggregate_bas,mts_aggregate_1,2018,2.01
atg,sex_t,edu_aggregate_bas,mts_aggregate_2,2018,0.586
atg,sex_t,edu_aggregate_bas,mts_aggregate_total,2018,2.595
atg,sex_t,edu_aggregate_bas,mts_details_mrd,2018,0.586
atg,sex_t,edu_aggregate_bas,mts_details_sep,2018,0.117
atg,sex_t,edu_aggregate_bas,mts_details_sgle,2018,1.768
atg,sex_t,edu_aggregate_bas,mts_details_total,2018,2.595
atg,sex_t,edu_aggregate_bas,mts_details_wid,2018,0.125
atg,sex_t,edu_aggregate_int,mts_aggregate_1,2018,1.502
atg,sex_t,edu_aggregate_int,mts_aggregate_2,2018,0.606
atg,sex_t,edu_aggregate_int,mts_aggregate_total,2018,2.108
atg,sex_t,edu_aggregate_int,mts_details_mrd,2018,0.606
atg,sex_t,edu_aggregate_int,mts_details_sgle,2018,1.379
atg,sex_t,edu_aggregate_int,mts_details_total,2018,2.108
atg,sex_t,edu_aggregate_ltb,mts_aggregate_1,2018,0.114
atg,sex_t,edu_aggregate_ltb,mts_aggregate_total,2018,0.19
atg,sex_t,edu_aggregate_ltb,mts_details_sgle,2018,0.114
atg,sex_t,edu_aggregate_ltb,mts_details_total,2018,0.19
atg,sex_t,edu_aggregate_total,mts_aggregate_1,2018,4.169
atg,sex_t,edu_aggregate_total,mts_aggregate_2,2018,1.661
atg,sex_t,edu_aggregate_total,mts_aggregate_total,2018,5.831
atg,sex_t,edu_aggregate_total,mts_details_mrd,2018,1.661
atg,sex_t,edu_aggregate_total,mts_details_sep,2018,0.325
atg,sex_t,edu_aggregate_total,mts_details_sgle,2018,3.599
atg,sex_t,edu_aggregate_total,mts_details_total,2018,5.831
atg,sex_t,edu_aggregate_total,mts_details_wid,2018,0.245
atg,sex_t,edu_aggregate_x,mts_aggregate_total,2018,0.174
atg,sex_t,edu_aggregate_x,mts_details_total,2018,0.174
atg,sex_t,edu_isced11_1,mts_aggregate_1,2018,1.217
atg,sex_t,edu_isced11_1,mts_aggregate_2,2018,0.353
atg,sex_t,edu_isced11_1,mts_aggregate_total,2018,1.569
atg,sex_t,edu_isced11_1,mts_details_mrd,2018,0.353
atg,sex_t,edu_isced11_1,mts_details_sgle,2018,1.076
atg,sex_t,edu_isced11_1,mts_details_total,2018,1.569
atg,sex_t,edu_isced11_2,mts_aggregate_1,2018,0.793
atg,sex_t,edu_isced11_2,mts_aggregate_2,2018,0.233
atg,sex_t,edu_isced11_2,mts_aggregate_total,2018,1.026
atg,sex_t,edu_isced11_2,mts_details_mrd,2018,0.233
atg,sex_t,edu_isced11_2,mts_details_sgle,2018,0.691
atg,sex_t,edu_isced11_2,mts_details_total,2018,1.026
atg,sex_t,edu_isced11_3,mts_aggregate_1,2018,1.429
atg,sex_t,edu_isced11_3,mts_aggregate_2,2018,0.589
atg,sex_t,edu_isced11_3,mts_aggregate_total,2018,2.019
atg,sex_t,edu_isced11_3,mts_details_mrd,2018,0.589
atg,sex_t,edu_isced11_3,mts_details_sgle,2018,1.307
atg,sex_t,edu_isced11_3,mts_details_total,2018,2.019
atg,sex_t,edu_isced11_4,mts_aggregate_total,2018,0.089
atg,sex_t,edu_isced11_4,mts_details_total,2018,0.089
atg,sex_t,edu_isced11_5,mts_aggregate_1,2018,0.227
atg,sex_t,edu_isced11_5,mts_aggregate_2,2018,0.174
atg,sex_t,edu_isced11_5,mts_aggregate_total,2018,0.401
atg,sex_t,edu_isced11_5,mts_details_mrd,2018,0.174
atg,sex_t,edu_isced11_5,mts_details_sgle,2018,0.188
atg,sex_t,edu_isced11_5,mts_details_total,2018,0.401
atg,sex_t,edu_isced11_6,mts_aggregate_1,2018,0.212
atg,sex_t,edu_isced11_6,mts_aggregate_2,2018,0.15
atg,sex_t,edu_isced11_6,mts_aggregate_total,2018,0.362
atg,sex_t,edu_isced11_6,mts_details_mrd,2018,0.15
atg,sex_t,edu_isced11_6,mts_details_total,2018,0.362
atg,sex_t,edu_isced11_9,mts_aggregate_total,2018,0.174
atg,sex_t,edu_isced11_9,mts_details_total,2018,0.174
atg,sex_t,edu_isced11_total,mts_aggregate_1,2018,4.169
atg,sex_t,edu_isced11_total,mts_aggregate_2,2018,1.661
atg,sex_t,edu_isced11_total,mts_aggregate_total,2018,5.831
atg,sex_t,edu_isced11_total,mts_details_mrd,2018,1.661
atg,sex_t,edu_isced11_total,mts_details_sep,2018,0.325
atg,sex_t,edu_isced11_total,mts_details_sgle,2018,3.599
atg,sex_t,edu_isced11_total,mts_details_total,2018,5.831
atg,sex_t,edu_isced11_total,mts_details_wid,2018,0.245
atg,sex_t,edu_isced11_x,mts_aggregate_total,2018,0.164
atg,sex_t,edu_isced11_x,mts_details_total,2018,0.164
