ref_area,sex,classif1,classif2,time,emp_pifl_sex_eco_edu_nb
lbn,sex_f,eco_aggregate_agr,edu_aggregate_adv,2019,0.13
lbn,sex_f,eco_aggregate_agr,edu_aggregate_bas,2019,3.642
lbn,sex_f,eco_aggregate_agr,edu_aggregate_int,2019,0.427
lbn,sex_f,eco_aggregate_agr,edu_aggregate_ltb,2019,2.835
lbn,sex_f,eco_aggregate_agr,edu_aggregate_total,2019,7.035
lbn,sex_f,eco_aggregate_agr,edu_isced11_1,2019,1.973
lbn,sex_f,eco_aggregate_agr,edu_isced11_2,2019,1.669
lbn,sex_f,eco_aggregate_agr,edu_isced11_3,2019,0.297
lbn,sex_f,eco_aggregate_agr,edu_isced11_6,2019,0.123
lbn,sex_f,eco_aggregate_agr,edu_isced11_total,2019,7.035
lbn,sex_f,eco_aggregate_agr,edu_isced11_x,2019,2.835
lbn,sex_f,eco_aggregate_con,edu_aggregate_total,2019,0.167
lbn,sex_f,eco_aggregate_con,edu_isced11_total,2019,0.167
lbn,sex_f,eco_aggregate_man,edu_aggregate_adv,2019,0.978
lbn,sex_f,eco_aggregate_man,edu_aggregate_bas,2019,6.4
lbn,sex_f,eco_aggregate_man,edu_aggregate_int,2019,1.986
lbn,sex_f,eco_aggregate_man,edu_aggregate_ltb,2019,1.886
lbn,sex_f,eco_aggregate_man,edu_aggregate_total,2019,11.251
lbn,sex_f,eco_aggregate_man,edu_isced11_1,2019,3.19
lbn,sex_f,eco_aggregate_man,edu_isced11_2,2019,3.211
lbn,sex_f,eco_aggregate_man,edu_isced11_3,2019,1.826
lbn,sex_f,eco_aggregate_man,edu_isced11_5,2019,0.25
lbn,sex_f,eco_aggregate_man,edu_isced11_6,2019,0.547
lbn,sex_f,eco_aggregate_man,edu_isced11_7,2019,0.169
lbn,sex_f,eco_aggregate_man,edu_isced11_total,2019,11.251
lbn,sex_f,eco_aggregate_man,edu_isced11_x,2019,1.886
lbn,sex_f,eco_aggregate_mkt,edu_aggregate_adv,2019,9.745
lbn,sex_f,eco_aggregate_mkt,edu_aggregate_bas,2019,16.544
lbn,sex_f,eco_aggregate_mkt,edu_aggregate_int,2019,6.061
lbn,sex_f,eco_aggregate_mkt,edu_aggregate_ltb,2019,3.651
lbn,sex_f,eco_aggregate_mkt,edu_aggregate_total,2019,36.053
lbn,sex_f,eco_aggregate_mkt,edu_isced11_1,2019,6.946
lbn,sex_f,eco_aggregate_mkt,edu_isced11_2,2019,9.598
lbn,sex_f,eco_aggregate_mkt,edu_isced11_3,2019,4.994
lbn,sex_f,eco_aggregate_mkt,edu_isced11_4,2019,1.067
lbn,sex_f,eco_aggregate_mkt,edu_isced11_5,2019,1.726
lbn,sex_f,eco_aggregate_mkt,edu_isced11_6,2019,3.313
lbn,sex_f,eco_aggregate_mkt,edu_isced11_7,2019,4.259
lbn,sex_f,eco_aggregate_mkt,edu_isced11_8,2019,0.446
lbn,sex_f,eco_aggregate_mkt,edu_isced11_total,2019,36.053
lbn,sex_f,eco_aggregate_mkt,edu_isced11_x,2019,3.639
lbn,sex_f,eco_aggregate_pub,edu_aggregate_adv,2019,11.537
lbn,sex_f,eco_aggregate_pub,edu_aggregate_bas,2019,44.666
lbn,sex_f,eco_aggregate_pub,edu_aggregate_int,2019,10.832
lbn,sex_f,eco_aggregate_pub,edu_aggregate_ltb,2019,65.205
lbn,sex_f,eco_aggregate_pub,edu_aggregate_total,2019,134.711
lbn,sex_f,eco_aggregate_pub,edu_aggregate_x,2019,2.471
lbn,sex_f,eco_aggregate_pub,edu_isced11_1,2019,25.228
lbn,sex_f,eco_aggregate_pub,edu_isced11_2,2019,19.438
lbn,sex_f,eco_aggregate_pub,edu_isced11_3,2019,8.886
lbn,sex_f,eco_aggregate_pub,edu_isced11_4,2019,1.946
lbn,sex_f,eco_aggregate_pub,edu_isced11_5,2019,2.079
lbn,sex_f,eco_aggregate_pub,edu_isced11_6,2019,5.073
lbn,sex_f,eco_aggregate_pub,edu_isced11_7,2019,3.751
lbn,sex_f,eco_aggregate_pub,edu_isced11_8,2019,0.634
lbn,sex_f,eco_aggregate_pub,edu_isced11_9,2019,2.471
lbn,sex_f,eco_aggregate_pub,edu_isced11_total,2019,134.711
lbn,sex_f,eco_aggregate_pub,edu_isced11_x,2019,65.205
lbn,sex_f,eco_aggregate_total,edu_aggregate_adv,2019,22.466
lbn,sex_f,eco_aggregate_total,edu_aggregate_bas,2019,72.193
lbn,sex_f,eco_aggregate_total,edu_aggregate_int,2019,19.445
lbn,sex_f,eco_aggregate_total,edu_aggregate_ltb,2019,73.919
lbn,sex_f,eco_aggregate_total,edu_aggregate_total,2019,190.546
lbn,sex_f,eco_aggregate_total,edu_aggregate_x,2019,2.522
lbn,sex_f,eco_aggregate_total,edu_isced11_1,2019,37.915
lbn,sex_f,eco_aggregate_total,edu_isced11_2,2019,34.278
lbn,sex_f,eco_aggregate_total,edu_isced11_3,2019,16.121
lbn,sex_f,eco_aggregate_total,edu_isced11_4,2019,3.324
lbn,sex_f,eco_aggregate_total,edu_isced11_5,2019,4.063
lbn,sex_f,eco_aggregate_total,edu_isced11_6,2019,9.056
lbn,sex_f,eco_aggregate_total,edu_isced11_7,2019,8.216
lbn,sex_f,eco_aggregate_total,edu_isced11_8,2019,1.131
lbn,sex_f,eco_aggregate_total,edu_isced11_9,2019,2.522
lbn,sex_f,eco_aggregate_total,edu_isced11_total,2019,190.546
lbn,sex_f,eco_aggregate_total,edu_isced11_x,2019,73.907
lbn,sex_f,eco_aggregate_x,edu_aggregate_bas,2019,0.792
lbn,sex_f,eco_aggregate_x,edu_aggregate_ltb,2019,0.341
lbn,sex_f,eco_aggregate_x,edu_aggregate_total,2019,1.309
lbn,sex_f,eco_aggregate_x,edu_isced11_1,2019,0.555
lbn,sex_f,eco_aggregate_x,edu_isced11_2,2019,0.238
lbn,sex_f,eco_aggregate_x,edu_isced11_total,2019,1.309
lbn,sex_f,eco_aggregate_x,edu_isced11_x,2019,0.341
lbn,sex_f,eco_isic4_a,edu_aggregate_adv,2019,0.13
lbn,sex_f,eco_isic4_a,edu_aggregate_bas,2019,3.642
lbn,sex_f,eco_isic4_a,edu_aggregate_int,2019,0.427
lbn,sex_f,eco_isic4_a,edu_aggregate_ltb,2019,2.835
lbn,sex_f,eco_isic4_a,edu_aggregate_total,2019,7.035
lbn,sex_f,eco_isic4_a,edu_isced11_1,2019,1.973
lbn,sex_f,eco_isic4_a,edu_isced11_2,2019,1.669
lbn,sex_f,eco_isic4_a,edu_isced11_3,2019,0.297
lbn,sex_f,eco_isic4_a,edu_isced11_6,2019,0.123
lbn,sex_f,eco_isic4_a,edu_isced11_total,2019,7.035
lbn,sex_f,eco_isic4_a,edu_isced11_x,2019,2.835
lbn,sex_f,eco_isic4_c,edu_aggregate_adv,2019,0.978
lbn,sex_f,eco_isic4_c,edu_aggregate_bas,2019,6.4
lbn,sex_f,eco_isic4_c,edu_aggregate_int,2019,1.986
lbn,sex_f,eco_isic4_c,edu_aggregate_ltb,2019,1.886
lbn,sex_f,eco_isic4_c,edu_aggregate_total,2019,11.251
lbn,sex_f,eco_isic4_c,edu_isced11_1,2019,3.19
lbn,sex_f,eco_isic4_c,edu_isced11_2,2019,3.211
lbn,sex_f,eco_isic4_c,edu_isced11_3,2019,1.826
lbn,sex_f,eco_isic4_c,edu_isced11_5,2019,0.25
lbn,sex_f,eco_isic4_c,edu_isced11_6,2019,0.547
lbn,sex_f,eco_isic4_c,edu_isced11_7,2019,0.169
lbn,sex_f,eco_isic4_c,edu_isced11_total,2019,11.251
lbn,sex_f,eco_isic4_c,edu_isced11_x,2019,1.886
lbn,sex_f,eco_isic4_f,edu_aggregate_total,2019,0.167
lbn,sex_f,eco_isic4_f,edu_isced11_total,2019,0.167
lbn,sex_f,eco_isic4_g,edu_aggregate_adv,2019,4.034
lbn,sex_f,eco_isic4_g,edu_aggregate_bas,2019,12.488
lbn,sex_f,eco_isic4_g,edu_aggregate_int,2019,4.656
lbn,sex_f,eco_isic4_g,edu_aggregate_ltb,2019,2.219
lbn,sex_f,eco_isic4_g,edu_aggregate_total,2019,23.398
lbn,sex_f,eco_isic4_g,edu_isced11_1,2019,4.742
lbn,sex_f,eco_isic4_g,edu_isced11_2,2019,7.746
lbn,sex_f,eco_isic4_g,edu_isced11_3,2019,3.85
lbn,sex_f,eco_isic4_g,edu_isced11_4,2019,0.806
lbn,sex_f,eco_isic4_g,edu_isced11_5,2019,1.211
lbn,sex_f,eco_isic4_g,edu_isced11_6,2019,1.61
lbn,sex_f,eco_isic4_g,edu_isced11_7,2019,1.177
lbn,sex_f,eco_isic4_g,edu_isced11_total,2019,23.398
lbn,sex_f,eco_isic4_g,edu_isced11_x,2019,2.208
lbn,sex_f,eco_isic4_h,edu_aggregate_bas,2019,0.332
lbn,sex_f,eco_isic4_h,edu_aggregate_total,2019,0.396
lbn,sex_f,eco_isic4_h,edu_isced11_2,2019,0.208
lbn,sex_f,eco_isic4_h,edu_isced11_total,2019,0.396
lbn,sex_f,eco_isic4_i,edu_aggregate_adv,2019,0.563
lbn,sex_f,eco_isic4_i,edu_aggregate_bas,2019,1.255
lbn,sex_f,eco_isic4_i,edu_aggregate_int,2019,0.554
lbn,sex_f,eco_isic4_i,edu_aggregate_ltb,2019,0.272
lbn,sex_f,eco_isic4_i,edu_aggregate_total,2019,2.645
lbn,sex_f,eco_isic4_i,edu_isced11_1,2019,0.539
lbn,sex_f,eco_isic4_i,edu_isced11_2,2019,0.716
lbn,sex_f,eco_isic4_i,edu_isced11_3,2019,0.451
lbn,sex_f,eco_isic4_i,edu_isced11_5,2019,0.156
lbn,sex_f,eco_isic4_i,edu_isced11_6,2019,0.336
lbn,sex_f,eco_isic4_i,edu_isced11_total,2019,2.645
lbn,sex_f,eco_isic4_i,edu_isced11_x,2019,0.272
lbn,sex_f,eco_isic4_j,edu_aggregate_adv,2019,1.268
lbn,sex_f,eco_isic4_j,edu_aggregate_bas,2019,0.149
lbn,sex_f,eco_isic4_j,edu_aggregate_total,2019,1.5
lbn,sex_f,eco_isic4_j,edu_isced11_6,2019,0.249
lbn,sex_f,eco_isic4_j,edu_isced11_7,2019,0.909
lbn,sex_f,eco_isic4_j,edu_isced11_total,2019,1.5
lbn,sex_f,eco_isic4_k,edu_aggregate_total,2019,0.256
lbn,sex_f,eco_isic4_k,edu_isced11_total,2019,0.256
lbn,sex_f,eco_isic4_l,edu_aggregate_total,2019,0.177
lbn,sex_f,eco_isic4_l,edu_isced11_total,2019,0.177
lbn,sex_f,eco_isic4_m,edu_aggregate_adv,2019,3.324
lbn,sex_f,eco_isic4_m,edu_aggregate_bas,2019,0.283
lbn,sex_f,eco_isic4_m,edu_aggregate_int,2019,0.301
lbn,sex_f,eco_isic4_m,edu_aggregate_total,2019,3.908
lbn,sex_f,eco_isic4_m,edu_isced11_1,2019,0.116
lbn,sex_f,eco_isic4_m,edu_isced11_2,2019,0.167
lbn,sex_f,eco_isic4_m,edu_isced11_3,2019,0.279
lbn,sex_f,eco_isic4_m,edu_isced11_5,2019,0.278
lbn,sex_f,eco_isic4_m,edu_isced11_6,2019,0.963
lbn,sex_f,eco_isic4_m,edu_isced11_7,2019,1.783
lbn,sex_f,eco_isic4_m,edu_isced11_8,2019,0.299
lbn,sex_f,eco_isic4_m,edu_isced11_total,2019,3.908
lbn,sex_f,eco_isic4_n,edu_aggregate_adv,2019,0.368
lbn,sex_f,eco_isic4_n,edu_aggregate_bas,2019,1.889
lbn,sex_f,eco_isic4_n,edu_aggregate_int,2019,0.378
lbn,sex_f,eco_isic4_n,edu_aggregate_ltb,2019,1.139
lbn,sex_f,eco_isic4_n,edu_aggregate_total,2019,3.774
lbn,sex_f,eco_isic4_n,edu_isced11_1,2019,1.315
lbn,sex_f,eco_isic4_n,edu_isced11_2,2019,0.573
lbn,sex_f,eco_isic4_n,edu_isced11_3,2019,0.378
lbn,sex_f,eco_isic4_n,edu_isced11_7,2019,0.27
lbn,sex_f,eco_isic4_n,edu_isced11_total,2019,3.774
lbn,sex_f,eco_isic4_n,edu_isced11_x,2019,1.139
lbn,sex_f,eco_isic4_p,edu_aggregate_adv,2019,4.39
lbn,sex_f,eco_isic4_p,edu_aggregate_bas,2019,0.527
lbn,sex_f,eco_isic4_p,edu_aggregate_int,2019,1.209
lbn,sex_f,eco_isic4_p,edu_aggregate_total,2019,6.215
lbn,sex_f,eco_isic4_p,edu_isced11_1,2019,0.166
lbn,sex_f,eco_isic4_p,edu_isced11_2,2019,0.362
lbn,sex_f,eco_isic4_p,edu_isced11_3,2019,1.03
lbn,sex_f,eco_isic4_p,edu_isced11_4,2019,0.178
lbn,sex_f,eco_isic4_p,edu_isced11_5,2019,0.603
lbn,sex_f,eco_isic4_p,edu_isced11_6,2019,2.042
lbn,sex_f,eco_isic4_p,edu_isced11_7,2019,1.566
lbn,sex_f,eco_isic4_p,edu_isced11_8,2019,0.179
lbn,sex_f,eco_isic4_p,edu_isced11_total,2019,6.215
lbn,sex_f,eco_isic4_q,edu_aggregate_adv,2019,1.646
lbn,sex_f,eco_isic4_q,edu_aggregate_bas,2019,0.92
lbn,sex_f,eco_isic4_q,edu_aggregate_int,2019,0.695
lbn,sex_f,eco_isic4_q,edu_aggregate_total,2019,3.343
lbn,sex_f,eco_isic4_q,edu_isced11_1,2019,0.341
lbn,sex_f,eco_isic4_q,edu_isced11_2,2019,0.579
lbn,sex_f,eco_isic4_q,edu_isced11_3,2019,0.495
lbn,sex_f,eco_isic4_q,edu_isced11_4,2019,0.2
lbn,sex_f,eco_isic4_q,edu_isced11_6,2019,0.539
lbn,sex_f,eco_isic4_q,edu_isced11_7,2019,0.849
lbn,sex_f,eco_isic4_q,edu_isced11_8,2019,0.238
lbn,sex_f,eco_isic4_q,edu_isced11_total,2019,3.343
lbn,sex_f,eco_isic4_r,edu_aggregate_adv,2019,0.42
lbn,sex_f,eco_isic4_r,edu_aggregate_int,2019,0.177
lbn,sex_f,eco_isic4_r,edu_aggregate_total,2019,0.707
lbn,sex_f,eco_isic4_r,edu_isced11_6,2019,0.151
lbn,sex_f,eco_isic4_r,edu_isced11_7,2019,0.17
lbn,sex_f,eco_isic4_r,edu_isced11_total,2019,0.707
lbn,sex_f,eco_isic4_s,edu_aggregate_adv,2019,2.018
lbn,sex_f,eco_isic4_s,edu_aggregate_bas,2019,4.495
lbn,sex_f,eco_isic4_s,edu_aggregate_int,2019,2.258
lbn,sex_f,eco_isic4_s,edu_aggregate_ltb,2019,0.19
lbn,sex_f,eco_isic4_s,edu_aggregate_total,2019,9.076
lbn,sex_f,eco_isic4_s,edu_isced11_1,2019,1.24
lbn,sex_f,eco_isic4_s,edu_isced11_2,2019,3.255
lbn,sex_f,eco_isic4_s,edu_isced11_3,2019,1.545
lbn,sex_f,eco_isic4_s,edu_isced11_4,2019,0.713
lbn,sex_f,eco_isic4_s,edu_isced11_5,2019,0.441
lbn,sex_f,eco_isic4_s,edu_isced11_6,2019,1.09
lbn,sex_f,eco_isic4_s,edu_isced11_7,2019,0.455
lbn,sex_f,eco_isic4_s,edu_isced11_total,2019,9.076
lbn,sex_f,eco_isic4_s,edu_isced11_x,2019,0.19
lbn,sex_f,eco_isic4_t,edu_aggregate_adv,2019,2.598
lbn,sex_f,eco_isic4_t,edu_aggregate_bas,2019,38.447
lbn,sex_f,eco_isic4_t,edu_aggregate_int,2019,6.444
lbn,sex_f,eco_isic4_t,edu_aggregate_ltb,2019,64.874
lbn,sex_f,eco_isic4_t,edu_aggregate_total,2019,114.69
lbn,sex_f,eco_isic4_t,edu_aggregate_x,2019,2.327
lbn,sex_f,eco_isic4_t,edu_isced11_1,2019,23.401
lbn,sex_f,eco_isic4_t,edu_isced11_2,2019,15.046
lbn,sex_f,eco_isic4_t,edu_isced11_3,2019,5.71
lbn,sex_f,eco_isic4_t,edu_isced11_4,2019,0.734
lbn,sex_f,eco_isic4_t,edu_isced11_5,2019,0.901
lbn,sex_f,eco_isic4_t,edu_isced11_6,2019,1.108
lbn,sex_f,eco_isic4_t,edu_isced11_7,2019,0.516
lbn,sex_f,eco_isic4_t,edu_isced11_9,2019,2.327
lbn,sex_f,eco_isic4_t,edu_isced11_total,2019,114.69
lbn,sex_f,eco_isic4_t,edu_isced11_x,2019,64.874
lbn,sex_f,eco_isic4_total,edu_aggregate_adv,2019,22.466
lbn,sex_f,eco_isic4_total,edu_aggregate_bas,2019,72.193
lbn,sex_f,eco_isic4_total,edu_aggregate_int,2019,19.445
lbn,sex_f,eco_isic4_total,edu_aggregate_ltb,2019,73.919
lbn,sex_f,eco_isic4_total,edu_aggregate_total,2019,190.546
lbn,sex_f,eco_isic4_total,edu_aggregate_x,2019,2.522
lbn,sex_f,eco_isic4_total,edu_isced11_1,2019,37.915
lbn,sex_f,eco_isic4_total,edu_isced11_2,2019,34.278
lbn,sex_f,eco_isic4_total,edu_isced11_3,2019,16.121
lbn,sex_f,eco_isic4_total,edu_isced11_4,2019,3.324
lbn,sex_f,eco_isic4_total,edu_isced11_5,2019,4.063
lbn,sex_f,eco_isic4_total,edu_isced11_6,2019,9.056
lbn,sex_f,eco_isic4_total,edu_isced11_7,2019,8.216
lbn,sex_f,eco_isic4_total,edu_isced11_8,2019,1.131
lbn,sex_f,eco_isic4_total,edu_isced11_9,2019,2.522
lbn,sex_f,eco_isic4_total,edu_isced11_total,2019,190.546
lbn,sex_f,eco_isic4_total,edu_isced11_x,2019,73.907
lbn,sex_f,eco_isic4_u,edu_aggregate_adv,2019,0.463
lbn,sex_f,eco_isic4_u,edu_aggregate_total,2019,0.656
lbn,sex_f,eco_isic4_u,edu_isced11_7,2019,0.193
lbn,sex_f,eco_isic4_u,edu_isced11_total,2019,0.656
lbn,sex_f,eco_isic4_x,edu_aggregate_bas,2019,0.792
lbn,sex_f,eco_isic4_x,edu_aggregate_ltb,2019,0.341
lbn,sex_f,eco_isic4_x,edu_aggregate_total,2019,1.309
lbn,sex_f,eco_isic4_x,edu_isced11_1,2019,0.555
lbn,sex_f,eco_isic4_x,edu_isced11_2,2019,0.238
lbn,sex_f,eco_isic4_x,edu_isced11_total,2019,1.309
lbn,sex_f,eco_isic4_x,edu_isced11_x,2019,0.341
lbn,sex_f,eco_sector_agr,edu_aggregate_adv,2019,0.13
lbn,sex_f,eco_sector_agr,edu_aggregate_bas,2019,3.642
lbn,sex_f,eco_sector_agr,edu_aggregate_int,2019,0.427
lbn,sex_f,eco_sector_agr,edu_aggregate_ltb,2019,2.835
lbn,sex_f,eco_sector_agr,edu_aggregate_total,2019,7.035
lbn,sex_f,eco_sector_agr,edu_isced11_1,2019,1.973
lbn,sex_f,eco_sector_agr,edu_isced11_2,2019,1.669
lbn,sex_f,eco_sector_agr,edu_isced11_3,2019,0.297
lbn,sex_f,eco_sector_agr,edu_isced11_6,2019,0.123
lbn,sex_f,eco_sector_agr,edu_isced11_total,2019,7.035
lbn,sex_f,eco_sector_agr,edu_isced11_x,2019,2.835
lbn,sex_f,eco_sector_ind,edu_aggregate_adv,2019,0.978
lbn,sex_f,eco_sector_ind,edu_aggregate_bas,2019,6.549
lbn,sex_f,eco_sector_ind,edu_aggregate_int,2019,2.026
lbn,sex_f,eco_sector_ind,edu_aggregate_ltb,2019,1.886
lbn,sex_f,eco_sector_ind,edu_aggregate_total,2019,11.439
lbn,sex_f,eco_sector_ind,edu_isced11_1,2019,3.212
lbn,sex_f,eco_sector_ind,edu_isced11_2,2019,3.337
lbn,sex_f,eco_sector_ind,edu_isced11_3,2019,1.845
lbn,sex_f,eco_sector_ind,edu_isced11_4,2019,0.18
lbn,sex_f,eco_sector_ind,edu_isced11_5,2019,0.25
lbn,sex_f,eco_sector_ind,edu_isced11_6,2019,0.547
lbn,sex_f,eco_sector_ind,edu_isced11_7,2019,0.169
lbn,sex_f,eco_sector_ind,edu_isced11_total,2019,11.439
lbn,sex_f,eco_sector_ind,edu_isced11_x,2019,1.886
lbn,sex_f,eco_sector_nag,edu_aggregate_adv,2019,22.336
lbn,sex_f,eco_sector_nag,edu_aggregate_bas,2019,68.551
lbn,sex_f,eco_sector_nag,edu_aggregate_int,2019,19.018
lbn,sex_f,eco_sector_nag,edu_aggregate_ltb,2019,71.084
lbn,sex_f,eco_sector_nag,edu_aggregate_total,2019,183.511
lbn,sex_f,eco_sector_nag,edu_aggregate_x,2019,2.522
lbn,sex_f,eco_sector_nag,edu_isced11_1,2019,35.941
lbn,sex_f,eco_sector_nag,edu_isced11_2,2019,32.61
lbn,sex_f,eco_sector_nag,edu_isced11_3,2019,15.824
lbn,sex_f,eco_sector_nag,edu_isced11_4,2019,3.194
lbn,sex_f,eco_sector_nag,edu_isced11_5,2019,4.056
lbn,sex_f,eco_sector_nag,edu_isced11_6,2019,8.933
lbn,sex_f,eco_sector_nag,edu_isced11_7,2019,8.216
lbn,sex_f,eco_sector_nag,edu_isced11_8,2019,1.131
lbn,sex_f,eco_sector_nag,edu_isced11_9,2019,2.522
lbn,sex_f,eco_sector_nag,edu_isced11_total,2019,183.511
lbn,sex_f,eco_sector_nag,edu_isced11_x,2019,71.072
lbn,sex_f,eco_sector_ser,edu_aggregate_adv,2019,21.282
lbn,sex_f,eco_sector_ser,edu_aggregate_bas,2019,61.21
lbn,sex_f,eco_sector_ser,edu_aggregate_int,2019,16.894
lbn,sex_f,eco_sector_ser,edu_aggregate_ltb,2019,68.856
lbn,sex_f,eco_sector_ser,edu_aggregate_total,2019,170.763
lbn,sex_f,eco_sector_ser,edu_aggregate_x,2019,2.522
lbn,sex_f,eco_sector_ser,edu_isced11_1,2019,32.175
lbn,sex_f,eco_sector_ser,edu_isced11_2,2019,29.035
lbn,sex_f,eco_sector_ser,edu_isced11_3,2019,13.88
lbn,sex_f,eco_sector_ser,edu_isced11_4,2019,3.014
lbn,sex_f,eco_sector_ser,edu_isced11_5,2019,3.806
lbn,sex_f,eco_sector_ser,edu_isced11_6,2019,8.386
lbn,sex_f,eco_sector_ser,edu_isced11_7,2019,8.01
lbn,sex_f,eco_sector_ser,edu_isced11_8,2019,1.08
lbn,sex_f,eco_sector_ser,edu_isced11_9,2019,2.522
lbn,sex_f,eco_sector_ser,edu_isced11_total,2019,170.763
lbn,sex_f,eco_sector_ser,edu_isced11_x,2019,68.844
lbn,sex_f,eco_sector_total,edu_aggregate_adv,2019,22.466
lbn,sex_f,eco_sector_total,edu_aggregate_bas,2019,72.193
lbn,sex_f,eco_sector_total,edu_aggregate_int,2019,19.445
lbn,sex_f,eco_sector_total,edu_aggregate_ltb,2019,73.919
lbn,sex_f,eco_sector_total,edu_aggregate_total,2019,190.546
lbn,sex_f,eco_sector_total,edu_aggregate_x,2019,2.522
lbn,sex_f,eco_sector_total,edu_isced11_1,2019,37.915
lbn,sex_f,eco_sector_total,edu_isced11_2,2019,34.278
lbn,sex_f,eco_sector_total,edu_isced11_3,2019,16.121
lbn,sex_f,eco_sector_total,edu_isced11_4,2019,3.324
lbn,sex_f,eco_sector_total,edu_isced11_5,2019,4.063
lbn,sex_f,eco_sector_total,edu_isced11_6,2019,9.056
lbn,sex_f,eco_sector_total,edu_isced11_7,2019,8.216
lbn,sex_f,eco_sector_total,edu_isced11_8,2019,1.131
lbn,sex_f,eco_sector_total,edu_isced11_9,2019,2.522
lbn,sex_f,eco_sector_total,edu_isced11_total,2019,190.546
lbn,sex_f,eco_sector_total,edu_isced11_x,2019,73.907
lbn,sex_f,eco_sector_x,edu_aggregate_bas,2019,0.792
lbn,sex_f,eco_sector_x,edu_aggregate_ltb,2019,0.341
lbn,sex_f,eco_sector_x,edu_aggregate_total,2019,1.309
lbn,sex_f,eco_sector_x,edu_isced11_1,2019,0.555
lbn,sex_f,eco_sector_x,edu_isced11_2,2019,0.238
lbn,sex_f,eco_sector_x,edu_isced11_total,2019,1.309
lbn,sex_f,eco_sector_x,edu_isced11_x,2019,0.341
lbn,sex_m,eco_aggregate_agr,edu_aggregate_adv,2019,2.748
lbn,sex_m,eco_aggregate_agr,edu_aggregate_bas,2019,27.065
lbn,sex_m,eco_aggregate_agr,edu_aggregate_int,2019,4.81
lbn,sex_m,eco_aggregate_agr,edu_aggregate_ltb,2019,7.536
lbn,sex_m,eco_aggregate_agr,edu_aggregate_total,2019,42.17
lbn,sex_m,eco_aggregate_agr,edu_isced11_1,2019,16.403
lbn,sex_m,eco_aggregate_agr,edu_isced11_2,2019,10.663
lbn,sex_m,eco_aggregate_agr,edu_isced11_3,2019,3.803
lbn,sex_m,eco_aggregate_agr,edu_isced11_4,2019,1.007
lbn,sex_m,eco_aggregate_agr,edu_isced11_5,2019,0.925
lbn,sex_m,eco_aggregate_agr,edu_isced11_6,2019,0.857
lbn,sex_m,eco_aggregate_agr,edu_isced11_7,2019,0.838
lbn,sex_m,eco_aggregate_agr,edu_isced11_8,2019,0.129
lbn,sex_m,eco_aggregate_agr,edu_isced11_total,2019,42.17
lbn,sex_m,eco_aggregate_agr,edu_isced11_x,2019,7.524
lbn,sex_m,eco_aggregate_con,edu_aggregate_adv,2019,6.924
lbn,sex_m,eco_aggregate_con,edu_aggregate_bas,2019,73.789
lbn,sex_m,eco_aggregate_con,edu_aggregate_int,2019,16.48
lbn,sex_m,eco_aggregate_con,edu_aggregate_ltb,2019,12.34
lbn,sex_m,eco_aggregate_con,edu_aggregate_total,2019,109.562
lbn,sex_m,eco_aggregate_con,edu_isced11_1,2019,38.093
lbn,sex_m,eco_aggregate_con,edu_isced11_2,2019,35.696
lbn,sex_m,eco_aggregate_con,edu_isced11_3,2019,11.73
lbn,sex_m,eco_aggregate_con,edu_isced11_4,2019,4.75
lbn,sex_m,eco_aggregate_con,edu_isced11_5,2019,2.07
lbn,sex_m,eco_aggregate_con,edu_isced11_6,2019,3.566
lbn,sex_m,eco_aggregate_con,edu_isced11_7,2019,1.226
lbn,sex_m,eco_aggregate_con,edu_isced11_total,2019,109.562
lbn,sex_m,eco_aggregate_con,edu_isced11_x,2019,12.323
lbn,sex_m,eco_aggregate_man,edu_aggregate_adv,2019,3.943
lbn,sex_m,eco_aggregate_man,edu_aggregate_bas,2019,42.38
lbn,sex_m,eco_aggregate_man,edu_aggregate_int,2019,7.299
lbn,sex_m,eco_aggregate_man,edu_aggregate_ltb,2019,5.728
lbn,sex_m,eco_aggregate_man,edu_aggregate_total,2019,59.518
lbn,sex_m,eco_aggregate_man,edu_aggregate_x,2019,0.169
lbn,sex_m,eco_aggregate_man,edu_isced11_1,2019,21.728
lbn,sex_m,eco_aggregate_man,edu_isced11_2,2019,20.651
lbn,sex_m,eco_aggregate_man,edu_isced11_3,2019,5.89
lbn,sex_m,eco_aggregate_man,edu_isced11_4,2019,1.408
lbn,sex_m,eco_aggregate_man,edu_isced11_5,2019,1.25
lbn,sex_m,eco_aggregate_man,edu_isced11_6,2019,1.802
lbn,sex_m,eco_aggregate_man,edu_isced11_7,2019,0.85
lbn,sex_m,eco_aggregate_man,edu_isced11_9,2019,0.169
lbn,sex_m,eco_aggregate_man,edu_isced11_total,2019,59.518
lbn,sex_m,eco_aggregate_man,edu_isced11_x,2019,5.67
lbn,sex_m,eco_aggregate_mel,edu_aggregate_adv,2019,0.364
lbn,sex_m,eco_aggregate_mel,edu_aggregate_bas,2019,2.486
lbn,sex_m,eco_aggregate_mel,edu_aggregate_int,2019,0.372
lbn,sex_m,eco_aggregate_mel,edu_aggregate_ltb,2019,0.478
lbn,sex_m,eco_aggregate_mel,edu_aggregate_total,2019,3.701
lbn,sex_m,eco_aggregate_mel,edu_isced11_1,2019,1.34
lbn,sex_m,eco_aggregate_mel,edu_isced11_2,2019,1.146
lbn,sex_m,eco_aggregate_mel,edu_isced11_3,2019,0.283
lbn,sex_m,eco_aggregate_mel,edu_isced11_4,2019,0.089
lbn,sex_m,eco_aggregate_mel,edu_isced11_6,2019,0.142
lbn,sex_m,eco_aggregate_mel,edu_isced11_7,2019,0.218
lbn,sex_m,eco_aggregate_mel,edu_isced11_total,2019,3.701
lbn,sex_m,eco_aggregate_mel,edu_isced11_x,2019,0.478
lbn,sex_m,eco_aggregate_mkt,edu_aggregate_adv,2019,28.248
lbn,sex_m,eco_aggregate_mkt,edu_aggregate_bas,2019,136.614
lbn,sex_m,eco_aggregate_mkt,edu_aggregate_int,2019,34.551
lbn,sex_m,eco_aggregate_mkt,edu_aggregate_ltb,2019,20.879
lbn,sex_m,eco_aggregate_mkt,edu_aggregate_total,2019,220.41
lbn,sex_m,eco_aggregate_mkt,edu_isced11_1,2019,73.251
lbn,sex_m,eco_aggregate_mkt,edu_isced11_2,2019,63.362
lbn,sex_m,eco_aggregate_mkt,edu_isced11_3,2019,24.566
lbn,sex_m,eco_aggregate_mkt,edu_isced11_4,2019,9.985
lbn,sex_m,eco_aggregate_mkt,edu_isced11_5,2019,6.606
lbn,sex_m,eco_aggregate_mkt,edu_isced11_6,2019,9.719
lbn,sex_m,eco_aggregate_mkt,edu_isced11_7,2019,10.414
lbn,sex_m,eco_aggregate_mkt,edu_isced11_8,2019,1.51
lbn,sex_m,eco_aggregate_mkt,edu_isced11_total,2019,220.41
lbn,sex_m,eco_aggregate_mkt,edu_isced11_x,2019,20.79
lbn,sex_m,eco_aggregate_pub,edu_aggregate_adv,2019,8.348
lbn,sex_m,eco_aggregate_pub,edu_aggregate_bas,2019,19.841
lbn,sex_m,eco_aggregate_pub,edu_aggregate_int,2019,5.634
lbn,sex_m,eco_aggregate_pub,edu_aggregate_ltb,2019,2.619
lbn,sex_m,eco_aggregate_pub,edu_aggregate_total,2019,36.541
lbn,sex_m,eco_aggregate_pub,edu_isced11_1,2019,8.472
lbn,sex_m,eco_aggregate_pub,edu_isced11_2,2019,11.369
lbn,sex_m,eco_aggregate_pub,edu_isced11_3,2019,3.761
lbn,sex_m,eco_aggregate_pub,edu_isced11_4,2019,1.873
lbn,sex_m,eco_aggregate_pub,edu_isced11_5,2019,1.585
lbn,sex_m,eco_aggregate_pub,edu_isced11_6,2019,2.133
lbn,sex_m,eco_aggregate_pub,edu_isced11_7,2019,3.184
lbn,sex_m,eco_aggregate_pub,edu_isced11_8,2019,1.446
lbn,sex_m,eco_aggregate_pub,edu_isced11_total,2019,36.541
lbn,sex_m,eco_aggregate_pub,edu_isced11_x,2019,2.557
lbn,sex_m,eco_aggregate_total,edu_aggregate_adv,2019,51.141
lbn,sex_m,eco_aggregate_total,edu_aggregate_bas,2019,303.581
lbn,sex_m,eco_aggregate_total,edu_aggregate_int,2019,69.866
lbn,sex_m,eco_aggregate_total,edu_aggregate_ltb,2019,50.479
lbn,sex_m,eco_aggregate_total,edu_aggregate_total,2019,475.492
lbn,sex_m,eco_aggregate_total,edu_aggregate_x,2019,0.424
lbn,sex_m,eco_aggregate_total,edu_isced11_0,2019,0.238
lbn,sex_m,eco_aggregate_total,edu_isced11_1,2019,160.086
lbn,sex_m,eco_aggregate_total,edu_isced11_2,2019,143.495
lbn,sex_m,eco_aggregate_total,edu_isced11_3,2019,50.664
lbn,sex_m,eco_aggregate_total,edu_isced11_4,2019,19.203
lbn,sex_m,eco_aggregate_total,edu_isced11_5,2019,12.451
lbn,sex_m,eco_aggregate_total,edu_isced11_6,2019,18.402
lbn,sex_m,eco_aggregate_total,edu_isced11_7,2019,17.077
lbn,sex_m,eco_aggregate_total,edu_isced11_8,2019,3.212
lbn,sex_m,eco_aggregate_total,edu_isced11_9,2019,0.424
lbn,sex_m,eco_aggregate_total,edu_isced11_total,2019,475.492
lbn,sex_m,eco_aggregate_total,edu_isced11_x,2019,50.241
lbn,sex_m,eco_aggregate_x,edu_aggregate_adv,2019,0.565
lbn,sex_m,eco_aggregate_x,edu_aggregate_bas,2019,1.407
lbn,sex_m,eco_aggregate_x,edu_aggregate_int,2019,0.721
lbn,sex_m,eco_aggregate_x,edu_aggregate_ltb,2019,0.899
lbn,sex_m,eco_aggregate_x,edu_aggregate_total,2019,3.592
lbn,sex_m,eco_aggregate_x,edu_isced11_1,2019,0.798
lbn,sex_m,eco_aggregate_x,edu_isced11_2,2019,0.609
lbn,sex_m,eco_aggregate_x,edu_isced11_3,2019,0.63
lbn,sex_m,eco_aggregate_x,edu_isced11_6,2019,0.184
lbn,sex_m,eco_aggregate_x,edu_isced11_7,2019,0.346
lbn,sex_m,eco_aggregate_x,edu_isced11_total,2019,3.592
lbn,sex_m,eco_aggregate_x,edu_isced11_x,2019,0.899
lbn,sex_m,eco_isic4_a,edu_aggregate_adv,2019,2.748
lbn,sex_m,eco_isic4_a,edu_aggregate_bas,2019,27.065
lbn,sex_m,eco_isic4_a,edu_aggregate_int,2019,4.81
lbn,sex_m,eco_isic4_a,edu_aggregate_ltb,2019,7.536
lbn,sex_m,eco_isic4_a,edu_aggregate_total,2019,42.17
lbn,sex_m,eco_isic4_a,edu_isced11_1,2019,16.403
lbn,sex_m,eco_isic4_a,edu_isced11_2,2019,10.663
lbn,sex_m,eco_isic4_a,edu_isced11_3,2019,3.803
lbn,sex_m,eco_isic4_a,edu_isced11_4,2019,1.007
lbn,sex_m,eco_isic4_a,edu_isced11_5,2019,0.925
lbn,sex_m,eco_isic4_a,edu_isced11_6,2019,0.857
lbn,sex_m,eco_isic4_a,edu_isced11_7,2019,0.838
lbn,sex_m,eco_isic4_a,edu_isced11_8,2019,0.129
lbn,sex_m,eco_isic4_a,edu_isced11_total,2019,42.17
lbn,sex_m,eco_isic4_a,edu_isced11_x,2019,7.524
lbn,sex_m,eco_isic4_c,edu_aggregate_adv,2019,3.943
lbn,sex_m,eco_isic4_c,edu_aggregate_bas,2019,42.38
lbn,sex_m,eco_isic4_c,edu_aggregate_int,2019,7.299
lbn,sex_m,eco_isic4_c,edu_aggregate_ltb,2019,5.728
lbn,sex_m,eco_isic4_c,edu_aggregate_total,2019,59.518
lbn,sex_m,eco_isic4_c,edu_aggregate_x,2019,0.169
lbn,sex_m,eco_isic4_c,edu_isced11_1,2019,21.728
lbn,sex_m,eco_isic4_c,edu_isced11_2,2019,20.651
lbn,sex_m,eco_isic4_c,edu_isced11_3,2019,5.89
lbn,sex_m,eco_isic4_c,edu_isced11_4,2019,1.408
lbn,sex_m,eco_isic4_c,edu_isced11_5,2019,1.25
lbn,sex_m,eco_isic4_c,edu_isced11_6,2019,1.802
lbn,sex_m,eco_isic4_c,edu_isced11_7,2019,0.85
lbn,sex_m,eco_isic4_c,edu_isced11_9,2019,0.169
lbn,sex_m,eco_isic4_c,edu_isced11_total,2019,59.518
lbn,sex_m,eco_isic4_c,edu_isced11_x,2019,5.67
lbn,sex_m,eco_isic4_d,edu_aggregate_adv,2019,0.183
lbn,sex_m,eco_isic4_d,edu_aggregate_bas,2019,0.7
lbn,sex_m,eco_isic4_d,edu_aggregate_int,2019,0.11
lbn,sex_m,eco_isic4_d,edu_aggregate_total,2019,1.091
lbn,sex_m,eco_isic4_d,edu_isced11_1,2019,0.33
lbn,sex_m,eco_isic4_d,edu_isced11_2,2019,0.369
lbn,sex_m,eco_isic4_d,edu_isced11_total,2019,1.091
lbn,sex_m,eco_isic4_e,edu_aggregate_adv,2019,0.182
lbn,sex_m,eco_isic4_e,edu_aggregate_bas,2019,1.704
lbn,sex_m,eco_isic4_e,edu_aggregate_int,2019,0.263
lbn,sex_m,eco_isic4_e,edu_aggregate_ltb,2019,0.38
lbn,sex_m,eco_isic4_e,edu_aggregate_total,2019,2.528
lbn,sex_m,eco_isic4_e,edu_isced11_1,2019,0.928
lbn,sex_m,eco_isic4_e,edu_isced11_2,2019,0.776
lbn,sex_m,eco_isic4_e,edu_isced11_3,2019,0.234
lbn,sex_m,eco_isic4_e,edu_isced11_6,2019,0.089
lbn,sex_m,eco_isic4_e,edu_isced11_total,2019,2.528
lbn,sex_m,eco_isic4_e,edu_isced11_x,2019,0.38
lbn,sex_m,eco_isic4_f,edu_aggregate_adv,2019,6.924
lbn,sex_m,eco_isic4_f,edu_aggregate_bas,2019,73.789
lbn,sex_m,eco_isic4_f,edu_aggregate_int,2019,16.48
lbn,sex_m,eco_isic4_f,edu_aggregate_ltb,2019,12.34
lbn,sex_m,eco_isic4_f,edu_aggregate_total,2019,109.562
lbn,sex_m,eco_isic4_f,edu_isced11_1,2019,38.093
lbn,sex_m,eco_isic4_f,edu_isced11_2,2019,35.696
lbn,sex_m,eco_isic4_f,edu_isced11_3,2019,11.73
lbn,sex_m,eco_isic4_f,edu_isced11_4,2019,4.75
lbn,sex_m,eco_isic4_f,edu_isced11_5,2019,2.07
lbn,sex_m,eco_isic4_f,edu_isced11_6,2019,3.566
lbn,sex_m,eco_isic4_f,edu_isced11_7,2019,1.226
lbn,sex_m,eco_isic4_f,edu_isced11_total,2019,109.562
lbn,sex_m,eco_isic4_f,edu_isced11_x,2019,12.323
lbn,sex_m,eco_isic4_g,edu_aggregate_adv,2019,11.066
lbn,sex_m,eco_isic4_g,edu_aggregate_bas,2019,72.212
lbn,sex_m,eco_isic4_g,edu_aggregate_int,2019,16.92
lbn,sex_m,eco_isic4_g,edu_aggregate_ltb,2019,10.163
lbn,sex_m,eco_isic4_g,edu_aggregate_total,2019,110.389
lbn,sex_m,eco_isic4_g,edu_isced11_1,2019,39.284
lbn,sex_m,eco_isic4_g,edu_isced11_2,2019,32.928
lbn,sex_m,eco_isic4_g,edu_isced11_3,2019,11.549
lbn,sex_m,eco_isic4_g,edu_isced11_4,2019,5.37
lbn,sex_m,eco_isic4_g,edu_isced11_5,2019,2.72
lbn,sex_m,eco_isic4_g,edu_isced11_6,2019,4.824
lbn,sex_m,eco_isic4_g,edu_isced11_7,2019,3.317
lbn,sex_m,eco_isic4_g,edu_isced11_8,2019,0.206
lbn,sex_m,eco_isic4_g,edu_isced11_total,2019,110.389
lbn,sex_m,eco_isic4_g,edu_isced11_x,2019,10.151
lbn,sex_m,eco_isic4_h,edu_aggregate_adv,2019,2.733
lbn,sex_m,eco_isic4_h,edu_aggregate_bas,2019,34.154
lbn,sex_m,eco_isic4_h,edu_aggregate_int,2019,7.521
lbn,sex_m,eco_isic4_h,edu_aggregate_ltb,2019,5.08
lbn,sex_m,eco_isic4_h,edu_aggregate_total,2019,49.526
lbn,sex_m,eco_isic4_h,edu_isced11_1,2019,17.932
lbn,sex_m,eco_isic4_h,edu_isced11_2,2019,16.222
lbn,sex_m,eco_isic4_h,edu_isced11_3,2019,5.164
lbn,sex_m,eco_isic4_h,edu_isced11_4,2019,2.357
lbn,sex_m,eco_isic4_h,edu_isced11_5,2019,1.055
lbn,sex_m,eco_isic4_h,edu_isced11_6,2019,1.249
lbn,sex_m,eco_isic4_h,edu_isced11_7,2019,0.422
lbn,sex_m,eco_isic4_h,edu_isced11_total,2019,49.526
lbn,sex_m,eco_isic4_h,edu_isced11_x,2019,5.003
lbn,sex_m,eco_isic4_i,edu_aggregate_adv,2019,2.313
lbn,sex_m,eco_isic4_i,edu_aggregate_bas,2019,11.4
lbn,sex_m,eco_isic4_i,edu_aggregate_int,2019,3.518
lbn,sex_m,eco_isic4_i,edu_aggregate_ltb,2019,1.235
lbn,sex_m,eco_isic4_i,edu_aggregate_total,2019,18.465
lbn,sex_m,eco_isic4_i,edu_isced11_1,2019,6.327
lbn,sex_m,eco_isic4_i,edu_isced11_2,2019,5.072
lbn,sex_m,eco_isic4_i,edu_isced11_3,2019,2.273
lbn,sex_m,eco_isic4_i,edu_isced11_4,2019,1.245
lbn,sex_m,eco_isic4_i,edu_isced11_5,2019,1.174
lbn,sex_m,eco_isic4_i,edu_isced11_6,2019,0.552
lbn,sex_m,eco_isic4_i,edu_isced11_7,2019,0.555
lbn,sex_m,eco_isic4_i,edu_isced11_total,2019,18.465
lbn,sex_m,eco_isic4_i,edu_isced11_x,2019,1.235
lbn,sex_m,eco_isic4_j,edu_aggregate_adv,2019,1.999
lbn,sex_m,eco_isic4_j,edu_aggregate_bas,2019,0.634
lbn,sex_m,eco_isic4_j,edu_aggregate_int,2019,0.423
lbn,sex_m,eco_isic4_j,edu_aggregate_total,2019,3.056
lbn,sex_m,eco_isic4_j,edu_isced11_1,2019,0.264
lbn,sex_m,eco_isic4_j,edu_isced11_2,2019,0.37
lbn,sex_m,eco_isic4_j,edu_isced11_3,2019,0.303
lbn,sex_m,eco_isic4_j,edu_isced11_4,2019,0.12
lbn,sex_m,eco_isic4_j,edu_isced11_5,2019,0.33
lbn,sex_m,eco_isic4_j,edu_isced11_6,2019,0.773
lbn,sex_m,eco_isic4_j,edu_isced11_7,2019,0.781
lbn,sex_m,eco_isic4_j,edu_isced11_total,2019,3.056
lbn,sex_m,eco_isic4_k,edu_aggregate_adv,2019,0.546
lbn,sex_m,eco_isic4_k,edu_aggregate_bas,2019,0.293
lbn,sex_m,eco_isic4_k,edu_aggregate_int,2019,0.181
lbn,sex_m,eco_isic4_k,edu_aggregate_total,2019,1.02
lbn,sex_m,eco_isic4_k,edu_isced11_2,2019,0.203
lbn,sex_m,eco_isic4_k,edu_isced11_3,2019,0.144
lbn,sex_m,eco_isic4_k,edu_isced11_6,2019,0.288
lbn,sex_m,eco_isic4_k,edu_isced11_7,2019,0.167
lbn,sex_m,eco_isic4_k,edu_isced11_total,2019,1.02
lbn,sex_m,eco_isic4_l,edu_aggregate_adv,2019,0.724
lbn,sex_m,eco_isic4_l,edu_aggregate_bas,2019,0.508
lbn,sex_m,eco_isic4_l,edu_aggregate_int,2019,0.706
lbn,sex_m,eco_isic4_l,edu_aggregate_total,2019,1.977
lbn,sex_m,eco_isic4_l,edu_isced11_1,2019,0.066
lbn,sex_m,eco_isic4_l,edu_isced11_2,2019,0.442
lbn,sex_m,eco_isic4_l,edu_isced11_3,2019,0.543
lbn,sex_m,eco_isic4_l,edu_isced11_4,2019,0.163
lbn,sex_m,eco_isic4_l,edu_isced11_6,2019,0.178
lbn,sex_m,eco_isic4_l,edu_isced11_7,2019,0.309
lbn,sex_m,eco_isic4_l,edu_isced11_total,2019,1.977
lbn,sex_m,eco_isic4_m,edu_aggregate_adv,2019,7.037
lbn,sex_m,eco_isic4_m,edu_aggregate_bas,2019,1.662
lbn,sex_m,eco_isic4_m,edu_aggregate_int,2019,0.766
lbn,sex_m,eco_isic4_m,edu_aggregate_total,2019,9.492
lbn,sex_m,eco_isic4_m,edu_isced11_1,2019,0.691
lbn,sex_m,eco_isic4_m,edu_isced11_2,2019,0.971
lbn,sex_m,eco_isic4_m,edu_isced11_3,2019,0.576
lbn,sex_m,eco_isic4_m,edu_isced11_4,2019,0.19
lbn,sex_m,eco_isic4_m,edu_isced11_5,2019,0.584
lbn,sex_m,eco_isic4_m,edu_isced11_6,2019,1.191
lbn,sex_m,eco_isic4_m,edu_isced11_7,2019,4.241
lbn,sex_m,eco_isic4_m,edu_isced11_8,2019,1.021
lbn,sex_m,eco_isic4_m,edu_isced11_total,2019,9.492
lbn,sex_m,eco_isic4_n,edu_aggregate_adv,2019,1.83
lbn,sex_m,eco_isic4_n,edu_aggregate_bas,2019,15.752
lbn,sex_m,eco_isic4_n,edu_aggregate_int,2019,4.516
lbn,sex_m,eco_isic4_n,edu_aggregate_ltb,2019,4.335
lbn,sex_m,eco_isic4_n,edu_aggregate_total,2019,26.483
lbn,sex_m,eco_isic4_n,edu_isced11_1,2019,8.598
lbn,sex_m,eco_isic4_n,edu_isced11_2,2019,7.154
lbn,sex_m,eco_isic4_n,edu_isced11_3,2019,4.014
lbn,sex_m,eco_isic4_n,edu_isced11_4,2019,0.502
lbn,sex_m,eco_isic4_n,edu_isced11_5,2019,0.544
lbn,sex_m,eco_isic4_n,edu_isced11_6,2019,0.663
lbn,sex_m,eco_isic4_n,edu_isced11_7,2019,0.623
lbn,sex_m,eco_isic4_n,edu_isced11_total,2019,26.483
lbn,sex_m,eco_isic4_n,edu_isced11_x,2019,4.335
lbn,sex_m,eco_isic4_p,edu_aggregate_adv,2019,1.195
lbn,sex_m,eco_isic4_p,edu_aggregate_bas,2019,0.974
lbn,sex_m,eco_isic4_p,edu_aggregate_int,2019,0.718
lbn,sex_m,eco_isic4_p,edu_aggregate_total,2019,2.912
lbn,sex_m,eco_isic4_p,edu_isced11_1,2019,0.5
lbn,sex_m,eco_isic4_p,edu_isced11_2,2019,0.474
lbn,sex_m,eco_isic4_p,edu_isced11_3,2019,0.712
lbn,sex_m,eco_isic4_p,edu_isced11_5,2019,0.24
lbn,sex_m,eco_isic4_p,edu_isced11_6,2019,0.12
lbn,sex_m,eco_isic4_p,edu_isced11_7,2019,0.724
lbn,sex_m,eco_isic4_p,edu_isced11_total,2019,2.912
lbn,sex_m,eco_isic4_q,edu_aggregate_adv,2019,1.963
lbn,sex_m,eco_isic4_q,edu_aggregate_bas,2019,0.222
lbn,sex_m,eco_isic4_q,edu_aggregate_int,2019,0.417
lbn,sex_m,eco_isic4_q,edu_aggregate_total,2019,2.636
lbn,sex_m,eco_isic4_q,edu_isced11_1,2019,0.11
lbn,sex_m,eco_isic4_q,edu_isced11_2,2019,0.112
lbn,sex_m,eco_isic4_q,edu_isced11_4,2019,0.294
lbn,sex_m,eco_isic4_q,edu_isced11_6,2019,0.351
lbn,sex_m,eco_isic4_q,edu_isced11_7,2019,0.524
lbn,sex_m,eco_isic4_q,edu_isced11_8,2019,0.997
lbn,sex_m,eco_isic4_q,edu_isced11_total,2019,2.636
lbn,sex_m,eco_isic4_r,edu_aggregate_adv,2019,1.987
lbn,sex_m,eco_isic4_r,edu_aggregate_bas,2019,1.161
lbn,sex_m,eco_isic4_r,edu_aggregate_int,2019,1.119
lbn,sex_m,eco_isic4_r,edu_aggregate_ltb,2019,0.157
lbn,sex_m,eco_isic4_r,edu_aggregate_total,2019,4.482
lbn,sex_m,eco_isic4_r,edu_isced11_1,2019,0.531
lbn,sex_m,eco_isic4_r,edu_isced11_2,2019,0.63
lbn,sex_m,eco_isic4_r,edu_isced11_3,2019,0.738
lbn,sex_m,eco_isic4_r,edu_isced11_4,2019,0.381
lbn,sex_m,eco_isic4_r,edu_isced11_5,2019,0.336
lbn,sex_m,eco_isic4_r,edu_isced11_6,2019,0.716
lbn,sex_m,eco_isic4_r,edu_isced11_7,2019,0.64
lbn,sex_m,eco_isic4_r,edu_isced11_total,2019,4.482
lbn,sex_m,eco_isic4_r,edu_isced11_x,2019,0.157
lbn,sex_m,eco_isic4_s,edu_aggregate_adv,2019,1.846
lbn,sex_m,eco_isic4_s,edu_aggregate_bas,2019,13.783
lbn,sex_m,eco_isic4_s,edu_aggregate_int,2019,2.788
lbn,sex_m,eco_isic4_s,edu_aggregate_ltb,2019,1.433
lbn,sex_m,eco_isic4_s,edu_aggregate_total,2019,19.89
lbn,sex_m,eco_isic4_s,edu_isced11_1,2019,5.538
lbn,sex_m,eco_isic4_s,edu_isced11_2,2019,8.245
lbn,sex_m,eco_isic4_s,edu_isced11_3,2019,1.822
lbn,sex_m,eco_isic4_s,edu_isced11_4,2019,0.965
lbn,sex_m,eco_isic4_s,edu_isced11_5,2019,0.752
lbn,sex_m,eco_isic4_s,edu_isced11_6,2019,0.406
lbn,sex_m,eco_isic4_s,edu_isced11_7,2019,0.681
lbn,sex_m,eco_isic4_s,edu_isced11_total,2019,19.89
lbn,sex_m,eco_isic4_s,edu_isced11_x,2019,1.407
lbn,sex_m,eco_isic4_t,edu_aggregate_adv,2019,1.108
lbn,sex_m,eco_isic4_t,edu_aggregate_bas,2019,3.635
lbn,sex_m,eco_isic4_t,edu_aggregate_int,2019,0.572
lbn,sex_m,eco_isic4_t,edu_aggregate_ltb,2019,0.973
lbn,sex_m,eco_isic4_t,edu_aggregate_total,2019,6.287
lbn,sex_m,eco_isic4_t,edu_isced11_1,2019,1.75
lbn,sex_m,eco_isic4_t,edu_isced11_2,2019,1.886
lbn,sex_m,eco_isic4_t,edu_isced11_3,2019,0.345
lbn,sex_m,eco_isic4_t,edu_isced11_4,2019,0.227
lbn,sex_m,eco_isic4_t,edu_isced11_5,2019,0.139
lbn,sex_m,eco_isic4_t,edu_isced11_6,2019,0.403
lbn,sex_m,eco_isic4_t,edu_isced11_7,2019,0.528
lbn,sex_m,eco_isic4_t,edu_isced11_total,2019,6.287
lbn,sex_m,eco_isic4_t,edu_isced11_x,2019,0.936
lbn,sex_m,eco_isic4_total,edu_aggregate_adv,2019,51.141
lbn,sex_m,eco_isic4_total,edu_aggregate_bas,2019,303.581
lbn,sex_m,eco_isic4_total,edu_aggregate_int,2019,69.866
lbn,sex_m,eco_isic4_total,edu_aggregate_ltb,2019,50.479
lbn,sex_m,eco_isic4_total,edu_aggregate_total,2019,475.492
lbn,sex_m,eco_isic4_total,edu_aggregate_x,2019,0.424
lbn,sex_m,eco_isic4_total,edu_isced11_0,2019,0.238
lbn,sex_m,eco_isic4_total,edu_isced11_1,2019,160.086
lbn,sex_m,eco_isic4_total,edu_isced11_2,2019,143.495
lbn,sex_m,eco_isic4_total,edu_isced11_3,2019,50.664
lbn,sex_m,eco_isic4_total,edu_isced11_4,2019,19.203
lbn,sex_m,eco_isic4_total,edu_isced11_5,2019,12.451
lbn,sex_m,eco_isic4_total,edu_isced11_6,2019,18.402
lbn,sex_m,eco_isic4_total,edu_isced11_7,2019,17.077
lbn,sex_m,eco_isic4_total,edu_isced11_8,2019,3.212
lbn,sex_m,eco_isic4_total,edu_isced11_9,2019,0.424
lbn,sex_m,eco_isic4_total,edu_isced11_total,2019,475.492
lbn,sex_m,eco_isic4_total,edu_isced11_x,2019,50.241
lbn,sex_m,eco_isic4_u,edu_aggregate_adv,2019,0.249
lbn,sex_m,eco_isic4_u,edu_aggregate_total,2019,0.334
lbn,sex_m,eco_isic4_u,edu_isced11_total,2019,0.334
lbn,sex_m,eco_isic4_x,edu_aggregate_adv,2019,0.565
lbn,sex_m,eco_isic4_x,edu_aggregate_bas,2019,1.407
lbn,sex_m,eco_isic4_x,edu_aggregate_int,2019,0.721
lbn,sex_m,eco_isic4_x,edu_aggregate_ltb,2019,0.899
lbn,sex_m,eco_isic4_x,edu_aggregate_total,2019,3.592
lbn,sex_m,eco_isic4_x,edu_isced11_1,2019,0.798
lbn,sex_m,eco_isic4_x,edu_isced11_2,2019,0.609
lbn,sex_m,eco_isic4_x,edu_isced11_3,2019,0.63
lbn,sex_m,eco_isic4_x,edu_isced11_6,2019,0.184
lbn,sex_m,eco_isic4_x,edu_isced11_7,2019,0.346
lbn,sex_m,eco_isic4_x,edu_isced11_total,2019,3.592
lbn,sex_m,eco_isic4_x,edu_isced11_x,2019,0.899
lbn,sex_m,eco_sector_agr,edu_aggregate_adv,2019,2.748
lbn,sex_m,eco_sector_agr,edu_aggregate_bas,2019,27.065
lbn,sex_m,eco_sector_agr,edu_aggregate_int,2019,4.81
lbn,sex_m,eco_sector_agr,edu_aggregate_ltb,2019,7.536
lbn,sex_m,eco_sector_agr,edu_aggregate_total,2019,42.17
lbn,sex_m,eco_sector_agr,edu_isced11_1,2019,16.403
lbn,sex_m,eco_sector_agr,edu_isced11_2,2019,10.663
lbn,sex_m,eco_sector_agr,edu_isced11_3,2019,3.803
lbn,sex_m,eco_sector_agr,edu_isced11_4,2019,1.007
lbn,sex_m,eco_sector_agr,edu_isced11_5,2019,0.925
lbn,sex_m,eco_sector_agr,edu_isced11_6,2019,0.857
lbn,sex_m,eco_sector_agr,edu_isced11_7,2019,0.838
lbn,sex_m,eco_sector_agr,edu_isced11_8,2019,0.129
lbn,sex_m,eco_sector_agr,edu_isced11_total,2019,42.17
lbn,sex_m,eco_sector_agr,edu_isced11_x,2019,7.524
lbn,sex_m,eco_sector_ind,edu_aggregate_adv,2019,11.231
lbn,sex_m,eco_sector_ind,edu_aggregate_bas,2019,118.654
lbn,sex_m,eco_sector_ind,edu_aggregate_int,2019,24.151
lbn,sex_m,eco_sector_ind,edu_aggregate_ltb,2019,18.546
lbn,sex_m,eco_sector_ind,edu_aggregate_total,2019,172.78
lbn,sex_m,eco_sector_ind,edu_aggregate_x,2019,0.198
lbn,sex_m,eco_sector_ind,edu_isced11_1,2019,61.162
lbn,sex_m,eco_sector_ind,edu_isced11_2,2019,57.492
lbn,sex_m,eco_sector_ind,edu_isced11_3,2019,17.904
lbn,sex_m,eco_sector_ind,edu_isced11_4,2019,6.247
lbn,sex_m,eco_sector_ind,edu_isced11_5,2019,3.324
lbn,sex_m,eco_sector_ind,edu_isced11_6,2019,5.51
lbn,sex_m,eco_sector_ind,edu_isced11_7,2019,2.295
lbn,sex_m,eco_sector_ind,edu_isced11_8,2019,0.102
lbn,sex_m,eco_sector_ind,edu_isced11_9,2019,0.198
lbn,sex_m,eco_sector_ind,edu_isced11_total,2019,172.78
lbn,sex_m,eco_sector_ind,edu_isced11_x,2019,18.471
lbn,sex_m,eco_sector_nag,edu_aggregate_adv,2019,48.393
lbn,sex_m,eco_sector_nag,edu_aggregate_bas,2019,276.516
lbn,sex_m,eco_sector_nag,edu_aggregate_int,2019,65.056
lbn,sex_m,eco_sector_nag,edu_aggregate_ltb,2019,42.943
lbn,sex_m,eco_sector_nag,edu_aggregate_total,2019,433.322
lbn,sex_m,eco_sector_nag,edu_aggregate_x,2019,0.414
lbn,sex_m,eco_sector_nag,edu_isced11_0,2019,0.226
lbn,sex_m,eco_sector_nag,edu_isced11_1,2019,143.684
lbn,sex_m,eco_sector_nag,edu_isced11_2,2019,132.833
lbn,sex_m,eco_sector_nag,edu_isced11_3,2019,46.861
lbn,sex_m,eco_sector_nag,edu_isced11_4,2019,18.196
lbn,sex_m,eco_sector_nag,edu_isced11_5,2019,11.526
lbn,sex_m,eco_sector_nag,edu_isced11_6,2019,17.546
lbn,sex_m,eco_sector_nag,edu_isced11_7,2019,16.239
lbn,sex_m,eco_sector_nag,edu_isced11_8,2019,3.083
lbn,sex_m,eco_sector_nag,edu_isced11_9,2019,0.414
lbn,sex_m,eco_sector_nag,edu_isced11_total,2019,433.322
lbn,sex_m,eco_sector_nag,edu_isced11_x,2019,42.717
lbn,sex_m,eco_sector_ser,edu_aggregate_adv,2019,36.597
lbn,sex_m,eco_sector_ser,edu_aggregate_bas,2019,156.455
lbn,sex_m,eco_sector_ser,edu_aggregate_int,2019,40.185
lbn,sex_m,eco_sector_ser,edu_aggregate_ltb,2019,23.498
lbn,sex_m,eco_sector_ser,edu_aggregate_total,2019,256.951
lbn,sex_m,eco_sector_ser,edu_aggregate_x,2019,0.216
lbn,sex_m,eco_sector_ser,edu_isced11_0,2019,0.152
lbn,sex_m,eco_sector_ser,edu_isced11_1,2019,81.723
lbn,sex_m,eco_sector_ser,edu_isced11_2,2019,74.732
lbn,sex_m,eco_sector_ser,edu_isced11_3,2019,28.327
lbn,sex_m,eco_sector_ser,edu_isced11_4,2019,11.858
lbn,sex_m,eco_sector_ser,edu_isced11_5,2019,8.19
lbn,sex_m,eco_sector_ser,edu_isced11_6,2019,11.851
lbn,sex_m,eco_sector_ser,edu_isced11_7,2019,13.599
lbn,sex_m,eco_sector_ser,edu_isced11_8,2019,2.956
lbn,sex_m,eco_sector_ser,edu_isced11_9,2019,0.216
lbn,sex_m,eco_sector_ser,edu_isced11_total,2019,256.951
lbn,sex_m,eco_sector_ser,edu_isced11_x,2019,23.347
lbn,sex_m,eco_sector_total,edu_aggregate_adv,2019,51.141
lbn,sex_m,eco_sector_total,edu_aggregate_bas,2019,303.581
lbn,sex_m,eco_sector_total,edu_aggregate_int,2019,69.866
lbn,sex_m,eco_sector_total,edu_aggregate_ltb,2019,50.479
lbn,sex_m,eco_sector_total,edu_aggregate_total,2019,475.492
lbn,sex_m,eco_sector_total,edu_aggregate_x,2019,0.424
lbn,sex_m,eco_sector_total,edu_isced11_0,2019,0.238
lbn,sex_m,eco_sector_total,edu_isced11_1,2019,160.086
lbn,sex_m,eco_sector_total,edu_isced11_2,2019,143.495
lbn,sex_m,eco_sector_total,edu_isced11_3,2019,50.664
lbn,sex_m,eco_sector_total,edu_isced11_4,2019,19.203
lbn,sex_m,eco_sector_total,edu_isced11_5,2019,12.451
lbn,sex_m,eco_sector_total,edu_isced11_6,2019,18.402
lbn,sex_m,eco_sector_total,edu_isced11_7,2019,17.077
lbn,sex_m,eco_sector_total,edu_isced11_8,2019,3.212
lbn,sex_m,eco_sector_total,edu_isced11_9,2019,0.424
lbn,sex_m,eco_sector_total,edu_isced11_total,2019,475.492
lbn,sex_m,eco_sector_total,edu_isced11_x,2019,50.241
lbn,sex_m,eco_sector_x,edu_aggregate_adv,2019,0.565
lbn,sex_m,eco_sector_x,edu_aggregate_bas,2019,1.407
lbn,sex_m,eco_sector_x,edu_aggregate_int,2019,0.721
lbn,sex_m,eco_sector_x,edu_aggregate_ltb,2019,0.899
lbn,sex_m,eco_sector_x,edu_aggregate_total,2019,3.592
lbn,sex_m,eco_sector_x,edu_isced11_1,2019,0.798
lbn,sex_m,eco_sector_x,edu_isced11_2,2019,0.609
lbn,sex_m,eco_sector_x,edu_isced11_3,2019,0.63
lbn,sex_m,eco_sector_x,edu_isced11_6,2019,0.184
lbn,sex_m,eco_sector_x,edu_isced11_7,2019,0.346
lbn,sex_m,eco_sector_x,edu_isced11_total,2019,3.592
lbn,sex_m,eco_sector_x,edu_isced11_x,2019,0.899
lbn,sex_t,eco_aggregate_agr,edu_aggregate_adv,2019,2.879
lbn,sex_t,eco_aggregate_agr,edu_aggregate_bas,2019,30.707
lbn,sex_t,eco_aggregate_agr,edu_aggregate_int,2019,5.237
lbn,sex_t,eco_aggregate_agr,edu_aggregate_ltb,2019,10.371
lbn,sex_t,eco_aggregate_agr,edu_aggregate_total,2019,49.205
lbn,sex_t,eco_aggregate_agr,edu_isced11_1,2019,18.376
lbn,sex_t,eco_aggregate_agr,edu_isced11_2,2019,12.331
lbn,sex_t,eco_aggregate_agr,edu_isced11_3,2019,4.1
lbn,sex_t,eco_aggregate_agr,edu_isced11_4,2019,1.137
lbn,sex_t,eco_aggregate_agr,edu_isced11_5,2019,0.932
lbn,sex_t,eco_aggregate_agr,edu_isced11_6,2019,0.98
lbn,sex_t,eco_aggregate_agr,edu_isced11_7,2019,0.838
lbn,sex_t,eco_aggregate_agr,edu_isced11_8,2019,0.129
lbn,sex_t,eco_aggregate_agr,edu_isced11_total,2019,49.205
lbn,sex_t,eco_aggregate_agr,edu_isced11_x,2019,10.359
lbn,sex_t,eco_aggregate_con,edu_aggregate_adv,2019,6.924
lbn,sex_t,eco_aggregate_con,edu_aggregate_bas,2019,73.937
lbn,sex_t,eco_aggregate_con,edu_aggregate_int,2019,16.499
lbn,sex_t,eco_aggregate_con,edu_aggregate_ltb,2019,12.34
lbn,sex_t,eco_aggregate_con,edu_aggregate_total,2019,109.729
lbn,sex_t,eco_aggregate_con,edu_isced11_1,2019,38.116
lbn,sex_t,eco_aggregate_con,edu_isced11_2,2019,35.822
lbn,sex_t,eco_aggregate_con,edu_isced11_3,2019,11.749
lbn,sex_t,eco_aggregate_con,edu_isced11_4,2019,4.75
lbn,sex_t,eco_aggregate_con,edu_isced11_5,2019,2.07
lbn,sex_t,eco_aggregate_con,edu_isced11_6,2019,3.566
lbn,sex_t,eco_aggregate_con,edu_isced11_7,2019,1.226
lbn,sex_t,eco_aggregate_con,edu_isced11_total,2019,109.729
lbn,sex_t,eco_aggregate_con,edu_isced11_x,2019,12.323
lbn,sex_t,eco_aggregate_man,edu_aggregate_adv,2019,4.921
lbn,sex_t,eco_aggregate_man,edu_aggregate_bas,2019,48.78
lbn,sex_t,eco_aggregate_man,edu_aggregate_int,2019,9.285
lbn,sex_t,eco_aggregate_man,edu_aggregate_ltb,2019,7.614
lbn,sex_t,eco_aggregate_man,edu_aggregate_total,2019,70.769
lbn,sex_t,eco_aggregate_man,edu_aggregate_x,2019,0.169
lbn,sex_t,eco_aggregate_man,edu_isced11_1,2019,24.918
lbn,sex_t,eco_aggregate_man,edu_isced11_2,2019,23.862
lbn,sex_t,eco_aggregate_man,edu_isced11_3,2019,7.717
lbn,sex_t,eco_aggregate_man,edu_isced11_4,2019,1.568
lbn,sex_t,eco_aggregate_man,edu_isced11_5,2019,1.5
lbn,sex_t,eco_aggregate_man,edu_isced11_6,2019,2.349
lbn,sex_t,eco_aggregate_man,edu_isced11_7,2019,1.02
lbn,sex_t,eco_aggregate_man,edu_isced11_9,2019,0.169
lbn,sex_t,eco_aggregate_man,edu_isced11_total,2019,70.769
lbn,sex_t,eco_aggregate_man,edu_isced11_x,2019,7.556
lbn,sex_t,eco_aggregate_mel,edu_aggregate_adv,2019,0.364
lbn,sex_t,eco_aggregate_mel,edu_aggregate_bas,2019,2.486
lbn,sex_t,eco_aggregate_mel,edu_aggregate_int,2019,0.393
lbn,sex_t,eco_aggregate_mel,edu_aggregate_ltb,2019,0.478
lbn,sex_t,eco_aggregate_mel,edu_aggregate_total,2019,3.721
lbn,sex_t,eco_aggregate_mel,edu_isced11_1,2019,1.34
lbn,sex_t,eco_aggregate_mel,edu_isced11_2,2019,1.146
lbn,sex_t,eco_aggregate_mel,edu_isced11_3,2019,0.283
lbn,sex_t,eco_aggregate_mel,edu_isced11_4,2019,0.11
lbn,sex_t,eco_aggregate_mel,edu_isced11_6,2019,0.142
lbn,sex_t,eco_aggregate_mel,edu_isced11_7,2019,0.218
lbn,sex_t,eco_aggregate_mel,edu_isced11_total,2019,3.721
lbn,sex_t,eco_aggregate_mel,edu_isced11_x,2019,0.478
lbn,sex_t,eco_aggregate_mkt,edu_aggregate_adv,2019,37.993
lbn,sex_t,eco_aggregate_mkt,edu_aggregate_bas,2019,153.158
lbn,sex_t,eco_aggregate_mkt,edu_aggregate_int,2019,40.612
lbn,sex_t,eco_aggregate_mkt,edu_aggregate_ltb,2019,24.53
lbn,sex_t,eco_aggregate_mkt,edu_aggregate_total,2019,256.462
lbn,sex_t,eco_aggregate_mkt,edu_isced11_1,2019,80.198
lbn,sex_t,eco_aggregate_mkt,edu_isced11_2,2019,72.96
lbn,sex_t,eco_aggregate_mkt,edu_isced11_3,2019,29.56
lbn,sex_t,eco_aggregate_mkt,edu_isced11_4,2019,11.053
lbn,sex_t,eco_aggregate_mkt,edu_isced11_5,2019,8.332
lbn,sex_t,eco_aggregate_mkt,edu_isced11_6,2019,13.032
lbn,sex_t,eco_aggregate_mkt,edu_isced11_7,2019,14.674
lbn,sex_t,eco_aggregate_mkt,edu_isced11_8,2019,1.956
lbn,sex_t,eco_aggregate_mkt,edu_isced11_total,2019,256.462
lbn,sex_t,eco_aggregate_mkt,edu_isced11_x,2019,24.429
lbn,sex_t,eco_aggregate_pub,edu_aggregate_adv,2019,19.885
lbn,sex_t,eco_aggregate_pub,edu_aggregate_bas,2019,64.507
lbn,sex_t,eco_aggregate_pub,edu_aggregate_int,2019,16.466
lbn,sex_t,eco_aggregate_pub,edu_aggregate_ltb,2019,67.824
lbn,sex_t,eco_aggregate_pub,edu_aggregate_total,2019,171.252
lbn,sex_t,eco_aggregate_pub,edu_aggregate_x,2019,2.57
lbn,sex_t,eco_aggregate_pub,edu_isced11_1,2019,33.7
lbn,sex_t,eco_aggregate_pub,edu_isced11_2,2019,30.807
lbn,sex_t,eco_aggregate_pub,edu_isced11_3,2019,12.647
lbn,sex_t,eco_aggregate_pub,edu_isced11_4,2019,3.819
lbn,sex_t,eco_aggregate_pub,edu_isced11_5,2019,3.664
lbn,sex_t,eco_aggregate_pub,edu_isced11_6,2019,7.206
lbn,sex_t,eco_aggregate_pub,edu_isced11_7,2019,6.935
lbn,sex_t,eco_aggregate_pub,edu_isced11_8,2019,2.08
lbn,sex_t,eco_aggregate_pub,edu_isced11_9,2019,2.57
lbn,sex_t,eco_aggregate_pub,edu_isced11_total,2019,171.252
lbn,sex_t,eco_aggregate_pub,edu_isced11_x,2019,67.762
lbn,sex_t,eco_aggregate_total,edu_aggregate_adv,2019,73.608
lbn,sex_t,eco_aggregate_total,edu_aggregate_bas,2019,375.775
lbn,sex_t,eco_aggregate_total,edu_aggregate_int,2019,89.311
lbn,sex_t,eco_aggregate_total,edu_aggregate_ltb,2019,124.398
lbn,sex_t,eco_aggregate_total,edu_aggregate_total,2019,666.038
lbn,sex_t,eco_aggregate_total,edu_aggregate_x,2019,2.946
lbn,sex_t,eco_aggregate_total,edu_isced11_0,2019,0.25
lbn,sex_t,eco_aggregate_total,edu_isced11_1,2019,198.001
lbn,sex_t,eco_aggregate_total,edu_isced11_2,2019,177.774
lbn,sex_t,eco_aggregate_total,edu_isced11_3,2019,66.784
lbn,sex_t,eco_aggregate_total,edu_isced11_4,2019,22.527
lbn,sex_t,eco_aggregate_total,edu_isced11_5,2019,16.514
lbn,sex_t,eco_aggregate_total,edu_isced11_6,2019,27.458
lbn,sex_t,eco_aggregate_total,edu_isced11_7,2019,25.293
lbn,sex_t,eco_aggregate_total,edu_isced11_8,2019,4.343
lbn,sex_t,eco_aggregate_total,edu_isced11_9,2019,2.946
lbn,sex_t,eco_aggregate_total,edu_isced11_total,2019,666.038
lbn,sex_t,eco_aggregate_total,edu_isced11_x,2019,124.148
lbn,sex_t,eco_aggregate_x,edu_aggregate_adv,2019,0.641
lbn,sex_t,eco_aggregate_x,edu_aggregate_bas,2019,2.199
lbn,sex_t,eco_aggregate_x,edu_aggregate_int,2019,0.82
lbn,sex_t,eco_aggregate_x,edu_aggregate_ltb,2019,1.24
lbn,sex_t,eco_aggregate_x,edu_aggregate_total,2019,4.9
lbn,sex_t,eco_aggregate_x,edu_isced11_1,2019,1.353
lbn,sex_t,eco_aggregate_x,edu_isced11_2,2019,0.846
lbn,sex_t,eco_aggregate_x,edu_isced11_3,2019,0.729
lbn,sex_t,eco_aggregate_x,edu_isced11_6,2019,0.184
lbn,sex_t,eco_aggregate_x,edu_isced11_7,2019,0.383
lbn,sex_t,eco_aggregate_x,edu_isced11_total,2019,4.9
lbn,sex_t,eco_aggregate_x,edu_isced11_x,2019,1.24
lbn,sex_t,eco_isic4_a,edu_aggregate_adv,2019,2.879
lbn,sex_t,eco_isic4_a,edu_aggregate_bas,2019,30.707
lbn,sex_t,eco_isic4_a,edu_aggregate_int,2019,5.237
lbn,sex_t,eco_isic4_a,edu_aggregate_ltb,2019,10.371
lbn,sex_t,eco_isic4_a,edu_aggregate_total,2019,49.205
lbn,sex_t,eco_isic4_a,edu_isced11_1,2019,18.376
lbn,sex_t,eco_isic4_a,edu_isced11_2,2019,12.331
lbn,sex_t,eco_isic4_a,edu_isced11_3,2019,4.1
lbn,sex_t,eco_isic4_a,edu_isced11_4,2019,1.137
lbn,sex_t,eco_isic4_a,edu_isced11_5,2019,0.932
lbn,sex_t,eco_isic4_a,edu_isced11_6,2019,0.98
lbn,sex_t,eco_isic4_a,edu_isced11_7,2019,0.838
lbn,sex_t,eco_isic4_a,edu_isced11_8,2019,0.129
lbn,sex_t,eco_isic4_a,edu_isced11_total,2019,49.205
lbn,sex_t,eco_isic4_a,edu_isced11_x,2019,10.359
lbn,sex_t,eco_isic4_c,edu_aggregate_adv,2019,4.921
lbn,sex_t,eco_isic4_c,edu_aggregate_bas,2019,48.78
lbn,sex_t,eco_isic4_c,edu_aggregate_int,2019,9.285
lbn,sex_t,eco_isic4_c,edu_aggregate_ltb,2019,7.614
lbn,sex_t,eco_isic4_c,edu_aggregate_total,2019,70.769
lbn,sex_t,eco_isic4_c,edu_aggregate_x,2019,0.169
lbn,sex_t,eco_isic4_c,edu_isced11_1,2019,24.918
lbn,sex_t,eco_isic4_c,edu_isced11_2,2019,23.862
lbn,sex_t,eco_isic4_c,edu_isced11_3,2019,7.717
lbn,sex_t,eco_isic4_c,edu_isced11_4,2019,1.568
lbn,sex_t,eco_isic4_c,edu_isced11_5,2019,1.5
lbn,sex_t,eco_isic4_c,edu_isced11_6,2019,2.349
lbn,sex_t,eco_isic4_c,edu_isced11_7,2019,1.02
lbn,sex_t,eco_isic4_c,edu_isced11_9,2019,0.169
lbn,sex_t,eco_isic4_c,edu_isced11_total,2019,70.769
lbn,sex_t,eco_isic4_c,edu_isced11_x,2019,7.556
lbn,sex_t,eco_isic4_d,edu_aggregate_adv,2019,0.183
lbn,sex_t,eco_isic4_d,edu_aggregate_bas,2019,0.7
lbn,sex_t,eco_isic4_d,edu_aggregate_int,2019,0.13
lbn,sex_t,eco_isic4_d,edu_aggregate_total,2019,1.111
lbn,sex_t,eco_isic4_d,edu_isced11_1,2019,0.33
lbn,sex_t,eco_isic4_d,edu_isced11_2,2019,0.369
lbn,sex_t,eco_isic4_d,edu_isced11_total,2019,1.111
lbn,sex_t,eco_isic4_e,edu_aggregate_adv,2019,0.182
lbn,sex_t,eco_isic4_e,edu_aggregate_bas,2019,1.704
lbn,sex_t,eco_isic4_e,edu_aggregate_int,2019,0.263
lbn,sex_t,eco_isic4_e,edu_aggregate_ltb,2019,0.38
lbn,sex_t,eco_isic4_e,edu_aggregate_total,2019,2.528
lbn,sex_t,eco_isic4_e,edu_isced11_1,2019,0.928
lbn,sex_t,eco_isic4_e,edu_isced11_2,2019,0.776
lbn,sex_t,eco_isic4_e,edu_isced11_3,2019,0.234
lbn,sex_t,eco_isic4_e,edu_isced11_6,2019,0.089
lbn,sex_t,eco_isic4_e,edu_isced11_total,2019,2.528
lbn,sex_t,eco_isic4_e,edu_isced11_x,2019,0.38
lbn,sex_t,eco_isic4_f,edu_aggregate_adv,2019,6.924
lbn,sex_t,eco_isic4_f,edu_aggregate_bas,2019,73.937
lbn,sex_t,eco_isic4_f,edu_aggregate_int,2019,16.499
lbn,sex_t,eco_isic4_f,edu_aggregate_ltb,2019,12.34
lbn,sex_t,eco_isic4_f,edu_aggregate_total,2019,109.729
lbn,sex_t,eco_isic4_f,edu_isced11_1,2019,38.116
lbn,sex_t,eco_isic4_f,edu_isced11_2,2019,35.822
lbn,sex_t,eco_isic4_f,edu_isced11_3,2019,11.749
lbn,sex_t,eco_isic4_f,edu_isced11_4,2019,4.75
lbn,sex_t,eco_isic4_f,edu_isced11_5,2019,2.07
lbn,sex_t,eco_isic4_f,edu_isced11_6,2019,3.566
lbn,sex_t,eco_isic4_f,edu_isced11_7,2019,1.226
lbn,sex_t,eco_isic4_f,edu_isced11_total,2019,109.729
lbn,sex_t,eco_isic4_f,edu_isced11_x,2019,12.323
lbn,sex_t,eco_isic4_g,edu_aggregate_adv,2019,15.101
lbn,sex_t,eco_isic4_g,edu_aggregate_bas,2019,84.7
lbn,sex_t,eco_isic4_g,edu_aggregate_int,2019,21.576
lbn,sex_t,eco_isic4_g,edu_aggregate_ltb,2019,12.382
lbn,sex_t,eco_isic4_g,edu_aggregate_total,2019,133.787
lbn,sex_t,eco_isic4_g,edu_isced11_1,2019,44.026
lbn,sex_t,eco_isic4_g,edu_isced11_2,2019,40.675
lbn,sex_t,eco_isic4_g,edu_isced11_3,2019,15.4
lbn,sex_t,eco_isic4_g,edu_isced11_4,2019,6.176
lbn,sex_t,eco_isic4_g,edu_isced11_5,2019,3.931
lbn,sex_t,eco_isic4_g,edu_isced11_6,2019,6.434
lbn,sex_t,eco_isic4_g,edu_isced11_7,2019,4.494
lbn,sex_t,eco_isic4_g,edu_isced11_8,2019,0.242
lbn,sex_t,eco_isic4_g,edu_isced11_total,2019,133.787
lbn,sex_t,eco_isic4_g,edu_isced11_x,2019,12.359
lbn,sex_t,eco_isic4_h,edu_aggregate_adv,2019,2.776
lbn,sex_t,eco_isic4_h,edu_aggregate_bas,2019,34.486
lbn,sex_t,eco_isic4_h,edu_aggregate_int,2019,7.541
lbn,sex_t,eco_isic4_h,edu_aggregate_ltb,2019,5.08
lbn,sex_t,eco_isic4_h,edu_aggregate_total,2019,49.922
lbn,sex_t,eco_isic4_h,edu_isced11_1,2019,18.056
lbn,sex_t,eco_isic4_h,edu_isced11_2,2019,16.43
lbn,sex_t,eco_isic4_h,edu_isced11_3,2019,5.164
lbn,sex_t,eco_isic4_h,edu_isced11_4,2019,2.377
lbn,sex_t,eco_isic4_h,edu_isced11_5,2019,1.092
lbn,sex_t,eco_isic4_h,edu_isced11_6,2019,1.249
lbn,sex_t,eco_isic4_h,edu_isced11_7,2019,0.427
lbn,sex_t,eco_isic4_h,edu_isced11_total,2019,49.922
lbn,sex_t,eco_isic4_h,edu_isced11_x,2019,5.003
lbn,sex_t,eco_isic4_i,edu_aggregate_adv,2019,2.876
lbn,sex_t,eco_isic4_i,edu_aggregate_bas,2019,12.655
lbn,sex_t,eco_isic4_i,edu_aggregate_int,2019,4.072
lbn,sex_t,eco_isic4_i,edu_aggregate_ltb,2019,1.508
lbn,sex_t,eco_isic4_i,edu_aggregate_total,2019,21.11
lbn,sex_t,eco_isic4_i,edu_isced11_1,2019,6.867
lbn,sex_t,eco_isic4_i,edu_isced11_2,2019,5.788
lbn,sex_t,eco_isic4_i,edu_isced11_3,2019,2.724
lbn,sex_t,eco_isic4_i,edu_isced11_4,2019,1.348
lbn,sex_t,eco_isic4_i,edu_isced11_5,2019,1.331
lbn,sex_t,eco_isic4_i,edu_isced11_6,2019,0.888
lbn,sex_t,eco_isic4_i,edu_isced11_7,2019,0.592
lbn,sex_t,eco_isic4_i,edu_isced11_total,2019,21.11
lbn,sex_t,eco_isic4_i,edu_isced11_x,2019,1.508
lbn,sex_t,eco_isic4_j,edu_aggregate_adv,2019,3.266
lbn,sex_t,eco_isic4_j,edu_aggregate_bas,2019,0.783
lbn,sex_t,eco_isic4_j,edu_aggregate_int,2019,0.454
lbn,sex_t,eco_isic4_j,edu_aggregate_total,2019,4.555
lbn,sex_t,eco_isic4_j,edu_isced11_1,2019,0.3
lbn,sex_t,eco_isic4_j,edu_isced11_2,2019,0.483
lbn,sex_t,eco_isic4_j,edu_isced11_3,2019,0.317
lbn,sex_t,eco_isic4_j,edu_isced11_4,2019,0.137
lbn,sex_t,eco_isic4_j,edu_isced11_5,2019,0.361
lbn,sex_t,eco_isic4_j,edu_isced11_6,2019,1.022
lbn,sex_t,eco_isic4_j,edu_isced11_7,2019,1.691
lbn,sex_t,eco_isic4_j,edu_isced11_8,2019,0.193
lbn,sex_t,eco_isic4_j,edu_isced11_total,2019,4.555
lbn,sex_t,eco_isic4_k,edu_aggregate_adv,2019,0.622
lbn,sex_t,eco_isic4_k,edu_aggregate_bas,2019,0.367
lbn,sex_t,eco_isic4_k,edu_aggregate_int,2019,0.267
lbn,sex_t,eco_isic4_k,edu_aggregate_total,2019,1.276
lbn,sex_t,eco_isic4_k,edu_isced11_2,2019,0.278
lbn,sex_t,eco_isic4_k,edu_isced11_3,2019,0.144
lbn,sex_t,eco_isic4_k,edu_isced11_6,2019,0.288
lbn,sex_t,eco_isic4_k,edu_isced11_7,2019,0.243
lbn,sex_t,eco_isic4_k,edu_isced11_total,2019,1.276
lbn,sex_t,eco_isic4_l,edu_aggregate_adv,2019,0.793
lbn,sex_t,eco_isic4_l,edu_aggregate_bas,2019,0.581
lbn,sex_t,eco_isic4_l,edu_aggregate_int,2019,0.741
lbn,sex_t,eco_isic4_l,edu_aggregate_total,2019,2.154
lbn,sex_t,eco_isic4_l,edu_isced11_1,2019,0.139
lbn,sex_t,eco_isic4_l,edu_isced11_2,2019,0.442
lbn,sex_t,eco_isic4_l,edu_isced11_3,2019,0.564
lbn,sex_t,eco_isic4_l,edu_isced11_4,2019,0.177
lbn,sex_t,eco_isic4_l,edu_isced11_6,2019,0.248
lbn,sex_t,eco_isic4_l,edu_isced11_7,2019,0.309
lbn,sex_t,eco_isic4_l,edu_isced11_total,2019,2.154
lbn,sex_t,eco_isic4_m,edu_aggregate_adv,2019,10.361
lbn,sex_t,eco_isic4_m,edu_aggregate_bas,2019,1.945
lbn,sex_t,eco_isic4_m,edu_aggregate_int,2019,1.067
lbn,sex_t,eco_isic4_m,edu_aggregate_total,2019,13.4
lbn,sex_t,eco_isic4_m,edu_isced11_1,2019,0.807
lbn,sex_t,eco_isic4_m,edu_isced11_2,2019,1.138
lbn,sex_t,eco_isic4_m,edu_isced11_3,2019,0.855
lbn,sex_t,eco_isic4_m,edu_isced11_4,2019,0.212
lbn,sex_t,eco_isic4_m,edu_isced11_5,2019,0.862
lbn,sex_t,eco_isic4_m,edu_isced11_6,2019,2.155
lbn,sex_t,eco_isic4_m,edu_isced11_7,2019,6.024
lbn,sex_t,eco_isic4_m,edu_isced11_8,2019,1.32
lbn,sex_t,eco_isic4_m,edu_isced11_total,2019,13.4
lbn,sex_t,eco_isic4_n,edu_aggregate_adv,2019,2.199
lbn,sex_t,eco_isic4_n,edu_aggregate_bas,2019,17.64
lbn,sex_t,eco_isic4_n,edu_aggregate_int,2019,4.894
lbn,sex_t,eco_isic4_n,edu_aggregate_ltb,2019,5.474
lbn,sex_t,eco_isic4_n,edu_aggregate_total,2019,30.258
lbn,sex_t,eco_isic4_n,edu_isced11_1,2019,9.913
lbn,sex_t,eco_isic4_n,edu_isced11_2,2019,7.727
lbn,sex_t,eco_isic4_n,edu_isced11_3,2019,4.392
lbn,sex_t,eco_isic4_n,edu_isced11_4,2019,0.502
lbn,sex_t,eco_isic4_n,edu_isced11_5,2019,0.556
lbn,sex_t,eco_isic4_n,edu_isced11_6,2019,0.749
lbn,sex_t,eco_isic4_n,edu_isced11_7,2019,0.894
lbn,sex_t,eco_isic4_n,edu_isced11_total,2019,30.258
lbn,sex_t,eco_isic4_n,edu_isced11_x,2019,5.474
lbn,sex_t,eco_isic4_p,edu_aggregate_adv,2019,5.585
lbn,sex_t,eco_isic4_p,edu_aggregate_bas,2019,1.502
lbn,sex_t,eco_isic4_p,edu_aggregate_int,2019,1.927
lbn,sex_t,eco_isic4_p,edu_aggregate_total,2019,9.126
lbn,sex_t,eco_isic4_p,edu_isced11_1,2019,0.666
lbn,sex_t,eco_isic4_p,edu_isced11_2,2019,0.836
lbn,sex_t,eco_isic4_p,edu_isced11_3,2019,1.742
lbn,sex_t,eco_isic4_p,edu_isced11_4,2019,0.185
lbn,sex_t,eco_isic4_p,edu_isced11_5,2019,0.843
lbn,sex_t,eco_isic4_p,edu_isced11_6,2019,2.161
lbn,sex_t,eco_isic4_p,edu_isced11_7,2019,2.291
lbn,sex_t,eco_isic4_p,edu_isced11_8,2019,0.29
lbn,sex_t,eco_isic4_p,edu_isced11_total,2019,9.126
lbn,sex_t,eco_isic4_q,edu_aggregate_adv,2019,3.61
lbn,sex_t,eco_isic4_q,edu_aggregate_bas,2019,1.142
lbn,sex_t,eco_isic4_q,edu_aggregate_int,2019,1.112
lbn,sex_t,eco_isic4_q,edu_aggregate_total,2019,5.979
lbn,sex_t,eco_isic4_q,edu_isced11_1,2019,0.451
lbn,sex_t,eco_isic4_q,edu_isced11_2,2019,0.691
lbn,sex_t,eco_isic4_q,edu_isced11_3,2019,0.619
lbn,sex_t,eco_isic4_q,edu_isced11_4,2019,0.494
lbn,sex_t,eco_isic4_q,edu_isced11_6,2019,0.89
lbn,sex_t,eco_isic4_q,edu_isced11_7,2019,1.374
lbn,sex_t,eco_isic4_q,edu_isced11_8,2019,1.234
lbn,sex_t,eco_isic4_q,edu_isced11_total,2019,5.979
lbn,sex_t,eco_isic4_r,edu_aggregate_adv,2019,2.407
lbn,sex_t,eco_isic4_r,edu_aggregate_bas,2019,1.272
lbn,sex_t,eco_isic4_r,edu_aggregate_int,2019,1.296
lbn,sex_t,eco_isic4_r,edu_aggregate_ltb,2019,0.157
lbn,sex_t,eco_isic4_r,edu_aggregate_total,2019,5.19
lbn,sex_t,eco_isic4_r,edu_isced11_1,2019,0.567
lbn,sex_t,eco_isic4_r,edu_isced11_2,2019,0.705
lbn,sex_t,eco_isic4_r,edu_isced11_3,2019,0.817
lbn,sex_t,eco_isic4_r,edu_isced11_4,2019,0.479
lbn,sex_t,eco_isic4_r,edu_isced11_5,2019,0.422
lbn,sex_t,eco_isic4_r,edu_isced11_6,2019,0.867
lbn,sex_t,eco_isic4_r,edu_isced11_7,2019,0.81
lbn,sex_t,eco_isic4_r,edu_isced11_8,2019,0.307
lbn,sex_t,eco_isic4_r,edu_isced11_total,2019,5.19
lbn,sex_t,eco_isic4_r,edu_isced11_x,2019,0.157
lbn,sex_t,eco_isic4_s,edu_aggregate_adv,2019,3.865
lbn,sex_t,eco_isic4_s,edu_aggregate_bas,2019,18.278
lbn,sex_t,eco_isic4_s,edu_aggregate_int,2019,5.046
lbn,sex_t,eco_isic4_s,edu_aggregate_ltb,2019,1.624
lbn,sex_t,eco_isic4_s,edu_aggregate_total,2019,28.967
lbn,sex_t,eco_isic4_s,edu_aggregate_x,2019,0.154
lbn,sex_t,eco_isic4_s,edu_isced11_1,2019,6.778
lbn,sex_t,eco_isic4_s,edu_isced11_2,2019,11.501
lbn,sex_t,eco_isic4_s,edu_isced11_3,2019,3.367
lbn,sex_t,eco_isic4_s,edu_isced11_4,2019,1.679
lbn,sex_t,eco_isic4_s,edu_isced11_5,2019,1.193
lbn,sex_t,eco_isic4_s,edu_isced11_6,2019,1.496
lbn,sex_t,eco_isic4_s,edu_isced11_7,2019,1.136
lbn,sex_t,eco_isic4_s,edu_isced11_9,2019,0.154
lbn,sex_t,eco_isic4_s,edu_isced11_total,2019,28.967
lbn,sex_t,eco_isic4_s,edu_isced11_x,2019,1.597
lbn,sex_t,eco_isic4_t,edu_aggregate_adv,2019,3.706
lbn,sex_t,eco_isic4_t,edu_aggregate_bas,2019,42.082
lbn,sex_t,eco_isic4_t,edu_aggregate_int,2019,7.016
lbn,sex_t,eco_isic4_t,edu_aggregate_ltb,2019,65.847
lbn,sex_t,eco_isic4_t,edu_aggregate_total,2019,120.978
lbn,sex_t,eco_isic4_t,edu_aggregate_x,2019,2.327
lbn,sex_t,eco_isic4_t,edu_isced11_1,2019,25.151
lbn,sex_t,eco_isic4_t,edu_isced11_2,2019,16.931
lbn,sex_t,eco_isic4_t,edu_isced11_3,2019,6.055
lbn,sex_t,eco_isic4_t,edu_isced11_4,2019,0.961
lbn,sex_t,eco_isic4_t,edu_isced11_5,2019,1.04
lbn,sex_t,eco_isic4_t,edu_isced11_6,2019,1.511
lbn,sex_t,eco_isic4_t,edu_isced11_7,2019,1.044
lbn,sex_t,eco_isic4_t,edu_isced11_9,2019,2.327
lbn,sex_t,eco_isic4_t,edu_isced11_total,2019,120.978
lbn,sex_t,eco_isic4_t,edu_isced11_x,2019,65.81
lbn,sex_t,eco_isic4_total,edu_aggregate_adv,2019,73.608
lbn,sex_t,eco_isic4_total,edu_aggregate_bas,2019,375.775
lbn,sex_t,eco_isic4_total,edu_aggregate_int,2019,89.311
lbn,sex_t,eco_isic4_total,edu_aggregate_ltb,2019,124.398
lbn,sex_t,eco_isic4_total,edu_aggregate_total,2019,666.038
lbn,sex_t,eco_isic4_total,edu_aggregate_x,2019,2.946
lbn,sex_t,eco_isic4_total,edu_isced11_0,2019,0.25
lbn,sex_t,eco_isic4_total,edu_isced11_1,2019,198.001
lbn,sex_t,eco_isic4_total,edu_isced11_2,2019,177.774
lbn,sex_t,eco_isic4_total,edu_isced11_3,2019,66.784
lbn,sex_t,eco_isic4_total,edu_isced11_4,2019,22.527
lbn,sex_t,eco_isic4_total,edu_isced11_5,2019,16.514
lbn,sex_t,eco_isic4_total,edu_isced11_6,2019,27.458
lbn,sex_t,eco_isic4_total,edu_isced11_7,2019,25.293
lbn,sex_t,eco_isic4_total,edu_isced11_8,2019,4.343
lbn,sex_t,eco_isic4_total,edu_isced11_9,2019,2.946
lbn,sex_t,eco_isic4_total,edu_isced11_total,2019,666.038
lbn,sex_t,eco_isic4_total,edu_isced11_x,2019,124.148
lbn,sex_t,eco_isic4_u,edu_aggregate_adv,2019,0.713
lbn,sex_t,eco_isic4_u,edu_aggregate_bas,2019,0.231
lbn,sex_t,eco_isic4_u,edu_aggregate_total,2019,0.991
lbn,sex_t,eco_isic4_u,edu_isced11_6,2019,0.28
lbn,sex_t,eco_isic4_u,edu_isced11_7,2019,0.28
lbn,sex_t,eco_isic4_u,edu_isced11_total,2019,0.991
lbn,sex_t,eco_isic4_x,edu_aggregate_adv,2019,0.641
lbn,sex_t,eco_isic4_x,edu_aggregate_bas,2019,2.199
lbn,sex_t,eco_isic4_x,edu_aggregate_int,2019,0.82
lbn,sex_t,eco_isic4_x,edu_aggregate_ltb,2019,1.24
lbn,sex_t,eco_isic4_x,edu_aggregate_total,2019,4.9
lbn,sex_t,eco_isic4_x,edu_isced11_1,2019,1.353
lbn,sex_t,eco_isic4_x,edu_isced11_2,2019,0.846
lbn,sex_t,eco_isic4_x,edu_isced11_3,2019,0.729
lbn,sex_t,eco_isic4_x,edu_isced11_6,2019,0.184
lbn,sex_t,eco_isic4_x,edu_isced11_7,2019,0.383
lbn,sex_t,eco_isic4_x,edu_isced11_total,2019,4.9
lbn,sex_t,eco_isic4_x,edu_isced11_x,2019,1.24
lbn,sex_t,eco_sector_agr,edu_aggregate_adv,2019,2.879
lbn,sex_t,eco_sector_agr,edu_aggregate_bas,2019,30.707
lbn,sex_t,eco_sector_agr,edu_aggregate_int,2019,5.237
lbn,sex_t,eco_sector_agr,edu_aggregate_ltb,2019,10.371
lbn,sex_t,eco_sector_agr,edu_aggregate_total,2019,49.205
lbn,sex_t,eco_sector_agr,edu_isced11_1,2019,18.376
lbn,sex_t,eco_sector_agr,edu_isced11_2,2019,12.331
lbn,sex_t,eco_sector_agr,edu_isced11_3,2019,4.1
lbn,sex_t,eco_sector_agr,edu_isced11_4,2019,1.137
lbn,sex_t,eco_sector_agr,edu_isced11_5,2019,0.932
lbn,sex_t,eco_sector_agr,edu_isced11_6,2019,0.98
lbn,sex_t,eco_sector_agr,edu_isced11_7,2019,0.838
lbn,sex_t,eco_sector_agr,edu_isced11_8,2019,0.129
lbn,sex_t,eco_sector_agr,edu_isced11_total,2019,49.205
lbn,sex_t,eco_sector_agr,edu_isced11_x,2019,10.359
lbn,sex_t,eco_sector_ind,edu_aggregate_adv,2019,12.209
lbn,sex_t,eco_sector_ind,edu_aggregate_bas,2019,125.203
lbn,sex_t,eco_sector_ind,edu_aggregate_int,2019,26.177
lbn,sex_t,eco_sector_ind,edu_aggregate_ltb,2019,20.432
lbn,sex_t,eco_sector_ind,edu_aggregate_total,2019,184.219
lbn,sex_t,eco_sector_ind,edu_aggregate_x,2019,0.198
lbn,sex_t,eco_sector_ind,edu_isced11_1,2019,64.374
lbn,sex_t,eco_sector_ind,edu_isced11_2,2019,60.829
lbn,sex_t,eco_sector_ind,edu_isced11_3,2019,19.749
lbn,sex_t,eco_sector_ind,edu_isced11_4,2019,6.428
lbn,sex_t,eco_sector_ind,edu_isced11_5,2019,3.574
lbn,sex_t,eco_sector_ind,edu_isced11_6,2019,6.057
lbn,sex_t,eco_sector_ind,edu_isced11_7,2019,2.464
lbn,sex_t,eco_sector_ind,edu_isced11_8,2019,0.114
lbn,sex_t,eco_sector_ind,edu_isced11_9,2019,0.198
lbn,sex_t,eco_sector_ind,edu_isced11_total,2019,184.219
lbn,sex_t,eco_sector_ind,edu_isced11_x,2019,20.358
lbn,sex_t,eco_sector_nag,edu_aggregate_adv,2019,70.729
lbn,sex_t,eco_sector_nag,edu_aggregate_bas,2019,345.067
lbn,sex_t,eco_sector_nag,edu_aggregate_int,2019,84.075
lbn,sex_t,eco_sector_nag,edu_aggregate_ltb,2019,114.026
lbn,sex_t,eco_sector_nag,edu_aggregate_total,2019,616.834
lbn,sex_t,eco_sector_nag,edu_aggregate_x,2019,2.936
lbn,sex_t,eco_sector_nag,edu_isced11_0,2019,0.238
lbn,sex_t,eco_sector_nag,edu_isced11_1,2019,179.625
lbn,sex_t,eco_sector_nag,edu_isced11_2,2019,165.442
lbn,sex_t,eco_sector_nag,edu_isced11_3,2019,62.685
lbn,sex_t,eco_sector_nag,edu_isced11_4,2019,21.39
lbn,sex_t,eco_sector_nag,edu_isced11_5,2019,15.582
lbn,sex_t,eco_sector_nag,edu_isced11_6,2019,26.479
lbn,sex_t,eco_sector_nag,edu_isced11_7,2019,24.455
lbn,sex_t,eco_sector_nag,edu_isced11_8,2019,4.213
lbn,sex_t,eco_sector_nag,edu_isced11_9,2019,2.936
lbn,sex_t,eco_sector_nag,edu_isced11_total,2019,616.834
lbn,sex_t,eco_sector_nag,edu_isced11_x,2019,113.789
lbn,sex_t,eco_sector_ser,edu_aggregate_adv,2019,57.878
lbn,sex_t,eco_sector_ser,edu_aggregate_bas,2019,217.665
lbn,sex_t,eco_sector_ser,edu_aggregate_int,2019,57.078
lbn,sex_t,eco_sector_ser,edu_aggregate_ltb,2019,92.354
lbn,sex_t,eco_sector_ser,edu_aggregate_total,2019,427.714
lbn,sex_t,eco_sector_ser,edu_aggregate_x,2019,2.739
lbn,sex_t,eco_sector_ser,edu_isced11_0,2019,0.163
lbn,sex_t,eco_sector_ser,edu_isced11_1,2019,113.897
lbn,sex_t,eco_sector_ser,edu_isced11_2,2019,103.767
lbn,sex_t,eco_sector_ser,edu_isced11_3,2019,42.207
lbn,sex_t,eco_sector_ser,edu_isced11_4,2019,14.872
lbn,sex_t,eco_sector_ser,edu_isced11_5,2019,11.996
lbn,sex_t,eco_sector_ser,edu_isced11_6,2019,20.238
lbn,sex_t,eco_sector_ser,edu_isced11_7,2019,21.609
lbn,sex_t,eco_sector_ser,edu_isced11_8,2019,4.036
lbn,sex_t,eco_sector_ser,edu_isced11_9,2019,2.739
lbn,sex_t,eco_sector_ser,edu_isced11_total,2019,427.714
lbn,sex_t,eco_sector_ser,edu_isced11_x,2019,92.191
lbn,sex_t,eco_sector_total,edu_aggregate_adv,2019,73.608
lbn,sex_t,eco_sector_total,edu_aggregate_bas,2019,375.775
lbn,sex_t,eco_sector_total,edu_aggregate_int,2019,89.311
lbn,sex_t,eco_sector_total,edu_aggregate_ltb,2019,124.398
lbn,sex_t,eco_sector_total,edu_aggregate_total,2019,666.038
lbn,sex_t,eco_sector_total,edu_aggregate_x,2019,2.946
lbn,sex_t,eco_sector_total,edu_isced11_0,2019,0.25
lbn,sex_t,eco_sector_total,edu_isced11_1,2019,198.001
lbn,sex_t,eco_sector_total,edu_isced11_2,2019,177.774
lbn,sex_t,eco_sector_total,edu_isced11_3,2019,66.784
lbn,sex_t,eco_sector_total,edu_isced11_4,2019,22.527
lbn,sex_t,eco_sector_total,edu_isced11_5,2019,16.514
lbn,sex_t,eco_sector_total,edu_isced11_6,2019,27.458
lbn,sex_t,eco_sector_total,edu_isced11_7,2019,25.293
lbn,sex_t,eco_sector_total,edu_isced11_8,2019,4.343
lbn,sex_t,eco_sector_total,edu_isced11_9,2019,2.946
lbn,sex_t,eco_sector_total,edu_isced11_total,2019,666.038
lbn,sex_t,eco_sector_total,edu_isced11_x,2019,124.148
lbn,sex_t,eco_sector_x,edu_aggregate_adv,2019,0.641
lbn,sex_t,eco_sector_x,edu_aggregate_bas,2019,2.199
lbn,sex_t,eco_sector_x,edu_aggregate_int,2019,0.82
lbn,sex_t,eco_sector_x,edu_aggregate_ltb,2019,1.24
lbn,sex_t,eco_sector_x,edu_aggregate_total,2019,4.9
lbn,sex_t,eco_sector_x,edu_isced11_1,2019,1.353
lbn,sex_t,eco_sector_x,edu_isced11_2,2019,0.846
lbn,sex_t,eco_sector_x,edu_isced11_3,2019,0.729
lbn,sex_t,eco_sector_x,edu_isced11_6,2019,0.184
lbn,sex_t,eco_sector_x,edu_isced11_7,2019,0.383
lbn,sex_t,eco_sector_x,edu_isced11_total,2019,4.9
lbn,sex_t,eco_sector_x,edu_isced11_x,2019,1.24
