ref_area,sex,classif1,time,emp_2emp_sex_ste_nb
gin,sex_f,ste_aggregate_ees,1991,20.209
gin,sex_f,ste_aggregate_ees,1992,21.018
gin,sex_f,ste_aggregate_ees,1993,22.204
gin,sex_f,ste_aggregate_ees,1994,23.177
gin,sex_f,ste_aggregate_ees,1995,24.336
gin,sex_f,ste_aggregate_ees,1996,25.737
gin,sex_f,ste_aggregate_ees,1997,27.111
gin,sex_f,ste_aggregate_ees,1998,28.428
gin,sex_f,ste_aggregate_ees,1999,30.399
gin,sex_f,ste_aggregate_ees,2000,32.397
gin,sex_f,ste_aggregate_ees,2001,34.272
gin,sex_f,ste_aggregate_ees,2002,36.887
gin,sex_f,ste_aggregate_ees,2003,41.449
gin,sex_f,ste_aggregate_ees,2004,46.14
gin,sex_f,ste_aggregate_ees,2005,51.136
gin,sex_f,ste_aggregate_ees,2006,56.115
gin,sex_f,ste_aggregate_ees,2007,61.542
gin,sex_f,ste_aggregate_ees,2008,67.799
gin,sex_f,ste_aggregate_ees,2009,73.481
gin,sex_f,ste_aggregate_ees,2010,79.652
gin,sex_f,ste_aggregate_ees,2011,86.361
gin,sex_f,ste_aggregate_ees,2012,93.72
gin,sex_f,ste_aggregate_ees,2013,100.965
gin,sex_f,ste_aggregate_ees,2014,108.482
gin,sex_f,ste_aggregate_ees,2015,115.464
gin,sex_f,ste_aggregate_ees,2016,124.079
gin,sex_f,ste_aggregate_ees,2017,133.195
gin,sex_f,ste_aggregate_ees,2018,142.209
gin,sex_f,ste_aggregate_ees,2019,150.969
gin,sex_f,ste_aggregate_ees,2020,144.504
gin,sex_f,ste_aggregate_ees,2021,153.139
gin,sex_f,ste_aggregate_ees,2022,161.649
gin,sex_f,ste_aggregate_ees,2023,171.302
gin,sex_f,ste_aggregate_ees,2024,180.684
gin,sex_f,ste_aggregate_ees,2025,189.013
gin,sex_f,ste_aggregate_slf,1991,1183.207
gin,sex_f,ste_aggregate_slf,1992,1216.149
gin,sex_f,ste_aggregate_slf,1993,1248.083
gin,sex_f,ste_aggregate_slf,1994,1280.697
gin,sex_f,ste_aggregate_slf,1995,1311.73
gin,sex_f,ste_aggregate_slf,1996,1343.583
gin,sex_f,ste_aggregate_slf,1997,1363.637
gin,sex_f,ste_aggregate_slf,1998,1381.813
gin,sex_f,ste_aggregate_slf,1999,1407.73
gin,sex_f,ste_aggregate_slf,2000,1429.61
gin,sex_f,ste_aggregate_slf,2001,1442.397
gin,sex_f,ste_aggregate_slf,2002,1461.912
gin,sex_f,ste_aggregate_slf,2003,1464.161
gin,sex_f,ste_aggregate_slf,2004,1464.402
gin,sex_f,ste_aggregate_slf,2005,1461.299
gin,sex_f,ste_aggregate_slf,2006,1460.036
gin,sex_f,ste_aggregate_slf,2007,1463.163
gin,sex_f,ste_aggregate_slf,2008,1465.459
gin,sex_f,ste_aggregate_slf,2009,1466.761
gin,sex_f,ste_aggregate_slf,2010,1466.919
gin,sex_f,ste_aggregate_slf,2011,1467.441
gin,sex_f,ste_aggregate_slf,2012,1468.559
gin,sex_f,ste_aggregate_slf,2013,1465.566
gin,sex_f,ste_aggregate_slf,2014,1460.89
gin,sex_f,ste_aggregate_slf,2015,1453.292
gin,sex_f,ste_aggregate_slf,2016,1446.333
gin,sex_f,ste_aggregate_slf,2017,1437.05
gin,sex_f,ste_aggregate_slf,2018,1425.036
gin,sex_f,ste_aggregate_slf,2019,1409.53
gin,sex_f,ste_aggregate_slf,2020,1431.264
gin,sex_f,ste_aggregate_slf,2021,1474.037
gin,sex_f,ste_aggregate_slf,2022,1543.836
gin,sex_f,ste_aggregate_slf,2023,1592.96
gin,sex_f,ste_aggregate_slf,2024,1640.332
gin,sex_f,ste_aggregate_slf,2025,1675.976
gin,sex_f,ste_aggregate_total,1991,1203.416
gin,sex_f,ste_aggregate_total,1992,1237.167
gin,sex_f,ste_aggregate_total,1993,1270.287
gin,sex_f,ste_aggregate_total,1994,1303.874
gin,sex_f,ste_aggregate_total,1995,1336.066
gin,sex_f,ste_aggregate_total,1996,1369.32
gin,sex_f,ste_aggregate_total,1997,1390.747
gin,sex_f,ste_aggregate_total,1998,1410.241
gin,sex_f,ste_aggregate_total,1999,1438.129
gin,sex_f,ste_aggregate_total,2000,1462.007
gin,sex_f,ste_aggregate_total,2001,1476.669
gin,sex_f,ste_aggregate_total,2002,1498.799
gin,sex_f,ste_aggregate_total,2003,1505.61
gin,sex_f,ste_aggregate_total,2004,1510.542
gin,sex_f,ste_aggregate_total,2005,1512.435
gin,sex_f,ste_aggregate_total,2006,1516.151
gin,sex_f,ste_aggregate_total,2007,1524.706
gin,sex_f,ste_aggregate_total,2008,1533.259
gin,sex_f,ste_aggregate_total,2009,1540.241
gin,sex_f,ste_aggregate_total,2010,1546.571
gin,sex_f,ste_aggregate_total,2011,1553.802
gin,sex_f,ste_aggregate_total,2012,1562.279
gin,sex_f,ste_aggregate_total,2013,1566.531
gin,sex_f,ste_aggregate_total,2014,1569.371
gin,sex_f,ste_aggregate_total,2015,1568.756
gin,sex_f,ste_aggregate_total,2016,1570.412
gin,sex_f,ste_aggregate_total,2017,1570.245
gin,sex_f,ste_aggregate_total,2018,1567.245
gin,sex_f,ste_aggregate_total,2019,1560.498
gin,sex_f,ste_aggregate_total,2020,1575.769
gin,sex_f,ste_aggregate_total,2021,1627.177
gin,sex_f,ste_aggregate_total,2022,1705.485
gin,sex_f,ste_aggregate_total,2023,1764.263
gin,sex_f,ste_aggregate_total,2024,1821.016
gin,sex_f,ste_aggregate_total,2025,1864.99
gin,sex_f,ste_icse93_1,1991,20.209
gin,sex_f,ste_icse93_1,1992,21.018
gin,sex_f,ste_icse93_1,1993,22.204
gin,sex_f,ste_icse93_1,1994,23.177
gin,sex_f,ste_icse93_1,1995,24.336
gin,sex_f,ste_icse93_1,1996,25.737
gin,sex_f,ste_icse93_1,1997,27.111
gin,sex_f,ste_icse93_1,1998,28.428
gin,sex_f,ste_icse93_1,1999,30.399
gin,sex_f,ste_icse93_1,2000,32.397
gin,sex_f,ste_icse93_1,2001,34.272
gin,sex_f,ste_icse93_1,2002,36.887
gin,sex_f,ste_icse93_1,2003,41.449
gin,sex_f,ste_icse93_1,2004,46.14
gin,sex_f,ste_icse93_1,2005,51.136
gin,sex_f,ste_icse93_1,2006,56.115
gin,sex_f,ste_icse93_1,2007,61.542
gin,sex_f,ste_icse93_1,2008,67.799
gin,sex_f,ste_icse93_1,2009,73.481
gin,sex_f,ste_icse93_1,2010,79.652
gin,sex_f,ste_icse93_1,2011,86.361
gin,sex_f,ste_icse93_1,2012,93.72
gin,sex_f,ste_icse93_1,2013,100.965
gin,sex_f,ste_icse93_1,2014,108.482
gin,sex_f,ste_icse93_1,2015,115.464
gin,sex_f,ste_icse93_1,2016,124.079
gin,sex_f,ste_icse93_1,2017,133.195
gin,sex_f,ste_icse93_1,2018,142.209
gin,sex_f,ste_icse93_1,2019,150.969
gin,sex_f,ste_icse93_1,2020,144.504
gin,sex_f,ste_icse93_1,2021,153.139
gin,sex_f,ste_icse93_1,2022,161.649
gin,sex_f,ste_icse93_1,2023,171.302
gin,sex_f,ste_icse93_1,2024,180.684
gin,sex_f,ste_icse93_1,2025,189.013
gin,sex_f,ste_icse93_2,1991,26.711
gin,sex_f,ste_icse93_2,1992,27.595
gin,sex_f,ste_icse93_2,1993,28.372
gin,sex_f,ste_icse93_2,1994,29.127
gin,sex_f,ste_icse93_2,1995,29.831
gin,sex_f,ste_icse93_2,1996,30.69
gin,sex_f,ste_icse93_2,1997,31.344
gin,sex_f,ste_icse93_2,1998,31.989
gin,sex_f,ste_icse93_2,1999,32.716
gin,sex_f,ste_icse93_2,2000,33.576
gin,sex_f,ste_icse93_2,2001,34.178
gin,sex_f,ste_icse93_2,2002,34.842
gin,sex_f,ste_icse93_2,2003,35.104
gin,sex_f,ste_icse93_2,2004,35.536
gin,sex_f,ste_icse93_2,2005,35.994
gin,sex_f,ste_icse93_2,2006,36.427
gin,sex_f,ste_icse93_2,2007,37.041
gin,sex_f,ste_icse93_2,2008,37.887
gin,sex_f,ste_icse93_2,2009,38.409
gin,sex_f,ste_icse93_2,2010,39.261
gin,sex_f,ste_icse93_2,2011,40.082
gin,sex_f,ste_icse93_2,2012,41.046
gin,sex_f,ste_icse93_2,2013,41.668
gin,sex_f,ste_icse93_2,2014,42.228
gin,sex_f,ste_icse93_2,2015,42.598
gin,sex_f,ste_icse93_2,2016,43.191
gin,sex_f,ste_icse93_2,2017,43.558
gin,sex_f,ste_icse93_2,2018,43.777
gin,sex_f,ste_icse93_2,2019,44.016
gin,sex_f,ste_icse93_2,2020,49.164
gin,sex_f,ste_icse93_2,2021,51.35
gin,sex_f,ste_icse93_2,2022,53.902
gin,sex_f,ste_icse93_2,2023,56.231
gin,sex_f,ste_icse93_2,2024,58.341
gin,sex_f,ste_icse93_2,2025,60.151
gin,sex_f,ste_icse93_3,1991,644.606
gin,sex_f,ste_icse93_3,1992,663.638
gin,sex_f,ste_icse93_3,1993,682.349
gin,sex_f,ste_icse93_3,1994,700.754
gin,sex_f,ste_icse93_3,1995,718.807
gin,sex_f,ste_icse93_3,1996,737.717
gin,sex_f,ste_icse93_3,1997,750.114
gin,sex_f,ste_icse93_3,1998,761.556
gin,sex_f,ste_icse93_3,1999,778.364
gin,sex_f,ste_icse93_3,2000,793.229
gin,sex_f,ste_icse93_3,2001,803.573
gin,sex_f,ste_icse93_3,2002,818.226
gin,sex_f,ste_icse93_3,2003,829.88
gin,sex_f,ste_icse93_3,2004,838.446
gin,sex_f,ste_icse93_3,2005,845.645
gin,sex_f,ste_icse93_3,2006,854.452
gin,sex_f,ste_icse93_3,2007,865.206
gin,sex_f,ste_icse93_3,2008,875.151
gin,sex_f,ste_icse93_3,2009,886.622
gin,sex_f,ste_icse93_3,2010,896.835
gin,sex_f,ste_icse93_3,2011,908.09
gin,sex_f,ste_icse93_3,2012,919.088
gin,sex_f,ste_icse93_3,2013,929.005
gin,sex_f,ste_icse93_3,2014,938.896
gin,sex_f,ste_icse93_3,2015,947.643
gin,sex_f,ste_icse93_3,2016,956.673
gin,sex_f,ste_icse93_3,2017,963.673
gin,sex_f,ste_icse93_3,2018,969.577
gin,sex_f,ste_icse93_3,2019,972.36
gin,sex_f,ste_icse93_3,2020,990.924
gin,sex_f,ste_icse93_3,2021,1026.94
gin,sex_f,ste_icse93_3,2022,1084.676
gin,sex_f,ste_icse93_3,2023,1124
gin,sex_f,ste_icse93_3,2024,1163.687
gin,sex_f,ste_icse93_3,2025,1195.59
gin,sex_f,ste_icse93_5,1991,511.89
gin,sex_f,ste_icse93_5,1992,524.917
gin,sex_f,ste_icse93_5,1993,537.362
gin,sex_f,ste_icse93_5,1994,550.816
gin,sex_f,ste_icse93_5,1995,563.092
gin,sex_f,ste_icse93_5,1996,575.176
gin,sex_f,ste_icse93_5,1997,582.179
gin,sex_f,ste_icse93_5,1998,588.268
gin,sex_f,ste_icse93_5,1999,596.65
gin,sex_f,ste_icse93_5,2000,602.805
gin,sex_f,ste_icse93_5,2001,604.646
gin,sex_f,ste_icse93_5,2002,608.845
gin,sex_f,ste_icse93_5,2003,599.177
gin,sex_f,ste_icse93_5,2004,590.419
gin,sex_f,ste_icse93_5,2005,579.66
gin,sex_f,ste_icse93_5,2006,569.157
gin,sex_f,ste_icse93_5,2007,560.916
gin,sex_f,ste_icse93_5,2008,552.422
gin,sex_f,ste_icse93_5,2009,541.73
gin,sex_f,ste_icse93_5,2010,530.823
gin,sex_f,ste_icse93_5,2011,519.27
gin,sex_f,ste_icse93_5,2012,508.425
gin,sex_f,ste_icse93_5,2013,494.893
gin,sex_f,ste_icse93_5,2014,479.765
gin,sex_f,ste_icse93_5,2015,463.051
gin,sex_f,ste_icse93_5,2016,446.47
gin,sex_f,ste_icse93_5,2017,429.818
gin,sex_f,ste_icse93_5,2018,411.682
gin,sex_f,ste_icse93_5,2019,393.154
gin,sex_f,ste_icse93_5,2020,391.176
gin,sex_f,ste_icse93_5,2021,395.747
gin,sex_f,ste_icse93_5,2022,405.258
gin,sex_f,ste_icse93_5,2023,412.729
gin,sex_f,ste_icse93_5,2024,418.303
gin,sex_f,ste_icse93_5,2025,420.236
gin,sex_f,ste_icse93_total,1991,1203.416
gin,sex_f,ste_icse93_total,1992,1237.167
gin,sex_f,ste_icse93_total,1993,1270.287
gin,sex_f,ste_icse93_total,1994,1303.874
gin,sex_f,ste_icse93_total,1995,1336.066
gin,sex_f,ste_icse93_total,1996,1369.32
gin,sex_f,ste_icse93_total,1997,1390.747
gin,sex_f,ste_icse93_total,1998,1410.241
gin,sex_f,ste_icse93_total,1999,1438.129
gin,sex_f,ste_icse93_total,2000,1462.007
gin,sex_f,ste_icse93_total,2001,1476.669
gin,sex_f,ste_icse93_total,2002,1498.799
gin,sex_f,ste_icse93_total,2003,1505.61
gin,sex_f,ste_icse93_total,2004,1510.542
gin,sex_f,ste_icse93_total,2005,1512.435
gin,sex_f,ste_icse93_total,2006,1516.151
gin,sex_f,ste_icse93_total,2007,1524.706
gin,sex_f,ste_icse93_total,2008,1533.259
gin,sex_f,ste_icse93_total,2009,1540.241
gin,sex_f,ste_icse93_total,2010,1546.571
gin,sex_f,ste_icse93_total,2011,1553.802
gin,sex_f,ste_icse93_total,2012,1562.279
gin,sex_f,ste_icse93_total,2013,1566.531
gin,sex_f,ste_icse93_total,2014,1569.372
gin,sex_f,ste_icse93_total,2015,1568.756
gin,sex_f,ste_icse93_total,2016,1570.412
gin,sex_f,ste_icse93_total,2017,1570.245
gin,sex_f,ste_icse93_total,2018,1567.245
gin,sex_f,ste_icse93_total,2019,1560.498
gin,sex_f,ste_icse93_total,2020,1575.769
gin,sex_f,ste_icse93_total,2021,1627.177
gin,sex_f,ste_icse93_total,2022,1705.485
gin,sex_f,ste_icse93_total,2023,1764.263
gin,sex_f,ste_icse93_total,2024,1821.016
gin,sex_f,ste_icse93_total,2025,1864.99
gin,sex_m,ste_aggregate_ees,1991,102.585
gin,sex_m,ste_aggregate_ees,1992,106.622
gin,sex_m,ste_aggregate_ees,1993,112.038
gin,sex_m,ste_aggregate_ees,1994,116.775
gin,sex_m,ste_aggregate_ees,1995,122.099
gin,sex_m,ste_aggregate_ees,1996,128.202
gin,sex_m,ste_aggregate_ees,1997,133.659
gin,sex_m,ste_aggregate_ees,1998,138.59
gin,sex_m,ste_aggregate_ees,1999,145.752
gin,sex_m,ste_aggregate_ees,2000,152.212
gin,sex_m,ste_aggregate_ees,2001,157.46
gin,sex_m,ste_aggregate_ees,2002,165.156
gin,sex_m,ste_aggregate_ees,2003,179.39
gin,sex_m,ste_aggregate_ees,2004,193.378
gin,sex_m,ste_aggregate_ees,2005,207.288
gin,sex_m,ste_aggregate_ees,2006,220.854
gin,sex_m,ste_aggregate_ees,2007,237.05
gin,sex_m,ste_aggregate_ees,2008,255.249
gin,sex_m,ste_aggregate_ees,2009,270.841
gin,sex_m,ste_aggregate_ees,2010,288.187
gin,sex_m,ste_aggregate_ees,2011,307.394
gin,sex_m,ste_aggregate_ees,2012,328.946
gin,sex_m,ste_aggregate_ees,2013,349.557
gin,sex_m,ste_aggregate_ees,2014,370.856
gin,sex_m,ste_aggregate_ees,2015,392.386
gin,sex_m,ste_aggregate_ees,2016,420.225
gin,sex_m,ste_aggregate_ees,2017,450.344
gin,sex_m,ste_aggregate_ees,2018,480.151
gin,sex_m,ste_aggregate_ees,2019,506.417
gin,sex_m,ste_aggregate_ees,2020,485.704
gin,sex_m,ste_aggregate_ees,2021,516.386
gin,sex_m,ste_aggregate_ees,2022,544.892
gin,sex_m,ste_aggregate_ees,2023,569.952
gin,sex_m,ste_aggregate_ees,2024,594.698
gin,sex_m,ste_aggregate_ees,2025,619.489
gin,sex_m,ste_aggregate_slf,1991,1001.911
gin,sex_m,ste_aggregate_slf,1992,1035.22
gin,sex_m,ste_aggregate_slf,1993,1067.286
gin,sex_m,ste_aggregate_slf,1994,1100.608
gin,sex_m,ste_aggregate_slf,1995,1132.06
gin,sex_m,ste_aggregate_slf,1996,1163.695
gin,sex_m,ste_aggregate_slf,1997,1181.633
gin,sex_m,ste_aggregate_slf,1998,1196.016
gin,sex_m,ste_aggregate_slf,1999,1217.426
gin,sex_m,ste_aggregate_slf,2000,1232.798
gin,sex_m,ste_aggregate_slf,2001,1235.711
gin,sex_m,ste_aggregate_slf,2002,1243.555
gin,sex_m,ste_aggregate_slf,2003,1261.131
gin,sex_m,ste_aggregate_slf,2004,1276.364
gin,sex_m,ste_aggregate_slf,2005,1286.485
gin,sex_m,ste_aggregate_slf,2006,1301.722
gin,sex_m,ste_aggregate_slf,2007,1326.03
gin,sex_m,ste_aggregate_slf,2008,1351.178
gin,sex_m,ste_aggregate_slf,2009,1378.556
gin,sex_m,ste_aggregate_slf,2010,1405.763
gin,sex_m,ste_aggregate_slf,2011,1435.661
gin,sex_m,ste_aggregate_slf,2012,1468.163
gin,sex_m,ste_aggregate_slf,2013,1497.06
gin,sex_m,ste_aggregate_slf,2014,1526.627
gin,sex_m,ste_aggregate_slf,2015,1561.973
gin,sex_m,ste_aggregate_slf,2016,1599.253
gin,sex_m,ste_aggregate_slf,2017,1634.163
gin,sex_m,ste_aggregate_slf,2018,1667.986
gin,sex_m,ste_aggregate_slf,2019,1703.51
gin,sex_m,ste_aggregate_slf,2020,1746.962
gin,sex_m,ste_aggregate_slf,2021,1806.666
gin,sex_m,ste_aggregate_slf,2022,1863.025
gin,sex_m,ste_aggregate_slf,2023,1906.066
gin,sex_m,ste_aggregate_slf,2024,1951.435
gin,sex_m,ste_aggregate_slf,2025,1994.522
gin,sex_m,ste_aggregate_total,1991,1104.496
gin,sex_m,ste_aggregate_total,1992,1141.842
gin,sex_m,ste_aggregate_total,1993,1179.323
gin,sex_m,ste_aggregate_total,1994,1217.383
gin,sex_m,ste_aggregate_total,1995,1254.159
gin,sex_m,ste_aggregate_total,1996,1291.897
gin,sex_m,ste_aggregate_total,1997,1315.292
gin,sex_m,ste_aggregate_total,1998,1334.606
gin,sex_m,ste_aggregate_total,1999,1363.178
gin,sex_m,ste_aggregate_total,2000,1385.01
gin,sex_m,ste_aggregate_total,2001,1393.171
gin,sex_m,ste_aggregate_total,2002,1408.711
gin,sex_m,ste_aggregate_total,2003,1440.52
gin,sex_m,ste_aggregate_total,2004,1469.743
gin,sex_m,ste_aggregate_total,2005,1493.774
gin,sex_m,ste_aggregate_total,2006,1522.577
gin,sex_m,ste_aggregate_total,2007,1563.079
gin,sex_m,ste_aggregate_total,2008,1606.427
gin,sex_m,ste_aggregate_total,2009,1649.397
gin,sex_m,ste_aggregate_total,2010,1693.95
gin,sex_m,ste_aggregate_total,2011,1743.055
gin,sex_m,ste_aggregate_total,2012,1797.109
gin,sex_m,ste_aggregate_total,2013,1846.617
gin,sex_m,ste_aggregate_total,2014,1897.483
gin,sex_m,ste_aggregate_total,2015,1954.359
gin,sex_m,ste_aggregate_total,2016,2019.478
gin,sex_m,ste_aggregate_total,2017,2084.507
gin,sex_m,ste_aggregate_total,2018,2148.137
gin,sex_m,ste_aggregate_total,2019,2209.927
gin,sex_m,ste_aggregate_total,2020,2232.666
gin,sex_m,ste_aggregate_total,2021,2323.052
gin,sex_m,ste_aggregate_total,2022,2407.917
gin,sex_m,ste_aggregate_total,2023,2476.019
gin,sex_m,ste_aggregate_total,2024,2546.133
gin,sex_m,ste_aggregate_total,2025,2614.011
gin,sex_m,ste_icse93_1,1991,102.585
gin,sex_m,ste_icse93_1,1992,106.622
gin,sex_m,ste_icse93_1,1993,112.038
gin,sex_m,ste_icse93_1,1994,116.775
gin,sex_m,ste_icse93_1,1995,122.099
gin,sex_m,ste_icse93_1,1996,128.202
gin,sex_m,ste_icse93_1,1997,133.659
gin,sex_m,ste_icse93_1,1998,138.59
gin,sex_m,ste_icse93_1,1999,145.752
gin,sex_m,ste_icse93_1,2000,152.212
gin,sex_m,ste_icse93_1,2001,157.46
gin,sex_m,ste_icse93_1,2002,165.156
gin,sex_m,ste_icse93_1,2003,179.39
gin,sex_m,ste_icse93_1,2004,193.378
gin,sex_m,ste_icse93_1,2005,207.288
gin,sex_m,ste_icse93_1,2006,220.854
gin,sex_m,ste_icse93_1,2007,237.05
gin,sex_m,ste_icse93_1,2008,255.249
gin,sex_m,ste_icse93_1,2009,270.841
gin,sex_m,ste_icse93_1,2010,288.187
gin,sex_m,ste_icse93_1,2011,307.394
gin,sex_m,ste_icse93_1,2012,328.946
gin,sex_m,ste_icse93_1,2013,349.557
gin,sex_m,ste_icse93_1,2014,370.856
gin,sex_m,ste_icse93_1,2015,392.386
gin,sex_m,ste_icse93_1,2016,420.225
gin,sex_m,ste_icse93_1,2017,450.345
gin,sex_m,ste_icse93_1,2018,480.151
gin,sex_m,ste_icse93_1,2019,506.417
gin,sex_m,ste_icse93_1,2020,485.704
gin,sex_m,ste_icse93_1,2021,516.386
gin,sex_m,ste_icse93_1,2022,544.892
gin,sex_m,ste_icse93_1,2023,569.952
gin,sex_m,ste_icse93_1,2024,594.698
gin,sex_m,ste_icse93_1,2025,619.489
gin,sex_m,ste_icse93_2,1991,33.9
gin,sex_m,ste_icse93_2,1992,35.088
gin,sex_m,ste_icse93_2,1993,36.127
gin,sex_m,ste_icse93_2,1994,37.15
gin,sex_m,ste_icse93_2,1995,38.063
gin,sex_m,ste_icse93_2,1996,39.113
gin,sex_m,ste_icse93_2,1997,39.776
gin,sex_m,ste_icse93_2,1998,40.332
gin,sex_m,ste_icse93_2,1999,40.958
gin,sex_m,ste_icse93_2,2000,41.581
gin,sex_m,ste_icse93_2,2001,41.692
gin,sex_m,ste_icse93_2,2002,41.842
gin,sex_m,ste_icse93_2,2003,42.418
gin,sex_m,ste_icse93_2,2004,43.101
gin,sex_m,ste_icse93_2,2005,43.61
gin,sex_m,ste_icse93_2,2006,44.029
gin,sex_m,ste_icse93_2,2007,44.768
gin,sex_m,ste_icse93_2,2008,45.693
gin,sex_m,ste_icse93_2,2009,46.086
gin,sex_m,ste_icse93_2,2010,46.841
gin,sex_m,ste_icse93_2,2011,47.649
gin,sex_m,ste_icse93_2,2012,48.793
gin,sex_m,ste_icse93_2,2013,49.629
gin,sex_m,ste_icse93_2,2014,50.597
gin,sex_m,ste_icse93_2,2015,51.773
gin,sex_m,ste_icse93_2,2016,53.523
gin,sex_m,ste_icse93_2,2017,55.211
gin,sex_m,ste_icse93_2,2018,56.807
gin,sex_m,ste_icse93_2,2019,58.515
gin,sex_m,ste_icse93_2,2020,54.497
gin,sex_m,ste_icse93_2,2021,57.709
gin,sex_m,ste_icse93_2,2022,59.423
gin,sex_m,ste_icse93_2,2023,61.188
gin,sex_m,ste_icse93_2,2024,62.769
gin,sex_m,ste_icse93_2,2025,64.376
gin,sex_m,ste_icse93_3,1991,679.397
gin,sex_m,ste_icse93_3,1992,701.561
gin,sex_m,ste_icse93_3,1993,723.102
gin,sex_m,ste_icse93_3,1994,745.018
gin,sex_m,ste_icse93_3,1995,766.09
gin,sex_m,ste_icse93_3,1996,787.583
gin,sex_m,ste_icse93_3,1997,800.098
gin,sex_m,ste_icse93_3,1998,810.475
gin,sex_m,ste_icse93_3,1999,826.47
gin,sex_m,ste_icse93_3,2000,838.193
gin,sex_m,ste_icse93_3,2001,841.916
gin,sex_m,ste_icse93_3,2002,850.129
gin,sex_m,ste_icse93_3,2003,874.301
gin,sex_m,ste_icse93_3,2004,894.947
gin,sex_m,ste_icse93_3,2005,912.452
gin,sex_m,ste_icse93_3,2006,933.821
gin,sex_m,ste_icse93_3,2007,962.197
gin,sex_m,ste_icse93_3,2008,991.885
gin,sex_m,ste_icse93_3,2009,1024.249
gin,sex_m,ste_icse93_3,2010,1055.823
gin,sex_m,ste_icse93_3,2011,1090.797
gin,sex_m,ste_icse93_3,2012,1127.929
gin,sex_m,ste_icse93_3,2013,1163.564
gin,sex_m,ste_icse93_3,2014,1199.993
gin,sex_m,ste_icse93_3,2015,1240.99
gin,sex_m,ste_icse93_3,2016,1284.2
gin,sex_m,ste_icse93_3,2017,1326.747
gin,sex_m,ste_icse93_3,2018,1369.584
gin,sex_m,ste_icse93_3,2019,1413.012
gin,sex_m,ste_icse93_3,2020,1449.681
gin,sex_m,ste_icse93_3,2021,1500.161
gin,sex_m,ste_icse93_3,2022,1547.202
gin,sex_m,ste_icse93_3,2023,1585.609
gin,sex_m,ste_icse93_3,2024,1626.883
gin,sex_m,ste_icse93_3,2025,1666.295
gin,sex_m,ste_icse93_5,1991,288.614
gin,sex_m,ste_icse93_5,1992,298.571
gin,sex_m,ste_icse93_5,1993,308.057
gin,sex_m,ste_icse93_5,1994,318.44
gin,sex_m,ste_icse93_5,1995,327.907
gin,sex_m,ste_icse93_5,1996,336.999
gin,sex_m,ste_icse93_5,1997,341.759
gin,sex_m,ste_icse93_5,1998,345.209
gin,sex_m,ste_icse93_5,1999,349.998
gin,sex_m,ste_icse93_5,2000,353.024
gin,sex_m,ste_icse93_5,2001,352.103
gin,sex_m,ste_icse93_5,2002,351.584
gin,sex_m,ste_icse93_5,2003,344.412
gin,sex_m,ste_icse93_5,2004,338.316
gin,sex_m,ste_icse93_5,2005,330.424
gin,sex_m,ste_icse93_5,2006,323.873
gin,sex_m,ste_icse93_5,2007,319.065
gin,sex_m,ste_icse93_5,2008,313.6
gin,sex_m,ste_icse93_5,2009,308.221
gin,sex_m,ste_icse93_5,2010,303.099
gin,sex_m,ste_icse93_5,2011,297.214
gin,sex_m,ste_icse93_5,2012,291.442
gin,sex_m,ste_icse93_5,2013,283.867
gin,sex_m,ste_icse93_5,2014,276.037
gin,sex_m,ste_icse93_5,2015,269.209
gin,sex_m,ste_icse93_5,2016,261.531
gin,sex_m,ste_icse93_5,2017,252.205
gin,sex_m,ste_icse93_5,2018,241.595
gin,sex_m,ste_icse93_5,2019,231.983
gin,sex_m,ste_icse93_5,2020,242.783
gin,sex_m,ste_icse93_5,2021,248.796
gin,sex_m,ste_icse93_5,2022,256.399
gin,sex_m,ste_icse93_5,2023,259.27
gin,sex_m,ste_icse93_5,2024,261.782
gin,sex_m,ste_icse93_5,2025,263.851
gin,sex_m,ste_icse93_total,1991,1104.496
gin,sex_m,ste_icse93_total,1992,1141.842
gin,sex_m,ste_icse93_total,1993,1179.323
gin,sex_m,ste_icse93_total,1994,1217.383
gin,sex_m,ste_icse93_total,1995,1254.159
gin,sex_m,ste_icse93_total,1996,1291.897
gin,sex_m,ste_icse93_total,1997,1315.292
gin,sex_m,ste_icse93_total,1998,1334.606
gin,sex_m,ste_icse93_total,1999,1363.178
gin,sex_m,ste_icse93_total,2000,1385.01
gin,sex_m,ste_icse93_total,2001,1393.171
gin,sex_m,ste_icse93_total,2002,1408.711
gin,sex_m,ste_icse93_total,2003,1440.52
gin,sex_m,ste_icse93_total,2004,1469.743
gin,sex_m,ste_icse93_total,2005,1493.774
gin,sex_m,ste_icse93_total,2006,1522.577
gin,sex_m,ste_icse93_total,2007,1563.079
gin,sex_m,ste_icse93_total,2008,1606.427
gin,sex_m,ste_icse93_total,2009,1649.397
gin,sex_m,ste_icse93_total,2010,1693.95
gin,sex_m,ste_icse93_total,2011,1743.055
gin,sex_m,ste_icse93_total,2012,1797.109
gin,sex_m,ste_icse93_total,2013,1846.617
gin,sex_m,ste_icse93_total,2014,1897.483
gin,sex_m,ste_icse93_total,2015,1954.359
gin,sex_m,ste_icse93_total,2016,2019.478
gin,sex_m,ste_icse93_total,2017,2084.507
gin,sex_m,ste_icse93_total,2018,2148.137
gin,sex_m,ste_icse93_total,2019,2209.927
gin,sex_m,ste_icse93_total,2020,2232.666
gin,sex_m,ste_icse93_total,2021,2323.052
gin,sex_m,ste_icse93_total,2022,2407.917
gin,sex_m,ste_icse93_total,2023,2476.019
gin,sex_m,ste_icse93_total,2024,2546.133
gin,sex_m,ste_icse93_total,2025,2614.011
gin,sex_t,ste_aggregate_ees,1991,122.794
gin,sex_t,ste_aggregate_ees,1992,127.639
gin,sex_t,ste_aggregate_ees,1993,134.242
gin,sex_t,ste_aggregate_ees,1994,139.952
gin,sex_t,ste_aggregate_ees,1995,146.435
gin,sex_t,ste_aggregate_ees,1996,153.939
gin,sex_t,ste_aggregate_ees,1997,160.77
gin,sex_t,ste_aggregate_ees,1998,167.017
gin,sex_t,ste_aggregate_ees,1999,176.151
gin,sex_t,ste_aggregate_ees,2000,184.609
gin,sex_t,ste_aggregate_ees,2001,191.731
gin,sex_t,ste_aggregate_ees,2002,202.043
gin,sex_t,ste_aggregate_ees,2003,220.838
gin,sex_t,ste_aggregate_ees,2004,239.518
gin,sex_t,ste_aggregate_ees,2005,258.424
gin,sex_t,ste_aggregate_ees,2006,276.969
gin,sex_t,ste_aggregate_ees,2007,298.592
gin,sex_t,ste_aggregate_ees,2008,323.049
gin,sex_t,ste_aggregate_ees,2009,344.322
gin,sex_t,ste_aggregate_ees,2010,367.839
gin,sex_t,ste_aggregate_ees,2011,393.755
gin,sex_t,ste_aggregate_ees,2012,422.666
gin,sex_t,ste_aggregate_ees,2013,450.522
gin,sex_t,ste_aggregate_ees,2014,479.337
gin,sex_t,ste_aggregate_ees,2015,507.85
gin,sex_t,ste_aggregate_ees,2016,544.304
gin,sex_t,ste_aggregate_ees,2017,583.54
gin,sex_t,ste_aggregate_ees,2018,622.36
gin,sex_t,ste_aggregate_ees,2019,657.385
gin,sex_t,ste_aggregate_ees,2020,630.209
gin,sex_t,ste_aggregate_ees,2021,669.525
gin,sex_t,ste_aggregate_ees,2022,706.541
gin,sex_t,ste_aggregate_ees,2023,741.255
gin,sex_t,ste_aggregate_ees,2024,775.382
gin,sex_t,ste_aggregate_ees,2025,808.502
gin,sex_t,ste_aggregate_slf,1991,2185.118
gin,sex_t,ste_aggregate_slf,1992,2251.37
gin,sex_t,ste_aggregate_slf,1993,2315.368
gin,sex_t,ste_aggregate_slf,1994,2381.305
gin,sex_t,ste_aggregate_slf,1995,2443.79
gin,sex_t,ste_aggregate_slf,1996,2507.278
gin,sex_t,ste_aggregate_slf,1997,2545.269
gin,sex_t,ste_aggregate_slf,1998,2577.829
gin,sex_t,ste_aggregate_slf,1999,2625.156
gin,sex_t,ste_aggregate_slf,2000,2662.408
gin,sex_t,ste_aggregate_slf,2001,2678.108
gin,sex_t,ste_aggregate_slf,2002,2705.467
gin,sex_t,ste_aggregate_slf,2003,2725.291
gin,sex_t,ste_aggregate_slf,2004,2740.766
gin,sex_t,ste_aggregate_slf,2005,2747.784
gin,sex_t,ste_aggregate_slf,2006,2761.758
gin,sex_t,ste_aggregate_slf,2007,2789.193
gin,sex_t,ste_aggregate_slf,2008,2816.637
gin,sex_t,ste_aggregate_slf,2009,2845.316
gin,sex_t,ste_aggregate_slf,2010,2872.682
gin,sex_t,ste_aggregate_slf,2011,2903.102
gin,sex_t,ste_aggregate_slf,2012,2936.721
gin,sex_t,ste_aggregate_slf,2013,2962.626
gin,sex_t,ste_aggregate_slf,2014,2987.517
gin,sex_t,ste_aggregate_slf,2015,3015.265
gin,sex_t,ste_aggregate_slf,2016,3045.586
gin,sex_t,ste_aggregate_slf,2017,3071.212
gin,sex_t,ste_aggregate_slf,2018,3093.022
gin,sex_t,ste_aggregate_slf,2019,3113.04
gin,sex_t,ste_aggregate_slf,2020,3178.226
gin,sex_t,ste_aggregate_slf,2021,3280.704
gin,sex_t,ste_aggregate_slf,2022,3406.861
gin,sex_t,ste_aggregate_slf,2023,3499.026
gin,sex_t,ste_aggregate_slf,2024,3591.767
gin,sex_t,ste_aggregate_slf,2025,3670.498
gin,sex_t,ste_aggregate_total,1991,2307.912
gin,sex_t,ste_aggregate_total,1992,2379.009
gin,sex_t,ste_aggregate_total,1993,2449.61
gin,sex_t,ste_aggregate_total,1994,2521.257
gin,sex_t,ste_aggregate_total,1995,2590.225
gin,sex_t,ste_aggregate_total,1996,2661.217
gin,sex_t,ste_aggregate_total,1997,2706.039
gin,sex_t,ste_aggregate_total,1998,2744.846
gin,sex_t,ste_aggregate_total,1999,2801.307
gin,sex_t,ste_aggregate_total,2000,2847.017
gin,sex_t,ste_aggregate_total,2001,2869.84
gin,sex_t,ste_aggregate_total,2002,2907.509
gin,sex_t,ste_aggregate_total,2003,2946.13
gin,sex_t,ste_aggregate_total,2004,2980.284
gin,sex_t,ste_aggregate_total,2005,3006.209
gin,sex_t,ste_aggregate_total,2006,3038.728
gin,sex_t,ste_aggregate_total,2007,3087.785
gin,sex_t,ste_aggregate_total,2008,3139.686
gin,sex_t,ste_aggregate_total,2009,3189.638
gin,sex_t,ste_aggregate_total,2010,3240.521
gin,sex_t,ste_aggregate_total,2011,3296.857
gin,sex_t,ste_aggregate_total,2012,3359.388
gin,sex_t,ste_aggregate_total,2013,3413.148
gin,sex_t,ste_aggregate_total,2014,3466.854
gin,sex_t,ste_aggregate_total,2015,3523.115
gin,sex_t,ste_aggregate_total,2016,3589.89
gin,sex_t,ste_aggregate_total,2017,3654.752
gin,sex_t,ste_aggregate_total,2018,3715.382
gin,sex_t,ste_aggregate_total,2019,3770.425
gin,sex_t,ste_aggregate_total,2020,3808.435
gin,sex_t,ste_aggregate_total,2021,3950.229
gin,sex_t,ste_aggregate_total,2022,4113.402
gin,sex_t,ste_aggregate_total,2023,4240.281
gin,sex_t,ste_aggregate_total,2024,4367.149
gin,sex_t,ste_aggregate_total,2025,4479.001
gin,sex_t,ste_icse93_1,1991,122.794
gin,sex_t,ste_icse93_1,1992,127.639
gin,sex_t,ste_icse93_1,1993,134.242
gin,sex_t,ste_icse93_1,1994,139.952
gin,sex_t,ste_icse93_1,1995,146.435
gin,sex_t,ste_icse93_1,1996,153.939
gin,sex_t,ste_icse93_1,1997,160.77
gin,sex_t,ste_icse93_1,1998,167.017
gin,sex_t,ste_icse93_1,1999,176.151
gin,sex_t,ste_icse93_1,2000,184.609
gin,sex_t,ste_icse93_1,2001,191.731
gin,sex_t,ste_icse93_1,2002,202.043
gin,sex_t,ste_icse93_1,2003,220.838
gin,sex_t,ste_icse93_1,2004,239.518
gin,sex_t,ste_icse93_1,2005,258.424
gin,sex_t,ste_icse93_1,2006,276.969
gin,sex_t,ste_icse93_1,2007,298.592
gin,sex_t,ste_icse93_1,2008,323.049
gin,sex_t,ste_icse93_1,2009,344.322
gin,sex_t,ste_icse93_1,2010,367.839
gin,sex_t,ste_icse93_1,2011,393.755
gin,sex_t,ste_icse93_1,2012,422.666
gin,sex_t,ste_icse93_1,2013,450.522
gin,sex_t,ste_icse93_1,2014,479.337
gin,sex_t,ste_icse93_1,2015,507.85
gin,sex_t,ste_icse93_1,2016,544.304
gin,sex_t,ste_icse93_1,2017,583.54
gin,sex_t,ste_icse93_1,2018,622.36
gin,sex_t,ste_icse93_1,2019,657.385
gin,sex_t,ste_icse93_1,2020,630.209
gin,sex_t,ste_icse93_1,2021,669.525
gin,sex_t,ste_icse93_1,2022,706.541
gin,sex_t,ste_icse93_1,2023,741.255
gin,sex_t,ste_icse93_1,2024,775.382
gin,sex_t,ste_icse93_1,2025,808.502
gin,sex_t,ste_icse93_2,1991,60.611
gin,sex_t,ste_icse93_2,1992,62.683
gin,sex_t,ste_icse93_2,1993,64.498
gin,sex_t,ste_icse93_2,1994,66.277
gin,sex_t,ste_icse93_2,1995,67.894
gin,sex_t,ste_icse93_2,1996,69.803
gin,sex_t,ste_icse93_2,1997,71.12
gin,sex_t,ste_icse93_2,1998,72.321
gin,sex_t,ste_icse93_2,1999,73.674
gin,sex_t,ste_icse93_2,2000,75.157
gin,sex_t,ste_icse93_2,2001,75.869
gin,sex_t,ste_icse93_2,2002,76.684
gin,sex_t,ste_icse93_2,2003,77.522
gin,sex_t,ste_icse93_2,2004,78.637
gin,sex_t,ste_icse93_2,2005,79.603
gin,sex_t,ste_icse93_2,2006,80.455
gin,sex_t,ste_icse93_2,2007,81.809
gin,sex_t,ste_icse93_2,2008,83.579
gin,sex_t,ste_icse93_2,2009,84.494
gin,sex_t,ste_icse93_2,2010,86.102
gin,sex_t,ste_icse93_2,2011,87.731
gin,sex_t,ste_icse93_2,2012,89.839
gin,sex_t,ste_icse93_2,2013,91.297
gin,sex_t,ste_icse93_2,2014,92.826
gin,sex_t,ste_icse93_2,2015,94.371
gin,sex_t,ste_icse93_2,2016,96.713
gin,sex_t,ste_icse93_2,2017,98.769
gin,sex_t,ste_icse93_2,2018,100.584
gin,sex_t,ste_icse93_2,2019,102.531
gin,sex_t,ste_icse93_2,2020,103.662
gin,sex_t,ste_icse93_2,2021,109.059
gin,sex_t,ste_icse93_2,2022,113.325
gin,sex_t,ste_icse93_2,2023,117.419
gin,sex_t,ste_icse93_2,2024,121.11
gin,sex_t,ste_icse93_2,2025,124.527
gin,sex_t,ste_icse93_3,1991,1324.003
gin,sex_t,ste_icse93_3,1992,1365.199
gin,sex_t,ste_icse93_3,1993,1405.451
gin,sex_t,ste_icse93_3,1994,1445.772
gin,sex_t,ste_icse93_3,1995,1484.897
gin,sex_t,ste_icse93_3,1996,1525.3
gin,sex_t,ste_icse93_3,1997,1550.211
gin,sex_t,ste_icse93_3,1998,1572.031
gin,sex_t,ste_icse93_3,1999,1604.833
gin,sex_t,ste_icse93_3,2000,1631.422
gin,sex_t,ste_icse93_3,2001,1645.489
gin,sex_t,ste_icse93_3,2002,1668.355
gin,sex_t,ste_icse93_3,2003,1704.181
gin,sex_t,ste_icse93_3,2004,1733.393
gin,sex_t,ste_icse93_3,2005,1758.097
gin,sex_t,ste_icse93_3,2006,1788.273
gin,sex_t,ste_icse93_3,2007,1827.404
gin,sex_t,ste_icse93_3,2008,1867.036
gin,sex_t,ste_icse93_3,2009,1910.871
gin,sex_t,ste_icse93_3,2010,1952.658
gin,sex_t,ste_icse93_3,2011,1998.887
gin,sex_t,ste_icse93_3,2012,2047.017
gin,sex_t,ste_icse93_3,2013,2092.568
gin,sex_t,ste_icse93_3,2014,2138.889
gin,sex_t,ste_icse93_3,2015,2188.633
gin,sex_t,ste_icse93_3,2016,2240.872
gin,sex_t,ste_icse93_3,2017,2290.42
gin,sex_t,ste_icse93_3,2018,2339.161
gin,sex_t,ste_icse93_3,2019,2385.372
gin,sex_t,ste_icse93_3,2020,2440.605
gin,sex_t,ste_icse93_3,2021,2527.101
gin,sex_t,ste_icse93_3,2022,2631.878
gin,sex_t,ste_icse93_3,2023,2709.609
gin,sex_t,ste_icse93_3,2024,2790.571
gin,sex_t,ste_icse93_3,2025,2861.885
gin,sex_t,ste_icse93_5,1991,800.504
gin,sex_t,ste_icse93_5,1992,823.488
gin,sex_t,ste_icse93_5,1993,845.419
gin,sex_t,ste_icse93_5,1994,869.255
gin,sex_t,ste_icse93_5,1995,890.999
gin,sex_t,ste_icse93_5,1996,912.175
gin,sex_t,ste_icse93_5,1997,923.937
gin,sex_t,ste_icse93_5,1998,933.477
gin,sex_t,ste_icse93_5,1999,946.648
gin,sex_t,ste_icse93_5,2000,955.829
gin,sex_t,ste_icse93_5,2001,956.75
gin,sex_t,ste_icse93_5,2002,960.428
gin,sex_t,ste_icse93_5,2003,943.589
gin,sex_t,ste_icse93_5,2004,928.736
gin,sex_t,ste_icse93_5,2005,910.083
gin,sex_t,ste_icse93_5,2006,893.03
gin,sex_t,ste_icse93_5,2007,879.98
gin,sex_t,ste_icse93_5,2008,866.022
gin,sex_t,ste_icse93_5,2009,849.951
gin,sex_t,ste_icse93_5,2010,833.923
gin,sex_t,ste_icse93_5,2011,816.484
gin,sex_t,ste_icse93_5,2012,799.866
gin,sex_t,ste_icse93_5,2013,778.76
gin,sex_t,ste_icse93_5,2014,755.803
gin,sex_t,ste_icse93_5,2015,732.26
gin,sex_t,ste_icse93_5,2016,708.001
gin,sex_t,ste_icse93_5,2017,682.023
gin,sex_t,ste_icse93_5,2018,653.276
gin,sex_t,ste_icse93_5,2019,625.136
gin,sex_t,ste_icse93_5,2020,633.959
gin,sex_t,ste_icse93_5,2021,644.543
gin,sex_t,ste_icse93_5,2022,661.658
gin,sex_t,ste_icse93_5,2023,671.999
gin,sex_t,ste_icse93_5,2024,680.086
gin,sex_t,ste_icse93_5,2025,684.086
gin,sex_t,ste_icse93_total,1991,2307.912
gin,sex_t,ste_icse93_total,1992,2379.009
gin,sex_t,ste_icse93_total,1993,2449.61
gin,sex_t,ste_icse93_total,1994,2521.257
gin,sex_t,ste_icse93_total,1995,2590.225
gin,sex_t,ste_icse93_total,1996,2661.217
gin,sex_t,ste_icse93_total,1997,2706.039
gin,sex_t,ste_icse93_total,1998,2744.847
gin,sex_t,ste_icse93_total,1999,2801.307
gin,sex_t,ste_icse93_total,2000,2847.017
gin,sex_t,ste_icse93_total,2001,2869.84
gin,sex_t,ste_icse93_total,2002,2907.509
gin,sex_t,ste_icse93_total,2003,2946.13
gin,sex_t,ste_icse93_total,2004,2980.284
gin,sex_t,ste_icse93_total,2005,3006.209
gin,sex_t,ste_icse93_total,2006,3038.728
gin,sex_t,ste_icse93_total,2007,3087.785
gin,sex_t,ste_icse93_total,2008,3139.686
gin,sex_t,ste_icse93_total,2009,3189.638
gin,sex_t,ste_icse93_total,2010,3240.521
gin,sex_t,ste_icse93_total,2011,3296.857
gin,sex_t,ste_icse93_total,2012,3359.388
gin,sex_t,ste_icse93_total,2013,3413.148
gin,sex_t,ste_icse93_total,2014,3466.854
gin,sex_t,ste_icse93_total,2015,3523.115
gin,sex_t,ste_icse93_total,2016,3589.89
gin,sex_t,ste_icse93_total,2017,3654.752
gin,sex_t,ste_icse93_total,2018,3715.382
gin,sex_t,ste_icse93_total,2019,3770.425
gin,sex_t,ste_icse93_total,2020,3808.435
gin,sex_t,ste_icse93_total,2021,3950.229
gin,sex_t,ste_icse93_total,2022,4113.402
gin,sex_t,ste_icse93_total,2023,4240.282
gin,sex_t,ste_icse93_total,2024,4367.149
gin,sex_t,ste_icse93_total,2025,4479.001
