ref_area,sex,classif1,classif2,time,emp_pifl_sex_eco_est_nb
ner,sex_f,eco_aggregate_agr,est_sizeaggregate_s1_4,2011,1795.701
ner,sex_f,eco_aggregate_agr,est_sizeaggregate_s1_4,2012,577.044
ner,sex_f,eco_aggregate_agr,est_sizeaggregate_s1_4,2017,95.302
ner,sex_f,eco_aggregate_agr,est_sizeaggregate_s5_49,2011,185.618
ner,sex_f,eco_aggregate_agr,est_sizeaggregate_s5_49,2012,7.197
ner,sex_f,eco_aggregate_agr,est_sizeaggregate_total,2011,2065.94
ner,sex_f,eco_aggregate_agr,est_sizeaggregate_total,2012,607.025
ner,sex_f,eco_aggregate_agr,est_sizeaggregate_total,2017,102.126
ner,sex_f,eco_aggregate_agr,est_sizeaggregate_x,2011,84.621
ner,sex_f,eco_aggregate_agr,est_sizeaggregate_x,2012,21.655
ner,sex_f,eco_aggregate_agr,est_sizedetails_s1,2011,1429.577
ner,sex_f,eco_aggregate_agr,est_sizedetails_s1,2012,269.539
ner,sex_f,eco_aggregate_agr,est_sizedetails_s1,2017,41.165
ner,sex_f,eco_aggregate_agr,est_sizedetails_s10_19,2011,14.094
ner,sex_f,eco_aggregate_agr,est_sizedetails_s2_4,2011,366.124
ner,sex_f,eco_aggregate_agr,est_sizedetails_s2_4,2012,307.506
ner,sex_f,eco_aggregate_agr,est_sizedetails_s2_4,2017,54.137
ner,sex_f,eco_aggregate_agr,est_sizedetails_s5_9,2011,170.658
ner,sex_f,eco_aggregate_agr,est_sizedetails_s5_9,2012,6.918
ner,sex_f,eco_aggregate_agr,est_sizedetails_total,2011,2065.94
ner,sex_f,eco_aggregate_agr,est_sizedetails_total,2012,607.025
ner,sex_f,eco_aggregate_agr,est_sizedetails_total,2017,102.126
ner,sex_f,eco_aggregate_agr,est_sizedetails_x,2011,84.621
ner,sex_f,eco_aggregate_agr,est_sizedetails_x,2012,21.655
ner,sex_f,eco_aggregate_man,est_sizeaggregate_s1_4,2011,294.856
ner,sex_f,eco_aggregate_man,est_sizeaggregate_s1_4,2012,91.236
ner,sex_f,eco_aggregate_man,est_sizeaggregate_s1_4,2017,225.735
ner,sex_f,eco_aggregate_man,est_sizeaggregate_s5_49,2011,7.66
ner,sex_f,eco_aggregate_man,est_sizeaggregate_s5_49,2012,4.238
ner,sex_f,eco_aggregate_man,est_sizeaggregate_s5_49,2017,1.576
ner,sex_f,eco_aggregate_man,est_sizeaggregate_total,2011,302.516
ner,sex_f,eco_aggregate_man,est_sizeaggregate_total,2012,101.266
ner,sex_f,eco_aggregate_man,est_sizeaggregate_total,2017,229.469
ner,sex_f,eco_aggregate_man,est_sizeaggregate_x,2012,5.793
ner,sex_f,eco_aggregate_man,est_sizeaggregate_x,2017,2.158
ner,sex_f,eco_aggregate_man,est_sizedetails_s1,2011,253.61
ner,sex_f,eco_aggregate_man,est_sizedetails_s1,2012,66.342
ner,sex_f,eco_aggregate_man,est_sizedetails_s1,2017,172.414
ner,sex_f,eco_aggregate_man,est_sizedetails_s10_19,2012,1.13
ner,sex_f,eco_aggregate_man,est_sizedetails_s2_4,2011,41.246
ner,sex_f,eco_aggregate_man,est_sizedetails_s2_4,2012,24.895
ner,sex_f,eco_aggregate_man,est_sizedetails_s2_4,2017,53.321
ner,sex_f,eco_aggregate_man,est_sizedetails_s5_9,2011,6.099
ner,sex_f,eco_aggregate_man,est_sizedetails_s5_9,2012,2.798
ner,sex_f,eco_aggregate_man,est_sizedetails_total,2011,302.516
ner,sex_f,eco_aggregate_man,est_sizedetails_total,2012,101.266
ner,sex_f,eco_aggregate_man,est_sizedetails_total,2017,229.469
ner,sex_f,eco_aggregate_man,est_sizedetails_x,2012,5.793
ner,sex_f,eco_aggregate_man,est_sizedetails_x,2017,2.158
ner,sex_f,eco_aggregate_mel,est_sizeaggregate_s1_4,2017,7.356
ner,sex_f,eco_aggregate_mel,est_sizeaggregate_total,2017,7.356
ner,sex_f,eco_aggregate_mel,est_sizedetails_s1,2017,6.073
ner,sex_f,eco_aggregate_mel,est_sizedetails_total,2017,7.356
ner,sex_f,eco_aggregate_mkt,est_sizeaggregate_s1_4,2011,308.244
ner,sex_f,eco_aggregate_mkt,est_sizeaggregate_s1_4,2012,58.837
ner,sex_f,eco_aggregate_mkt,est_sizeaggregate_s1_4,2017,141.183
ner,sex_f,eco_aggregate_mkt,est_sizeaggregate_s5_49,2011,4.913
ner,sex_f,eco_aggregate_mkt,est_sizeaggregate_s5_49,2012,1.167
ner,sex_f,eco_aggregate_mkt,est_sizeaggregate_total,2011,314.268
ner,sex_f,eco_aggregate_mkt,est_sizeaggregate_total,2012,71.172
ner,sex_f,eco_aggregate_mkt,est_sizeaggregate_total,2017,143.729
ner,sex_f,eco_aggregate_mkt,est_sizeaggregate_x,2011,0.769
ner,sex_f,eco_aggregate_mkt,est_sizeaggregate_x,2012,11.168
ner,sex_f,eco_aggregate_mkt,est_sizeaggregate_x,2017,1.875
ner,sex_f,eco_aggregate_mkt,est_sizedetails_s1,2011,279.478
ner,sex_f,eco_aggregate_mkt,est_sizedetails_s1,2012,43.421
ner,sex_f,eco_aggregate_mkt,est_sizedetails_s1,2017,109.186
ner,sex_f,eco_aggregate_mkt,est_sizedetails_s2_4,2011,28.766
ner,sex_f,eco_aggregate_mkt,est_sizedetails_s2_4,2012,15.416
ner,sex_f,eco_aggregate_mkt,est_sizedetails_s2_4,2017,31.997
ner,sex_f,eco_aggregate_mkt,est_sizedetails_s5_9,2011,4.483
ner,sex_f,eco_aggregate_mkt,est_sizedetails_s5_9,2012,1.115
ner,sex_f,eco_aggregate_mkt,est_sizedetails_total,2011,314.268
ner,sex_f,eco_aggregate_mkt,est_sizedetails_total,2012,71.172
ner,sex_f,eco_aggregate_mkt,est_sizedetails_total,2017,143.729
ner,sex_f,eco_aggregate_mkt,est_sizedetails_x,2011,0.769
ner,sex_f,eco_aggregate_mkt,est_sizedetails_x,2012,11.168
ner,sex_f,eco_aggregate_mkt,est_sizedetails_x,2017,1.875
ner,sex_f,eco_aggregate_pub,est_sizeaggregate_s1_4,2011,48.806
ner,sex_f,eco_aggregate_pub,est_sizeaggregate_s1_4,2012,6.819
ner,sex_f,eco_aggregate_pub,est_sizeaggregate_s1_4,2017,41.982
ner,sex_f,eco_aggregate_pub,est_sizeaggregate_s5_49,2011,6.85
ner,sex_f,eco_aggregate_pub,est_sizeaggregate_s5_49,2012,1.24
ner,sex_f,eco_aggregate_pub,est_sizeaggregate_total,2011,76.286
ner,sex_f,eco_aggregate_pub,est_sizeaggregate_total,2012,18.71
ner,sex_f,eco_aggregate_pub,est_sizeaggregate_total,2017,47.405
ner,sex_f,eco_aggregate_pub,est_sizeaggregate_x,2011,20.113
ner,sex_f,eco_aggregate_pub,est_sizeaggregate_x,2012,10.541
ner,sex_f,eco_aggregate_pub,est_sizeaggregate_x,2017,5.057
ner,sex_f,eco_aggregate_pub,est_sizedetails_s1,2011,44.149
ner,sex_f,eco_aggregate_pub,est_sizedetails_s1,2012,5.528
ner,sex_f,eco_aggregate_pub,est_sizedetails_s1,2017,36.394
ner,sex_f,eco_aggregate_pub,est_sizedetails_s2_4,2011,4.657
ner,sex_f,eco_aggregate_pub,est_sizedetails_s2_4,2012,1.29
ner,sex_f,eco_aggregate_pub,est_sizedetails_s2_4,2017,5.588
ner,sex_f,eco_aggregate_pub,est_sizedetails_s5_9,2011,6.299
ner,sex_f,eco_aggregate_pub,est_sizedetails_s5_9,2012,0.74
ner,sex_f,eco_aggregate_pub,est_sizedetails_total,2011,76.286
ner,sex_f,eco_aggregate_pub,est_sizedetails_total,2012,18.71
ner,sex_f,eco_aggregate_pub,est_sizedetails_total,2017,47.405
ner,sex_f,eco_aggregate_pub,est_sizedetails_x,2011,20.113
ner,sex_f,eco_aggregate_pub,est_sizedetails_x,2012,10.541
ner,sex_f,eco_aggregate_pub,est_sizedetails_x,2017,5.057
ner,sex_f,eco_aggregate_total,est_sizeaggregate_s1_4,2011,2447.769
ner,sex_f,eco_aggregate_total,est_sizeaggregate_s1_4,2012,735.546
ner,sex_f,eco_aggregate_total,est_sizeaggregate_s1_4,2017,512.521
ner,sex_f,eco_aggregate_total,est_sizeaggregate_s5_49,2011,205.041
ner,sex_f,eco_aggregate_total,est_sizeaggregate_s5_49,2012,13.842
ner,sex_f,eco_aggregate_total,est_sizeaggregate_s5_49,2017,5.203
ner,sex_f,eco_aggregate_total,est_sizeaggregate_total,2011,2759.172
ner,sex_f,eco_aggregate_total,est_sizeaggregate_total,2012,799.88
ner,sex_f,eco_aggregate_total,est_sizeaggregate_total,2017,543.383
ner,sex_f,eco_aggregate_total,est_sizeaggregate_x,2011,105.503
ner,sex_f,eco_aggregate_total,est_sizeaggregate_x,2012,49.253
ner,sex_f,eco_aggregate_total,est_sizeaggregate_x,2017,25.659
ner,sex_f,eco_aggregate_total,est_sizedetails_s1,2011,2006.976
ner,sex_f,eco_aggregate_total,est_sizedetails_s1,2012,386.44
ner,sex_f,eco_aggregate_total,est_sizedetails_s1,2017,366.195
ner,sex_f,eco_aggregate_total,est_sizedetails_s10_19,2011,15.562
ner,sex_f,eco_aggregate_total,est_sizedetails_s10_19,2012,1.356
ner,sex_f,eco_aggregate_total,est_sizedetails_s20_49,2011,1.94
ner,sex_f,eco_aggregate_total,est_sizedetails_s20_49,2012,0.914
ner,sex_f,eco_aggregate_total,est_sizedetails_s2_4,2011,440.793
ner,sex_f,eco_aggregate_total,est_sizedetails_s2_4,2012,349.106
ner,sex_f,eco_aggregate_total,est_sizedetails_s2_4,2017,146.326
ner,sex_f,eco_aggregate_total,est_sizedetails_s5_9,2011,187.539
ner,sex_f,eco_aggregate_total,est_sizedetails_s5_9,2012,11.572
ner,sex_f,eco_aggregate_total,est_sizedetails_s5_9,2017,4.208
ner,sex_f,eco_aggregate_total,est_sizedetails_total,2011,2759.172
ner,sex_f,eco_aggregate_total,est_sizedetails_total,2012,799.88
ner,sex_f,eco_aggregate_total,est_sizedetails_total,2017,543.383
ner,sex_f,eco_aggregate_total,est_sizedetails_x,2011,105.503
ner,sex_f,eco_aggregate_total,est_sizedetails_x,2012,49.253
ner,sex_f,eco_aggregate_total,est_sizedetails_x,2017,25.659
ner,sex_f,eco_aggregate_x,est_sizeaggregate_total,2017,12.179
ner,sex_f,eco_aggregate_x,est_sizeaggregate_x,2017,12.179
ner,sex_f,eco_aggregate_x,est_sizedetails_total,2017,12.179
ner,sex_f,eco_aggregate_x,est_sizedetails_x,2017,12.179
ner,sex_f,eco_isic4_a,est_sizeaggregate_s1_4,2011,1795.701
ner,sex_f,eco_isic4_a,est_sizeaggregate_s1_4,2012,577.044
ner,sex_f,eco_isic4_a,est_sizeaggregate_s1_4,2017,95.302
ner,sex_f,eco_isic4_a,est_sizeaggregate_s5_49,2011,185.618
ner,sex_f,eco_isic4_a,est_sizeaggregate_s5_49,2012,7.197
ner,sex_f,eco_isic4_a,est_sizeaggregate_total,2011,2065.94
ner,sex_f,eco_isic4_a,est_sizeaggregate_total,2012,607.025
ner,sex_f,eco_isic4_a,est_sizeaggregate_total,2017,102.126
ner,sex_f,eco_isic4_a,est_sizeaggregate_x,2011,84.621
ner,sex_f,eco_isic4_a,est_sizeaggregate_x,2012,21.655
ner,sex_f,eco_isic4_b,est_sizeaggregate_s1_4,2017,5.411
ner,sex_f,eco_isic4_b,est_sizeaggregate_total,2017,5.411
ner,sex_f,eco_isic4_c,est_sizeaggregate_s1_4,2011,294.856
ner,sex_f,eco_isic4_c,est_sizeaggregate_s1_4,2012,91.236
ner,sex_f,eco_isic4_c,est_sizeaggregate_s1_4,2017,225.735
ner,sex_f,eco_isic4_c,est_sizeaggregate_s5_49,2011,7.66
ner,sex_f,eco_isic4_c,est_sizeaggregate_s5_49,2012,4.238
ner,sex_f,eco_isic4_c,est_sizeaggregate_s5_49,2017,1.576
ner,sex_f,eco_isic4_c,est_sizeaggregate_total,2011,302.516
ner,sex_f,eco_isic4_c,est_sizeaggregate_total,2012,101.266
ner,sex_f,eco_isic4_c,est_sizeaggregate_total,2017,229.469
ner,sex_f,eco_isic4_c,est_sizeaggregate_x,2012,5.793
ner,sex_f,eco_isic4_c,est_sizeaggregate_x,2017,2.158
ner,sex_f,eco_isic4_g,est_sizeaggregate_s1_4,2011,213.101
ner,sex_f,eco_isic4_g,est_sizeaggregate_s1_4,2012,49.702
ner,sex_f,eco_isic4_g,est_sizeaggregate_s1_4,2017,95.531
ner,sex_f,eco_isic4_g,est_sizeaggregate_s5_49,2011,1.253
ner,sex_f,eco_isic4_g,est_sizeaggregate_total,2011,214.717
ner,sex_f,eco_isic4_g,est_sizeaggregate_total,2012,58.597
ner,sex_f,eco_isic4_g,est_sizeaggregate_total,2017,97.053
ner,sex_f,eco_isic4_g,est_sizeaggregate_x,2012,8.465
ner,sex_f,eco_isic4_i,est_sizeaggregate_s1_4,2011,94.356
ner,sex_f,eco_isic4_i,est_sizeaggregate_s1_4,2012,8.593
ner,sex_f,eco_isic4_i,est_sizeaggregate_s1_4,2017,45.21
ner,sex_f,eco_isic4_i,est_sizeaggregate_s5_49,2011,2.561
ner,sex_f,eco_isic4_i,est_sizeaggregate_s5_49,2012,0.591
ner,sex_f,eco_isic4_i,est_sizeaggregate_total,2011,97.323
ner,sex_f,eco_isic4_i,est_sizeaggregate_total,2012,11.778
ner,sex_f,eco_isic4_i,est_sizeaggregate_total,2017,45.881
ner,sex_f,eco_isic4_i,est_sizeaggregate_x,2012,2.594
ner,sex_f,eco_isic4_p,est_sizeaggregate_s5_49,2012,0.448
ner,sex_f,eco_isic4_p,est_sizeaggregate_total,2012,0.79
ner,sex_f,eco_isic4_q,est_sizeaggregate_s1_4,2012,0.774
ner,sex_f,eco_isic4_q,est_sizeaggregate_total,2011,1.599
ner,sex_f,eco_isic4_q,est_sizeaggregate_total,2012,1.22
ner,sex_f,eco_isic4_r,est_sizeaggregate_s1_4,2017,3.832
ner,sex_f,eco_isic4_r,est_sizeaggregate_total,2017,3.832
ner,sex_f,eco_isic4_s,est_sizeaggregate_s1_4,2011,46.153
ner,sex_f,eco_isic4_s,est_sizeaggregate_s1_4,2012,4.232
ner,sex_f,eco_isic4_s,est_sizeaggregate_s1_4,2017,36.784
ner,sex_f,eco_isic4_s,est_sizeaggregate_s5_49,2011,5.759
ner,sex_f,eco_isic4_s,est_sizeaggregate_total,2011,55.577
ner,sex_f,eco_isic4_s,est_sizeaggregate_total,2012,7.439
ner,sex_f,eco_isic4_s,est_sizeaggregate_total,2017,40.503
ner,sex_f,eco_isic4_s,est_sizeaggregate_x,2011,3.345
ner,sex_f,eco_isic4_s,est_sizeaggregate_x,2012,2.71
ner,sex_f,eco_isic4_s,est_sizeaggregate_x,2017,3.54
ner,sex_f,eco_isic4_t,est_sizeaggregate_s1_4,2017,1.366
ner,sex_f,eco_isic4_t,est_sizeaggregate_total,2011,18.044
ner,sex_f,eco_isic4_t,est_sizeaggregate_total,2012,3.593
ner,sex_f,eco_isic4_t,est_sizeaggregate_total,2017,2.385
ner,sex_f,eco_isic4_t,est_sizeaggregate_x,2011,16.768
ner,sex_f,eco_isic4_t,est_sizeaggregate_x,2012,3.486
ner,sex_f,eco_isic4_total,est_sizeaggregate_s1_4,2011,2447.769
ner,sex_f,eco_isic4_total,est_sizeaggregate_s1_4,2012,735.546
ner,sex_f,eco_isic4_total,est_sizeaggregate_s1_4,2017,512.521
ner,sex_f,eco_isic4_total,est_sizeaggregate_s5_49,2011,205.041
ner,sex_f,eco_isic4_total,est_sizeaggregate_s5_49,2012,13.842
ner,sex_f,eco_isic4_total,est_sizeaggregate_s5_49,2017,5.203
ner,sex_f,eco_isic4_total,est_sizeaggregate_total,2011,2759.172
ner,sex_f,eco_isic4_total,est_sizeaggregate_total,2012,799.88
ner,sex_f,eco_isic4_total,est_sizeaggregate_total,2017,543.383
ner,sex_f,eco_isic4_total,est_sizeaggregate_x,2011,105.503
ner,sex_f,eco_isic4_total,est_sizeaggregate_x,2012,49.253
ner,sex_f,eco_isic4_total,est_sizeaggregate_x,2017,25.659
ner,sex_f,eco_isic4_u,est_sizeaggregate_s1_4,2012,1.704
ner,sex_f,eco_isic4_u,est_sizeaggregate_total,2012,5.569
ner,sex_f,eco_isic4_x,est_sizeaggregate_total,2017,12.179
ner,sex_f,eco_isic4_x,est_sizeaggregate_x,2017,12.179
ner,sex_f,eco_sector_agr,est_sizeaggregate_s1_4,2011,1795.701
ner,sex_f,eco_sector_agr,est_sizeaggregate_s1_4,2012,577.044
ner,sex_f,eco_sector_agr,est_sizeaggregate_s1_4,2017,95.302
ner,sex_f,eco_sector_agr,est_sizeaggregate_s5_49,2011,185.618
ner,sex_f,eco_sector_agr,est_sizeaggregate_s5_49,2012,7.197
ner,sex_f,eco_sector_agr,est_sizeaggregate_total,2011,2065.94
ner,sex_f,eco_sector_agr,est_sizeaggregate_total,2012,607.025
ner,sex_f,eco_sector_agr,est_sizeaggregate_total,2017,102.126
ner,sex_f,eco_sector_agr,est_sizeaggregate_x,2011,84.621
ner,sex_f,eco_sector_agr,est_sizeaggregate_x,2012,21.655
ner,sex_f,eco_sector_agr,est_sizedetails_s1,2011,1429.577
ner,sex_f,eco_sector_agr,est_sizedetails_s1,2012,269.539
ner,sex_f,eco_sector_agr,est_sizedetails_s1,2017,41.165
ner,sex_f,eco_sector_agr,est_sizedetails_s10_19,2011,14.094
ner,sex_f,eco_sector_agr,est_sizedetails_s2_4,2011,366.124
ner,sex_f,eco_sector_agr,est_sizedetails_s2_4,2012,307.506
ner,sex_f,eco_sector_agr,est_sizedetails_s2_4,2017,54.137
ner,sex_f,eco_sector_agr,est_sizedetails_s5_9,2011,170.658
ner,sex_f,eco_sector_agr,est_sizedetails_s5_9,2012,6.918
ner,sex_f,eco_sector_agr,est_sizedetails_total,2011,2065.94
ner,sex_f,eco_sector_agr,est_sizedetails_total,2012,607.025
ner,sex_f,eco_sector_agr,est_sizedetails_total,2017,102.126
ner,sex_f,eco_sector_agr,est_sizedetails_x,2011,84.621
ner,sex_f,eco_sector_agr,est_sizedetails_x,2012,21.655
ner,sex_f,eco_sector_ind,est_sizeaggregate_s1_4,2011,295.018
ner,sex_f,eco_sector_ind,est_sizeaggregate_s1_4,2012,92.846
ner,sex_f,eco_sector_ind,est_sizeaggregate_s1_4,2017,234.054
ner,sex_f,eco_sector_ind,est_sizeaggregate_s5_49,2011,7.66
ner,sex_f,eco_sector_ind,est_sizeaggregate_s5_49,2012,4.238
ner,sex_f,eco_sector_ind,est_sizeaggregate_s5_49,2017,1.576
ner,sex_f,eco_sector_ind,est_sizeaggregate_total,2011,302.678
ner,sex_f,eco_sector_ind,est_sizeaggregate_total,2012,102.973
ner,sex_f,eco_sector_ind,est_sizeaggregate_total,2017,237.944
ner,sex_f,eco_sector_ind,est_sizeaggregate_x,2012,5.889
ner,sex_f,eco_sector_ind,est_sizeaggregate_x,2017,2.314
ner,sex_f,eco_sector_ind,est_sizedetails_s1,2011,253.772
ner,sex_f,eco_sector_ind,est_sizedetails_s1,2012,67.951
ner,sex_f,eco_sector_ind,est_sizedetails_s1,2017,179.45
ner,sex_f,eco_sector_ind,est_sizedetails_s10_19,2012,1.13
ner,sex_f,eco_sector_ind,est_sizedetails_s2_4,2011,41.246
ner,sex_f,eco_sector_ind,est_sizedetails_s2_4,2012,24.895
ner,sex_f,eco_sector_ind,est_sizedetails_s2_4,2017,54.604
ner,sex_f,eco_sector_ind,est_sizedetails_s5_9,2011,6.099
ner,sex_f,eco_sector_ind,est_sizedetails_s5_9,2012,2.798
ner,sex_f,eco_sector_ind,est_sizedetails_total,2011,302.678
ner,sex_f,eco_sector_ind,est_sizedetails_total,2012,102.973
ner,sex_f,eco_sector_ind,est_sizedetails_total,2017,237.944
ner,sex_f,eco_sector_ind,est_sizedetails_x,2012,5.889
ner,sex_f,eco_sector_ind,est_sizedetails_x,2017,2.314
ner,sex_f,eco_sector_nag,est_sizeaggregate_s1_4,2011,652.068
ner,sex_f,eco_sector_nag,est_sizeaggregate_s1_4,2012,158.502
ner,sex_f,eco_sector_nag,est_sizeaggregate_s1_4,2017,417.219
ner,sex_f,eco_sector_nag,est_sizeaggregate_s5_49,2011,19.423
ner,sex_f,eco_sector_nag,est_sizeaggregate_s5_49,2012,6.645
ner,sex_f,eco_sector_nag,est_sizeaggregate_s5_49,2017,2.613
ner,sex_f,eco_sector_nag,est_sizeaggregate_total,2011,693.232
ner,sex_f,eco_sector_nag,est_sizeaggregate_total,2012,192.856
ner,sex_f,eco_sector_nag,est_sizeaggregate_total,2017,441.257
ner,sex_f,eco_sector_nag,est_sizeaggregate_x,2011,20.882
ner,sex_f,eco_sector_nag,est_sizeaggregate_x,2012,27.598
ner,sex_f,eco_sector_nag,est_sizeaggregate_x,2017,21.425
ner,sex_f,eco_sector_nag,est_sizedetails_s1,2011,577.399
ner,sex_f,eco_sector_nag,est_sizedetails_s1,2012,116.901
ner,sex_f,eco_sector_nag,est_sizedetails_s1,2017,325.03
ner,sex_f,eco_sector_nag,est_sizedetails_s10_19,2012,1.356
ner,sex_f,eco_sector_nag,est_sizedetails_s20_49,2011,1.074
ner,sex_f,eco_sector_nag,est_sizedetails_s2_4,2011,74.669
ner,sex_f,eco_sector_nag,est_sizedetails_s2_4,2012,41.601
ner,sex_f,eco_sector_nag,est_sizedetails_s2_4,2017,92.189
ner,sex_f,eco_sector_nag,est_sizedetails_s5_9,2011,16.881
ner,sex_f,eco_sector_nag,est_sizedetails_s5_9,2012,4.654
ner,sex_f,eco_sector_nag,est_sizedetails_s5_9,2017,1.618
ner,sex_f,eco_sector_nag,est_sizedetails_total,2011,693.232
ner,sex_f,eco_sector_nag,est_sizedetails_total,2012,192.856
ner,sex_f,eco_sector_nag,est_sizedetails_total,2017,441.257
ner,sex_f,eco_sector_nag,est_sizedetails_x,2011,20.882
ner,sex_f,eco_sector_nag,est_sizedetails_x,2012,27.598
ner,sex_f,eco_sector_nag,est_sizedetails_x,2017,21.425
ner,sex_f,eco_sector_ser,est_sizeaggregate_s1_4,2011,357.05
ner,sex_f,eco_sector_ser,est_sizeaggregate_s1_4,2012,65.656
ner,sex_f,eco_sector_ser,est_sizeaggregate_s1_4,2017,183.165
ner,sex_f,eco_sector_ser,est_sizeaggregate_s5_49,2011,11.763
ner,sex_f,eco_sector_ser,est_sizeaggregate_s5_49,2012,2.407
ner,sex_f,eco_sector_ser,est_sizeaggregate_total,2011,390.554
ner,sex_f,eco_sector_ser,est_sizeaggregate_total,2012,89.883
ner,sex_f,eco_sector_ser,est_sizeaggregate_total,2017,191.134
ner,sex_f,eco_sector_ser,est_sizeaggregate_x,2011,20.882
ner,sex_f,eco_sector_ser,est_sizeaggregate_x,2012,21.709
ner,sex_f,eco_sector_ser,est_sizeaggregate_x,2017,6.932
ner,sex_f,eco_sector_ser,est_sizedetails_s1,2011,323.627
ner,sex_f,eco_sector_ser,est_sizedetails_s1,2012,48.95
ner,sex_f,eco_sector_ser,est_sizedetails_s1,2017,145.58
ner,sex_f,eco_sector_ser,est_sizedetails_s2_4,2011,33.423
ner,sex_f,eco_sector_ser,est_sizedetails_s2_4,2012,16.706
ner,sex_f,eco_sector_ser,est_sizedetails_s2_4,2017,37.585
ner,sex_f,eco_sector_ser,est_sizedetails_s5_9,2011,10.782
ner,sex_f,eco_sector_ser,est_sizedetails_s5_9,2012,1.856
ner,sex_f,eco_sector_ser,est_sizedetails_total,2011,390.554
ner,sex_f,eco_sector_ser,est_sizedetails_total,2012,89.883
ner,sex_f,eco_sector_ser,est_sizedetails_total,2017,191.134
ner,sex_f,eco_sector_ser,est_sizedetails_x,2011,20.882
ner,sex_f,eco_sector_ser,est_sizedetails_x,2012,21.709
ner,sex_f,eco_sector_ser,est_sizedetails_x,2017,6.932
ner,sex_f,eco_sector_total,est_sizeaggregate_s1_4,2011,2447.769
ner,sex_f,eco_sector_total,est_sizeaggregate_s1_4,2012,735.546
ner,sex_f,eco_sector_total,est_sizeaggregate_s1_4,2017,512.521
ner,sex_f,eco_sector_total,est_sizeaggregate_s5_49,2011,205.041
ner,sex_f,eco_sector_total,est_sizeaggregate_s5_49,2012,13.842
ner,sex_f,eco_sector_total,est_sizeaggregate_s5_49,2017,5.203
ner,sex_f,eco_sector_total,est_sizeaggregate_total,2011,2759.172
ner,sex_f,eco_sector_total,est_sizeaggregate_total,2012,799.88
ner,sex_f,eco_sector_total,est_sizeaggregate_total,2017,543.383
ner,sex_f,eco_sector_total,est_sizeaggregate_x,2011,105.503
ner,sex_f,eco_sector_total,est_sizeaggregate_x,2012,49.253
ner,sex_f,eco_sector_total,est_sizeaggregate_x,2017,25.659
ner,sex_f,eco_sector_total,est_sizedetails_s1,2011,2006.976
ner,sex_f,eco_sector_total,est_sizedetails_s1,2012,386.44
ner,sex_f,eco_sector_total,est_sizedetails_s1,2017,366.195
ner,sex_f,eco_sector_total,est_sizedetails_s10_19,2011,15.562
ner,sex_f,eco_sector_total,est_sizedetails_s10_19,2012,1.356
ner,sex_f,eco_sector_total,est_sizedetails_s20_49,2011,1.94
ner,sex_f,eco_sector_total,est_sizedetails_s20_49,2012,0.914
ner,sex_f,eco_sector_total,est_sizedetails_s2_4,2011,440.793
ner,sex_f,eco_sector_total,est_sizedetails_s2_4,2012,349.106
ner,sex_f,eco_sector_total,est_sizedetails_s2_4,2017,146.326
ner,sex_f,eco_sector_total,est_sizedetails_s5_9,2011,187.539
ner,sex_f,eco_sector_total,est_sizedetails_s5_9,2012,11.572
ner,sex_f,eco_sector_total,est_sizedetails_s5_9,2017,4.208
ner,sex_f,eco_sector_total,est_sizedetails_total,2011,2759.172
ner,sex_f,eco_sector_total,est_sizedetails_total,2012,799.88
ner,sex_f,eco_sector_total,est_sizedetails_total,2017,543.383
ner,sex_f,eco_sector_total,est_sizedetails_x,2011,105.503
ner,sex_f,eco_sector_total,est_sizedetails_x,2012,49.253
ner,sex_f,eco_sector_total,est_sizedetails_x,2017,25.659
ner,sex_f,eco_sector_x,est_sizeaggregate_total,2017,12.179
ner,sex_f,eco_sector_x,est_sizeaggregate_x,2017,12.179
ner,sex_f,eco_sector_x,est_sizedetails_total,2017,12.179
ner,sex_f,eco_sector_x,est_sizedetails_x,2017,12.179
ner,sex_m,eco_aggregate_agr,est_sizeaggregate_s1_4,2011,1952.285
ner,sex_m,eco_aggregate_agr,est_sizeaggregate_s1_4,2012,1794.949
ner,sex_m,eco_aggregate_agr,est_sizeaggregate_s1_4,2017,446.343
ner,sex_m,eco_aggregate_agr,est_sizeaggregate_s5_49,2011,462.584
ner,sex_m,eco_aggregate_agr,est_sizeaggregate_s5_49,2012,137.678
ner,sex_m,eco_aggregate_agr,est_sizeaggregate_s5_49,2017,11.408
ner,sex_m,eco_aggregate_agr,est_sizeaggregate_sge50,2012,14.231
ner,sex_m,eco_aggregate_agr,est_sizeaggregate_total,2011,2572.055
ner,sex_m,eco_aggregate_agr,est_sizeaggregate_total,2012,2007.083
ner,sex_m,eco_aggregate_agr,est_sizeaggregate_total,2017,470.911
ner,sex_m,eco_aggregate_agr,est_sizeaggregate_x,2011,151.868
ner,sex_m,eco_aggregate_agr,est_sizeaggregate_x,2012,60.225
ner,sex_m,eco_aggregate_agr,est_sizeaggregate_x,2017,13.16
ner,sex_m,eco_aggregate_agr,est_sizedetails_s1,2011,1334.266
ner,sex_m,eco_aggregate_agr,est_sizedetails_s1,2012,553.196
ner,sex_m,eco_aggregate_agr,est_sizedetails_s1,2017,240.869
ner,sex_m,eco_aggregate_agr,est_sizedetails_s10_19,2011,30.764
ner,sex_m,eco_aggregate_agr,est_sizedetails_s10_19,2012,16.039
ner,sex_m,eco_aggregate_agr,est_sizedetails_s20_49,2012,6.696
ner,sex_m,eco_aggregate_agr,est_sizedetails_s2_4,2011,618.019
ner,sex_m,eco_aggregate_agr,est_sizedetails_s2_4,2012,1241.753
ner,sex_m,eco_aggregate_agr,est_sizedetails_s2_4,2017,205.474
ner,sex_m,eco_aggregate_agr,est_sizedetails_s5_9,2011,430.954
ner,sex_m,eco_aggregate_agr,est_sizedetails_s5_9,2012,114.943
ner,sex_m,eco_aggregate_agr,est_sizedetails_s5_9,2017,11.408
ner,sex_m,eco_aggregate_agr,est_sizedetails_sge50,2012,14.231
ner,sex_m,eco_aggregate_agr,est_sizedetails_total,2011,2572.055
ner,sex_m,eco_aggregate_agr,est_sizedetails_total,2012,2007.083
ner,sex_m,eco_aggregate_agr,est_sizedetails_total,2017,470.911
ner,sex_m,eco_aggregate_agr,est_sizedetails_x,2011,151.868
ner,sex_m,eco_aggregate_agr,est_sizedetails_x,2012,60.225
ner,sex_m,eco_aggregate_agr,est_sizedetails_x,2017,13.16
ner,sex_m,eco_aggregate_con,est_sizeaggregate_s1_4,2011,23.246
ner,sex_m,eco_aggregate_con,est_sizeaggregate_s1_4,2012,14.686
ner,sex_m,eco_aggregate_con,est_sizeaggregate_s1_4,2017,14.968
ner,sex_m,eco_aggregate_con,est_sizeaggregate_s5_49,2011,4.35
ner,sex_m,eco_aggregate_con,est_sizeaggregate_s5_49,2012,5.656
ner,sex_m,eco_aggregate_con,est_sizeaggregate_s5_49,2017,1.54
ner,sex_m,eco_aggregate_con,est_sizeaggregate_sge50,2012,0.747
ner,sex_m,eco_aggregate_con,est_sizeaggregate_total,2011,28.664
ner,sex_m,eco_aggregate_con,est_sizeaggregate_total,2012,24.253
ner,sex_m,eco_aggregate_con,est_sizeaggregate_total,2017,16.508
ner,sex_m,eco_aggregate_con,est_sizeaggregate_x,2012,3.164
ner,sex_m,eco_aggregate_con,est_sizedetails_s1,2011,13.939
ner,sex_m,eco_aggregate_con,est_sizedetails_s1,2012,2.146
ner,sex_m,eco_aggregate_con,est_sizedetails_s1,2017,3.518
ner,sex_m,eco_aggregate_con,est_sizedetails_s10_19,2012,0.854
ner,sex_m,eco_aggregate_con,est_sizedetails_s2_4,2011,9.307
ner,sex_m,eco_aggregate_con,est_sizedetails_s2_4,2012,12.54
ner,sex_m,eco_aggregate_con,est_sizedetails_s2_4,2017,11.45
ner,sex_m,eco_aggregate_con,est_sizedetails_s5_9,2011,3.536
ner,sex_m,eco_aggregate_con,est_sizedetails_s5_9,2012,4.604
ner,sex_m,eco_aggregate_con,est_sizedetails_s5_9,2017,1.54
ner,sex_m,eco_aggregate_con,est_sizedetails_sge50,2012,0.747
ner,sex_m,eco_aggregate_con,est_sizedetails_total,2011,28.664
ner,sex_m,eco_aggregate_con,est_sizedetails_total,2012,24.253
ner,sex_m,eco_aggregate_con,est_sizedetails_total,2017,16.508
ner,sex_m,eco_aggregate_con,est_sizedetails_x,2012,3.164
ner,sex_m,eco_aggregate_man,est_sizeaggregate_s1_4,2011,64.98
ner,sex_m,eco_aggregate_man,est_sizeaggregate_s1_4,2012,89.215
ner,sex_m,eco_aggregate_man,est_sizeaggregate_s1_4,2017,125.298
ner,sex_m,eco_aggregate_man,est_sizeaggregate_s5_49,2011,15.671
ner,sex_m,eco_aggregate_man,est_sizeaggregate_s5_49,2012,11.019
ner,sex_m,eco_aggregate_man,est_sizeaggregate_s5_49,2017,4.479
ner,sex_m,eco_aggregate_man,est_sizeaggregate_total,2011,81.155
ner,sex_m,eco_aggregate_man,est_sizeaggregate_total,2012,101.902
ner,sex_m,eco_aggregate_man,est_sizeaggregate_total,2017,132.737
ner,sex_m,eco_aggregate_man,est_sizeaggregate_x,2012,1.287
ner,sex_m,eco_aggregate_man,est_sizeaggregate_x,2017,2.96
ner,sex_m,eco_aggregate_man,est_sizedetails_s1,2011,51.782
ner,sex_m,eco_aggregate_man,est_sizedetails_s1,2012,36.43
ner,sex_m,eco_aggregate_man,est_sizedetails_s1,2017,80.232
ner,sex_m,eco_aggregate_man,est_sizedetails_s10_19,2011,4.418
ner,sex_m,eco_aggregate_man,est_sizedetails_s10_19,2012,2.356
ner,sex_m,eco_aggregate_man,est_sizedetails_s20_49,2011,2.067
ner,sex_m,eco_aggregate_man,est_sizedetails_s2_4,2011,13.198
ner,sex_m,eco_aggregate_man,est_sizedetails_s2_4,2012,52.784
ner,sex_m,eco_aggregate_man,est_sizedetails_s2_4,2017,45.066
ner,sex_m,eco_aggregate_man,est_sizedetails_s5_9,2011,9.186
ner,sex_m,eco_aggregate_man,est_sizedetails_s5_9,2012,8.269
ner,sex_m,eco_aggregate_man,est_sizedetails_s5_9,2017,3.091
ner,sex_m,eco_aggregate_man,est_sizedetails_total,2011,81.155
ner,sex_m,eco_aggregate_man,est_sizedetails_total,2012,101.902
ner,sex_m,eco_aggregate_man,est_sizedetails_total,2017,132.737
ner,sex_m,eco_aggregate_man,est_sizedetails_x,2012,1.287
ner,sex_m,eco_aggregate_man,est_sizedetails_x,2017,2.96
ner,sex_m,eco_aggregate_mel,est_sizeaggregate_s1_4,2012,3.589
ner,sex_m,eco_aggregate_mel,est_sizeaggregate_s1_4,2017,9.857
ner,sex_m,eco_aggregate_mel,est_sizeaggregate_total,2011,3.623
ner,sex_m,eco_aggregate_mel,est_sizeaggregate_total,2012,4.169
ner,sex_m,eco_aggregate_mel,est_sizeaggregate_total,2017,10.68
ner,sex_m,eco_aggregate_mel,est_sizedetails_s1,2017,8.02
ner,sex_m,eco_aggregate_mel,est_sizedetails_total,2011,3.623
ner,sex_m,eco_aggregate_mel,est_sizedetails_total,2012,4.169
ner,sex_m,eco_aggregate_mel,est_sizedetails_total,2017,10.68
ner,sex_m,eco_aggregate_mkt,est_sizeaggregate_s1_4,2011,210.532
ner,sex_m,eco_aggregate_mkt,est_sizeaggregate_s1_4,2012,205.134
ner,sex_m,eco_aggregate_mkt,est_sizeaggregate_s1_4,2017,226.306
ner,sex_m,eco_aggregate_mkt,est_sizeaggregate_s5_49,2011,40.003
ner,sex_m,eco_aggregate_mkt,est_sizeaggregate_s5_49,2012,16.094
ner,sex_m,eco_aggregate_mkt,est_sizeaggregate_s5_49,2017,2.974
ner,sex_m,eco_aggregate_mkt,est_sizeaggregate_sge50,2011,0.964
ner,sex_m,eco_aggregate_mkt,est_sizeaggregate_sge50,2012,2.342
ner,sex_m,eco_aggregate_mkt,est_sizeaggregate_total,2011,251.773
ner,sex_m,eco_aggregate_mkt,est_sizeaggregate_total,2012,230.812
ner,sex_m,eco_aggregate_mkt,est_sizeaggregate_total,2017,232.234
ner,sex_m,eco_aggregate_mkt,est_sizeaggregate_x,2012,7.242
ner,sex_m,eco_aggregate_mkt,est_sizeaggregate_x,2017,2.802
ner,sex_m,eco_aggregate_mkt,est_sizedetails_s1,2011,174.402
ner,sex_m,eco_aggregate_mkt,est_sizedetails_s1,2012,116.069
ner,sex_m,eco_aggregate_mkt,est_sizedetails_s1,2017,179.808
ner,sex_m,eco_aggregate_mkt,est_sizedetails_s10_19,2011,5.212
ner,sex_m,eco_aggregate_mkt,est_sizedetails_s10_19,2012,4.198
ner,sex_m,eco_aggregate_mkt,est_sizedetails_s20_49,2011,4.485
ner,sex_m,eco_aggregate_mkt,est_sizedetails_s20_49,2012,1.542
ner,sex_m,eco_aggregate_mkt,est_sizedetails_s2_4,2011,36.13
ner,sex_m,eco_aggregate_mkt,est_sizedetails_s2_4,2012,89.065
ner,sex_m,eco_aggregate_mkt,est_sizedetails_s2_4,2017,46.498
ner,sex_m,eco_aggregate_mkt,est_sizedetails_s5_9,2011,30.306
ner,sex_m,eco_aggregate_mkt,est_sizedetails_s5_9,2012,10.354
ner,sex_m,eco_aggregate_mkt,est_sizedetails_s5_9,2017,1.718
ner,sex_m,eco_aggregate_mkt,est_sizedetails_sge50,2011,0.964
ner,sex_m,eco_aggregate_mkt,est_sizedetails_sge50,2012,2.342
ner,sex_m,eco_aggregate_mkt,est_sizedetails_total,2011,251.773
ner,sex_m,eco_aggregate_mkt,est_sizedetails_total,2012,230.812
ner,sex_m,eco_aggregate_mkt,est_sizedetails_total,2017,232.234
ner,sex_m,eco_aggregate_mkt,est_sizedetails_x,2012,7.242
ner,sex_m,eco_aggregate_mkt,est_sizedetails_x,2017,2.802
ner,sex_m,eco_aggregate_pub,est_sizeaggregate_s1_4,2011,72.191
ner,sex_m,eco_aggregate_pub,est_sizeaggregate_s1_4,2012,60.965
ner,sex_m,eco_aggregate_pub,est_sizeaggregate_s1_4,2017,121.937
ner,sex_m,eco_aggregate_pub,est_sizeaggregate_s5_49,2011,8.422
ner,sex_m,eco_aggregate_pub,est_sizeaggregate_s5_49,2012,10.223
ner,sex_m,eco_aggregate_pub,est_sizeaggregate_s5_49,2017,1.843
ner,sex_m,eco_aggregate_pub,est_sizeaggregate_sge50,2012,0.952
ner,sex_m,eco_aggregate_pub,est_sizeaggregate_total,2011,90.924
ner,sex_m,eco_aggregate_pub,est_sizeaggregate_total,2012,80.624
ner,sex_m,eco_aggregate_pub,est_sizeaggregate_total,2017,130.381
ner,sex_m,eco_aggregate_pub,est_sizeaggregate_x,2011,9.776
ner,sex_m,eco_aggregate_pub,est_sizeaggregate_x,2012,8.483
ner,sex_m,eco_aggregate_pub,est_sizeaggregate_x,2017,5.62
ner,sex_m,eco_aggregate_pub,est_sizedetails_s1,2011,67.408
ner,sex_m,eco_aggregate_pub,est_sizedetails_s1,2012,36.334
ner,sex_m,eco_aggregate_pub,est_sizedetails_s1,2017,106.815
ner,sex_m,eco_aggregate_pub,est_sizedetails_s10_19,2012,3.793
ner,sex_m,eco_aggregate_pub,est_sizedetails_s20_49,2011,3.643
ner,sex_m,eco_aggregate_pub,est_sizedetails_s20_49,2012,1.212
ner,sex_m,eco_aggregate_pub,est_sizedetails_s2_4,2011,4.783
ner,sex_m,eco_aggregate_pub,est_sizedetails_s2_4,2012,24.631
ner,sex_m,eco_aggregate_pub,est_sizedetails_s2_4,2017,15.122
ner,sex_m,eco_aggregate_pub,est_sizedetails_s5_9,2011,3.746
ner,sex_m,eco_aggregate_pub,est_sizedetails_s5_9,2012,5.218
ner,sex_m,eco_aggregate_pub,est_sizedetails_s5_9,2017,1.425
ner,sex_m,eco_aggregate_pub,est_sizedetails_sge50,2012,0.952
ner,sex_m,eco_aggregate_pub,est_sizedetails_total,2011,90.924
ner,sex_m,eco_aggregate_pub,est_sizedetails_total,2012,80.624
ner,sex_m,eco_aggregate_pub,est_sizedetails_total,2017,130.381
ner,sex_m,eco_aggregate_pub,est_sizedetails_x,2011,9.776
ner,sex_m,eco_aggregate_pub,est_sizedetails_x,2012,8.483
ner,sex_m,eco_aggregate_pub,est_sizedetails_x,2017,5.62
ner,sex_m,eco_aggregate_total,est_sizeaggregate_s1_4,2011,2326.417
ner,sex_m,eco_aggregate_total,est_sizeaggregate_s1_4,2012,2168.538
ner,sex_m,eco_aggregate_total,est_sizeaggregate_s1_4,2017,945.845
ner,sex_m,eco_aggregate_total,est_sizeaggregate_s5_49,2011,531.47
ner,sex_m,eco_aggregate_total,est_sizeaggregate_s5_49,2012,180.842
ner,sex_m,eco_aggregate_total,est_sizeaggregate_s5_49,2017,23.067
ner,sex_m,eco_aggregate_total,est_sizeaggregate_sge50,2011,8.048
ner,sex_m,eco_aggregate_total,est_sizeaggregate_sge50,2012,18.832
ner,sex_m,eco_aggregate_total,est_sizeaggregate_total,2011,3028.194
ner,sex_m,eco_aggregate_total,est_sizeaggregate_total,2012,2448.843
ner,sex_m,eco_aggregate_total,est_sizeaggregate_total,2017,1018.419
ner,sex_m,eco_aggregate_total,est_sizeaggregate_x,2011,162.259
ner,sex_m,eco_aggregate_total,est_sizeaggregate_x,2012,80.631
ner,sex_m,eco_aggregate_total,est_sizeaggregate_x,2017,48.374
ner,sex_m,eco_aggregate_total,est_sizedetails_s1,2011,1644.427
ner,sex_m,eco_aggregate_total,est_sizedetails_s1,2012,744.68
ner,sex_m,eco_aggregate_total,est_sizedetails_s1,2017,620.398
ner,sex_m,eco_aggregate_total,est_sizedetails_s10_19,2011,41.82
ner,sex_m,eco_aggregate_total,est_sizedetails_s10_19,2012,27.412
ner,sex_m,eco_aggregate_total,est_sizedetails_s10_19,2017,2.864
ner,sex_m,eco_aggregate_total,est_sizedetails_s20_49,2011,11.482
ner,sex_m,eco_aggregate_total,est_sizedetails_s20_49,2012,10.042
ner,sex_m,eco_aggregate_total,est_sizedetails_s2_4,2011,681.99
ner,sex_m,eco_aggregate_total,est_sizedetails_s2_4,2012,1423.858
ner,sex_m,eco_aggregate_total,est_sizedetails_s2_4,2017,325.447
ner,sex_m,eco_aggregate_total,est_sizedetails_s5_9,2011,478.168
ner,sex_m,eco_aggregate_total,est_sizedetails_s5_9,2012,143.388
ner,sex_m,eco_aggregate_total,est_sizedetails_s5_9,2017,20.005
ner,sex_m,eco_aggregate_total,est_sizedetails_sge50,2011,8.048
ner,sex_m,eco_aggregate_total,est_sizedetails_sge50,2012,18.832
ner,sex_m,eco_aggregate_total,est_sizedetails_total,2011,3028.194
ner,sex_m,eco_aggregate_total,est_sizedetails_total,2012,2448.843
ner,sex_m,eco_aggregate_total,est_sizedetails_total,2017,1018.419
ner,sex_m,eco_aggregate_total,est_sizedetails_x,2011,162.259
ner,sex_m,eco_aggregate_total,est_sizedetails_x,2012,80.631
ner,sex_m,eco_aggregate_total,est_sizedetails_x,2017,48.374
ner,sex_m,eco_aggregate_x,est_sizeaggregate_total,2017,24.968
ner,sex_m,eco_aggregate_x,est_sizeaggregate_x,2017,23.832
ner,sex_m,eco_aggregate_x,est_sizedetails_total,2017,24.968
ner,sex_m,eco_aggregate_x,est_sizedetails_x,2017,23.832
ner,sex_m,eco_isic4_a,est_sizeaggregate_s1_4,2011,1952.285
ner,sex_m,eco_isic4_a,est_sizeaggregate_s1_4,2012,1794.949
ner,sex_m,eco_isic4_a,est_sizeaggregate_s1_4,2017,446.343
ner,sex_m,eco_isic4_a,est_sizeaggregate_s5_49,2011,462.584
ner,sex_m,eco_isic4_a,est_sizeaggregate_s5_49,2012,137.678
ner,sex_m,eco_isic4_a,est_sizeaggregate_s5_49,2017,11.408
ner,sex_m,eco_isic4_a,est_sizeaggregate_sge50,2012,14.231
ner,sex_m,eco_isic4_a,est_sizeaggregate_total,2011,2572.055
ner,sex_m,eco_isic4_a,est_sizeaggregate_total,2012,2007.083
ner,sex_m,eco_isic4_a,est_sizeaggregate_total,2017,470.911
ner,sex_m,eco_isic4_a,est_sizeaggregate_x,2011,151.868
ner,sex_m,eco_isic4_a,est_sizeaggregate_x,2012,60.225
ner,sex_m,eco_isic4_a,est_sizeaggregate_x,2017,13.16
ner,sex_m,eco_isic4_b,est_sizeaggregate_s1_4,2017,4.896
ner,sex_m,eco_isic4_b,est_sizeaggregate_total,2012,3.231
ner,sex_m,eco_isic4_b,est_sizeaggregate_total,2017,5.719
ner,sex_m,eco_isic4_c,est_sizeaggregate_s1_4,2011,64.98
ner,sex_m,eco_isic4_c,est_sizeaggregate_s1_4,2012,89.215
ner,sex_m,eco_isic4_c,est_sizeaggregate_s1_4,2017,125.298
ner,sex_m,eco_isic4_c,est_sizeaggregate_s5_49,2011,15.671
ner,sex_m,eco_isic4_c,est_sizeaggregate_s5_49,2012,11.019
ner,sex_m,eco_isic4_c,est_sizeaggregate_s5_49,2017,4.479
ner,sex_m,eco_isic4_c,est_sizeaggregate_total,2011,81.155
ner,sex_m,eco_isic4_c,est_sizeaggregate_total,2012,101.902
ner,sex_m,eco_isic4_c,est_sizeaggregate_total,2017,132.737
ner,sex_m,eco_isic4_c,est_sizeaggregate_x,2012,1.287
ner,sex_m,eco_isic4_c,est_sizeaggregate_x,2017,2.96
ner,sex_m,eco_isic4_e,est_sizeaggregate_s1_4,2017,2.895
ner,sex_m,eco_isic4_e,est_sizeaggregate_total,2017,2.895
ner,sex_m,eco_isic4_f,est_sizeaggregate_s1_4,2011,23.246
ner,sex_m,eco_isic4_f,est_sizeaggregate_s1_4,2012,14.686
ner,sex_m,eco_isic4_f,est_sizeaggregate_s1_4,2017,14.968
ner,sex_m,eco_isic4_f,est_sizeaggregate_s5_49,2011,4.35
ner,sex_m,eco_isic4_f,est_sizeaggregate_s5_49,2012,5.656
ner,sex_m,eco_isic4_f,est_sizeaggregate_s5_49,2017,1.54
ner,sex_m,eco_isic4_f,est_sizeaggregate_sge50,2012,0.747
ner,sex_m,eco_isic4_f,est_sizeaggregate_total,2011,28.664
ner,sex_m,eco_isic4_f,est_sizeaggregate_total,2012,24.253
ner,sex_m,eco_isic4_f,est_sizeaggregate_total,2017,16.508
ner,sex_m,eco_isic4_f,est_sizeaggregate_x,2012,3.164
ner,sex_m,eco_isic4_g,est_sizeaggregate_s1_4,2011,153.154
ner,sex_m,eco_isic4_g,est_sizeaggregate_s1_4,2012,161.686
ner,sex_m,eco_isic4_g,est_sizeaggregate_s1_4,2017,190.154
ner,sex_m,eco_isic4_g,est_sizeaggregate_s5_49,2011,26.614
ner,sex_m,eco_isic4_g,est_sizeaggregate_s5_49,2012,8.05
ner,sex_m,eco_isic4_g,est_sizeaggregate_s5_49,2017,2.073
ner,sex_m,eco_isic4_g,est_sizeaggregate_total,2011,180.045
ner,sex_m,eco_isic4_g,est_sizeaggregate_total,2012,170.488
ner,sex_m,eco_isic4_g,est_sizeaggregate_total,2017,193.6
ner,sex_m,eco_isic4_g,est_sizeaggregate_x,2012,0.535
ner,sex_m,eco_isic4_h,est_sizeaggregate_s1_4,2011,45.666
ner,sex_m,eco_isic4_h,est_sizeaggregate_s1_4,2012,30.548
ner,sex_m,eco_isic4_h,est_sizeaggregate_s1_4,2017,22.013
ner,sex_m,eco_isic4_h,est_sizeaggregate_s5_49,2011,5.905
ner,sex_m,eco_isic4_h,est_sizeaggregate_s5_49,2012,5.505
ner,sex_m,eco_isic4_h,est_sizeaggregate_total,2011,51.845
ner,sex_m,eco_isic4_h,est_sizeaggregate_total,2012,38.708
ner,sex_m,eco_isic4_h,est_sizeaggregate_total,2017,23.032
ner,sex_m,eco_isic4_h,est_sizeaggregate_x,2012,2.392
ner,sex_m,eco_isic4_i,est_sizeaggregate_s1_4,2011,4.04
ner,sex_m,eco_isic4_i,est_sizeaggregate_s1_4,2012,5.525
ner,sex_m,eco_isic4_i,est_sizeaggregate_s1_4,2017,6.412
ner,sex_m,eco_isic4_i,est_sizeaggregate_s5_49,2012,0.522
ner,sex_m,eco_isic4_i,est_sizeaggregate_total,2011,5.285
ner,sex_m,eco_isic4_i,est_sizeaggregate_total,2012,6.45
ner,sex_m,eco_isic4_i,est_sizeaggregate_total,2017,7.185
ner,sex_m,eco_isic4_j,est_sizeaggregate_s1_4,2012,0.564
ner,sex_m,eco_isic4_j,est_sizeaggregate_total,2012,0.864
ner,sex_m,eco_isic4_l,est_sizeaggregate_s1_4,2011,1.663
ner,sex_m,eco_isic4_l,est_sizeaggregate_total,2011,1.996
ner,sex_m,eco_isic4_m,est_sizeaggregate_s1_4,2012,0.539
ner,sex_m,eco_isic4_m,est_sizeaggregate_s1_4,2017,3.1
ner,sex_m,eco_isic4_m,est_sizeaggregate_total,2012,1.169
ner,sex_m,eco_isic4_m,est_sizeaggregate_total,2017,3.1
ner,sex_m,eco_isic4_n,est_sizeaggregate_s1_4,2011,5.494
ner,sex_m,eco_isic4_n,est_sizeaggregate_s1_4,2012,5.833
ner,sex_m,eco_isic4_n,est_sizeaggregate_s1_4,2017,1.753
ner,sex_m,eco_isic4_n,est_sizeaggregate_s5_49,2011,3.238
ner,sex_m,eco_isic4_n,est_sizeaggregate_s5_49,2012,1.447
ner,sex_m,eco_isic4_n,est_sizeaggregate_sge50,2011,0.687
ner,sex_m,eco_isic4_n,est_sizeaggregate_sge50,2012,1.657
ner,sex_m,eco_isic4_n,est_sizeaggregate_total,2011,9.419
ner,sex_m,eco_isic4_n,est_sizeaggregate_total,2012,12.622
ner,sex_m,eco_isic4_n,est_sizeaggregate_total,2017,1.89
ner,sex_m,eco_isic4_n,est_sizeaggregate_x,2012,3.684
ner,sex_m,eco_isic4_p,est_sizeaggregate_s1_4,2017,6.112
ner,sex_m,eco_isic4_p,est_sizeaggregate_s5_49,2012,1.524
ner,sex_m,eco_isic4_p,est_sizeaggregate_total,2012,2.471
ner,sex_m,eco_isic4_p,est_sizeaggregate_total,2017,7.879
ner,sex_m,eco_isic4_p,est_sizeaggregate_x,2017,1.181
ner,sex_m,eco_isic4_q,est_sizeaggregate_s1_4,2011,6.193
ner,sex_m,eco_isic4_q,est_sizeaggregate_s1_4,2012,9.511
ner,sex_m,eco_isic4_q,est_sizeaggregate_s1_4,2017,4.64
ner,sex_m,eco_isic4_q,est_sizeaggregate_total,2011,6.885
ner,sex_m,eco_isic4_q,est_sizeaggregate_total,2012,10.51
ner,sex_m,eco_isic4_q,est_sizeaggregate_total,2017,5.214
ner,sex_m,eco_isic4_q,est_sizeaggregate_x,2012,0.569
ner,sex_m,eco_isic4_r,est_sizeaggregate_s5_49,2012,0.589
ner,sex_m,eco_isic4_r,est_sizeaggregate_total,2012,1.249
ner,sex_m,eco_isic4_s,est_sizeaggregate_s1_4,2011,64.743
ner,sex_m,eco_isic4_s,est_sizeaggregate_s1_4,2012,38.8
ner,sex_m,eco_isic4_s,est_sizeaggregate_s1_4,2017,106.149
ner,sex_m,eco_isic4_s,est_sizeaggregate_s5_49,2011,3.118
ner,sex_m,eco_isic4_s,est_sizeaggregate_s5_49,2012,6.396
ner,sex_m,eco_isic4_s,est_sizeaggregate_s5_49,2017,1.552
ner,sex_m,eco_isic4_s,est_sizeaggregate_total,2011,73.043
ner,sex_m,eco_isic4_s,est_sizeaggregate_total,2012,48.442
ner,sex_m,eco_isic4_s,est_sizeaggregate_total,2017,110.542
ner,sex_m,eco_isic4_s,est_sizeaggregate_x,2011,4.969
ner,sex_m,eco_isic4_s,est_sizeaggregate_x,2012,2.853
ner,sex_m,eco_isic4_s,est_sizeaggregate_x,2017,2.446
ner,sex_m,eco_isic4_t,est_sizeaggregate_s1_4,2011,0.875
ner,sex_m,eco_isic4_t,est_sizeaggregate_s1_4,2017,4.625
ner,sex_m,eco_isic4_t,est_sizeaggregate_s5_49,2011,2.105
ner,sex_m,eco_isic4_t,est_sizeaggregate_total,2011,7.973
ner,sex_m,eco_isic4_t,est_sizeaggregate_total,2012,4.546
ner,sex_m,eco_isic4_t,est_sizeaggregate_total,2017,5.831
ner,sex_m,eco_isic4_t,est_sizeaggregate_x,2011,4.671
ner,sex_m,eco_isic4_t,est_sizeaggregate_x,2012,1.791
ner,sex_m,eco_isic4_total,est_sizeaggregate_s1_4,2011,2326.417
ner,sex_m,eco_isic4_total,est_sizeaggregate_s1_4,2012,2168.538
ner,sex_m,eco_isic4_total,est_sizeaggregate_s1_4,2017,945.845
ner,sex_m,eco_isic4_total,est_sizeaggregate_s5_49,2011,531.47
ner,sex_m,eco_isic4_total,est_sizeaggregate_s5_49,2012,180.842
ner,sex_m,eco_isic4_total,est_sizeaggregate_s5_49,2017,23.067
ner,sex_m,eco_isic4_total,est_sizeaggregate_sge50,2011,8.048
ner,sex_m,eco_isic4_total,est_sizeaggregate_sge50,2012,18.832
ner,sex_m,eco_isic4_total,est_sizeaggregate_total,2011,3028.194
ner,sex_m,eco_isic4_total,est_sizeaggregate_total,2012,2448.843
ner,sex_m,eco_isic4_total,est_sizeaggregate_total,2017,1018.419
ner,sex_m,eco_isic4_total,est_sizeaggregate_x,2011,162.259
ner,sex_m,eco_isic4_total,est_sizeaggregate_x,2012,80.631
ner,sex_m,eco_isic4_total,est_sizeaggregate_x,2017,48.374
ner,sex_m,eco_isic4_u,est_sizeaggregate_s1_4,2012,9.751
ner,sex_m,eco_isic4_u,est_sizeaggregate_s5_49,2012,0.917
ner,sex_m,eco_isic4_u,est_sizeaggregate_total,2012,13.297
ner,sex_m,eco_isic4_u,est_sizeaggregate_x,2012,2.479
ner,sex_m,eco_isic4_x,est_sizeaggregate_total,2017,24.968
ner,sex_m,eco_isic4_x,est_sizeaggregate_x,2017,23.832
ner,sex_m,eco_sector_agr,est_sizeaggregate_s1_4,2011,1952.285
ner,sex_m,eco_sector_agr,est_sizeaggregate_s1_4,2012,1794.949
ner,sex_m,eco_sector_agr,est_sizeaggregate_s1_4,2017,446.343
ner,sex_m,eco_sector_agr,est_sizeaggregate_s5_49,2011,462.584
ner,sex_m,eco_sector_agr,est_sizeaggregate_s5_49,2012,137.678
ner,sex_m,eco_sector_agr,est_sizeaggregate_s5_49,2017,11.408
ner,sex_m,eco_sector_agr,est_sizeaggregate_sge50,2012,14.231
ner,sex_m,eco_sector_agr,est_sizeaggregate_total,2011,2572.055
ner,sex_m,eco_sector_agr,est_sizeaggregate_total,2012,2007.083
ner,sex_m,eco_sector_agr,est_sizeaggregate_total,2017,470.911
ner,sex_m,eco_sector_agr,est_sizeaggregate_x,2011,151.868
ner,sex_m,eco_sector_agr,est_sizeaggregate_x,2012,60.225
ner,sex_m,eco_sector_agr,est_sizeaggregate_x,2017,13.16
ner,sex_m,eco_sector_agr,est_sizedetails_s1,2011,1334.266
ner,sex_m,eco_sector_agr,est_sizedetails_s1,2012,553.196
ner,sex_m,eco_sector_agr,est_sizedetails_s1,2017,240.869
ner,sex_m,eco_sector_agr,est_sizedetails_s10_19,2011,30.764
ner,sex_m,eco_sector_agr,est_sizedetails_s10_19,2012,16.039
ner,sex_m,eco_sector_agr,est_sizedetails_s20_49,2012,6.696
ner,sex_m,eco_sector_agr,est_sizedetails_s2_4,2011,618.019
ner,sex_m,eco_sector_agr,est_sizedetails_s2_4,2012,1241.753
ner,sex_m,eco_sector_agr,est_sizedetails_s2_4,2017,205.474
ner,sex_m,eco_sector_agr,est_sizedetails_s5_9,2011,430.954
ner,sex_m,eco_sector_agr,est_sizedetails_s5_9,2012,114.943
ner,sex_m,eco_sector_agr,est_sizedetails_s5_9,2017,11.408
ner,sex_m,eco_sector_agr,est_sizedetails_sge50,2012,14.231
ner,sex_m,eco_sector_agr,est_sizedetails_total,2011,2572.055
ner,sex_m,eco_sector_agr,est_sizedetails_total,2012,2007.083
ner,sex_m,eco_sector_agr,est_sizedetails_total,2017,470.911
ner,sex_m,eco_sector_agr,est_sizedetails_x,2011,151.868
ner,sex_m,eco_sector_agr,est_sizedetails_x,2012,60.225
ner,sex_m,eco_sector_agr,est_sizedetails_x,2017,13.16
ner,sex_m,eco_sector_ind,est_sizeaggregate_s1_4,2011,91.409
ner,sex_m,eco_sector_ind,est_sizeaggregate_s1_4,2012,107.49
ner,sex_m,eco_sector_ind,est_sizeaggregate_s1_4,2017,150.123
ner,sex_m,eco_sector_ind,est_sizeaggregate_s5_49,2011,20.461
ner,sex_m,eco_sector_ind,est_sizeaggregate_s5_49,2012,16.846
ner,sex_m,eco_sector_ind,est_sizeaggregate_s5_49,2017,6.842
ner,sex_m,eco_sector_ind,est_sizeaggregate_sge50,2012,1.306
ner,sex_m,eco_sector_ind,est_sizeaggregate_total,2011,113.442
ner,sex_m,eco_sector_ind,est_sizeaggregate_total,2012,130.323
ner,sex_m,eco_sector_ind,est_sizeaggregate_total,2017,159.925
ner,sex_m,eco_sector_ind,est_sizeaggregate_x,2012,4.681
ner,sex_m,eco_sector_ind,est_sizeaggregate_x,2017,2.96
ner,sex_m,eco_sector_ind,est_sizedetails_s1,2011,68.351
ner,sex_m,eco_sector_ind,est_sizedetails_s1,2012,39.081
ner,sex_m,eco_sector_ind,est_sizedetails_s1,2017,91.77
ner,sex_m,eco_sector_ind,est_sizedetails_s10_19,2011,4.811
ner,sex_m,eco_sector_ind,est_sizedetails_s10_19,2012,3.382
ner,sex_m,eco_sector_ind,est_sizedetails_s20_49,2011,2.488
ner,sex_m,eco_sector_ind,est_sizedetails_s20_49,2012,0.592
ner,sex_m,eco_sector_ind,est_sizedetails_s2_4,2011,23.058
ner,sex_m,eco_sector_ind,est_sizedetails_s2_4,2012,68.409
ner,sex_m,eco_sector_ind,est_sizedetails_s2_4,2017,58.353
ner,sex_m,eco_sector_ind,est_sizedetails_s5_9,2011,13.162
ner,sex_m,eco_sector_ind,est_sizedetails_s5_9,2012,12.873
ner,sex_m,eco_sector_ind,est_sizedetails_s5_9,2017,5.454
ner,sex_m,eco_sector_ind,est_sizedetails_sge50,2012,1.306
ner,sex_m,eco_sector_ind,est_sizedetails_total,2011,113.442
ner,sex_m,eco_sector_ind,est_sizedetails_total,2012,130.323
ner,sex_m,eco_sector_ind,est_sizedetails_total,2017,159.925
ner,sex_m,eco_sector_ind,est_sizedetails_x,2012,4.681
ner,sex_m,eco_sector_ind,est_sizedetails_x,2017,2.96
ner,sex_m,eco_sector_nag,est_sizeaggregate_s1_4,2011,374.132
ner,sex_m,eco_sector_nag,est_sizeaggregate_s1_4,2012,373.589
ner,sex_m,eco_sector_nag,est_sizeaggregate_s1_4,2017,499.502
ner,sex_m,eco_sector_nag,est_sizeaggregate_s5_49,2011,68.886
ner,sex_m,eco_sector_nag,est_sizeaggregate_s5_49,2012,43.164
ner,sex_m,eco_sector_nag,est_sizeaggregate_s5_49,2017,11.659
ner,sex_m,eco_sector_nag,est_sizeaggregate_sge50,2011,2.73
ner,sex_m,eco_sector_nag,est_sizeaggregate_sge50,2012,4.601
ner,sex_m,eco_sector_nag,est_sizeaggregate_total,2011,456.139
ner,sex_m,eco_sector_nag,est_sizeaggregate_total,2012,441.76
ner,sex_m,eco_sector_nag,est_sizeaggregate_total,2017,547.508
ner,sex_m,eco_sector_nag,est_sizeaggregate_x,2011,10.391
ner,sex_m,eco_sector_nag,est_sizeaggregate_x,2012,20.406
ner,sex_m,eco_sector_nag,est_sizeaggregate_x,2017,35.214
ner,sex_m,eco_sector_nag,est_sizedetails_s1,2011,310.161
ner,sex_m,eco_sector_nag,est_sizedetails_s1,2012,191.484
ner,sex_m,eco_sector_nag,est_sizedetails_s1,2017,379.529
ner,sex_m,eco_sector_nag,est_sizedetails_s10_19,2011,11.056
ner,sex_m,eco_sector_nag,est_sizedetails_s10_19,2012,11.373
ner,sex_m,eco_sector_nag,est_sizedetails_s10_19,2017,2.864
ner,sex_m,eco_sector_nag,est_sizedetails_s20_49,2011,10.616
ner,sex_m,eco_sector_nag,est_sizedetails_s20_49,2012,3.346
ner,sex_m,eco_sector_nag,est_sizedetails_s2_4,2011,63.971
ner,sex_m,eco_sector_nag,est_sizedetails_s2_4,2012,182.105
ner,sex_m,eco_sector_nag,est_sizedetails_s2_4,2017,119.973
ner,sex_m,eco_sector_nag,est_sizedetails_s5_9,2011,47.214
ner,sex_m,eco_sector_nag,est_sizedetails_s5_9,2012,28.445
ner,sex_m,eco_sector_nag,est_sizedetails_s5_9,2017,8.597
ner,sex_m,eco_sector_nag,est_sizedetails_sge50,2011,2.73
ner,sex_m,eco_sector_nag,est_sizedetails_sge50,2012,4.601
ner,sex_m,eco_sector_nag,est_sizedetails_total,2011,456.139
ner,sex_m,eco_sector_nag,est_sizedetails_total,2012,441.76
ner,sex_m,eco_sector_nag,est_sizedetails_total,2017,547.508
ner,sex_m,eco_sector_nag,est_sizedetails_x,2011,10.391
ner,sex_m,eco_sector_nag,est_sizedetails_x,2012,20.406
ner,sex_m,eco_sector_nag,est_sizedetails_x,2017,35.214
ner,sex_m,eco_sector_ser,est_sizeaggregate_s1_4,2011,282.723
ner,sex_m,eco_sector_ser,est_sizeaggregate_s1_4,2012,266.099
ner,sex_m,eco_sector_ser,est_sizeaggregate_s1_4,2017,348.243
ner,sex_m,eco_sector_ser,est_sizeaggregate_s5_49,2011,48.425
ner,sex_m,eco_sector_ser,est_sizeaggregate_s5_49,2012,26.318
ner,sex_m,eco_sector_ser,est_sizeaggregate_s5_49,2017,4.817
ner,sex_m,eco_sector_ser,est_sizeaggregate_sge50,2011,1.499
ner,sex_m,eco_sector_ser,est_sizeaggregate_sge50,2012,3.294
ner,sex_m,eco_sector_ser,est_sizeaggregate_total,2011,342.697
ner,sex_m,eco_sector_ser,est_sizeaggregate_total,2012,311.436
ner,sex_m,eco_sector_ser,est_sizeaggregate_total,2017,362.615
ner,sex_m,eco_sector_ser,est_sizeaggregate_x,2011,10.05
ner,sex_m,eco_sector_ser,est_sizeaggregate_x,2012,15.725
ner,sex_m,eco_sector_ser,est_sizeaggregate_x,2017,8.422
ner,sex_m,eco_sector_ser,est_sizedetails_s1,2011,241.81
ner,sex_m,eco_sector_ser,est_sizedetails_s1,2012,152.403
ner,sex_m,eco_sector_ser,est_sizedetails_s1,2017,286.623
ner,sex_m,eco_sector_ser,est_sizedetails_s10_19,2011,6.245
ner,sex_m,eco_sector_ser,est_sizedetails_s10_19,2012,7.991
ner,sex_m,eco_sector_ser,est_sizedetails_s10_19,2017,1.476
ner,sex_m,eco_sector_ser,est_sizedetails_s20_49,2011,8.128
ner,sex_m,eco_sector_ser,est_sizedetails_s20_49,2012,2.754
ner,sex_m,eco_sector_ser,est_sizedetails_s2_4,2011,40.913
ner,sex_m,eco_sector_ser,est_sizedetails_s2_4,2012,113.696
ner,sex_m,eco_sector_ser,est_sizedetails_s2_4,2017,61.62
ner,sex_m,eco_sector_ser,est_sizedetails_s5_9,2011,34.052
ner,sex_m,eco_sector_ser,est_sizedetails_s5_9,2012,15.572
ner,sex_m,eco_sector_ser,est_sizedetails_s5_9,2017,3.143
ner,sex_m,eco_sector_ser,est_sizedetails_sge50,2011,1.499
ner,sex_m,eco_sector_ser,est_sizedetails_sge50,2012,3.294
ner,sex_m,eco_sector_ser,est_sizedetails_total,2011,342.697
ner,sex_m,eco_sector_ser,est_sizedetails_total,2012,311.436
ner,sex_m,eco_sector_ser,est_sizedetails_total,2017,362.615
ner,sex_m,eco_sector_ser,est_sizedetails_x,2011,10.05
ner,sex_m,eco_sector_ser,est_sizedetails_x,2012,15.725
ner,sex_m,eco_sector_ser,est_sizedetails_x,2017,8.422
ner,sex_m,eco_sector_total,est_sizeaggregate_s1_4,2011,2326.417
ner,sex_m,eco_sector_total,est_sizeaggregate_s1_4,2012,2168.538
ner,sex_m,eco_sector_total,est_sizeaggregate_s1_4,2017,945.845
ner,sex_m,eco_sector_total,est_sizeaggregate_s5_49,2011,531.47
ner,sex_m,eco_sector_total,est_sizeaggregate_s5_49,2012,180.842
ner,sex_m,eco_sector_total,est_sizeaggregate_s5_49,2017,23.067
ner,sex_m,eco_sector_total,est_sizeaggregate_sge50,2011,8.048
ner,sex_m,eco_sector_total,est_sizeaggregate_sge50,2012,18.832
ner,sex_m,eco_sector_total,est_sizeaggregate_total,2011,3028.194
ner,sex_m,eco_sector_total,est_sizeaggregate_total,2012,2448.843
ner,sex_m,eco_sector_total,est_sizeaggregate_total,2017,1018.419
ner,sex_m,eco_sector_total,est_sizeaggregate_x,2011,162.259
ner,sex_m,eco_sector_total,est_sizeaggregate_x,2012,80.631
ner,sex_m,eco_sector_total,est_sizeaggregate_x,2017,48.374
ner,sex_m,eco_sector_total,est_sizedetails_s1,2011,1644.427
ner,sex_m,eco_sector_total,est_sizedetails_s1,2012,744.68
ner,sex_m,eco_sector_total,est_sizedetails_s1,2017,620.398
ner,sex_m,eco_sector_total,est_sizedetails_s10_19,2011,41.82
ner,sex_m,eco_sector_total,est_sizedetails_s10_19,2012,27.412
ner,sex_m,eco_sector_total,est_sizedetails_s10_19,2017,2.864
ner,sex_m,eco_sector_total,est_sizedetails_s20_49,2011,11.482
ner,sex_m,eco_sector_total,est_sizedetails_s20_49,2012,10.042
ner,sex_m,eco_sector_total,est_sizedetails_s2_4,2011,681.99
ner,sex_m,eco_sector_total,est_sizedetails_s2_4,2012,1423.858
ner,sex_m,eco_sector_total,est_sizedetails_s2_4,2017,325.447
ner,sex_m,eco_sector_total,est_sizedetails_s5_9,2011,478.168
ner,sex_m,eco_sector_total,est_sizedetails_s5_9,2012,143.388
ner,sex_m,eco_sector_total,est_sizedetails_s5_9,2017,20.005
ner,sex_m,eco_sector_total,est_sizedetails_sge50,2011,8.048
ner,sex_m,eco_sector_total,est_sizedetails_sge50,2012,18.832
ner,sex_m,eco_sector_total,est_sizedetails_total,2011,3028.194
ner,sex_m,eco_sector_total,est_sizedetails_total,2012,2448.843
ner,sex_m,eco_sector_total,est_sizedetails_total,2017,1018.419
ner,sex_m,eco_sector_total,est_sizedetails_x,2011,162.259
ner,sex_m,eco_sector_total,est_sizedetails_x,2012,80.631
ner,sex_m,eco_sector_total,est_sizedetails_x,2017,48.374
ner,sex_m,eco_sector_x,est_sizeaggregate_total,2017,24.968
ner,sex_m,eco_sector_x,est_sizeaggregate_x,2017,23.832
ner,sex_m,eco_sector_x,est_sizedetails_total,2017,24.968
ner,sex_m,eco_sector_x,est_sizedetails_x,2017,23.832
ner,sex_t,eco_aggregate_agr,est_sizeaggregate_s1_4,2011,3747.986
ner,sex_t,eco_aggregate_agr,est_sizeaggregate_s1_4,2012,2371.993
ner,sex_t,eco_aggregate_agr,est_sizeaggregate_s1_4,2017,541.645
ner,sex_t,eco_aggregate_agr,est_sizeaggregate_s5_49,2011,648.202
ner,sex_t,eco_aggregate_agr,est_sizeaggregate_s5_49,2012,144.875
ner,sex_t,eco_aggregate_agr,est_sizeaggregate_s5_49,2017,13.998
ner,sex_t,eco_aggregate_agr,est_sizeaggregate_sge50,2012,15.36
ner,sex_t,eco_aggregate_agr,est_sizeaggregate_total,2011,4637.995
ner,sex_t,eco_aggregate_agr,est_sizeaggregate_total,2012,2614.108
ner,sex_t,eco_aggregate_agr,est_sizeaggregate_total,2017,573.037
ner,sex_t,eco_aggregate_agr,est_sizeaggregate_x,2011,236.489
ner,sex_t,eco_aggregate_agr,est_sizeaggregate_x,2012,81.88
ner,sex_t,eco_aggregate_agr,est_sizeaggregate_x,2017,17.394
ner,sex_t,eco_aggregate_agr,est_sizedetails_s1,2011,2763.843
ner,sex_t,eco_aggregate_agr,est_sizedetails_s1,2012,822.734
ner,sex_t,eco_aggregate_agr,est_sizedetails_s1,2017,282.034
ner,sex_t,eco_aggregate_agr,est_sizedetails_s10_19,2011,44.858
ner,sex_t,eco_aggregate_agr,est_sizedetails_s10_19,2012,16.039
ner,sex_t,eco_aggregate_agr,est_sizedetails_s20_49,2012,6.975
ner,sex_t,eco_aggregate_agr,est_sizedetails_s2_4,2011,984.143
ner,sex_t,eco_aggregate_agr,est_sizedetails_s2_4,2012,1549.259
ner,sex_t,eco_aggregate_agr,est_sizedetails_s2_4,2017,259.611
ner,sex_t,eco_aggregate_agr,est_sizedetails_s5_9,2011,601.612
ner,sex_t,eco_aggregate_agr,est_sizedetails_s5_9,2012,121.861
ner,sex_t,eco_aggregate_agr,est_sizedetails_s5_9,2017,13.998
ner,sex_t,eco_aggregate_agr,est_sizedetails_sge50,2012,15.36
ner,sex_t,eco_aggregate_agr,est_sizedetails_total,2011,4637.995
ner,sex_t,eco_aggregate_agr,est_sizedetails_total,2012,2614.108
ner,sex_t,eco_aggregate_agr,est_sizedetails_total,2017,573.037
ner,sex_t,eco_aggregate_agr,est_sizedetails_x,2011,236.489
ner,sex_t,eco_aggregate_agr,est_sizedetails_x,2012,81.88
ner,sex_t,eco_aggregate_agr,est_sizedetails_x,2017,17.394
ner,sex_t,eco_aggregate_con,est_sizeaggregate_s1_4,2011,23.408
ner,sex_t,eco_aggregate_con,est_sizeaggregate_s1_4,2012,14.686
ner,sex_t,eco_aggregate_con,est_sizeaggregate_s1_4,2017,15.931
ner,sex_t,eco_aggregate_con,est_sizeaggregate_s5_49,2011,4.35
ner,sex_t,eco_aggregate_con,est_sizeaggregate_s5_49,2012,5.656
ner,sex_t,eco_aggregate_con,est_sizeaggregate_s5_49,2017,1.54
ner,sex_t,eco_aggregate_con,est_sizeaggregate_sge50,2012,0.747
ner,sex_t,eco_aggregate_con,est_sizeaggregate_total,2011,28.826
ner,sex_t,eco_aggregate_con,est_sizeaggregate_total,2012,24.253
ner,sex_t,eco_aggregate_con,est_sizeaggregate_total,2017,17.627
ner,sex_t,eco_aggregate_con,est_sizeaggregate_x,2012,3.164
ner,sex_t,eco_aggregate_con,est_sizedetails_s1,2011,14.101
ner,sex_t,eco_aggregate_con,est_sizedetails_s1,2012,2.146
ner,sex_t,eco_aggregate_con,est_sizedetails_s1,2017,4.481
ner,sex_t,eco_aggregate_con,est_sizedetails_s10_19,2012,0.854
ner,sex_t,eco_aggregate_con,est_sizedetails_s2_4,2011,9.307
ner,sex_t,eco_aggregate_con,est_sizedetails_s2_4,2012,12.54
ner,sex_t,eco_aggregate_con,est_sizedetails_s2_4,2017,11.45
ner,sex_t,eco_aggregate_con,est_sizedetails_s5_9,2011,3.536
ner,sex_t,eco_aggregate_con,est_sizedetails_s5_9,2012,4.604
ner,sex_t,eco_aggregate_con,est_sizedetails_s5_9,2017,1.54
ner,sex_t,eco_aggregate_con,est_sizedetails_sge50,2012,0.747
ner,sex_t,eco_aggregate_con,est_sizedetails_total,2011,28.826
ner,sex_t,eco_aggregate_con,est_sizedetails_total,2012,24.253
ner,sex_t,eco_aggregate_con,est_sizedetails_total,2017,17.627
ner,sex_t,eco_aggregate_con,est_sizedetails_x,2012,3.164
ner,sex_t,eco_aggregate_man,est_sizeaggregate_s1_4,2011,359.836
ner,sex_t,eco_aggregate_man,est_sizeaggregate_s1_4,2012,180.451
ner,sex_t,eco_aggregate_man,est_sizeaggregate_s1_4,2017,351.033
ner,sex_t,eco_aggregate_man,est_sizeaggregate_s5_49,2011,23.331
ner,sex_t,eco_aggregate_man,est_sizeaggregate_s5_49,2012,15.256
ner,sex_t,eco_aggregate_man,est_sizeaggregate_s5_49,2017,6.055
ner,sex_t,eco_aggregate_man,est_sizeaggregate_total,2011,383.671
ner,sex_t,eco_aggregate_man,est_sizeaggregate_total,2012,203.168
ner,sex_t,eco_aggregate_man,est_sizeaggregate_total,2017,362.206
ner,sex_t,eco_aggregate_man,est_sizeaggregate_x,2012,7.08
ner,sex_t,eco_aggregate_man,est_sizeaggregate_x,2017,5.118
ner,sex_t,eco_aggregate_man,est_sizedetails_s1,2011,305.392
ner,sex_t,eco_aggregate_man,est_sizedetails_s1,2012,102.772
ner,sex_t,eco_aggregate_man,est_sizedetails_s1,2017,252.646
ner,sex_t,eco_aggregate_man,est_sizedetails_s10_19,2011,5.465
ner,sex_t,eco_aggregate_man,est_sizedetails_s10_19,2012,3.486
ner,sex_t,eco_aggregate_man,est_sizedetails_s10_19,2017,2.204
ner,sex_t,eco_aggregate_man,est_sizedetails_s20_49,2011,2.581
ner,sex_t,eco_aggregate_man,est_sizedetails_s20_49,2012,0.703
ner,sex_t,eco_aggregate_man,est_sizedetails_s2_4,2011,54.444
ner,sex_t,eco_aggregate_man,est_sizedetails_s2_4,2012,77.679
ner,sex_t,eco_aggregate_man,est_sizedetails_s2_4,2017,98.387
ner,sex_t,eco_aggregate_man,est_sizedetails_s5_9,2011,15.285
ner,sex_t,eco_aggregate_man,est_sizedetails_s5_9,2012,11.068
ner,sex_t,eco_aggregate_man,est_sizedetails_s5_9,2017,3.851
ner,sex_t,eco_aggregate_man,est_sizedetails_total,2011,383.671
ner,sex_t,eco_aggregate_man,est_sizedetails_total,2012,203.168
ner,sex_t,eco_aggregate_man,est_sizedetails_total,2017,362.206
ner,sex_t,eco_aggregate_man,est_sizedetails_x,2012,7.08
ner,sex_t,eco_aggregate_man,est_sizedetails_x,2017,5.118
ner,sex_t,eco_aggregate_mel,est_sizeaggregate_s1_4,2012,5.199
ner,sex_t,eco_aggregate_mel,est_sizeaggregate_s1_4,2017,17.213
ner,sex_t,eco_aggregate_mel,est_sizeaggregate_total,2011,3.623
ner,sex_t,eco_aggregate_mel,est_sizeaggregate_total,2012,5.875
ner,sex_t,eco_aggregate_mel,est_sizeaggregate_total,2017,18.036
ner,sex_t,eco_aggregate_mel,est_sizedetails_s1,2012,2.115
ner,sex_t,eco_aggregate_mel,est_sizedetails_s1,2017,14.093
ner,sex_t,eco_aggregate_mel,est_sizedetails_total,2011,3.623
ner,sex_t,eco_aggregate_mel,est_sizedetails_total,2012,5.875
ner,sex_t,eco_aggregate_mel,est_sizedetails_total,2017,18.036
ner,sex_t,eco_aggregate_mkt,est_sizeaggregate_s1_4,2011,518.776
ner,sex_t,eco_aggregate_mkt,est_sizeaggregate_s1_4,2012,263.971
ner,sex_t,eco_aggregate_mkt,est_sizeaggregate_s1_4,2017,367.489
ner,sex_t,eco_aggregate_mkt,est_sizeaggregate_s5_49,2011,44.916
ner,sex_t,eco_aggregate_mkt,est_sizeaggregate_s5_49,2012,17.262
ner,sex_t,eco_aggregate_mkt,est_sizeaggregate_s5_49,2017,3.645
ner,sex_t,eco_aggregate_mkt,est_sizeaggregate_sge50,2011,1.306
ner,sex_t,eco_aggregate_mkt,est_sizeaggregate_sge50,2012,2.342
ner,sex_t,eco_aggregate_mkt,est_sizeaggregate_total,2011,566.041
ner,sex_t,eco_aggregate_mkt,est_sizeaggregate_total,2012,301.985
ner,sex_t,eco_aggregate_mkt,est_sizeaggregate_total,2017,375.963
ner,sex_t,eco_aggregate_mkt,est_sizeaggregate_x,2011,1.043
ner,sex_t,eco_aggregate_mkt,est_sizeaggregate_x,2012,18.41
ner,sex_t,eco_aggregate_mkt,est_sizeaggregate_x,2017,4.677
ner,sex_t,eco_aggregate_mkt,est_sizedetails_s1,2011,453.88
ner,sex_t,eco_aggregate_mkt,est_sizedetails_s1,2012,159.49
ner,sex_t,eco_aggregate_mkt,est_sizedetails_s1,2017,288.994
ner,sex_t,eco_aggregate_mkt,est_sizedetails_s10_19,2011,5.514
ner,sex_t,eco_aggregate_mkt,est_sizedetails_s10_19,2012,4.25
ner,sex_t,eco_aggregate_mkt,est_sizedetails_s20_49,2011,4.613
ner,sex_t,eco_aggregate_mkt,est_sizedetails_s20_49,2012,1.542
ner,sex_t,eco_aggregate_mkt,est_sizedetails_s2_4,2011,64.896
ner,sex_t,eco_aggregate_mkt,est_sizedetails_s2_4,2012,104.481
ner,sex_t,eco_aggregate_mkt,est_sizedetails_s2_4,2017,78.495
ner,sex_t,eco_aggregate_mkt,est_sizedetails_s5_9,2011,34.789
ner,sex_t,eco_aggregate_mkt,est_sizedetails_s5_9,2012,11.469
ner,sex_t,eco_aggregate_mkt,est_sizedetails_s5_9,2017,2.389
ner,sex_t,eco_aggregate_mkt,est_sizedetails_sge50,2011,1.306
ner,sex_t,eco_aggregate_mkt,est_sizedetails_sge50,2012,2.342
ner,sex_t,eco_aggregate_mkt,est_sizedetails_total,2011,566.041
ner,sex_t,eco_aggregate_mkt,est_sizedetails_total,2012,301.985
ner,sex_t,eco_aggregate_mkt,est_sizedetails_total,2017,375.963
ner,sex_t,eco_aggregate_mkt,est_sizedetails_x,2011,1.043
ner,sex_t,eco_aggregate_mkt,est_sizedetails_x,2012,18.41
ner,sex_t,eco_aggregate_mkt,est_sizedetails_x,2017,4.677
ner,sex_t,eco_aggregate_pub,est_sizeaggregate_s1_4,2011,120.997
ner,sex_t,eco_aggregate_pub,est_sizeaggregate_s1_4,2012,67.784
ner,sex_t,eco_aggregate_pub,est_sizeaggregate_s1_4,2017,163.919
ner,sex_t,eco_aggregate_pub,est_sizeaggregate_s5_49,2011,15.272
ner,sex_t,eco_aggregate_pub,est_sizeaggregate_s5_49,2012,11.463
ner,sex_t,eco_aggregate_pub,est_sizeaggregate_s5_49,2017,2.209
ner,sex_t,eco_aggregate_pub,est_sizeaggregate_sge50,2011,1.052
ner,sex_t,eco_aggregate_pub,est_sizeaggregate_sge50,2012,1.063
ner,sex_t,eco_aggregate_pub,est_sizeaggregate_total,2011,167.21
ner,sex_t,eco_aggregate_pub,est_sizeaggregate_total,2012,99.334
ner,sex_t,eco_aggregate_pub,est_sizeaggregate_total,2017,177.786
ner,sex_t,eco_aggregate_pub,est_sizeaggregate_x,2011,29.889
ner,sex_t,eco_aggregate_pub,est_sizeaggregate_x,2012,19.024
ner,sex_t,eco_aggregate_pub,est_sizeaggregate_x,2017,10.677
ner,sex_t,eco_aggregate_pub,est_sizedetails_s1,2011,111.557
ner,sex_t,eco_aggregate_pub,est_sizedetails_s1,2012,41.862
ner,sex_t,eco_aggregate_pub,est_sizedetails_s1,2017,143.209
ner,sex_t,eco_aggregate_pub,est_sizedetails_s10_19,2011,1.152
ner,sex_t,eco_aggregate_pub,est_sizedetails_s10_19,2012,3.967
ner,sex_t,eco_aggregate_pub,est_sizedetails_s20_49,2011,4.075
ner,sex_t,eco_aggregate_pub,est_sizedetails_s20_49,2012,1.538
ner,sex_t,eco_aggregate_pub,est_sizedetails_s2_4,2011,9.44
ner,sex_t,eco_aggregate_pub,est_sizedetails_s2_4,2012,25.922
ner,sex_t,eco_aggregate_pub,est_sizedetails_s2_4,2017,20.71
ner,sex_t,eco_aggregate_pub,est_sizedetails_s5_9,2011,10.045
ner,sex_t,eco_aggregate_pub,est_sizedetails_s5_9,2012,5.958
ner,sex_t,eco_aggregate_pub,est_sizedetails_s5_9,2017,1.612
ner,sex_t,eco_aggregate_pub,est_sizedetails_sge50,2011,1.052
ner,sex_t,eco_aggregate_pub,est_sizedetails_sge50,2012,1.063
ner,sex_t,eco_aggregate_pub,est_sizedetails_total,2011,167.21
ner,sex_t,eco_aggregate_pub,est_sizedetails_total,2012,99.334
ner,sex_t,eco_aggregate_pub,est_sizedetails_total,2017,177.786
ner,sex_t,eco_aggregate_pub,est_sizedetails_x,2011,29.889
ner,sex_t,eco_aggregate_pub,est_sizedetails_x,2012,19.024
ner,sex_t,eco_aggregate_pub,est_sizedetails_x,2017,10.677
ner,sex_t,eco_aggregate_total,est_sizeaggregate_s1_4,2011,4774.186
ner,sex_t,eco_aggregate_total,est_sizeaggregate_s1_4,2012,2904.084
ner,sex_t,eco_aggregate_total,est_sizeaggregate_s1_4,2017,1458.366
ner,sex_t,eco_aggregate_total,est_sizeaggregate_s5_49,2011,736.511
ner,sex_t,eco_aggregate_total,est_sizeaggregate_s5_49,2012,194.684
ner,sex_t,eco_aggregate_total,est_sizeaggregate_s5_49,2017,28.27
ner,sex_t,eco_aggregate_total,est_sizeaggregate_sge50,2011,8.907
ner,sex_t,eco_aggregate_total,est_sizeaggregate_sge50,2012,20.072
ner,sex_t,eco_aggregate_total,est_sizeaggregate_total,2011,5787.366
ner,sex_t,eco_aggregate_total,est_sizeaggregate_total,2012,3248.723
ner,sex_t,eco_aggregate_total,est_sizeaggregate_total,2017,1561.802
ner,sex_t,eco_aggregate_total,est_sizeaggregate_x,2011,267.762
ner,sex_t,eco_aggregate_total,est_sizeaggregate_x,2012,129.884
ner,sex_t,eco_aggregate_total,est_sizeaggregate_x,2017,74.033
ner,sex_t,eco_aggregate_total,est_sizedetails_s1,2011,3651.403
ner,sex_t,eco_aggregate_total,est_sizedetails_s1,2012,1131.12
ner,sex_t,eco_aggregate_total,est_sizedetails_s1,2017,986.593
ner,sex_t,eco_aggregate_total,est_sizedetails_s10_19,2011,57.382
ner,sex_t,eco_aggregate_total,est_sizedetails_s10_19,2012,28.768
ner,sex_t,eco_aggregate_total,est_sizedetails_s10_19,2017,3.859
ner,sex_t,eco_aggregate_total,est_sizedetails_s20_49,2011,13.422
ner,sex_t,eco_aggregate_total,est_sizedetails_s20_49,2012,10.956
ner,sex_t,eco_aggregate_total,est_sizedetails_s2_4,2011,1122.783
ner,sex_t,eco_aggregate_total,est_sizedetails_s2_4,2012,1772.964
ner,sex_t,eco_aggregate_total,est_sizedetails_s2_4,2017,471.773
ner,sex_t,eco_aggregate_total,est_sizedetails_s5_9,2011,665.707
ner,sex_t,eco_aggregate_total,est_sizedetails_s5_9,2012,154.96
ner,sex_t,eco_aggregate_total,est_sizedetails_s5_9,2017,24.213
ner,sex_t,eco_aggregate_total,est_sizedetails_sge50,2011,8.907
ner,sex_t,eco_aggregate_total,est_sizedetails_sge50,2012,20.072
ner,sex_t,eco_aggregate_total,est_sizedetails_total,2011,5787.366
ner,sex_t,eco_aggregate_total,est_sizedetails_total,2012,3248.723
ner,sex_t,eco_aggregate_total,est_sizedetails_total,2017,1561.802
ner,sex_t,eco_aggregate_total,est_sizedetails_x,2011,267.762
ner,sex_t,eco_aggregate_total,est_sizedetails_x,2012,129.884
ner,sex_t,eco_aggregate_total,est_sizedetails_x,2017,74.033
ner,sex_t,eco_aggregate_x,est_sizeaggregate_total,2017,37.147
ner,sex_t,eco_aggregate_x,est_sizeaggregate_x,2017,36.011
ner,sex_t,eco_aggregate_x,est_sizedetails_total,2017,37.147
ner,sex_t,eco_aggregate_x,est_sizedetails_x,2017,36.011
ner,sex_t,eco_isic4_a,est_sizeaggregate_s1_4,2011,3747.986
ner,sex_t,eco_isic4_a,est_sizeaggregate_s1_4,2012,2371.993
ner,sex_t,eco_isic4_a,est_sizeaggregate_s1_4,2017,541.645
ner,sex_t,eco_isic4_a,est_sizeaggregate_s5_49,2011,648.202
ner,sex_t,eco_isic4_a,est_sizeaggregate_s5_49,2012,144.875
ner,sex_t,eco_isic4_a,est_sizeaggregate_s5_49,2017,13.998
ner,sex_t,eco_isic4_a,est_sizeaggregate_sge50,2012,15.36
ner,sex_t,eco_isic4_a,est_sizeaggregate_total,2011,4637.995
ner,sex_t,eco_isic4_a,est_sizeaggregate_total,2012,2614.108
ner,sex_t,eco_isic4_a,est_sizeaggregate_total,2017,573.037
ner,sex_t,eco_isic4_a,est_sizeaggregate_x,2011,236.489
ner,sex_t,eco_isic4_a,est_sizeaggregate_x,2012,81.88
ner,sex_t,eco_isic4_a,est_sizeaggregate_x,2017,17.394
ner,sex_t,eco_isic4_b,est_sizeaggregate_s1_4,2017,10.307
ner,sex_t,eco_isic4_b,est_sizeaggregate_total,2012,4.727
ner,sex_t,eco_isic4_b,est_sizeaggregate_total,2017,11.13
ner,sex_t,eco_isic4_c,est_sizeaggregate_s1_4,2011,359.836
ner,sex_t,eco_isic4_c,est_sizeaggregate_s1_4,2012,180.451
ner,sex_t,eco_isic4_c,est_sizeaggregate_s1_4,2017,351.033
ner,sex_t,eco_isic4_c,est_sizeaggregate_s5_49,2011,23.331
ner,sex_t,eco_isic4_c,est_sizeaggregate_s5_49,2012,15.256
ner,sex_t,eco_isic4_c,est_sizeaggregate_s5_49,2017,6.055
ner,sex_t,eco_isic4_c,est_sizeaggregate_total,2011,383.671
ner,sex_t,eco_isic4_c,est_sizeaggregate_total,2012,203.168
ner,sex_t,eco_isic4_c,est_sizeaggregate_total,2017,362.206
ner,sex_t,eco_isic4_c,est_sizeaggregate_x,2012,7.08
ner,sex_t,eco_isic4_c,est_sizeaggregate_x,2017,5.118
ner,sex_t,eco_isic4_d,est_sizeaggregate_s1_4,2012,0.729
ner,sex_t,eco_isic4_d,est_sizeaggregate_total,2012,0.729
ner,sex_t,eco_isic4_e,est_sizeaggregate_s1_4,2017,4.84
ner,sex_t,eco_isic4_e,est_sizeaggregate_total,2017,4.84
ner,sex_t,eco_isic4_f,est_sizeaggregate_s1_4,2011,23.408
ner,sex_t,eco_isic4_f,est_sizeaggregate_s1_4,2012,14.686
ner,sex_t,eco_isic4_f,est_sizeaggregate_s1_4,2017,15.931
ner,sex_t,eco_isic4_f,est_sizeaggregate_s5_49,2011,4.35
ner,sex_t,eco_isic4_f,est_sizeaggregate_s5_49,2012,5.656
ner,sex_t,eco_isic4_f,est_sizeaggregate_s5_49,2017,1.54
ner,sex_t,eco_isic4_f,est_sizeaggregate_sge50,2012,0.747
ner,sex_t,eco_isic4_f,est_sizeaggregate_total,2011,28.826
ner,sex_t,eco_isic4_f,est_sizeaggregate_total,2012,24.253
ner,sex_t,eco_isic4_f,est_sizeaggregate_total,2017,17.627
ner,sex_t,eco_isic4_f,est_sizeaggregate_x,2012,3.164
ner,sex_t,eco_isic4_g,est_sizeaggregate_s1_4,2011,366.255
ner,sex_t,eco_isic4_g,est_sizeaggregate_s1_4,2012,211.389
ner,sex_t,eco_isic4_g,est_sizeaggregate_s1_4,2017,285.685
ner,sex_t,eco_isic4_g,est_sizeaggregate_s5_49,2011,27.867
ner,sex_t,eco_isic4_g,est_sizeaggregate_s5_49,2012,8.48
ner,sex_t,eco_isic4_g,est_sizeaggregate_s5_49,2017,2.073
ner,sex_t,eco_isic4_g,est_sizeaggregate_total,2011,394.762
ner,sex_t,eco_isic4_g,est_sizeaggregate_total,2012,229.085
ner,sex_t,eco_isic4_g,est_sizeaggregate_total,2017,290.653
ner,sex_t,eco_isic4_g,est_sizeaggregate_x,2012,9
ner,sex_t,eco_isic4_g,est_sizeaggregate_x,2017,2.895
ner,sex_t,eco_isic4_h,est_sizeaggregate_s1_4,2011,46.012
ner,sex_t,eco_isic4_h,est_sizeaggregate_s1_4,2012,30.805
ner,sex_t,eco_isic4_h,est_sizeaggregate_s1_4,2017,22.266
ner,sex_t,eco_isic4_h,est_sizeaggregate_s5_49,2011,6.056
ner,sex_t,eco_isic4_h,est_sizeaggregate_s5_49,2012,5.652
ner,sex_t,eco_isic4_h,est_sizeaggregate_total,2011,52.342
ner,sex_t,eco_isic4_h,est_sizeaggregate_total,2012,39.112
ner,sex_t,eco_isic4_h,est_sizeaggregate_total,2017,23.285
ner,sex_t,eco_isic4_h,est_sizeaggregate_x,2012,2.392
ner,sex_t,eco_isic4_i,est_sizeaggregate_s1_4,2011,98.396
ner,sex_t,eco_isic4_i,est_sizeaggregate_s1_4,2012,14.119
ner,sex_t,eco_isic4_i,est_sizeaggregate_s1_4,2017,51.622
ner,sex_t,eco_isic4_i,est_sizeaggregate_s5_49,2011,3.806
ner,sex_t,eco_isic4_i,est_sizeaggregate_s5_49,2012,1.112
ner,sex_t,eco_isic4_i,est_sizeaggregate_total,2011,102.608
ner,sex_t,eco_isic4_i,est_sizeaggregate_total,2012,18.228
ner,sex_t,eco_isic4_i,est_sizeaggregate_total,2017,53.066
ner,sex_t,eco_isic4_i,est_sizeaggregate_x,2012,2.901
ner,sex_t,eco_isic4_j,est_sizeaggregate_s1_4,2012,0.564
ner,sex_t,eco_isic4_j,est_sizeaggregate_total,2011,1.583
ner,sex_t,eco_isic4_j,est_sizeaggregate_total,2012,0.864
ner,sex_t,eco_isic4_k,est_sizeaggregate_total,2011,2.617
ner,sex_t,eco_isic4_l,est_sizeaggregate_s1_4,2011,1.663
ner,sex_t,eco_isic4_l,est_sizeaggregate_total,2011,1.996
ner,sex_t,eco_isic4_m,est_sizeaggregate_s1_4,2012,0.708
ner,sex_t,eco_isic4_m,est_sizeaggregate_s1_4,2017,3.1
ner,sex_t,eco_isic4_m,est_sizeaggregate_total,2012,1.446
ner,sex_t,eco_isic4_m,est_sizeaggregate_total,2017,3.1
ner,sex_t,eco_isic4_n,est_sizeaggregate_s1_4,2011,5.615
ner,sex_t,eco_isic4_n,est_sizeaggregate_s1_4,2012,5.95
ner,sex_t,eco_isic4_n,est_sizeaggregate_s1_4,2017,1.942
ner,sex_t,eco_isic4_n,est_sizeaggregate_s5_49,2011,3.652
ner,sex_t,eco_isic4_n,est_sizeaggregate_s5_49,2012,1.447
ner,sex_t,eco_isic4_n,est_sizeaggregate_sge50,2011,0.866
ner,sex_t,eco_isic4_n,est_sizeaggregate_sge50,2012,1.657
ner,sex_t,eco_isic4_n,est_sizeaggregate_total,2011,10.133
ner,sex_t,eco_isic4_n,est_sizeaggregate_total,2012,12.738
ner,sex_t,eco_isic4_n,est_sizeaggregate_total,2017,2.432
ner,sex_t,eco_isic4_n,est_sizeaggregate_x,2012,3.684
ner,sex_t,eco_isic4_p,est_sizeaggregate_s1_4,2017,6.112
ner,sex_t,eco_isic4_p,est_sizeaggregate_s5_49,2012,1.972
ner,sex_t,eco_isic4_p,est_sizeaggregate_total,2011,2.936
ner,sex_t,eco_isic4_p,est_sizeaggregate_total,2012,3.261
ner,sex_t,eco_isic4_p,est_sizeaggregate_total,2017,7.879
ner,sex_t,eco_isic4_p,est_sizeaggregate_x,2012,0.858
ner,sex_t,eco_isic4_p,est_sizeaggregate_x,2017,1.181
ner,sex_t,eco_isic4_q,est_sizeaggregate_s1_4,2011,6.937
ner,sex_t,eco_isic4_q,est_sizeaggregate_s1_4,2012,10.285
ner,sex_t,eco_isic4_q,est_sizeaggregate_s1_4,2017,4.64
ner,sex_t,eco_isic4_q,est_sizeaggregate_s5_49,2011,1.547
ner,sex_t,eco_isic4_q,est_sizeaggregate_s5_49,2012,0.625
ner,sex_t,eco_isic4_q,est_sizeaggregate_total,2011,8.484
ner,sex_t,eco_isic4_q,est_sizeaggregate_total,2012,11.729
ner,sex_t,eco_isic4_q,est_sizeaggregate_total,2017,5.899
ner,sex_t,eco_isic4_q,est_sizeaggregate_x,2012,0.819
ner,sex_t,eco_isic4_r,est_sizeaggregate_s1_4,2017,4.03
ner,sex_t,eco_isic4_r,est_sizeaggregate_s5_49,2012,0.689
ner,sex_t,eco_isic4_r,est_sizeaggregate_total,2012,1.349
ner,sex_t,eco_isic4_r,est_sizeaggregate_total,2017,4.534
ner,sex_t,eco_isic4_s,est_sizeaggregate_s1_4,2011,110.896
ner,sex_t,eco_isic4_s,est_sizeaggregate_s1_4,2012,43.032
ner,sex_t,eco_isic4_s,est_sizeaggregate_s1_4,2017,142.933
ner,sex_t,eco_isic4_s,est_sizeaggregate_s5_49,2011,8.877
ner,sex_t,eco_isic4_s,est_sizeaggregate_s5_49,2012,6.893
ner,sex_t,eco_isic4_s,est_sizeaggregate_s5_49,2017,1.731
ner,sex_t,eco_isic4_s,est_sizeaggregate_total,2011,128.62
ner,sex_t,eco_isic4_s,est_sizeaggregate_total,2012,55.881
ner,sex_t,eco_isic4_s,est_sizeaggregate_total,2017,151.045
ner,sex_t,eco_isic4_s,est_sizeaggregate_x,2011,8.314
ner,sex_t,eco_isic4_s,est_sizeaggregate_x,2012,5.563
ner,sex_t,eco_isic4_s,est_sizeaggregate_x,2017,5.986
ner,sex_t,eco_isic4_t,est_sizeaggregate_s1_4,2011,2.151
ner,sex_t,eco_isic4_t,est_sizeaggregate_s1_4,2017,5.991
ner,sex_t,eco_isic4_t,est_sizeaggregate_s5_49,2011,2.105
ner,sex_t,eco_isic4_t,est_sizeaggregate_total,2011,26.017
ner,sex_t,eco_isic4_t,est_sizeaggregate_total,2012,8.14
ner,sex_t,eco_isic4_t,est_sizeaggregate_total,2017,8.216
ner,sex_t,eco_isic4_t,est_sizeaggregate_x,2011,21.439
ner,sex_t,eco_isic4_t,est_sizeaggregate_x,2012,5.277
ner,sex_t,eco_isic4_t,est_sizeaggregate_x,2017,2.038
ner,sex_t,eco_isic4_total,est_sizeaggregate_s1_4,2011,4774.186
ner,sex_t,eco_isic4_total,est_sizeaggregate_s1_4,2012,2904.084
ner,sex_t,eco_isic4_total,est_sizeaggregate_s1_4,2017,1458.366
ner,sex_t,eco_isic4_total,est_sizeaggregate_s5_49,2011,736.511
ner,sex_t,eco_isic4_total,est_sizeaggregate_s5_49,2012,194.684
ner,sex_t,eco_isic4_total,est_sizeaggregate_s5_49,2017,28.27
ner,sex_t,eco_isic4_total,est_sizeaggregate_sge50,2011,8.907
ner,sex_t,eco_isic4_total,est_sizeaggregate_sge50,2012,20.072
ner,sex_t,eco_isic4_total,est_sizeaggregate_total,2011,5787.366
ner,sex_t,eco_isic4_total,est_sizeaggregate_total,2012,3248.723
ner,sex_t,eco_isic4_total,est_sizeaggregate_total,2017,1561.802
ner,sex_t,eco_isic4_total,est_sizeaggregate_x,2011,267.762
ner,sex_t,eco_isic4_total,est_sizeaggregate_x,2012,129.884
ner,sex_t,eco_isic4_total,est_sizeaggregate_x,2017,74.033
ner,sex_t,eco_isic4_u,est_sizeaggregate_s1_4,2012,11.456
ner,sex_t,eco_isic4_u,est_sizeaggregate_s5_49,2012,0.917
ner,sex_t,eco_isic4_u,est_sizeaggregate_total,2012,18.866
ner,sex_t,eco_isic4_u,est_sizeaggregate_x,2012,6.232
ner,sex_t,eco_isic4_x,est_sizeaggregate_total,2017,37.147
ner,sex_t,eco_isic4_x,est_sizeaggregate_x,2017,36.011
ner,sex_t,eco_sector_agr,est_sizeaggregate_s1_4,2011,3747.986
ner,sex_t,eco_sector_agr,est_sizeaggregate_s1_4,2012,2371.993
ner,sex_t,eco_sector_agr,est_sizeaggregate_s1_4,2017,541.645
ner,sex_t,eco_sector_agr,est_sizeaggregate_s5_49,2011,648.202
ner,sex_t,eco_sector_agr,est_sizeaggregate_s5_49,2012,144.875
ner,sex_t,eco_sector_agr,est_sizeaggregate_s5_49,2017,13.998
ner,sex_t,eco_sector_agr,est_sizeaggregate_sge50,2012,15.36
ner,sex_t,eco_sector_agr,est_sizeaggregate_total,2011,4637.995
ner,sex_t,eco_sector_agr,est_sizeaggregate_total,2012,2614.108
ner,sex_t,eco_sector_agr,est_sizeaggregate_total,2017,573.037
ner,sex_t,eco_sector_agr,est_sizeaggregate_x,2011,236.489
ner,sex_t,eco_sector_agr,est_sizeaggregate_x,2012,81.88
ner,sex_t,eco_sector_agr,est_sizeaggregate_x,2017,17.394
ner,sex_t,eco_sector_agr,est_sizedetails_s1,2011,2763.843
ner,sex_t,eco_sector_agr,est_sizedetails_s1,2012,822.734
ner,sex_t,eco_sector_agr,est_sizedetails_s1,2017,282.034
ner,sex_t,eco_sector_agr,est_sizedetails_s10_19,2011,44.858
ner,sex_t,eco_sector_agr,est_sizedetails_s10_19,2012,16.039
ner,sex_t,eco_sector_agr,est_sizedetails_s20_49,2012,6.975
ner,sex_t,eco_sector_agr,est_sizedetails_s2_4,2011,984.143
ner,sex_t,eco_sector_agr,est_sizedetails_s2_4,2012,1549.259
ner,sex_t,eco_sector_agr,est_sizedetails_s2_4,2017,259.611
ner,sex_t,eco_sector_agr,est_sizedetails_s5_9,2011,601.612
ner,sex_t,eco_sector_agr,est_sizedetails_s5_9,2012,121.861
ner,sex_t,eco_sector_agr,est_sizedetails_s5_9,2017,13.998
ner,sex_t,eco_sector_agr,est_sizedetails_sge50,2012,15.36
ner,sex_t,eco_sector_agr,est_sizedetails_total,2011,4637.995
ner,sex_t,eco_sector_agr,est_sizedetails_total,2012,2614.108
ner,sex_t,eco_sector_agr,est_sizedetails_total,2017,573.037
ner,sex_t,eco_sector_agr,est_sizedetails_x,2011,236.489
ner,sex_t,eco_sector_agr,est_sizedetails_x,2012,81.88
ner,sex_t,eco_sector_agr,est_sizedetails_x,2017,17.394
ner,sex_t,eco_sector_ind,est_sizeaggregate_s1_4,2011,386.427
ner,sex_t,eco_sector_ind,est_sizeaggregate_s1_4,2012,200.336
ner,sex_t,eco_sector_ind,est_sizeaggregate_s1_4,2017,384.177
ner,sex_t,eco_sector_ind,est_sizeaggregate_s5_49,2011,28.121
ner,sex_t,eco_sector_ind,est_sizeaggregate_s5_49,2012,21.084
ner,sex_t,eco_sector_ind,est_sizeaggregate_s5_49,2017,8.418
ner,sex_t,eco_sector_ind,est_sizeaggregate_sge50,2012,1.306
ner,sex_t,eco_sector_ind,est_sizeaggregate_total,2011,416.12
ner,sex_t,eco_sector_ind,est_sizeaggregate_total,2012,233.296
ner,sex_t,eco_sector_ind,est_sizeaggregate_total,2017,397.869
ner,sex_t,eco_sector_ind,est_sizeaggregate_x,2012,10.57
ner,sex_t,eco_sector_ind,est_sizeaggregate_x,2017,5.274
ner,sex_t,eco_sector_ind,est_sizedetails_s1,2011,322.123
ner,sex_t,eco_sector_ind,est_sizedetails_s1,2012,107.033
ner,sex_t,eco_sector_ind,est_sizedetails_s1,2017,271.22
ner,sex_t,eco_sector_ind,est_sizedetails_s10_19,2011,5.858
ner,sex_t,eco_sector_ind,est_sizedetails_s10_19,2012,4.512
ner,sex_t,eco_sector_ind,est_sizedetails_s10_19,2017,2.204
ner,sex_t,eco_sector_ind,est_sizedetails_s20_49,2011,3.002
ner,sex_t,eco_sector_ind,est_sizedetails_s20_49,2012,0.901
ner,sex_t,eco_sector_ind,est_sizedetails_s2_4,2011,64.304
ner,sex_t,eco_sector_ind,est_sizedetails_s2_4,2012,93.303
ner,sex_t,eco_sector_ind,est_sizedetails_s2_4,2017,112.957
ner,sex_t,eco_sector_ind,est_sizedetails_s5_9,2011,19.261
ner,sex_t,eco_sector_ind,est_sizedetails_s5_9,2012,15.671
ner,sex_t,eco_sector_ind,est_sizedetails_s5_9,2017,6.214
ner,sex_t,eco_sector_ind,est_sizedetails_sge50,2012,1.306
ner,sex_t,eco_sector_ind,est_sizedetails_total,2011,416.12
ner,sex_t,eco_sector_ind,est_sizedetails_total,2012,233.296
ner,sex_t,eco_sector_ind,est_sizedetails_total,2017,397.869
ner,sex_t,eco_sector_ind,est_sizedetails_x,2012,10.57
ner,sex_t,eco_sector_ind,est_sizedetails_x,2017,5.274
ner,sex_t,eco_sector_nag,est_sizeaggregate_s1_4,2011,1026.2
ner,sex_t,eco_sector_nag,est_sizeaggregate_s1_4,2012,532.091
ner,sex_t,eco_sector_nag,est_sizeaggregate_s1_4,2017,916.721
ner,sex_t,eco_sector_nag,est_sizeaggregate_s5_49,2011,88.309
ner,sex_t,eco_sector_nag,est_sizeaggregate_s5_49,2012,49.809
ner,sex_t,eco_sector_nag,est_sizeaggregate_s5_49,2017,14.272
ner,sex_t,eco_sector_nag,est_sizeaggregate_sge50,2011,3.589
ner,sex_t,eco_sector_nag,est_sizeaggregate_sge50,2012,4.712
ner,sex_t,eco_sector_nag,est_sizeaggregate_total,2011,1149.371
ner,sex_t,eco_sector_nag,est_sizeaggregate_total,2012,634.615
ner,sex_t,eco_sector_nag,est_sizeaggregate_total,2017,988.765
ner,sex_t,eco_sector_nag,est_sizeaggregate_x,2011,31.273
ner,sex_t,eco_sector_nag,est_sizeaggregate_x,2012,48.004
ner,sex_t,eco_sector_nag,est_sizeaggregate_x,2017,56.639
ner,sex_t,eco_sector_nag,est_sizedetails_s1,2011,887.56
ner,sex_t,eco_sector_nag,est_sizedetails_s1,2012,308.385
ner,sex_t,eco_sector_nag,est_sizedetails_s1,2017,704.559
ner,sex_t,eco_sector_nag,est_sizedetails_s10_19,2011,12.524
ner,sex_t,eco_sector_nag,est_sizedetails_s10_19,2012,12.729
ner,sex_t,eco_sector_nag,est_sizedetails_s10_19,2017,3.859
ner,sex_t,eco_sector_nag,est_sizedetails_s20_49,2011,11.69
ner,sex_t,eco_sector_nag,est_sizedetails_s20_49,2012,3.981
ner,sex_t,eco_sector_nag,est_sizedetails_s2_4,2011,138.64
ner,sex_t,eco_sector_nag,est_sizedetails_s2_4,2012,223.706
ner,sex_t,eco_sector_nag,est_sizedetails_s2_4,2017,212.162
ner,sex_t,eco_sector_nag,est_sizedetails_s5_9,2011,64.095
ner,sex_t,eco_sector_nag,est_sizedetails_s5_9,2012,33.099
ner,sex_t,eco_sector_nag,est_sizedetails_s5_9,2017,10.215
ner,sex_t,eco_sector_nag,est_sizedetails_sge50,2011,3.589
ner,sex_t,eco_sector_nag,est_sizedetails_sge50,2012,4.712
ner,sex_t,eco_sector_nag,est_sizedetails_total,2011,1149.371
ner,sex_t,eco_sector_nag,est_sizedetails_total,2012,634.615
ner,sex_t,eco_sector_nag,est_sizedetails_total,2017,988.765
ner,sex_t,eco_sector_nag,est_sizedetails_x,2011,31.273
ner,sex_t,eco_sector_nag,est_sizedetails_x,2012,48.004
ner,sex_t,eco_sector_nag,est_sizedetails_x,2017,56.639
ner,sex_t,eco_sector_ser,est_sizeaggregate_s1_4,2011,639.773
ner,sex_t,eco_sector_ser,est_sizeaggregate_s1_4,2012,331.755
ner,sex_t,eco_sector_ser,est_sizeaggregate_s1_4,2017,531.408
ner,sex_t,eco_sector_ser,est_sizeaggregate_s5_49,2011,60.188
ner,sex_t,eco_sector_ser,est_sizeaggregate_s5_49,2012,28.725
ner,sex_t,eco_sector_ser,est_sizeaggregate_s5_49,2017,5.854
ner,sex_t,eco_sector_ser,est_sizeaggregate_sge50,2011,2.358
ner,sex_t,eco_sector_ser,est_sizeaggregate_sge50,2012,3.405
ner,sex_t,eco_sector_ser,est_sizeaggregate_total,2011,733.251
ner,sex_t,eco_sector_ser,est_sizeaggregate_total,2012,401.319
ner,sex_t,eco_sector_ser,est_sizeaggregate_total,2017,553.749
ner,sex_t,eco_sector_ser,est_sizeaggregate_x,2011,30.932
ner,sex_t,eco_sector_ser,est_sizeaggregate_x,2012,37.434
ner,sex_t,eco_sector_ser,est_sizeaggregate_x,2017,15.354
ner,sex_t,eco_sector_ser,est_sizedetails_s1,2011,565.437
ner,sex_t,eco_sector_ser,est_sizedetails_s1,2012,201.353
ner,sex_t,eco_sector_ser,est_sizedetails_s1,2017,432.203
ner,sex_t,eco_sector_ser,est_sizedetails_s10_19,2011,6.666
ner,sex_t,eco_sector_ser,est_sizedetails_s10_19,2012,8.217
ner,sex_t,eco_sector_ser,est_sizedetails_s10_19,2017,1.655
ner,sex_t,eco_sector_ser,est_sizedetails_s20_49,2011,8.688
ner,sex_t,eco_sector_ser,est_sizedetails_s20_49,2012,3.08
ner,sex_t,eco_sector_ser,est_sizedetails_s2_4,2011,74.336
ner,sex_t,eco_sector_ser,est_sizedetails_s2_4,2012,130.402
ner,sex_t,eco_sector_ser,est_sizedetails_s2_4,2017,99.205
ner,sex_t,eco_sector_ser,est_sizedetails_s5_9,2011,44.834
ner,sex_t,eco_sector_ser,est_sizedetails_s5_9,2012,17.428
ner,sex_t,eco_sector_ser,est_sizedetails_s5_9,2017,4.001
ner,sex_t,eco_sector_ser,est_sizedetails_sge50,2011,2.358
ner,sex_t,eco_sector_ser,est_sizedetails_sge50,2012,3.405
ner,sex_t,eco_sector_ser,est_sizedetails_total,2011,733.251
ner,sex_t,eco_sector_ser,est_sizedetails_total,2012,401.319
ner,sex_t,eco_sector_ser,est_sizedetails_total,2017,553.749
ner,sex_t,eco_sector_ser,est_sizedetails_x,2011,30.932
ner,sex_t,eco_sector_ser,est_sizedetails_x,2012,37.434
ner,sex_t,eco_sector_ser,est_sizedetails_x,2017,15.354
ner,sex_t,eco_sector_total,est_sizeaggregate_s1_4,2011,4774.186
ner,sex_t,eco_sector_total,est_sizeaggregate_s1_4,2012,2904.084
ner,sex_t,eco_sector_total,est_sizeaggregate_s1_4,2017,1458.366
ner,sex_t,eco_sector_total,est_sizeaggregate_s5_49,2011,736.511
ner,sex_t,eco_sector_total,est_sizeaggregate_s5_49,2012,194.684
ner,sex_t,eco_sector_total,est_sizeaggregate_s5_49,2017,28.27
ner,sex_t,eco_sector_total,est_sizeaggregate_sge50,2011,8.907
ner,sex_t,eco_sector_total,est_sizeaggregate_sge50,2012,20.072
ner,sex_t,eco_sector_total,est_sizeaggregate_total,2011,5787.366
ner,sex_t,eco_sector_total,est_sizeaggregate_total,2012,3248.723
ner,sex_t,eco_sector_total,est_sizeaggregate_total,2017,1561.802
ner,sex_t,eco_sector_total,est_sizeaggregate_x,2011,267.762
ner,sex_t,eco_sector_total,est_sizeaggregate_x,2012,129.884
ner,sex_t,eco_sector_total,est_sizeaggregate_x,2017,74.033
ner,sex_t,eco_sector_total,est_sizedetails_s1,2011,3651.403
ner,sex_t,eco_sector_total,est_sizedetails_s1,2012,1131.12
ner,sex_t,eco_sector_total,est_sizedetails_s1,2017,986.593
ner,sex_t,eco_sector_total,est_sizedetails_s10_19,2011,57.382
ner,sex_t,eco_sector_total,est_sizedetails_s10_19,2012,28.768
ner,sex_t,eco_sector_total,est_sizedetails_s10_19,2017,3.859
ner,sex_t,eco_sector_total,est_sizedetails_s20_49,2011,13.422
ner,sex_t,eco_sector_total,est_sizedetails_s20_49,2012,10.956
ner,sex_t,eco_sector_total,est_sizedetails_s2_4,2011,1122.783
ner,sex_t,eco_sector_total,est_sizedetails_s2_4,2012,1772.964
ner,sex_t,eco_sector_total,est_sizedetails_s2_4,2017,471.773
ner,sex_t,eco_sector_total,est_sizedetails_s5_9,2011,665.707
ner,sex_t,eco_sector_total,est_sizedetails_s5_9,2012,154.96
ner,sex_t,eco_sector_total,est_sizedetails_s5_9,2017,24.213
ner,sex_t,eco_sector_total,est_sizedetails_sge50,2011,8.907
ner,sex_t,eco_sector_total,est_sizedetails_sge50,2012,20.072
ner,sex_t,eco_sector_total,est_sizedetails_total,2011,5787.366
ner,sex_t,eco_sector_total,est_sizedetails_total,2012,3248.723
ner,sex_t,eco_sector_total,est_sizedetails_total,2017,1561.802
ner,sex_t,eco_sector_total,est_sizedetails_x,2011,267.762
ner,sex_t,eco_sector_total,est_sizedetails_x,2012,129.884
ner,sex_t,eco_sector_total,est_sizedetails_x,2017,74.033
ner,sex_t,eco_sector_x,est_sizeaggregate_total,2017,37.147
ner,sex_t,eco_sector_x,est_sizeaggregate_x,2017,36.011
ner,sex_t,eco_sector_x,est_sizedetails_total,2017,37.147
ner,sex_t,eco_sector_x,est_sizedetails_x,2017,36.011
