ref_area,sex,classif1,time,emp_temp_sex_age_nb
bwa,sex_f,age_10yrbands_total,1985,133.176
bwa,sex_f,age_10yrbands_total,1991,139.034
bwa,sex_f,age_10yrbands_total,1996,155.251
bwa,sex_f,age_10yrbands_total,2001,201.52
bwa,sex_f,age_10yrbands_total,2006,253.079
bwa,sex_f,age_10yrbands_total,2009,286.435
bwa,sex_f,age_10yrbands_total,2010,265.434
bwa,sex_f,age_10yrbands_total,2011,278.15
bwa,sex_f,age_10yrbands_total,2013,338.252
bwa,sex_f,age_10yrbands_total,2019,393.562
bwa,sex_f,age_10yrbands_total,2020,415.095
bwa,sex_f,age_10yrbands_total,2021,394.162
bwa,sex_f,age_10yrbands_total,2022,379.219
bwa,sex_f,age_10yrbands_total,2023,406.397
bwa,sex_f,age_10yrbands_total,2024,417.518
bwa,sex_f,age_10yrbands_y15_24,1985,31.157
bwa,sex_f,age_10yrbands_y15_24,1991,33.757
bwa,sex_f,age_10yrbands_y15_24,1996,29.142
bwa,sex_f,age_10yrbands_y15_24,2001,35.964
bwa,sex_f,age_10yrbands_y15_24,2006,42.073
bwa,sex_f,age_10yrbands_y15_24,2009,36.932
bwa,sex_f,age_10yrbands_y15_24,2010,34.601
bwa,sex_f,age_10yrbands_y15_24,2011,34.68
bwa,sex_f,age_10yrbands_y15_24,2019,42.065
bwa,sex_f,age_10yrbands_y15_24,2020,35.899
bwa,sex_f,age_10yrbands_y15_24,2021,35.724
bwa,sex_f,age_10yrbands_y15_24,2022,33.004
bwa,sex_f,age_10yrbands_y15_24,2023,39.221
bwa,sex_f,age_10yrbands_y15_24,2024,36.35
bwa,sex_f,age_10yrbands_y25_34,1985,34.733
bwa,sex_f,age_10yrbands_y25_34,1991,48.901
bwa,sex_f,age_10yrbands_y25_34,1996,60.159
bwa,sex_f,age_10yrbands_y25_34,2001,72.179
bwa,sex_f,age_10yrbands_y25_34,2006,78.536
bwa,sex_f,age_10yrbands_y25_34,2009,92.47
bwa,sex_f,age_10yrbands_y25_34,2010,84.388
bwa,sex_f,age_10yrbands_y25_34,2011,101.66
bwa,sex_f,age_10yrbands_y25_34,2019,119.882
bwa,sex_f,age_10yrbands_y25_34,2020,120.036
bwa,sex_f,age_10yrbands_y25_34,2021,109.888
bwa,sex_f,age_10yrbands_y25_34,2022,106.892
bwa,sex_f,age_10yrbands_y25_34,2023,111.396
bwa,sex_f,age_10yrbands_y25_34,2024,109.359
bwa,sex_f,age_10yrbands_y35_44,1985,24.685
bwa,sex_f,age_10yrbands_y35_44,1991,28.089
bwa,sex_f,age_10yrbands_y35_44,1996,34.878
bwa,sex_f,age_10yrbands_y35_44,2001,50.408
bwa,sex_f,age_10yrbands_y35_44,2006,60.664
bwa,sex_f,age_10yrbands_y35_44,2009,71.013
bwa,sex_f,age_10yrbands_y35_44,2010,65.283
bwa,sex_f,age_10yrbands_y35_44,2011,72.76
bwa,sex_f,age_10yrbands_y35_44,2019,108.401
bwa,sex_f,age_10yrbands_y35_44,2020,123.336
bwa,sex_f,age_10yrbands_y35_44,2021,123.094
bwa,sex_f,age_10yrbands_y35_44,2022,112.705
bwa,sex_f,age_10yrbands_y35_44,2023,122.629
bwa,sex_f,age_10yrbands_y35_44,2024,120.896
bwa,sex_f,age_10yrbands_y45_54,1985,20.462
bwa,sex_f,age_10yrbands_y45_54,1991,14.097
bwa,sex_f,age_10yrbands_y45_54,1996,17.783
bwa,sex_f,age_10yrbands_y45_54,2001,26.099
bwa,sex_f,age_10yrbands_y45_54,2006,41.411
bwa,sex_f,age_10yrbands_y45_54,2009,48.644
bwa,sex_f,age_10yrbands_y45_54,2010,45.18
bwa,sex_f,age_10yrbands_y45_54,2011,43.51
bwa,sex_f,age_10yrbands_y45_54,2019,68.127
bwa,sex_f,age_10yrbands_y45_54,2020,72.619
bwa,sex_f,age_10yrbands_y45_54,2021,70.717
bwa,sex_f,age_10yrbands_y45_54,2022,70.134
bwa,sex_f,age_10yrbands_y45_54,2023,73.132
bwa,sex_f,age_10yrbands_y45_54,2024,82.611
bwa,sex_f,age_10yrbands_y55_64,1985,13.128
bwa,sex_f,age_10yrbands_y55_64,1991,8.092
bwa,sex_f,age_10yrbands_y55_64,1996,8.687
bwa,sex_f,age_10yrbands_y55_64,2001,16.65
bwa,sex_f,age_10yrbands_y55_64,2006,17.648
bwa,sex_f,age_10yrbands_y55_64,2009,23.354
bwa,sex_f,age_10yrbands_y55_64,2010,22.467
bwa,sex_f,age_10yrbands_y55_64,2011,17.6
bwa,sex_f,age_10yrbands_y55_64,2019,37.214
bwa,sex_f,age_10yrbands_y55_64,2020,43.077
bwa,sex_f,age_10yrbands_y55_64,2021,40.611
bwa,sex_f,age_10yrbands_y55_64,2022,40.071
bwa,sex_f,age_10yrbands_y55_64,2023,43.681
bwa,sex_f,age_10yrbands_y55_64,2024,48.357
bwa,sex_f,age_10yrbands_yge65,1985,9.011
bwa,sex_f,age_10yrbands_yge65,1991,6.098
bwa,sex_f,age_10yrbands_yge65,1996,4.602
bwa,sex_f,age_10yrbands_yge65,2006,12.747
bwa,sex_f,age_10yrbands_yge65,2009,14.02
bwa,sex_f,age_10yrbands_yge65,2010,13.515
bwa,sex_f,age_10yrbands_yge65,2011,7.94
bwa,sex_f,age_10yrbands_yge65,2013,17.142
bwa,sex_f,age_10yrbands_yge65,2019,17.873
bwa,sex_f,age_10yrbands_yge65,2020,20.129
bwa,sex_f,age_10yrbands_yge65,2021,14.127
bwa,sex_f,age_10yrbands_yge65,2022,16.413
bwa,sex_f,age_10yrbands_yge65,2023,16.338
bwa,sex_f,age_10yrbands_yge65,2024,19.945
bwa,sex_f,age_5yrbands_total,1991,139.034
bwa,sex_f,age_5yrbands_total,1996,155.251
bwa,sex_f,age_5yrbands_total,2001,201.52
bwa,sex_f,age_5yrbands_total,2006,253.079
bwa,sex_f,age_5yrbands_total,2009,286.435
bwa,sex_f,age_5yrbands_total,2010,265.434
bwa,sex_f,age_5yrbands_total,2011,278.15
bwa,sex_f,age_5yrbands_total,2013,338.252
bwa,sex_f,age_5yrbands_total,2019,393.562
bwa,sex_f,age_5yrbands_total,2020,415.095
bwa,sex_f,age_5yrbands_total,2021,394.162
bwa,sex_f,age_5yrbands_total,2022,379.219
bwa,sex_f,age_5yrbands_total,2023,406.397
bwa,sex_f,age_5yrbands_total,2024,417.518
bwa,sex_f,age_5yrbands_y15_19,1991,9.788
bwa,sex_f,age_5yrbands_y15_19,1996,8.48
bwa,sex_f,age_5yrbands_y15_19,2001,6.934
bwa,sex_f,age_5yrbands_y15_19,2006,10.541
bwa,sex_f,age_5yrbands_y15_19,2009,7.972
bwa,sex_f,age_5yrbands_y15_19,2010,7.768
bwa,sex_f,age_5yrbands_y15_19,2011,5.5
bwa,sex_f,age_5yrbands_y15_19,2013,42.109
bwa,sex_f,age_5yrbands_y15_19,2019,6.841
bwa,sex_f,age_5yrbands_y15_19,2020,5.118
bwa,sex_f,age_5yrbands_y15_19,2021,6.172
bwa,sex_f,age_5yrbands_y15_19,2022,3.726
bwa,sex_f,age_5yrbands_y15_19,2023,3.515
bwa,sex_f,age_5yrbands_y15_19,2024,6.351
bwa,sex_f,age_5yrbands_y20_24,1991,23.969
bwa,sex_f,age_5yrbands_y20_24,1996,20.662
bwa,sex_f,age_5yrbands_y20_24,2001,29.03
bwa,sex_f,age_5yrbands_y20_24,2006,31.531
bwa,sex_f,age_5yrbands_y20_24,2009,28.96
bwa,sex_f,age_5yrbands_y20_24,2010,26.833
bwa,sex_f,age_5yrbands_y20_24,2011,29.18
bwa,sex_f,age_5yrbands_y20_24,2019,35.224
bwa,sex_f,age_5yrbands_y20_24,2020,30.781
bwa,sex_f,age_5yrbands_y20_24,2021,29.553
bwa,sex_f,age_5yrbands_y20_24,2022,29.278
bwa,sex_f,age_5yrbands_y20_24,2023,35.706
bwa,sex_f,age_5yrbands_y20_24,2024,29.999
bwa,sex_f,age_5yrbands_y25_29,1991,27.07
bwa,sex_f,age_5yrbands_y25_29,1996,31.917
bwa,sex_f,age_5yrbands_y25_29,2001,38.675
bwa,sex_f,age_5yrbands_y25_29,2006,40.083
bwa,sex_f,age_5yrbands_y25_29,2009,47.608
bwa,sex_f,age_5yrbands_y25_29,2010,43.162
bwa,sex_f,age_5yrbands_y25_29,2011,51.34
bwa,sex_f,age_5yrbands_y25_29,2013,103.806
bwa,sex_f,age_5yrbands_y25_29,2019,58.395
bwa,sex_f,age_5yrbands_y25_29,2020,59.485
bwa,sex_f,age_5yrbands_y25_29,2021,56.984
bwa,sex_f,age_5yrbands_y25_29,2022,50.803
bwa,sex_f,age_5yrbands_y25_29,2023,52.652
bwa,sex_f,age_5yrbands_y25_29,2024,50.865
bwa,sex_f,age_5yrbands_y30_34,1991,21.831
bwa,sex_f,age_5yrbands_y30_34,1996,28.242
bwa,sex_f,age_5yrbands_y30_34,2001,33.504
bwa,sex_f,age_5yrbands_y30_34,2006,38.453
bwa,sex_f,age_5yrbands_y30_34,2009,44.863
bwa,sex_f,age_5yrbands_y30_34,2010,41.226
bwa,sex_f,age_5yrbands_y30_34,2011,50.32
bwa,sex_f,age_5yrbands_y30_34,2019,61.486
bwa,sex_f,age_5yrbands_y30_34,2020,60.55
bwa,sex_f,age_5yrbands_y30_34,2021,52.904
bwa,sex_f,age_5yrbands_y30_34,2022,56.089
bwa,sex_f,age_5yrbands_y30_34,2023,58.745
bwa,sex_f,age_5yrbands_y30_34,2024,58.494
bwa,sex_f,age_5yrbands_y35_39,1991,17.009
bwa,sex_f,age_5yrbands_y35_39,1996,20.062
bwa,sex_f,age_5yrbands_y35_39,2001,28.591
bwa,sex_f,age_5yrbands_y35_39,2006,32.217
bwa,sex_f,age_5yrbands_y35_39,2009,38.05
bwa,sex_f,age_5yrbands_y35_39,2010,34.538
bwa,sex_f,age_5yrbands_y35_39,2011,41.23
bwa,sex_f,age_5yrbands_y35_39,2013,86.996
bwa,sex_f,age_5yrbands_y35_39,2019,60.159
bwa,sex_f,age_5yrbands_y35_39,2020,66.169
bwa,sex_f,age_5yrbands_y35_39,2021,65.859
bwa,sex_f,age_5yrbands_y35_39,2022,60.794
bwa,sex_f,age_5yrbands_y35_39,2023,62.02
bwa,sex_f,age_5yrbands_y35_39,2024,53.326
bwa,sex_f,age_5yrbands_y40_44,1991,11.08
bwa,sex_f,age_5yrbands_y40_44,1996,14.816
bwa,sex_f,age_5yrbands_y40_44,2001,21.817
bwa,sex_f,age_5yrbands_y40_44,2006,28.447
bwa,sex_f,age_5yrbands_y40_44,2009,32.963
bwa,sex_f,age_5yrbands_y40_44,2010,30.745
bwa,sex_f,age_5yrbands_y40_44,2011,31.53
bwa,sex_f,age_5yrbands_y40_44,2019,48.242
bwa,sex_f,age_5yrbands_y40_44,2020,57.167
bwa,sex_f,age_5yrbands_y40_44,2021,57.236
bwa,sex_f,age_5yrbands_y40_44,2022,51.911
bwa,sex_f,age_5yrbands_y40_44,2023,60.609
bwa,sex_f,age_5yrbands_y40_44,2024,67.57
bwa,sex_f,age_5yrbands_y45_49,1991,8.125
bwa,sex_f,age_5yrbands_y45_49,1996,10.68
bwa,sex_f,age_5yrbands_y45_49,2001,16.382
bwa,sex_f,age_5yrbands_y45_49,2006,23.931
bwa,sex_f,age_5yrbands_y45_49,2009,26.485
bwa,sex_f,age_5yrbands_y45_49,2010,24.314
bwa,sex_f,age_5yrbands_y45_49,2011,25.26
bwa,sex_f,age_5yrbands_y45_49,2013,55.127
bwa,sex_f,age_5yrbands_y45_49,2019,38.445
bwa,sex_f,age_5yrbands_y45_49,2020,40.431
bwa,sex_f,age_5yrbands_y45_49,2021,38.804
bwa,sex_f,age_5yrbands_y45_49,2022,41.077
bwa,sex_f,age_5yrbands_y45_49,2023,41.241
bwa,sex_f,age_5yrbands_y45_49,2024,45.915
bwa,sex_f,age_5yrbands_y50_54,1991,5.972
bwa,sex_f,age_5yrbands_y50_54,1996,7.103
bwa,sex_f,age_5yrbands_y50_54,2001,9.717
bwa,sex_f,age_5yrbands_y50_54,2006,17.48
bwa,sex_f,age_5yrbands_y50_54,2009,22.16
bwa,sex_f,age_5yrbands_y50_54,2010,20.866
bwa,sex_f,age_5yrbands_y50_54,2011,18.25
bwa,sex_f,age_5yrbands_y50_54,2019,29.682
bwa,sex_f,age_5yrbands_y50_54,2020,32.188
bwa,sex_f,age_5yrbands_y50_54,2021,31.913
bwa,sex_f,age_5yrbands_y50_54,2022,29.058
bwa,sex_f,age_5yrbands_y50_54,2023,31.891
bwa,sex_f,age_5yrbands_y50_54,2024,36.696
bwa,sex_f,age_5yrbands_y55_59,1991,4.712
bwa,sex_f,age_5yrbands_y55_59,1996,5.509
bwa,sex_f,age_5yrbands_y55_59,2001,6.105
bwa,sex_f,age_5yrbands_y55_59,2006,11.236
bwa,sex_f,age_5yrbands_y55_59,2009,14.517
bwa,sex_f,age_5yrbands_y55_59,2010,13.902
bwa,sex_f,age_5yrbands_y55_59,2011,11.85
bwa,sex_f,age_5yrbands_y55_59,2013,33.072
bwa,sex_f,age_5yrbands_y55_59,2019,22.169
bwa,sex_f,age_5yrbands_y55_59,2020,25.362
bwa,sex_f,age_5yrbands_y55_59,2021,28.263
bwa,sex_f,age_5yrbands_y55_59,2022,25.754
bwa,sex_f,age_5yrbands_y55_59,2023,27.03
bwa,sex_f,age_5yrbands_y55_59,2024,31.34
bwa,sex_f,age_5yrbands_y60_64,1991,3.38
bwa,sex_f,age_5yrbands_y60_64,1996,3.178
bwa,sex_f,age_5yrbands_y60_64,2001,10.545
bwa,sex_f,age_5yrbands_y60_64,2006,6.412
bwa,sex_f,age_5yrbands_y60_64,2009,8.838
bwa,sex_f,age_5yrbands_y60_64,2010,8.565
bwa,sex_f,age_5yrbands_y60_64,2011,5.75
bwa,sex_f,age_5yrbands_y60_64,2019,15.045
bwa,sex_f,age_5yrbands_y60_64,2020,17.715
bwa,sex_f,age_5yrbands_y60_64,2021,12.348
bwa,sex_f,age_5yrbands_y60_64,2022,14.317
bwa,sex_f,age_5yrbands_y60_64,2023,16.651
bwa,sex_f,age_5yrbands_y60_64,2024,17.017
bwa,sex_f,age_5yrbands_yge65,1991,6.098
bwa,sex_f,age_5yrbands_yge65,1996,4.602
bwa,sex_f,age_5yrbands_yge65,2006,12.747
bwa,sex_f,age_5yrbands_yge65,2009,14.02
bwa,sex_f,age_5yrbands_yge65,2010,13.515
bwa,sex_f,age_5yrbands_yge65,2011,7.94
bwa,sex_f,age_5yrbands_yge65,2013,17.142
bwa,sex_f,age_5yrbands_yge65,2019,17.873
bwa,sex_f,age_5yrbands_yge65,2020,20.129
bwa,sex_f,age_5yrbands_yge65,2021,14.127
bwa,sex_f,age_5yrbands_yge65,2022,16.413
bwa,sex_f,age_5yrbands_yge65,2023,16.338
bwa,sex_f,age_5yrbands_yge65,2024,19.945
bwa,sex_f,age_aggregate_total,1985,135.444
bwa,sex_f,age_aggregate_total,1991,140.36
bwa,sex_f,age_aggregate_total,1996,155.251
bwa,sex_f,age_aggregate_total,2001,201.52
bwa,sex_f,age_aggregate_total,2006,253.079
bwa,sex_f,age_aggregate_total,2009,286.435
bwa,sex_f,age_aggregate_total,2010,265.434
bwa,sex_f,age_aggregate_total,2011,278.15
bwa,sex_f,age_aggregate_total,2013,338.252
bwa,sex_f,age_aggregate_total,2019,393.562
bwa,sex_f,age_aggregate_total,2020,415.095
bwa,sex_f,age_aggregate_total,2021,394.162
bwa,sex_f,age_aggregate_total,2022,379.219
bwa,sex_f,age_aggregate_total,2023,406.397
bwa,sex_f,age_aggregate_total,2024,417.518
bwa,sex_f,age_aggregate_y15_24,1985,31.157
bwa,sex_f,age_aggregate_y15_24,1991,33.757
bwa,sex_f,age_aggregate_y15_24,1996,29.142
bwa,sex_f,age_aggregate_y15_24,2001,35.964
bwa,sex_f,age_aggregate_y15_24,2006,42.073
bwa,sex_f,age_aggregate_y15_24,2009,36.932
bwa,sex_f,age_aggregate_y15_24,2010,34.601
bwa,sex_f,age_aggregate_y15_24,2011,34.68
bwa,sex_f,age_aggregate_y15_24,2019,42.065
bwa,sex_f,age_aggregate_y15_24,2020,35.899
bwa,sex_f,age_aggregate_y15_24,2021,35.724
bwa,sex_f,age_aggregate_y15_24,2022,33.004
bwa,sex_f,age_aggregate_y15_24,2023,39.221
bwa,sex_f,age_aggregate_y15_24,2024,36.35
bwa,sex_f,age_aggregate_y25_54,1985,79.88
bwa,sex_f,age_aggregate_y25_54,1991,91.087
bwa,sex_f,age_aggregate_y25_54,1996,112.82
bwa,sex_f,age_aggregate_y25_54,2001,148.686
bwa,sex_f,age_aggregate_y25_54,2006,180.611
bwa,sex_f,age_aggregate_y25_54,2009,212.128
bwa,sex_f,age_aggregate_y25_54,2010,194.851
bwa,sex_f,age_aggregate_y25_54,2011,217.93
bwa,sex_f,age_aggregate_y25_54,2019,296.41
bwa,sex_f,age_aggregate_y25_54,2020,315.99
bwa,sex_f,age_aggregate_y25_54,2021,303.7
bwa,sex_f,age_aggregate_y25_54,2022,289.732
bwa,sex_f,age_aggregate_y25_54,2023,307.158
bwa,sex_f,age_aggregate_y25_54,2024,312.866
bwa,sex_f,age_aggregate_y55_64,1985,13.128
bwa,sex_f,age_aggregate_y55_64,1991,8.092
bwa,sex_f,age_aggregate_y55_64,1996,8.687
bwa,sex_f,age_aggregate_y55_64,2001,16.65
bwa,sex_f,age_aggregate_y55_64,2006,17.648
bwa,sex_f,age_aggregate_y55_64,2009,23.354
bwa,sex_f,age_aggregate_y55_64,2010,22.467
bwa,sex_f,age_aggregate_y55_64,2011,17.6
bwa,sex_f,age_aggregate_y55_64,2019,37.214
bwa,sex_f,age_aggregate_y55_64,2020,43.077
bwa,sex_f,age_aggregate_y55_64,2021,40.611
bwa,sex_f,age_aggregate_y55_64,2022,40.071
bwa,sex_f,age_aggregate_y55_64,2023,43.681
bwa,sex_f,age_aggregate_y55_64,2024,48.357
bwa,sex_f,age_aggregate_yge65,1985,9.011
bwa,sex_f,age_aggregate_yge65,1991,6.098
bwa,sex_f,age_aggregate_yge65,1996,4.602
bwa,sex_f,age_aggregate_yge65,2001,0.22
bwa,sex_f,age_aggregate_yge65,2006,12.747
bwa,sex_f,age_aggregate_yge65,2009,14.02
bwa,sex_f,age_aggregate_yge65,2010,13.515
bwa,sex_f,age_aggregate_yge65,2011,7.94
bwa,sex_f,age_aggregate_yge65,2013,17.142
bwa,sex_f,age_aggregate_yge65,2019,17.873
bwa,sex_f,age_aggregate_yge65,2020,20.129
bwa,sex_f,age_aggregate_yge65,2021,14.127
bwa,sex_f,age_aggregate_yge65,2022,16.413
bwa,sex_f,age_aggregate_yge65,2023,16.338
bwa,sex_f,age_aggregate_yge65,2024,19.945
bwa,sex_f,age_ythadult_y15_24,1985,31.157
bwa,sex_f,age_ythadult_y15_24,1991,33.757
bwa,sex_f,age_ythadult_y15_24,1996,29.142
bwa,sex_f,age_ythadult_y15_24,2001,35.964
bwa,sex_f,age_ythadult_y15_24,2006,42.073
bwa,sex_f,age_ythadult_y15_24,2009,36.932
bwa,sex_f,age_ythadult_y15_24,2010,34.601
bwa,sex_f,age_ythadult_y15_24,2011,34.68
bwa,sex_f,age_ythadult_y15_24,2019,42.065
bwa,sex_f,age_ythadult_y15_24,2020,35.899
bwa,sex_f,age_ythadult_y15_24,2021,35.724
bwa,sex_f,age_ythadult_y15_24,2022,33.004
bwa,sex_f,age_ythadult_y15_24,2023,39.221
bwa,sex_f,age_ythadult_y15_24,2024,36.35
bwa,sex_f,age_ythadult_y15_64,1985,124.165
bwa,sex_f,age_ythadult_y15_64,1991,132.936
bwa,sex_f,age_ythadult_y15_64,1996,150.649
bwa,sex_f,age_ythadult_y15_64,2001,201.3
bwa,sex_f,age_ythadult_y15_64,2006,240.332
bwa,sex_f,age_ythadult_y15_64,2009,272.414
bwa,sex_f,age_ythadult_y15_64,2010,251.919
bwa,sex_f,age_ythadult_y15_64,2011,270.21
bwa,sex_f,age_ythadult_y15_64,2019,375.689
bwa,sex_f,age_ythadult_y15_64,2020,394.966
bwa,sex_f,age_ythadult_y15_64,2021,380.035
bwa,sex_f,age_ythadult_y15_64,2022,362.807
bwa,sex_f,age_ythadult_y15_64,2023,390.059
bwa,sex_f,age_ythadult_y15_64,2024,397.573
bwa,sex_f,age_ythadult_yge15,1985,135.444
bwa,sex_f,age_ythadult_yge15,1991,140.36
bwa,sex_f,age_ythadult_yge15,1994,167.487
bwa,sex_f,age_ythadult_yge15,1996,155.251
bwa,sex_f,age_ythadult_yge15,1998,192.213
bwa,sex_f,age_ythadult_yge15,2000,214.006
bwa,sex_f,age_ythadult_yge15,2001,201.52
bwa,sex_f,age_ythadult_yge15,2003,216.959
bwa,sex_f,age_ythadult_yge15,2006,253.079
bwa,sex_f,age_ythadult_yge15,2009,286.435
bwa,sex_f,age_ythadult_yge15,2010,265.434
bwa,sex_f,age_ythadult_yge15,2011,278.15
bwa,sex_f,age_ythadult_yge15,2013,338.252
bwa,sex_f,age_ythadult_yge15,2019,393.562
bwa,sex_f,age_ythadult_yge15,2020,415.095
bwa,sex_f,age_ythadult_yge15,2021,394.162
bwa,sex_f,age_ythadult_yge15,2022,379.219
bwa,sex_f,age_ythadult_yge15,2023,406.397
bwa,sex_f,age_ythadult_yge15,2024,417.518
bwa,sex_f,age_ythadult_yge25,1985,102.019
bwa,sex_f,age_ythadult_yge25,1991,105.277
bwa,sex_f,age_ythadult_yge25,1996,126.109
bwa,sex_f,age_ythadult_yge25,2001,165.556
bwa,sex_f,age_ythadult_yge25,2006,211.007
bwa,sex_f,age_ythadult_yge25,2009,249.502
bwa,sex_f,age_ythadult_yge25,2010,230.833
bwa,sex_f,age_ythadult_yge25,2011,243.47
bwa,sex_f,age_ythadult_yge25,2019,351.496
bwa,sex_f,age_ythadult_yge25,2020,379.196
bwa,sex_f,age_ythadult_yge25,2021,358.437
bwa,sex_f,age_ythadult_yge25,2022,346.216
bwa,sex_f,age_ythadult_yge25,2023,367.176
bwa,sex_f,age_ythadult_yge25,2024,381.168
bwa,sex_m,age_10yrbands_total,1985,133.423
bwa,sex_m,age_10yrbands_total,1991,233.363
bwa,sex_m,age_10yrbands_total,1996,187.069
bwa,sex_m,age_10yrbands_total,2001,277.438
bwa,sex_m,age_10yrbands_total,2006,273.99
bwa,sex_m,age_10yrbands_total,2009,335.563
bwa,sex_m,age_10yrbands_total,2010,313.995
bwa,sex_m,age_10yrbands_total,2011,357.64
bwa,sex_m,age_10yrbands_total,2013,382.044
bwa,sex_m,age_10yrbands_total,2019,420.994
bwa,sex_m,age_10yrbands_total,2020,438.14
bwa,sex_m,age_10yrbands_total,2021,414.111
bwa,sex_m,age_10yrbands_total,2022,416.206
bwa,sex_m,age_10yrbands_total,2023,463.376
bwa,sex_m,age_10yrbands_total,2024,444.455
bwa,sex_m,age_10yrbands_y15_24,1985,33.572
bwa,sex_m,age_10yrbands_y15_24,1991,57.651
bwa,sex_m,age_10yrbands_y15_24,1996,34.348
bwa,sex_m,age_10yrbands_y15_24,2001,49.018
bwa,sex_m,age_10yrbands_y15_24,2006,55.968
bwa,sex_m,age_10yrbands_y15_24,2009,53.393
bwa,sex_m,age_10yrbands_y15_24,2010,50.248
bwa,sex_m,age_10yrbands_y15_24,2011,51.4
bwa,sex_m,age_10yrbands_y15_24,2019,52.836
bwa,sex_m,age_10yrbands_y15_24,2020,53.95
bwa,sex_m,age_10yrbands_y15_24,2021,50.436
bwa,sex_m,age_10yrbands_y15_24,2022,50.992
bwa,sex_m,age_10yrbands_y15_24,2023,57.401
bwa,sex_m,age_10yrbands_y15_24,2024,57.087
bwa,sex_m,age_10yrbands_y25_34,1985,31.335
bwa,sex_m,age_10yrbands_y25_34,1991,67.368
bwa,sex_m,age_10yrbands_y25_34,1996,60.588
bwa,sex_m,age_10yrbands_y25_34,2001,93.506
bwa,sex_m,age_10yrbands_y25_34,2006,81.918
bwa,sex_m,age_10yrbands_y25_34,2009,112.064
bwa,sex_m,age_10yrbands_y25_34,2010,104.228
bwa,sex_m,age_10yrbands_y25_34,2011,128.21
bwa,sex_m,age_10yrbands_y25_34,2019,121.129
bwa,sex_m,age_10yrbands_y25_34,2020,126.887
bwa,sex_m,age_10yrbands_y25_34,2021,122.945
bwa,sex_m,age_10yrbands_y25_34,2022,109.96
bwa,sex_m,age_10yrbands_y25_34,2023,125.95
bwa,sex_m,age_10yrbands_y25_34,2024,113.307
bwa,sex_m,age_10yrbands_y35_44,1985,22.924
bwa,sex_m,age_10yrbands_y35_44,1991,45.339
bwa,sex_m,age_10yrbands_y35_44,1996,42.459
bwa,sex_m,age_10yrbands_y35_44,2001,62.444
bwa,sex_m,age_10yrbands_y35_44,2006,55.859
bwa,sex_m,age_10yrbands_y35_44,2009,73.515
bwa,sex_m,age_10yrbands_y35_44,2010,67.458
bwa,sex_m,age_10yrbands_y35_44,2011,90.04
bwa,sex_m,age_10yrbands_y35_44,2019,121.715
bwa,sex_m,age_10yrbands_y35_44,2020,113.825
bwa,sex_m,age_10yrbands_y35_44,2021,121.443
bwa,sex_m,age_10yrbands_y35_44,2022,121.801
bwa,sex_m,age_10yrbands_y35_44,2023,123.678
bwa,sex_m,age_10yrbands_y35_44,2024,122.128
bwa,sex_m,age_10yrbands_y45_54,1985,19.534
bwa,sex_m,age_10yrbands_y45_54,1991,28.759
bwa,sex_m,age_10yrbands_y45_54,1996,26.949
bwa,sex_m,age_10yrbands_y45_54,2001,38.493
bwa,sex_m,age_10yrbands_y45_54,2006,40.487
bwa,sex_m,age_10yrbands_y45_54,2009,48.468
bwa,sex_m,age_10yrbands_y45_54,2010,45.328
bwa,sex_m,age_10yrbands_y45_54,2011,49.41
bwa,sex_m,age_10yrbands_y45_54,2019,67.055
bwa,sex_m,age_10yrbands_y45_54,2020,77.326
bwa,sex_m,age_10yrbands_y45_54,2021,70.419
bwa,sex_m,age_10yrbands_y45_54,2022,76.199
bwa,sex_m,age_10yrbands_y45_54,2023,87.647
bwa,sex_m,age_10yrbands_y45_54,2024,82.898
bwa,sex_m,age_10yrbands_y55_64,1985,13.111
bwa,sex_m,age_10yrbands_y55_64,1991,17.667
bwa,sex_m,age_10yrbands_y55_64,1996,13.386
bwa,sex_m,age_10yrbands_y55_64,2001,31.037
bwa,sex_m,age_10yrbands_y55_64,2006,20.359
bwa,sex_m,age_10yrbands_y55_64,2009,29.95
bwa,sex_m,age_10yrbands_y55_64,2010,28.822
bwa,sex_m,age_10yrbands_y55_64,2011,24.53
bwa,sex_m,age_10yrbands_y55_64,2019,38.188
bwa,sex_m,age_10yrbands_y55_64,2020,38.334
bwa,sex_m,age_10yrbands_y55_64,2021,27.767
bwa,sex_m,age_10yrbands_y55_64,2022,36.211
bwa,sex_m,age_10yrbands_y55_64,2023,44.084
bwa,sex_m,age_10yrbands_y55_64,2024,37.684
bwa,sex_m,age_10yrbands_yge65,1985,12.947
bwa,sex_m,age_10yrbands_yge65,1991,16.579
bwa,sex_m,age_10yrbands_yge65,1996,9.339
bwa,sex_m,age_10yrbands_yge65,2006,19.4
bwa,sex_m,age_10yrbands_yge65,2009,18.173
bwa,sex_m,age_10yrbands_yge65,2010,17.911
bwa,sex_m,age_10yrbands_yge65,2011,14.05
bwa,sex_m,age_10yrbands_yge65,2013,21.656
bwa,sex_m,age_10yrbands_yge65,2019,20.072
bwa,sex_m,age_10yrbands_yge65,2020,27.819
bwa,sex_m,age_10yrbands_yge65,2021,21.101
bwa,sex_m,age_10yrbands_yge65,2022,21.043
bwa,sex_m,age_10yrbands_yge65,2023,24.616
bwa,sex_m,age_10yrbands_yge65,2024,31.351
bwa,sex_m,age_5yrbands_total,1991,233.363
bwa,sex_m,age_5yrbands_total,1996,187.069
bwa,sex_m,age_5yrbands_total,2001,277.438
bwa,sex_m,age_5yrbands_total,2006,273.99
bwa,sex_m,age_5yrbands_total,2009,335.563
bwa,sex_m,age_5yrbands_total,2010,313.995
bwa,sex_m,age_5yrbands_total,2011,357.64
bwa,sex_m,age_5yrbands_total,2013,382.044
bwa,sex_m,age_5yrbands_total,2019,420.994
bwa,sex_m,age_5yrbands_total,2020,438.14
bwa,sex_m,age_5yrbands_total,2021,414.111
bwa,sex_m,age_5yrbands_total,2022,416.206
bwa,sex_m,age_5yrbands_total,2023,463.376
bwa,sex_m,age_5yrbands_total,2024,444.455
bwa,sex_m,age_5yrbands_y15_19,1991,21.054
bwa,sex_m,age_5yrbands_y15_19,1996,9.998
bwa,sex_m,age_5yrbands_y15_19,2001,11.473
bwa,sex_m,age_5yrbands_y15_19,2006,19.096
bwa,sex_m,age_5yrbands_y15_19,2009,13.255
bwa,sex_m,age_5yrbands_y15_19,2010,12.988
bwa,sex_m,age_5yrbands_y15_19,2011,9.92
bwa,sex_m,age_5yrbands_y15_19,2013,59.628
bwa,sex_m,age_5yrbands_y15_19,2019,10.704
bwa,sex_m,age_5yrbands_y15_19,2020,11.022
bwa,sex_m,age_5yrbands_y15_19,2021,9.918
bwa,sex_m,age_5yrbands_y15_19,2022,12.168
bwa,sex_m,age_5yrbands_y15_19,2023,14.194
bwa,sex_m,age_5yrbands_y15_19,2024,13.986
bwa,sex_m,age_5yrbands_y20_24,1991,36.597
bwa,sex_m,age_5yrbands_y20_24,1996,24.35
bwa,sex_m,age_5yrbands_y20_24,2001,37.545
bwa,sex_m,age_5yrbands_y20_24,2006,36.872
bwa,sex_m,age_5yrbands_y20_24,2009,40.138
bwa,sex_m,age_5yrbands_y20_24,2010,37.26
bwa,sex_m,age_5yrbands_y20_24,2011,41.48
bwa,sex_m,age_5yrbands_y20_24,2019,42.132
bwa,sex_m,age_5yrbands_y20_24,2020,42.928
bwa,sex_m,age_5yrbands_y20_24,2021,40.518
bwa,sex_m,age_5yrbands_y20_24,2022,38.824
bwa,sex_m,age_5yrbands_y20_24,2023,43.207
bwa,sex_m,age_5yrbands_y20_24,2024,43.101
bwa,sex_m,age_5yrbands_y25_29,1991,36.847
bwa,sex_m,age_5yrbands_y25_29,1996,32.44
bwa,sex_m,age_5yrbands_y25_29,2001,50.59
bwa,sex_m,age_5yrbands_y25_29,2006,43.106
bwa,sex_m,age_5yrbands_y25_29,2009,60.424
bwa,sex_m,age_5yrbands_y25_29,2010,56.557
bwa,sex_m,age_5yrbands_y25_29,2011,65.61
bwa,sex_m,age_5yrbands_y25_29,2013,126.07
bwa,sex_m,age_5yrbands_y25_29,2019,64.254
bwa,sex_m,age_5yrbands_y25_29,2020,64.497
bwa,sex_m,age_5yrbands_y25_29,2021,57.669
bwa,sex_m,age_5yrbands_y25_29,2022,49.966
bwa,sex_m,age_5yrbands_y25_29,2023,60.141
bwa,sex_m,age_5yrbands_y25_29,2024,51.767
bwa,sex_m,age_5yrbands_y30_34,1991,30.521
bwa,sex_m,age_5yrbands_y30_34,1996,28.148
bwa,sex_m,age_5yrbands_y30_34,2001,42.916
bwa,sex_m,age_5yrbands_y30_34,2006,38.812
bwa,sex_m,age_5yrbands_y30_34,2009,51.639
bwa,sex_m,age_5yrbands_y30_34,2010,47.671
bwa,sex_m,age_5yrbands_y30_34,2011,62.6
bwa,sex_m,age_5yrbands_y30_34,2019,56.874
bwa,sex_m,age_5yrbands_y30_34,2020,62.39
bwa,sex_m,age_5yrbands_y30_34,2021,65.276
bwa,sex_m,age_5yrbands_y30_34,2022,59.994
bwa,sex_m,age_5yrbands_y30_34,2023,65.809
bwa,sex_m,age_5yrbands_y30_34,2024,61.54
bwa,sex_m,age_5yrbands_y35_39,1991,25.768
bwa,sex_m,age_5yrbands_y35_39,1996,24.512
bwa,sex_m,age_5yrbands_y35_39,2001,34.897
bwa,sex_m,age_5yrbands_y35_39,2006,32.396
bwa,sex_m,age_5yrbands_y35_39,2009,43.781
bwa,sex_m,age_5yrbands_y35_39,2010,39.873
bwa,sex_m,age_5yrbands_y35_39,2011,51.27
bwa,sex_m,age_5yrbands_y35_39,2013,88.86
bwa,sex_m,age_5yrbands_y35_39,2019,68.861
bwa,sex_m,age_5yrbands_y35_39,2020,66.317
bwa,sex_m,age_5yrbands_y35_39,2021,65.532
bwa,sex_m,age_5yrbands_y35_39,2022,69.405
bwa,sex_m,age_5yrbands_y35_39,2023,59.847
bwa,sex_m,age_5yrbands_y35_39,2024,61.347
bwa,sex_m,age_5yrbands_y40_44,1991,19.571
bwa,sex_m,age_5yrbands_y40_44,1996,17.947
bwa,sex_m,age_5yrbands_y40_44,2001,27.547
bwa,sex_m,age_5yrbands_y40_44,2006,23.463
bwa,sex_m,age_5yrbands_y40_44,2009,29.734
bwa,sex_m,age_5yrbands_y40_44,2010,27.585
bwa,sex_m,age_5yrbands_y40_44,2011,38.77
bwa,sex_m,age_5yrbands_y40_44,2019,52.853
bwa,sex_m,age_5yrbands_y40_44,2020,47.508
bwa,sex_m,age_5yrbands_y40_44,2021,55.911
bwa,sex_m,age_5yrbands_y40_44,2022,52.396
bwa,sex_m,age_5yrbands_y40_44,2023,63.831
bwa,sex_m,age_5yrbands_y40_44,2024,60.78
bwa,sex_m,age_5yrbands_y45_49,1991,15.5
bwa,sex_m,age_5yrbands_y45_49,1996,14.944
bwa,sex_m,age_5yrbands_y45_49,2001,22.631
bwa,sex_m,age_5yrbands_y45_49,2006,23.012
bwa,sex_m,age_5yrbands_y45_49,2009,26.189
bwa,sex_m,age_5yrbands_y45_49,2010,24.42
bwa,sex_m,age_5yrbands_y45_49,2011,28.75
bwa,sex_m,age_5yrbands_y45_49,2013,49.263
bwa,sex_m,age_5yrbands_y45_49,2019,33.834
bwa,sex_m,age_5yrbands_y45_49,2020,42.864
bwa,sex_m,age_5yrbands_y45_49,2021,42.987
bwa,sex_m,age_5yrbands_y45_49,2022,42.845
bwa,sex_m,age_5yrbands_y45_49,2023,49.498
bwa,sex_m,age_5yrbands_y45_49,2024,49.875
bwa,sex_m,age_5yrbands_y50_54,1991,13.259
bwa,sex_m,age_5yrbands_y50_54,1996,12.005
bwa,sex_m,age_5yrbands_y50_54,2001,15.862
bwa,sex_m,age_5yrbands_y50_54,2006,17.475
bwa,sex_m,age_5yrbands_y50_54,2009,22.279
bwa,sex_m,age_5yrbands_y50_54,2010,20.908
bwa,sex_m,age_5yrbands_y50_54,2011,20.66
bwa,sex_m,age_5yrbands_y50_54,2019,33.221
bwa,sex_m,age_5yrbands_y50_54,2020,34.462
bwa,sex_m,age_5yrbands_y50_54,2021,27.432
bwa,sex_m,age_5yrbands_y50_54,2022,33.354
bwa,sex_m,age_5yrbands_y50_54,2023,38.149
bwa,sex_m,age_5yrbands_y50_54,2024,33.022
bwa,sex_m,age_5yrbands_y55_59,1991,10.151
bwa,sex_m,age_5yrbands_y55_59,1996,8.179
bwa,sex_m,age_5yrbands_y55_59,2001,10.613
bwa,sex_m,age_5yrbands_y55_59,2006,12.312
bwa,sex_m,age_5yrbands_y55_59,2009,18.065
bwa,sex_m,age_5yrbands_y55_59,2010,17.321
bwa,sex_m,age_5yrbands_y55_59,2011,15.86
bwa,sex_m,age_5yrbands_y55_59,2013,36.567
bwa,sex_m,age_5yrbands_y55_59,2019,21.433
bwa,sex_m,age_5yrbands_y55_59,2020,22.304
bwa,sex_m,age_5yrbands_y55_59,2021,16.247
bwa,sex_m,age_5yrbands_y55_59,2022,22.029
bwa,sex_m,age_5yrbands_y55_59,2023,23.634
bwa,sex_m,age_5yrbands_y55_59,2024,21.367
bwa,sex_m,age_5yrbands_y60_64,1991,7.516
bwa,sex_m,age_5yrbands_y60_64,1996,5.207
bwa,sex_m,age_5yrbands_y60_64,2001,20.424
bwa,sex_m,age_5yrbands_y60_64,2006,8.047
bwa,sex_m,age_5yrbands_y60_64,2009,11.885
bwa,sex_m,age_5yrbands_y60_64,2010,11.501
bwa,sex_m,age_5yrbands_y60_64,2011,8.67
bwa,sex_m,age_5yrbands_y60_64,2019,16.755
bwa,sex_m,age_5yrbands_y60_64,2020,16.03
bwa,sex_m,age_5yrbands_y60_64,2021,11.52
bwa,sex_m,age_5yrbands_y60_64,2022,14.182
bwa,sex_m,age_5yrbands_y60_64,2023,20.45
bwa,sex_m,age_5yrbands_y60_64,2024,16.317
bwa,sex_m,age_5yrbands_yge65,1991,16.579
bwa,sex_m,age_5yrbands_yge65,1996,9.339
bwa,sex_m,age_5yrbands_yge65,2006,19.4
bwa,sex_m,age_5yrbands_yge65,2009,18.173
bwa,sex_m,age_5yrbands_yge65,2010,17.911
bwa,sex_m,age_5yrbands_yge65,2011,14.05
bwa,sex_m,age_5yrbands_yge65,2013,21.656
bwa,sex_m,age_5yrbands_yge65,2019,20.072
bwa,sex_m,age_5yrbands_yge65,2020,27.819
bwa,sex_m,age_5yrbands_yge65,2021,21.101
bwa,sex_m,age_5yrbands_yge65,2022,21.043
bwa,sex_m,age_5yrbands_yge65,2023,24.616
bwa,sex_m,age_5yrbands_yge65,2024,31.351
bwa,sex_m,age_aggregate_total,1985,139.409
bwa,sex_m,age_aggregate_total,1991,239.57
bwa,sex_m,age_aggregate_total,1996,187.069
bwa,sex_m,age_aggregate_total,2001,277.438
bwa,sex_m,age_aggregate_total,2006,273.99
bwa,sex_m,age_aggregate_total,2009,335.563
bwa,sex_m,age_aggregate_total,2010,313.995
bwa,sex_m,age_aggregate_total,2011,357.64
bwa,sex_m,age_aggregate_total,2013,382.044
bwa,sex_m,age_aggregate_total,2019,420.994
bwa,sex_m,age_aggregate_total,2020,438.14
bwa,sex_m,age_aggregate_total,2021,414.111
bwa,sex_m,age_aggregate_total,2022,416.206
bwa,sex_m,age_aggregate_total,2023,463.376
bwa,sex_m,age_aggregate_total,2024,444.455
bwa,sex_m,age_aggregate_y15_24,1985,33.572
bwa,sex_m,age_aggregate_y15_24,1991,57.651
bwa,sex_m,age_aggregate_y15_24,1996,34.348
bwa,sex_m,age_aggregate_y15_24,2001,49.018
bwa,sex_m,age_aggregate_y15_24,2006,55.968
bwa,sex_m,age_aggregate_y15_24,2009,53.393
bwa,sex_m,age_aggregate_y15_24,2010,50.248
bwa,sex_m,age_aggregate_y15_24,2011,51.4
bwa,sex_m,age_aggregate_y15_24,2019,52.836
bwa,sex_m,age_aggregate_y15_24,2020,53.95
bwa,sex_m,age_aggregate_y15_24,2021,50.436
bwa,sex_m,age_aggregate_y15_24,2022,50.992
bwa,sex_m,age_aggregate_y15_24,2023,57.401
bwa,sex_m,age_aggregate_y15_24,2024,57.087
bwa,sex_m,age_aggregate_y25_54,1985,73.793
bwa,sex_m,age_aggregate_y25_54,1991,141.466
bwa,sex_m,age_aggregate_y25_54,1996,129.996
bwa,sex_m,age_aggregate_y25_54,2001,194.443
bwa,sex_m,age_aggregate_y25_54,2006,178.264
bwa,sex_m,age_aggregate_y25_54,2009,234.047
bwa,sex_m,age_aggregate_y25_54,2010,217.014
bwa,sex_m,age_aggregate_y25_54,2011,267.66
bwa,sex_m,age_aggregate_y25_54,2019,309.899
bwa,sex_m,age_aggregate_y25_54,2020,318.037
bwa,sex_m,age_aggregate_y25_54,2021,314.807
bwa,sex_m,age_aggregate_y25_54,2022,307.96
bwa,sex_m,age_aggregate_y25_54,2023,337.276
bwa,sex_m,age_aggregate_y25_54,2024,318.332
bwa,sex_m,age_aggregate_y55_64,1985,13.111
bwa,sex_m,age_aggregate_y55_64,1991,17.667
bwa,sex_m,age_aggregate_y55_64,1996,13.386
bwa,sex_m,age_aggregate_y55_64,2001,31.037
bwa,sex_m,age_aggregate_y55_64,2006,20.359
bwa,sex_m,age_aggregate_y55_64,2009,29.95
bwa,sex_m,age_aggregate_y55_64,2010,28.822
bwa,sex_m,age_aggregate_y55_64,2011,24.53
bwa,sex_m,age_aggregate_y55_64,2019,38.188
bwa,sex_m,age_aggregate_y55_64,2020,38.334
bwa,sex_m,age_aggregate_y55_64,2021,27.767
bwa,sex_m,age_aggregate_y55_64,2022,36.211
bwa,sex_m,age_aggregate_y55_64,2023,44.084
bwa,sex_m,age_aggregate_y55_64,2024,37.684
bwa,sex_m,age_aggregate_yge65,1985,12.947
bwa,sex_m,age_aggregate_yge65,1991,16.579
bwa,sex_m,age_aggregate_yge65,1996,9.339
bwa,sex_m,age_aggregate_yge65,2001,2.94
bwa,sex_m,age_aggregate_yge65,2006,19.4
bwa,sex_m,age_aggregate_yge65,2009,18.173
bwa,sex_m,age_aggregate_yge65,2010,17.911
bwa,sex_m,age_aggregate_yge65,2011,14.05
bwa,sex_m,age_aggregate_yge65,2013,21.656
bwa,sex_m,age_aggregate_yge65,2019,20.072
bwa,sex_m,age_aggregate_yge65,2020,27.819
bwa,sex_m,age_aggregate_yge65,2021,21.101
bwa,sex_m,age_aggregate_yge65,2022,21.043
bwa,sex_m,age_aggregate_yge65,2023,24.616
bwa,sex_m,age_aggregate_yge65,2024,31.351
bwa,sex_m,age_ythadult_y15_24,1985,33.572
bwa,sex_m,age_ythadult_y15_24,1991,57.651
bwa,sex_m,age_ythadult_y15_24,1996,34.348
bwa,sex_m,age_ythadult_y15_24,2001,49.018
bwa,sex_m,age_ythadult_y15_24,2006,55.968
bwa,sex_m,age_ythadult_y15_24,2009,53.393
bwa,sex_m,age_ythadult_y15_24,2010,50.248
bwa,sex_m,age_ythadult_y15_24,2011,51.4
bwa,sex_m,age_ythadult_y15_24,2019,52.836
bwa,sex_m,age_ythadult_y15_24,2020,53.95
bwa,sex_m,age_ythadult_y15_24,2021,50.436
bwa,sex_m,age_ythadult_y15_24,2022,50.992
bwa,sex_m,age_ythadult_y15_24,2023,57.401
bwa,sex_m,age_ythadult_y15_24,2024,57.087
bwa,sex_m,age_ythadult_y15_64,1985,120.476
bwa,sex_m,age_ythadult_y15_64,1991,216.784
bwa,sex_m,age_ythadult_y15_64,1996,177.73
bwa,sex_m,age_ythadult_y15_64,2001,274.498
bwa,sex_m,age_ythadult_y15_64,2006,254.59
bwa,sex_m,age_ythadult_y15_64,2009,317.39
bwa,sex_m,age_ythadult_y15_64,2010,296.084
bwa,sex_m,age_ythadult_y15_64,2011,343.59
bwa,sex_m,age_ythadult_y15_64,2019,400.922
bwa,sex_m,age_ythadult_y15_64,2020,410.321
bwa,sex_m,age_ythadult_y15_64,2021,393.01
bwa,sex_m,age_ythadult_y15_64,2022,395.163
bwa,sex_m,age_ythadult_y15_64,2023,438.76
bwa,sex_m,age_ythadult_y15_64,2024,413.104
bwa,sex_m,age_ythadult_yge15,1985,139.409
bwa,sex_m,age_ythadult_yge15,1991,239.57
bwa,sex_m,age_ythadult_yge15,1994,201.132
bwa,sex_m,age_ythadult_yge15,1996,187.069
bwa,sex_m,age_ythadult_yge15,1998,248.901
bwa,sex_m,age_ythadult_yge15,2000,269.426
bwa,sex_m,age_ythadult_yge15,2001,277.438
bwa,sex_m,age_ythadult_yge15,2003,245.407
bwa,sex_m,age_ythadult_yge15,2006,273.99
bwa,sex_m,age_ythadult_yge15,2009,335.563
bwa,sex_m,age_ythadult_yge15,2010,313.995
bwa,sex_m,age_ythadult_yge15,2011,357.64
bwa,sex_m,age_ythadult_yge15,2013,382.044
bwa,sex_m,age_ythadult_yge15,2019,420.994
bwa,sex_m,age_ythadult_yge15,2020,438.14
bwa,sex_m,age_ythadult_yge15,2021,414.111
bwa,sex_m,age_ythadult_yge15,2022,416.206
bwa,sex_m,age_ythadult_yge15,2023,463.376
bwa,sex_m,age_ythadult_yge15,2024,444.455
bwa,sex_m,age_ythadult_yge25,1985,99.851
bwa,sex_m,age_ythadult_yge25,1991,175.712
bwa,sex_m,age_ythadult_yge25,1996,152.721
bwa,sex_m,age_ythadult_yge25,2001,228.42
bwa,sex_m,age_ythadult_yge25,2006,218.023
bwa,sex_m,age_ythadult_yge25,2009,282.17
bwa,sex_m,age_ythadult_yge25,2010,263.747
bwa,sex_m,age_ythadult_yge25,2011,306.24
bwa,sex_m,age_ythadult_yge25,2019,368.158
bwa,sex_m,age_ythadult_yge25,2020,384.19
bwa,sex_m,age_ythadult_yge25,2021,363.675
bwa,sex_m,age_ythadult_yge25,2022,365.213
bwa,sex_m,age_ythadult_yge25,2023,405.975
bwa,sex_m,age_ythadult_yge25,2024,387.368
bwa,sex_t,age_10yrbands_total,1985,266.599
bwa,sex_t,age_10yrbands_total,1991,372.397
bwa,sex_t,age_10yrbands_total,1996,342.32
bwa,sex_t,age_10yrbands_total,2001,478.968
bwa,sex_t,age_10yrbands_total,2006,527.07
bwa,sex_t,age_10yrbands_total,2009,621.998
bwa,sex_t,age_10yrbands_total,2010,579.429
bwa,sex_t,age_10yrbands_total,2011,635.79
bwa,sex_t,age_10yrbands_total,2013,720.296
bwa,sex_t,age_10yrbands_total,2019,814.555
bwa,sex_t,age_10yrbands_total,2020,853.235
bwa,sex_t,age_10yrbands_total,2021,808.273
bwa,sex_t,age_10yrbands_total,2022,795.425
bwa,sex_t,age_10yrbands_total,2023,869.774
bwa,sex_t,age_10yrbands_total,2024,861.973
bwa,sex_t,age_10yrbands_y15_24,1985,64.729
bwa,sex_t,age_10yrbands_y15_24,1991,91.408
bwa,sex_t,age_10yrbands_y15_24,1996,63.49
bwa,sex_t,age_10yrbands_y15_24,2001,84.992
bwa,sex_t,age_10yrbands_y15_24,2006,98.04
bwa,sex_t,age_10yrbands_y15_24,2009,90.325
bwa,sex_t,age_10yrbands_y15_24,2010,84.849
bwa,sex_t,age_10yrbands_y15_24,2011,86.08
bwa,sex_t,age_10yrbands_y15_24,2019,94.901
bwa,sex_t,age_10yrbands_y15_24,2020,89.849
bwa,sex_t,age_10yrbands_y15_24,2021,86.16
bwa,sex_t,age_10yrbands_y15_24,2022,83.996
bwa,sex_t,age_10yrbands_y15_24,2023,96.622
bwa,sex_t,age_10yrbands_y15_24,2024,93.438
bwa,sex_t,age_10yrbands_y25_34,1985,66.068
bwa,sex_t,age_10yrbands_y25_34,1991,116.269
bwa,sex_t,age_10yrbands_y25_34,1996,120.747
bwa,sex_t,age_10yrbands_y25_34,2001,165.685
bwa,sex_t,age_10yrbands_y25_34,2006,160.454
bwa,sex_t,age_10yrbands_y25_34,2009,204.534
bwa,sex_t,age_10yrbands_y25_34,2010,188.617
bwa,sex_t,age_10yrbands_y25_34,2011,229.87
bwa,sex_t,age_10yrbands_y25_34,2019,241.01
bwa,sex_t,age_10yrbands_y25_34,2020,246.923
bwa,sex_t,age_10yrbands_y25_34,2021,232.833
bwa,sex_t,age_10yrbands_y25_34,2022,216.852
bwa,sex_t,age_10yrbands_y25_34,2023,237.346
bwa,sex_t,age_10yrbands_y25_34,2024,222.666
bwa,sex_t,age_10yrbands_y35_44,1985,47.609
bwa,sex_t,age_10yrbands_y35_44,1991,73.428
bwa,sex_t,age_10yrbands_y35_44,1996,77.337
bwa,sex_t,age_10yrbands_y35_44,2001,112.852
bwa,sex_t,age_10yrbands_y35_44,2006,116.523
bwa,sex_t,age_10yrbands_y35_44,2009,144.529
bwa,sex_t,age_10yrbands_y35_44,2010,132.74
bwa,sex_t,age_10yrbands_y35_44,2011,162.8
bwa,sex_t,age_10yrbands_y35_44,2019,230.116
bwa,sex_t,age_10yrbands_y35_44,2020,237.161
bwa,sex_t,age_10yrbands_y35_44,2021,244.538
bwa,sex_t,age_10yrbands_y35_44,2022,234.506
bwa,sex_t,age_10yrbands_y35_44,2023,246.307
bwa,sex_t,age_10yrbands_y35_44,2024,243.024
bwa,sex_t,age_10yrbands_y45_54,1985,39.996
bwa,sex_t,age_10yrbands_y45_54,1991,42.856
bwa,sex_t,age_10yrbands_y45_54,1996,44.732
bwa,sex_t,age_10yrbands_y45_54,2001,64.592
bwa,sex_t,age_10yrbands_y45_54,2006,81.898
bwa,sex_t,age_10yrbands_y45_54,2009,97.112
bwa,sex_t,age_10yrbands_y45_54,2010,90.508
bwa,sex_t,age_10yrbands_y45_54,2011,92.92
bwa,sex_t,age_10yrbands_y45_54,2019,135.183
bwa,sex_t,age_10yrbands_y45_54,2020,149.945
bwa,sex_t,age_10yrbands_y45_54,2021,141.136
bwa,sex_t,age_10yrbands_y45_54,2022,146.333
bwa,sex_t,age_10yrbands_y45_54,2023,160.779
bwa,sex_t,age_10yrbands_y45_54,2024,165.509
bwa,sex_t,age_10yrbands_y55_64,1985,26.239
bwa,sex_t,age_10yrbands_y55_64,1991,25.759
bwa,sex_t,age_10yrbands_y55_64,1996,22.073
bwa,sex_t,age_10yrbands_y55_64,2001,47.687
bwa,sex_t,age_10yrbands_y55_64,2006,38.008
bwa,sex_t,age_10yrbands_y55_64,2009,53.304
bwa,sex_t,age_10yrbands_y55_64,2010,51.289
bwa,sex_t,age_10yrbands_y55_64,2011,42.13
bwa,sex_t,age_10yrbands_y55_64,2019,75.402
bwa,sex_t,age_10yrbands_y55_64,2020,81.411
bwa,sex_t,age_10yrbands_y55_64,2021,68.378
bwa,sex_t,age_10yrbands_y55_64,2022,76.282
bwa,sex_t,age_10yrbands_y55_64,2023,87.765
bwa,sex_t,age_10yrbands_y55_64,2024,86.041
bwa,sex_t,age_10yrbands_yge65,1985,21.958
bwa,sex_t,age_10yrbands_yge65,1991,22.677
bwa,sex_t,age_10yrbands_yge65,1996,13.941
bwa,sex_t,age_10yrbands_yge65,2006,32.148
bwa,sex_t,age_10yrbands_yge65,2009,32.194
bwa,sex_t,age_10yrbands_yge65,2010,31.426
bwa,sex_t,age_10yrbands_yge65,2011,21.99
bwa,sex_t,age_10yrbands_yge65,2013,38.798
bwa,sex_t,age_10yrbands_yge65,2019,37.944
bwa,sex_t,age_10yrbands_yge65,2020,47.947
bwa,sex_t,age_10yrbands_yge65,2021,35.228
bwa,sex_t,age_10yrbands_yge65,2022,37.456
bwa,sex_t,age_10yrbands_yge65,2023,40.954
bwa,sex_t,age_10yrbands_yge65,2024,51.296
bwa,sex_t,age_5yrbands_total,1991,372.397
bwa,sex_t,age_5yrbands_total,1996,342.32
bwa,sex_t,age_5yrbands_total,2001,478.968
bwa,sex_t,age_5yrbands_total,2006,527.07
bwa,sex_t,age_5yrbands_total,2009,621.998
bwa,sex_t,age_5yrbands_total,2010,579.429
bwa,sex_t,age_5yrbands_total,2011,635.79
bwa,sex_t,age_5yrbands_total,2013,720.296
bwa,sex_t,age_5yrbands_total,2019,814.555
bwa,sex_t,age_5yrbands_total,2020,853.235
bwa,sex_t,age_5yrbands_total,2021,808.273
bwa,sex_t,age_5yrbands_total,2022,795.425
bwa,sex_t,age_5yrbands_total,2023,869.774
bwa,sex_t,age_5yrbands_total,2024,861.973
bwa,sex_t,age_5yrbands_y15_19,1991,30.842
bwa,sex_t,age_5yrbands_y15_19,1996,18.478
bwa,sex_t,age_5yrbands_y15_19,2001,18.417
bwa,sex_t,age_5yrbands_y15_19,2006,29.637
bwa,sex_t,age_5yrbands_y15_19,2009,21.227
bwa,sex_t,age_5yrbands_y15_19,2010,20.756
bwa,sex_t,age_5yrbands_y15_19,2011,15.42
bwa,sex_t,age_5yrbands_y15_19,2013,101.737
bwa,sex_t,age_5yrbands_y15_19,2019,17.545
bwa,sex_t,age_5yrbands_y15_19,2020,16.14
bwa,sex_t,age_5yrbands_y15_19,2021,16.09
bwa,sex_t,age_5yrbands_y15_19,2022,15.894
bwa,sex_t,age_5yrbands_y15_19,2023,17.709
bwa,sex_t,age_5yrbands_y15_19,2024,20.337
bwa,sex_t,age_5yrbands_y20_24,1991,60.566
bwa,sex_t,age_5yrbands_y20_24,1996,45.012
bwa,sex_t,age_5yrbands_y20_24,2001,66.575
bwa,sex_t,age_5yrbands_y20_24,2006,68.403
bwa,sex_t,age_5yrbands_y20_24,2009,69.098
bwa,sex_t,age_5yrbands_y20_24,2010,64.093
bwa,sex_t,age_5yrbands_y20_24,2011,70.66
bwa,sex_t,age_5yrbands_y20_24,2019,77.356
bwa,sex_t,age_5yrbands_y20_24,2020,73.709
bwa,sex_t,age_5yrbands_y20_24,2021,70.071
bwa,sex_t,age_5yrbands_y20_24,2022,68.102
bwa,sex_t,age_5yrbands_y20_24,2023,78.913
bwa,sex_t,age_5yrbands_y20_24,2024,73.1
bwa,sex_t,age_5yrbands_y25_29,1991,63.917
bwa,sex_t,age_5yrbands_y25_29,1996,64.357
bwa,sex_t,age_5yrbands_y25_29,2001,89.265
bwa,sex_t,age_5yrbands_y25_29,2006,83.19
bwa,sex_t,age_5yrbands_y25_29,2009,108.032
bwa,sex_t,age_5yrbands_y25_29,2010,99.719
bwa,sex_t,age_5yrbands_y25_29,2011,116.95
bwa,sex_t,age_5yrbands_y25_29,2013,229.875
bwa,sex_t,age_5yrbands_y25_29,2019,122.65
bwa,sex_t,age_5yrbands_y25_29,2020,123.982
bwa,sex_t,age_5yrbands_y25_29,2021,114.653
bwa,sex_t,age_5yrbands_y25_29,2022,100.769
bwa,sex_t,age_5yrbands_y25_29,2023,112.793
bwa,sex_t,age_5yrbands_y25_29,2024,102.632
bwa,sex_t,age_5yrbands_y30_34,1991,52.352
bwa,sex_t,age_5yrbands_y30_34,1996,56.39
bwa,sex_t,age_5yrbands_y30_34,2001,76.42
bwa,sex_t,age_5yrbands_y30_34,2006,77.265
bwa,sex_t,age_5yrbands_y30_34,2009,96.502
bwa,sex_t,age_5yrbands_y30_34,2010,88.898
bwa,sex_t,age_5yrbands_y30_34,2011,112.92
bwa,sex_t,age_5yrbands_y30_34,2019,118.36
bwa,sex_t,age_5yrbands_y30_34,2020,122.941
bwa,sex_t,age_5yrbands_y30_34,2021,118.18
bwa,sex_t,age_5yrbands_y30_34,2022,116.083
bwa,sex_t,age_5yrbands_y30_34,2023,124.553
bwa,sex_t,age_5yrbands_y30_34,2024,120.033
bwa,sex_t,age_5yrbands_y35_39,1991,42.777
bwa,sex_t,age_5yrbands_y35_39,1996,44.574
bwa,sex_t,age_5yrbands_y35_39,2001,63.488
bwa,sex_t,age_5yrbands_y35_39,2006,64.613
bwa,sex_t,age_5yrbands_y35_39,2009,81.831
bwa,sex_t,age_5yrbands_y35_39,2010,74.411
bwa,sex_t,age_5yrbands_y35_39,2011,92.5
bwa,sex_t,age_5yrbands_y35_39,2013,175.856
bwa,sex_t,age_5yrbands_y35_39,2019,129.02
bwa,sex_t,age_5yrbands_y35_39,2020,132.486
bwa,sex_t,age_5yrbands_y35_39,2021,131.391
bwa,sex_t,age_5yrbands_y35_39,2022,130.199
bwa,sex_t,age_5yrbands_y35_39,2023,121.868
bwa,sex_t,age_5yrbands_y35_39,2024,114.674
bwa,sex_t,age_5yrbands_y40_44,1991,30.651
bwa,sex_t,age_5yrbands_y40_44,1996,32.763
bwa,sex_t,age_5yrbands_y40_44,2001,49.364
bwa,sex_t,age_5yrbands_y40_44,2006,51.91
bwa,sex_t,age_5yrbands_y40_44,2009,62.698
bwa,sex_t,age_5yrbands_y40_44,2010,58.329
bwa,sex_t,age_5yrbands_y40_44,2011,70.3
bwa,sex_t,age_5yrbands_y40_44,2019,101.095
bwa,sex_t,age_5yrbands_y40_44,2020,104.675
bwa,sex_t,age_5yrbands_y40_44,2021,113.147
bwa,sex_t,age_5yrbands_y40_44,2022,104.307
bwa,sex_t,age_5yrbands_y40_44,2023,124.44
bwa,sex_t,age_5yrbands_y40_44,2024,128.35
bwa,sex_t,age_5yrbands_y45_49,1991,23.625
bwa,sex_t,age_5yrbands_y45_49,1996,25.624
bwa,sex_t,age_5yrbands_y45_49,2001,39.013
bwa,sex_t,age_5yrbands_y45_49,2006,46.943
bwa,sex_t,age_5yrbands_y45_49,2009,52.674
bwa,sex_t,age_5yrbands_y45_49,2010,48.734
bwa,sex_t,age_5yrbands_y45_49,2011,54.01
bwa,sex_t,age_5yrbands_y45_49,2013,104.391
bwa,sex_t,age_5yrbands_y45_49,2019,72.28
bwa,sex_t,age_5yrbands_y45_49,2020,83.295
bwa,sex_t,age_5yrbands_y45_49,2021,81.791
bwa,sex_t,age_5yrbands_y45_49,2022,83.921
bwa,sex_t,age_5yrbands_y45_49,2023,90.739
bwa,sex_t,age_5yrbands_y45_49,2024,95.791
bwa,sex_t,age_5yrbands_y50_54,1991,19.231
bwa,sex_t,age_5yrbands_y50_54,1996,19.108
bwa,sex_t,age_5yrbands_y50_54,2001,25.579
bwa,sex_t,age_5yrbands_y50_54,2006,34.954
bwa,sex_t,age_5yrbands_y50_54,2009,44.438
bwa,sex_t,age_5yrbands_y50_54,2010,41.774
bwa,sex_t,age_5yrbands_y50_54,2011,38.91
bwa,sex_t,age_5yrbands_y50_54,2019,62.903
bwa,sex_t,age_5yrbands_y50_54,2020,66.65
bwa,sex_t,age_5yrbands_y50_54,2021,59.345
bwa,sex_t,age_5yrbands_y50_54,2022,62.411
bwa,sex_t,age_5yrbands_y50_54,2023,70.04
bwa,sex_t,age_5yrbands_y50_54,2024,69.718
bwa,sex_t,age_5yrbands_y55_59,1991,14.863
bwa,sex_t,age_5yrbands_y55_59,1996,13.688
bwa,sex_t,age_5yrbands_y55_59,2001,16.718
bwa,sex_t,age_5yrbands_y55_59,2006,23.548
bwa,sex_t,age_5yrbands_y55_59,2009,32.581
bwa,sex_t,age_5yrbands_y55_59,2010,31.223
bwa,sex_t,age_5yrbands_y55_59,2011,27.71
bwa,sex_t,age_5yrbands_y55_59,2013,69.639
bwa,sex_t,age_5yrbands_y55_59,2019,43.602
bwa,sex_t,age_5yrbands_y55_59,2020,47.666
bwa,sex_t,age_5yrbands_y55_59,2021,44.51
bwa,sex_t,age_5yrbands_y55_59,2022,47.783
bwa,sex_t,age_5yrbands_y55_59,2023,50.664
bwa,sex_t,age_5yrbands_y55_59,2024,52.707
bwa,sex_t,age_5yrbands_y60_64,1991,10.896
bwa,sex_t,age_5yrbands_y60_64,1996,8.385
bwa,sex_t,age_5yrbands_y60_64,2001,30.969
bwa,sex_t,age_5yrbands_y60_64,2006,14.459
bwa,sex_t,age_5yrbands_y60_64,2009,20.723
bwa,sex_t,age_5yrbands_y60_64,2010,20.066
bwa,sex_t,age_5yrbands_y60_64,2011,14.42
bwa,sex_t,age_5yrbands_y60_64,2019,31.8
bwa,sex_t,age_5yrbands_y60_64,2020,33.745
bwa,sex_t,age_5yrbands_y60_64,2021,23.868
bwa,sex_t,age_5yrbands_y60_64,2022,28.499
bwa,sex_t,age_5yrbands_y60_64,2023,37.1
bwa,sex_t,age_5yrbands_y60_64,2024,33.334
bwa,sex_t,age_5yrbands_yge65,1991,22.677
bwa,sex_t,age_5yrbands_yge65,1996,13.941
bwa,sex_t,age_5yrbands_yge65,2006,32.148
bwa,sex_t,age_5yrbands_yge65,2009,32.194
bwa,sex_t,age_5yrbands_yge65,2010,31.426
bwa,sex_t,age_5yrbands_yge65,2011,21.99
bwa,sex_t,age_5yrbands_yge65,2013,38.798
bwa,sex_t,age_5yrbands_yge65,2019,37.944
bwa,sex_t,age_5yrbands_yge65,2020,47.947
bwa,sex_t,age_5yrbands_yge65,2021,35.228
bwa,sex_t,age_5yrbands_yge65,2022,37.456
bwa,sex_t,age_5yrbands_yge65,2023,40.954
bwa,sex_t,age_5yrbands_yge65,2024,51.296
bwa,sex_t,age_aggregate_total,1985,274.853
bwa,sex_t,age_aggregate_total,1991,379.93
bwa,sex_t,age_aggregate_total,1996,342.32
bwa,sex_t,age_aggregate_total,2001,478.968
bwa,sex_t,age_aggregate_total,2006,527.07
bwa,sex_t,age_aggregate_total,2009,621.998
bwa,sex_t,age_aggregate_total,2010,579.429
bwa,sex_t,age_aggregate_total,2011,635.79
bwa,sex_t,age_aggregate_total,2013,720.296
bwa,sex_t,age_aggregate_total,2019,814.555
bwa,sex_t,age_aggregate_total,2020,853.235
bwa,sex_t,age_aggregate_total,2021,808.273
bwa,sex_t,age_aggregate_total,2022,795.425
bwa,sex_t,age_aggregate_total,2023,869.774
bwa,sex_t,age_aggregate_total,2024,861.973
bwa,sex_t,age_aggregate_y15_24,1985,64.729
bwa,sex_t,age_aggregate_y15_24,1991,91.408
bwa,sex_t,age_aggregate_y15_24,1996,63.49
bwa,sex_t,age_aggregate_y15_24,2001,84.992
bwa,sex_t,age_aggregate_y15_24,2006,98.04
bwa,sex_t,age_aggregate_y15_24,2009,90.325
bwa,sex_t,age_aggregate_y15_24,2010,84.849
bwa,sex_t,age_aggregate_y15_24,2011,86.08
bwa,sex_t,age_aggregate_y15_24,2019,94.901
bwa,sex_t,age_aggregate_y15_24,2020,89.849
bwa,sex_t,age_aggregate_y15_24,2021,86.16
bwa,sex_t,age_aggregate_y15_24,2022,83.996
bwa,sex_t,age_aggregate_y15_24,2023,96.622
bwa,sex_t,age_aggregate_y15_24,2024,93.438
bwa,sex_t,age_aggregate_y25_54,1985,153.673
bwa,sex_t,age_aggregate_y25_54,1991,232.553
bwa,sex_t,age_aggregate_y25_54,1996,242.816
bwa,sex_t,age_aggregate_y25_54,2001,343.129
bwa,sex_t,age_aggregate_y25_54,2006,358.875
bwa,sex_t,age_aggregate_y25_54,2009,446.175
bwa,sex_t,age_aggregate_y25_54,2010,411.865
bwa,sex_t,age_aggregate_y25_54,2011,485.59
bwa,sex_t,age_aggregate_y25_54,2019,606.308
bwa,sex_t,age_aggregate_y25_54,2020,634.028
bwa,sex_t,age_aggregate_y25_54,2021,618.507
bwa,sex_t,age_aggregate_y25_54,2022,597.691
bwa,sex_t,age_aggregate_y25_54,2023,644.433
bwa,sex_t,age_aggregate_y25_54,2024,631.198
bwa,sex_t,age_aggregate_y55_64,1985,26.239
bwa,sex_t,age_aggregate_y55_64,1991,25.759
bwa,sex_t,age_aggregate_y55_64,1996,22.073
bwa,sex_t,age_aggregate_y55_64,2001,47.687
bwa,sex_t,age_aggregate_y55_64,2006,38.008
bwa,sex_t,age_aggregate_y55_64,2009,53.304
bwa,sex_t,age_aggregate_y55_64,2010,51.289
bwa,sex_t,age_aggregate_y55_64,2011,42.13
bwa,sex_t,age_aggregate_y55_64,2019,75.402
bwa,sex_t,age_aggregate_y55_64,2020,81.411
bwa,sex_t,age_aggregate_y55_64,2021,68.378
bwa,sex_t,age_aggregate_y55_64,2022,76.282
bwa,sex_t,age_aggregate_y55_64,2023,87.765
bwa,sex_t,age_aggregate_y55_64,2024,86.041
bwa,sex_t,age_aggregate_yge65,1985,21.958
bwa,sex_t,age_aggregate_yge65,1991,22.677
bwa,sex_t,age_aggregate_yge65,1996,13.941
bwa,sex_t,age_aggregate_yge65,2001,3.16
bwa,sex_t,age_aggregate_yge65,2006,32.148
bwa,sex_t,age_aggregate_yge65,2009,32.194
bwa,sex_t,age_aggregate_yge65,2010,31.426
bwa,sex_t,age_aggregate_yge65,2011,21.99
bwa,sex_t,age_aggregate_yge65,2013,38.798
bwa,sex_t,age_aggregate_yge65,2019,37.944
bwa,sex_t,age_aggregate_yge65,2020,47.947
bwa,sex_t,age_aggregate_yge65,2021,35.228
bwa,sex_t,age_aggregate_yge65,2022,37.456
bwa,sex_t,age_aggregate_yge65,2023,40.954
bwa,sex_t,age_aggregate_yge65,2024,51.296
bwa,sex_t,age_ythadult_y15_24,1985,64.729
bwa,sex_t,age_ythadult_y15_24,1991,91.408
bwa,sex_t,age_ythadult_y15_24,1996,63.49
bwa,sex_t,age_ythadult_y15_24,2001,84.992
bwa,sex_t,age_ythadult_y15_24,2006,98.04
bwa,sex_t,age_ythadult_y15_24,2009,90.325
bwa,sex_t,age_ythadult_y15_24,2010,84.849
bwa,sex_t,age_ythadult_y15_24,2011,86.08
bwa,sex_t,age_ythadult_y15_24,2019,94.901
bwa,sex_t,age_ythadult_y15_24,2020,89.849
bwa,sex_t,age_ythadult_y15_24,2021,86.16
bwa,sex_t,age_ythadult_y15_24,2022,83.996
bwa,sex_t,age_ythadult_y15_24,2023,96.622
bwa,sex_t,age_ythadult_y15_24,2024,93.438
bwa,sex_t,age_ythadult_y15_64,1985,244.641
bwa,sex_t,age_ythadult_y15_64,1991,349.72
bwa,sex_t,age_ythadult_y15_64,1996,328.379
bwa,sex_t,age_ythadult_y15_64,2001,475.808
bwa,sex_t,age_ythadult_y15_64,2006,494.922
bwa,sex_t,age_ythadult_y15_64,2009,589.804
bwa,sex_t,age_ythadult_y15_64,2010,548.003
bwa,sex_t,age_ythadult_y15_64,2011,613.8
bwa,sex_t,age_ythadult_y15_64,2019,776.611
bwa,sex_t,age_ythadult_y15_64,2020,805.287
bwa,sex_t,age_ythadult_y15_64,2021,773.045
bwa,sex_t,age_ythadult_y15_64,2022,757.97
bwa,sex_t,age_ythadult_y15_64,2023,828.82
bwa,sex_t,age_ythadult_y15_64,2024,810.677
bwa,sex_t,age_ythadult_yge15,1985,274.853
bwa,sex_t,age_ythadult_yge15,1991,379.93
bwa,sex_t,age_ythadult_yge15,1994,368.619
bwa,sex_t,age_ythadult_yge15,1996,342.32
bwa,sex_t,age_ythadult_yge15,1998,441.187
bwa,sex_t,age_ythadult_yge15,2000,483.432
bwa,sex_t,age_ythadult_yge15,2001,478.968
bwa,sex_t,age_ythadult_yge15,2003,462.366
bwa,sex_t,age_ythadult_yge15,2006,527.07
bwa,sex_t,age_ythadult_yge15,2009,621.998
bwa,sex_t,age_ythadult_yge15,2010,579.429
bwa,sex_t,age_ythadult_yge15,2011,635.79
bwa,sex_t,age_ythadult_yge15,2013,720.296
bwa,sex_t,age_ythadult_yge15,2019,814.555
bwa,sex_t,age_ythadult_yge15,2020,853.235
bwa,sex_t,age_ythadult_yge15,2021,808.273
bwa,sex_t,age_ythadult_yge15,2022,795.425
bwa,sex_t,age_ythadult_yge15,2023,869.774
bwa,sex_t,age_ythadult_yge15,2024,861.973
bwa,sex_t,age_ythadult_yge25,1985,201.87
bwa,sex_t,age_ythadult_yge25,1991,280.989
bwa,sex_t,age_ythadult_yge25,1996,278.83
bwa,sex_t,age_ythadult_yge25,2001,393.976
bwa,sex_t,age_ythadult_yge25,2006,429.03
bwa,sex_t,age_ythadult_yge25,2009,531.673
bwa,sex_t,age_ythadult_yge25,2010,494.58
bwa,sex_t,age_ythadult_yge25,2011,549.71
bwa,sex_t,age_ythadult_yge25,2019,719.654
bwa,sex_t,age_ythadult_yge25,2020,763.386
bwa,sex_t,age_ythadult_yge25,2021,722.113
bwa,sex_t,age_ythadult_yge25,2022,711.429
bwa,sex_t,age_ythadult_yge25,2023,773.152
bwa,sex_t,age_ythadult_yge25,2024,768.536
