ref_area,sex,classif1,classif2,time,emp_nifl_sex_age_ocu_nb
mwi,sex_f,age_10yrbands_total,ocu_skill_l1,2013,576.988
mwi,sex_f,age_10yrbands_total,ocu_skill_l1,2024,645.388
mwi,sex_f,age_10yrbands_total,ocu_skill_l2,2013,1927.922
mwi,sex_f,age_10yrbands_total,ocu_skill_l2,2024,1235.326
mwi,sex_f,age_10yrbands_total,ocu_skill_l3_4,2013,24.612
mwi,sex_f,age_10yrbands_total,ocu_skill_l3_4,2024,370.116
mwi,sex_f,age_10yrbands_total,ocu_skill_total,2013,2746.602
mwi,sex_f,age_10yrbands_total,ocu_skill_total,2024,2253.166
mwi,sex_f,age_10yrbands_total,ocu_skill_x,2013,217.08
mwi,sex_f,age_10yrbands_total,ocu_skill_x,2024,2.336
mwi,sex_f,age_10yrbands_y15_24,ocu_skill_l1,2013,189.042
mwi,sex_f,age_10yrbands_y15_24,ocu_skill_l1,2024,177.065
mwi,sex_f,age_10yrbands_y15_24,ocu_skill_l2,2013,566.36
mwi,sex_f,age_10yrbands_y15_24,ocu_skill_l2,2024,335.485
mwi,sex_f,age_10yrbands_y15_24,ocu_skill_l3_4,2013,6.318
mwi,sex_f,age_10yrbands_y15_24,ocu_skill_l3_4,2024,91.374
mwi,sex_f,age_10yrbands_y15_24,ocu_skill_total,2013,817.924
mwi,sex_f,age_10yrbands_y15_24,ocu_skill_total,2024,604.2
mwi,sex_f,age_10yrbands_y15_24,ocu_skill_x,2013,56.205
mwi,sex_f,age_10yrbands_y25_34,ocu_skill_l1,2013,168.603
mwi,sex_f,age_10yrbands_y25_34,ocu_skill_l1,2024,177.87
mwi,sex_f,age_10yrbands_y25_34,ocu_skill_l2,2013,557.36
mwi,sex_f,age_10yrbands_y25_34,ocu_skill_l2,2024,320.631
mwi,sex_f,age_10yrbands_y25_34,ocu_skill_l3_4,2013,6.097
mwi,sex_f,age_10yrbands_y25_34,ocu_skill_l3_4,2024,103.237
mwi,sex_f,age_10yrbands_y25_34,ocu_skill_total,2013,797.94
mwi,sex_f,age_10yrbands_y25_34,ocu_skill_total,2024,602.033
mwi,sex_f,age_10yrbands_y25_34,ocu_skill_x,2013,65.879
mwi,sex_f,age_10yrbands_y25_34,ocu_skill_x,2024,0.295
mwi,sex_f,age_10yrbands_y35_44,ocu_skill_l1,2013,102.908
mwi,sex_f,age_10yrbands_y35_44,ocu_skill_l1,2024,150.661
mwi,sex_f,age_10yrbands_y35_44,ocu_skill_l2,2013,357.492
mwi,sex_f,age_10yrbands_y35_44,ocu_skill_l2,2024,292.274
mwi,sex_f,age_10yrbands_y35_44,ocu_skill_l3_4,2013,9.446
mwi,sex_f,age_10yrbands_y35_44,ocu_skill_l3_4,2024,95.387
mwi,sex_f,age_10yrbands_y35_44,ocu_skill_total,2013,502.674
mwi,sex_f,age_10yrbands_y35_44,ocu_skill_total,2024,539.068
mwi,sex_f,age_10yrbands_y35_44,ocu_skill_x,2013,32.828
mwi,sex_f,age_10yrbands_y35_44,ocu_skill_x,2024,0.746
mwi,sex_f,age_10yrbands_y45_54,ocu_skill_l1,2013,51.569
mwi,sex_f,age_10yrbands_y45_54,ocu_skill_l1,2024,98.707
mwi,sex_f,age_10yrbands_y45_54,ocu_skill_l2,2013,220.707
mwi,sex_f,age_10yrbands_y45_54,ocu_skill_l2,2024,186.371
mwi,sex_f,age_10yrbands_y45_54,ocu_skill_l3_4,2013,1.719
mwi,sex_f,age_10yrbands_y45_54,ocu_skill_l3_4,2024,55.871
mwi,sex_f,age_10yrbands_y45_54,ocu_skill_total,2013,298.062
mwi,sex_f,age_10yrbands_y45_54,ocu_skill_total,2024,341.969
mwi,sex_f,age_10yrbands_y45_54,ocu_skill_x,2013,24.066
mwi,sex_f,age_10yrbands_y45_54,ocu_skill_x,2024,1.02
mwi,sex_f,age_10yrbands_y55_64,ocu_skill_l1,2013,43.87
mwi,sex_f,age_10yrbands_y55_64,ocu_skill_l1,2024,41.086
mwi,sex_f,age_10yrbands_y55_64,ocu_skill_l2,2013,125.794
mwi,sex_f,age_10yrbands_y55_64,ocu_skill_l2,2024,100.564
mwi,sex_f,age_10yrbands_y55_64,ocu_skill_l3_4,2024,24.246
mwi,sex_f,age_10yrbands_y55_64,ocu_skill_total,2013,185.847
mwi,sex_f,age_10yrbands_y55_64,ocu_skill_total,2024,165.895
mwi,sex_f,age_10yrbands_y55_64,ocu_skill_x,2013,15.265
mwi,sex_f,age_10yrbands_yge65,ocu_skill_l1,2013,20.996
mwi,sex_f,age_10yrbands_yge65,ocu_skill_l2,2013,100.208
mwi,sex_f,age_10yrbands_yge65,ocu_skill_total,2013,144.154
mwi,sex_f,age_10yrbands_yge65,ocu_skill_x,2013,22.837
mwi,sex_f,age_aggregate_total,ocu_isco08_0,2024,2.336
mwi,sex_f,age_aggregate_total,ocu_isco08_1,2024,277.863
mwi,sex_f,age_aggregate_total,ocu_isco08_2,2013,23.525
mwi,sex_f,age_aggregate_total,ocu_isco08_2,2024,59.082
mwi,sex_f,age_aggregate_total,ocu_isco08_3,2024,33.171
mwi,sex_f,age_aggregate_total,ocu_isco08_4,2013,7.19
mwi,sex_f,age_aggregate_total,ocu_isco08_4,2024,6.595
mwi,sex_f,age_aggregate_total,ocu_isco08_5,2013,409.286
mwi,sex_f,age_aggregate_total,ocu_isco08_5,2024,513.93
mwi,sex_f,age_aggregate_total,ocu_isco08_6,2013,1393.381
mwi,sex_f,age_aggregate_total,ocu_isco08_6,2024,631.796
mwi,sex_f,age_aggregate_total,ocu_isco08_7,2013,24.945
mwi,sex_f,age_aggregate_total,ocu_isco08_7,2024,71.914
mwi,sex_f,age_aggregate_total,ocu_isco08_8,2013,93.119
mwi,sex_f,age_aggregate_total,ocu_isco08_8,2024,11.091
mwi,sex_f,age_aggregate_total,ocu_isco08_9,2013,576.988
mwi,sex_f,age_aggregate_total,ocu_isco08_9,2024,645.388
mwi,sex_f,age_aggregate_total,ocu_isco08_total,2013,2746.602
mwi,sex_f,age_aggregate_total,ocu_isco08_total,2024,2253.166
mwi,sex_f,age_aggregate_total,ocu_isco08_x,2013,217.08
mwi,sex_f,age_aggregate_total,ocu_skill_l1,2013,576.988
mwi,sex_f,age_aggregate_total,ocu_skill_l1,2024,645.388
mwi,sex_f,age_aggregate_total,ocu_skill_l2,2013,1927.922
mwi,sex_f,age_aggregate_total,ocu_skill_l2,2024,1235.326
mwi,sex_f,age_aggregate_total,ocu_skill_l3_4,2013,24.612
mwi,sex_f,age_aggregate_total,ocu_skill_l3_4,2024,370.116
mwi,sex_f,age_aggregate_total,ocu_skill_total,2013,2746.602
mwi,sex_f,age_aggregate_total,ocu_skill_total,2024,2253.166
mwi,sex_f,age_aggregate_total,ocu_skill_x,2013,217.08
mwi,sex_f,age_aggregate_total,ocu_skill_x,2024,2.336
mwi,sex_f,age_aggregate_y15_24,ocu_isco08_1,2024,70.745
mwi,sex_f,age_aggregate_y15_24,ocu_isco08_2,2013,5.954
mwi,sex_f,age_aggregate_y15_24,ocu_isco08_2,2024,12.796
mwi,sex_f,age_aggregate_y15_24,ocu_isco08_3,2024,7.833
mwi,sex_f,age_aggregate_y15_24,ocu_isco08_4,2013,1.005
mwi,sex_f,age_aggregate_y15_24,ocu_isco08_4,2024,1.711
mwi,sex_f,age_aggregate_y15_24,ocu_isco08_5,2013,105.841
mwi,sex_f,age_aggregate_y15_24,ocu_isco08_5,2024,120.091
mwi,sex_f,age_aggregate_y15_24,ocu_isco08_6,2013,433.078
mwi,sex_f,age_aggregate_y15_24,ocu_isco08_6,2024,187.365
mwi,sex_f,age_aggregate_y15_24,ocu_isco08_7,2013,5.13
mwi,sex_f,age_aggregate_y15_24,ocu_isco08_7,2024,22.388
mwi,sex_f,age_aggregate_y15_24,ocu_isco08_8,2013,21.305
mwi,sex_f,age_aggregate_y15_24,ocu_isco08_8,2024,3.93
mwi,sex_f,age_aggregate_y15_24,ocu_isco08_9,2013,189.042
mwi,sex_f,age_aggregate_y15_24,ocu_isco08_9,2024,177.065
mwi,sex_f,age_aggregate_y15_24,ocu_isco08_total,2013,817.924
mwi,sex_f,age_aggregate_y15_24,ocu_isco08_total,2024,604.2
mwi,sex_f,age_aggregate_y15_24,ocu_isco08_x,2013,56.205
mwi,sex_f,age_aggregate_y15_24,ocu_skill_l1,2013,189.042
mwi,sex_f,age_aggregate_y15_24,ocu_skill_l1,2024,177.065
mwi,sex_f,age_aggregate_y15_24,ocu_skill_l2,2013,566.36
mwi,sex_f,age_aggregate_y15_24,ocu_skill_l2,2024,335.485
mwi,sex_f,age_aggregate_y15_24,ocu_skill_l3_4,2013,6.318
mwi,sex_f,age_aggregate_y15_24,ocu_skill_l3_4,2024,91.374
mwi,sex_f,age_aggregate_y15_24,ocu_skill_total,2013,817.924
mwi,sex_f,age_aggregate_y15_24,ocu_skill_total,2024,604.2
mwi,sex_f,age_aggregate_y15_24,ocu_skill_x,2013,56.205
mwi,sex_f,age_aggregate_y25_54,ocu_isco08_0,2024,2.06
mwi,sex_f,age_aggregate_y25_54,ocu_isco08_1,2024,188.841
mwi,sex_f,age_aggregate_y25_54,ocu_isco08_2,2013,16.539
mwi,sex_f,age_aggregate_y25_54,ocu_isco08_2,2024,43.033
mwi,sex_f,age_aggregate_y25_54,ocu_isco08_3,2024,22.621
mwi,sex_f,age_aggregate_y25_54,ocu_isco08_4,2013,6.128
mwi,sex_f,age_aggregate_y25_54,ocu_isco08_4,2024,4.77
mwi,sex_f,age_aggregate_y25_54,ocu_isco08_5,2013,278.461
mwi,sex_f,age_aggregate_y25_54,ocu_isco08_5,2024,362.073
mwi,sex_f,age_aggregate_y25_54,ocu_isco08_6,2013,772.75
mwi,sex_f,age_aggregate_y25_54,ocu_isco08_6,2024,379.011
mwi,sex_f,age_aggregate_y25_54,ocu_isco08_7,2013,18.179
mwi,sex_f,age_aggregate_y25_54,ocu_isco08_7,2024,46.768
mwi,sex_f,age_aggregate_y25_54,ocu_isco08_8,2013,60.041
mwi,sex_f,age_aggregate_y25_54,ocu_isco08_8,2024,6.655
mwi,sex_f,age_aggregate_y25_54,ocu_isco08_9,2013,323.08
mwi,sex_f,age_aggregate_y25_54,ocu_isco08_9,2024,427.238
mwi,sex_f,age_aggregate_y25_54,ocu_isco08_total,2013,1598.676
mwi,sex_f,age_aggregate_y25_54,ocu_isco08_total,2024,1483.07
mwi,sex_f,age_aggregate_y25_54,ocu_isco08_x,2013,122.774
mwi,sex_f,age_aggregate_y25_54,ocu_skill_l1,2013,323.08
mwi,sex_f,age_aggregate_y25_54,ocu_skill_l1,2024,427.238
mwi,sex_f,age_aggregate_y25_54,ocu_skill_l2,2013,1135.559
mwi,sex_f,age_aggregate_y25_54,ocu_skill_l2,2024,799.277
mwi,sex_f,age_aggregate_y25_54,ocu_skill_l3_4,2013,17.263
mwi,sex_f,age_aggregate_y25_54,ocu_skill_l3_4,2024,254.496
mwi,sex_f,age_aggregate_y25_54,ocu_skill_total,2013,1598.676
mwi,sex_f,age_aggregate_y25_54,ocu_skill_total,2024,1483.07
mwi,sex_f,age_aggregate_y25_54,ocu_skill_x,2013,122.774
mwi,sex_f,age_aggregate_y25_54,ocu_skill_x,2024,2.06
mwi,sex_f,age_aggregate_y55_64,ocu_isco08_1,2024,18.276
mwi,sex_f,age_aggregate_y55_64,ocu_isco08_2,2024,3.253
mwi,sex_f,age_aggregate_y55_64,ocu_isco08_3,2024,2.716
mwi,sex_f,age_aggregate_y55_64,ocu_isco08_5,2013,15.217
mwi,sex_f,age_aggregate_y55_64,ocu_isco08_5,2024,31.766
mwi,sex_f,age_aggregate_y55_64,ocu_isco08_6,2013,100.329
mwi,sex_f,age_aggregate_y55_64,ocu_isco08_6,2024,65.419
mwi,sex_f,age_aggregate_y55_64,ocu_isco08_7,2024,2.758
mwi,sex_f,age_aggregate_y55_64,ocu_isco08_8,2013,8.929
mwi,sex_f,age_aggregate_y55_64,ocu_isco08_8,2024,0.506
mwi,sex_f,age_aggregate_y55_64,ocu_isco08_9,2013,43.87
mwi,sex_f,age_aggregate_y55_64,ocu_isco08_9,2024,41.086
mwi,sex_f,age_aggregate_y55_64,ocu_isco08_total,2013,185.847
mwi,sex_f,age_aggregate_y55_64,ocu_isco08_total,2024,165.895
mwi,sex_f,age_aggregate_y55_64,ocu_isco08_x,2013,15.265
mwi,sex_f,age_aggregate_y55_64,ocu_skill_l1,2013,43.87
mwi,sex_f,age_aggregate_y55_64,ocu_skill_l1,2024,41.086
mwi,sex_f,age_aggregate_y55_64,ocu_skill_l2,2013,125.794
mwi,sex_f,age_aggregate_y55_64,ocu_skill_l2,2024,100.564
mwi,sex_f,age_aggregate_y55_64,ocu_skill_l3_4,2024,24.246
mwi,sex_f,age_aggregate_y55_64,ocu_skill_total,2013,185.847
mwi,sex_f,age_aggregate_y55_64,ocu_skill_total,2024,165.895
mwi,sex_f,age_aggregate_y55_64,ocu_skill_x,2013,15.265
mwi,sex_f,age_aggregate_yge65,ocu_isco08_5,2013,9.768
mwi,sex_f,age_aggregate_yge65,ocu_isco08_6,2013,87.224
mwi,sex_f,age_aggregate_yge65,ocu_isco08_8,2013,2.843
mwi,sex_f,age_aggregate_yge65,ocu_isco08_9,2013,20.996
mwi,sex_f,age_aggregate_yge65,ocu_isco08_total,2013,144.154
mwi,sex_f,age_aggregate_yge65,ocu_isco08_x,2013,22.837
mwi,sex_f,age_aggregate_yge65,ocu_skill_l1,2013,20.996
mwi,sex_f,age_aggregate_yge65,ocu_skill_l2,2013,100.208
mwi,sex_f,age_aggregate_yge65,ocu_skill_total,2013,144.154
mwi,sex_f,age_aggregate_yge65,ocu_skill_x,2013,22.837
mwi,sex_f,age_ythadult_y15_24,ocu_isco08_1,2024,70.745
mwi,sex_f,age_ythadult_y15_24,ocu_isco08_2,2013,5.954
mwi,sex_f,age_ythadult_y15_24,ocu_isco08_2,2024,12.796
mwi,sex_f,age_ythadult_y15_24,ocu_isco08_3,2024,7.833
mwi,sex_f,age_ythadult_y15_24,ocu_isco08_4,2013,1.005
mwi,sex_f,age_ythadult_y15_24,ocu_isco08_4,2024,1.711
mwi,sex_f,age_ythadult_y15_24,ocu_isco08_5,2013,105.841
mwi,sex_f,age_ythadult_y15_24,ocu_isco08_5,2024,120.091
mwi,sex_f,age_ythadult_y15_24,ocu_isco08_6,2013,433.078
mwi,sex_f,age_ythadult_y15_24,ocu_isco08_6,2024,187.365
mwi,sex_f,age_ythadult_y15_24,ocu_isco08_7,2013,5.13
mwi,sex_f,age_ythadult_y15_24,ocu_isco08_7,2024,22.388
mwi,sex_f,age_ythadult_y15_24,ocu_isco08_8,2013,21.305
mwi,sex_f,age_ythadult_y15_24,ocu_isco08_8,2024,3.93
mwi,sex_f,age_ythadult_y15_24,ocu_isco08_9,2013,189.042
mwi,sex_f,age_ythadult_y15_24,ocu_isco08_9,2024,177.065
mwi,sex_f,age_ythadult_y15_24,ocu_isco08_total,2013,817.924
mwi,sex_f,age_ythadult_y15_24,ocu_isco08_total,2024,604.2
mwi,sex_f,age_ythadult_y15_24,ocu_isco08_x,2013,56.205
mwi,sex_f,age_ythadult_y15_24,ocu_skill_l1,2013,189.042
mwi,sex_f,age_ythadult_y15_24,ocu_skill_l1,2024,177.065
mwi,sex_f,age_ythadult_y15_24,ocu_skill_l2,2013,566.36
mwi,sex_f,age_ythadult_y15_24,ocu_skill_l2,2024,335.485
mwi,sex_f,age_ythadult_y15_24,ocu_skill_l3_4,2013,6.318
mwi,sex_f,age_ythadult_y15_24,ocu_skill_l3_4,2024,91.374
mwi,sex_f,age_ythadult_y15_24,ocu_skill_total,2013,817.924
mwi,sex_f,age_ythadult_y15_24,ocu_skill_total,2024,604.2
mwi,sex_f,age_ythadult_y15_24,ocu_skill_x,2013,56.205
mwi,sex_f,age_ythadult_y15_64,ocu_isco08_0,2024,2.336
mwi,sex_f,age_ythadult_y15_64,ocu_isco08_1,2013,0.417
mwi,sex_f,age_ythadult_y15_64,ocu_isco08_1,2024,277.863
mwi,sex_f,age_ythadult_y15_64,ocu_isco08_2,2013,23.411
mwi,sex_f,age_ythadult_y15_64,ocu_isco08_2,2024,59.082
mwi,sex_f,age_ythadult_y15_64,ocu_isco08_3,2013,0.671
mwi,sex_f,age_ythadult_y15_64,ocu_isco08_3,2024,33.171
mwi,sex_f,age_ythadult_y15_64,ocu_isco08_4,2013,7.19
mwi,sex_f,age_ythadult_y15_64,ocu_isco08_4,2024,6.595
mwi,sex_f,age_ythadult_y15_64,ocu_isco08_5,2013,399.519
mwi,sex_f,age_ythadult_y15_64,ocu_isco08_5,2024,513.93
mwi,sex_f,age_ythadult_y15_64,ocu_isco08_6,2013,1306.157
mwi,sex_f,age_ythadult_y15_64,ocu_isco08_6,2024,631.796
mwi,sex_f,age_ythadult_y15_64,ocu_isco08_7,2013,24.572
mwi,sex_f,age_ythadult_y15_64,ocu_isco08_7,2024,71.914
mwi,sex_f,age_ythadult_y15_64,ocu_isco08_8,2013,90.276
mwi,sex_f,age_ythadult_y15_64,ocu_isco08_8,2024,11.091
mwi,sex_f,age_ythadult_y15_64,ocu_isco08_9,2013,555.992
mwi,sex_f,age_ythadult_y15_64,ocu_isco08_9,2024,645.388
mwi,sex_f,age_ythadult_y15_64,ocu_isco08_total,2013,2602.448
mwi,sex_f,age_ythadult_y15_64,ocu_isco08_total,2024,2253.166
mwi,sex_f,age_ythadult_y15_64,ocu_isco08_x,2013,194.243
mwi,sex_f,age_ythadult_y15_64,ocu_skill_l1,2013,555.992
mwi,sex_f,age_ythadult_y15_64,ocu_skill_l1,2024,645.388
mwi,sex_f,age_ythadult_y15_64,ocu_skill_l2,2013,1827.713
mwi,sex_f,age_ythadult_y15_64,ocu_skill_l2,2024,1235.326
mwi,sex_f,age_ythadult_y15_64,ocu_skill_l3_4,2013,24.499
mwi,sex_f,age_ythadult_y15_64,ocu_skill_l3_4,2024,370.116
mwi,sex_f,age_ythadult_y15_64,ocu_skill_total,2013,2602.448
mwi,sex_f,age_ythadult_y15_64,ocu_skill_total,2024,2253.166
mwi,sex_f,age_ythadult_y15_64,ocu_skill_x,2013,194.243
mwi,sex_f,age_ythadult_y15_64,ocu_skill_x,2024,2.336
mwi,sex_f,age_ythadult_yge15,ocu_isco08_0,2024,2.336
mwi,sex_f,age_ythadult_yge15,ocu_isco08_1,2024,277.863
mwi,sex_f,age_ythadult_yge15,ocu_isco08_2,2013,23.525
mwi,sex_f,age_ythadult_yge15,ocu_isco08_2,2024,59.082
mwi,sex_f,age_ythadult_yge15,ocu_isco08_3,2024,33.171
mwi,sex_f,age_ythadult_yge15,ocu_isco08_4,2013,7.19
mwi,sex_f,age_ythadult_yge15,ocu_isco08_4,2024,6.595
mwi,sex_f,age_ythadult_yge15,ocu_isco08_5,2013,409.286
mwi,sex_f,age_ythadult_yge15,ocu_isco08_5,2024,513.93
mwi,sex_f,age_ythadult_yge15,ocu_isco08_6,2013,1393.381
mwi,sex_f,age_ythadult_yge15,ocu_isco08_6,2024,631.796
mwi,sex_f,age_ythadult_yge15,ocu_isco08_7,2013,24.945
mwi,sex_f,age_ythadult_yge15,ocu_isco08_7,2024,71.914
mwi,sex_f,age_ythadult_yge15,ocu_isco08_8,2013,93.119
mwi,sex_f,age_ythadult_yge15,ocu_isco08_8,2024,11.091
mwi,sex_f,age_ythadult_yge15,ocu_isco08_9,2013,576.988
mwi,sex_f,age_ythadult_yge15,ocu_isco08_9,2024,645.388
mwi,sex_f,age_ythadult_yge15,ocu_isco08_total,2013,2746.602
mwi,sex_f,age_ythadult_yge15,ocu_isco08_total,2024,2253.166
mwi,sex_f,age_ythadult_yge15,ocu_isco08_x,2013,217.08
mwi,sex_f,age_ythadult_yge15,ocu_skill_l1,2013,576.988
mwi,sex_f,age_ythadult_yge15,ocu_skill_l1,2024,645.388
mwi,sex_f,age_ythadult_yge15,ocu_skill_l2,2013,1927.922
mwi,sex_f,age_ythadult_yge15,ocu_skill_l2,2024,1235.326
mwi,sex_f,age_ythadult_yge15,ocu_skill_l3_4,2013,24.612
mwi,sex_f,age_ythadult_yge15,ocu_skill_l3_4,2024,370.116
mwi,sex_f,age_ythadult_yge15,ocu_skill_total,2013,2746.602
mwi,sex_f,age_ythadult_yge15,ocu_skill_total,2024,2253.166
mwi,sex_f,age_ythadult_yge15,ocu_skill_x,2013,217.08
mwi,sex_f,age_ythadult_yge15,ocu_skill_x,2024,2.336
mwi,sex_f,age_ythadult_yge25,ocu_isco08_0,2024,2.06
mwi,sex_f,age_ythadult_yge25,ocu_isco08_1,2024,207.118
mwi,sex_f,age_ythadult_yge25,ocu_isco08_2,2013,17.571
mwi,sex_f,age_ythadult_yge25,ocu_isco08_2,2024,46.286
mwi,sex_f,age_ythadult_yge25,ocu_isco08_3,2024,25.337
mwi,sex_f,age_ythadult_yge25,ocu_isco08_4,2013,6.184
mwi,sex_f,age_ythadult_yge25,ocu_isco08_4,2024,4.884
mwi,sex_f,age_ythadult_yge25,ocu_isco08_5,2013,303.446
mwi,sex_f,age_ythadult_yge25,ocu_isco08_5,2024,393.839
mwi,sex_f,age_ythadult_yge25,ocu_isco08_6,2013,960.303
mwi,sex_f,age_ythadult_yge25,ocu_isco08_6,2024,444.43
mwi,sex_f,age_ythadult_yge25,ocu_isco08_7,2013,19.815
mwi,sex_f,age_ythadult_yge25,ocu_isco08_7,2024,49.526
mwi,sex_f,age_ythadult_yge25,ocu_isco08_8,2013,71.814
mwi,sex_f,age_ythadult_yge25,ocu_isco08_8,2024,7.161
mwi,sex_f,age_ythadult_yge25,ocu_isco08_9,2013,387.946
mwi,sex_f,age_ythadult_yge25,ocu_isco08_9,2024,468.324
mwi,sex_f,age_ythadult_yge25,ocu_isco08_total,2013,1928.678
mwi,sex_f,age_ythadult_yge25,ocu_isco08_total,2024,1648.966
mwi,sex_f,age_ythadult_yge25,ocu_isco08_x,2013,160.875
mwi,sex_f,age_ythadult_yge25,ocu_skill_l1,2013,387.946
mwi,sex_f,age_ythadult_yge25,ocu_skill_l1,2024,468.324
mwi,sex_f,age_ythadult_yge25,ocu_skill_l2,2013,1361.562
mwi,sex_f,age_ythadult_yge25,ocu_skill_l2,2024,899.84
mwi,sex_f,age_ythadult_yge25,ocu_skill_l3_4,2013,18.294
mwi,sex_f,age_ythadult_yge25,ocu_skill_l3_4,2024,278.741
mwi,sex_f,age_ythadult_yge25,ocu_skill_total,2013,1928.678
mwi,sex_f,age_ythadult_yge25,ocu_skill_total,2024,1648.966
mwi,sex_f,age_ythadult_yge25,ocu_skill_x,2013,160.875
mwi,sex_f,age_ythadult_yge25,ocu_skill_x,2024,2.06
mwi,sex_m,age_10yrbands_total,ocu_skill_l1,2013,580.4
mwi,sex_m,age_10yrbands_total,ocu_skill_l1,2024,622.846
mwi,sex_m,age_10yrbands_total,ocu_skill_l2,2013,1745.629
mwi,sex_m,age_10yrbands_total,ocu_skill_l2,2024,1339.709
mwi,sex_m,age_10yrbands_total,ocu_skill_l3_4,2013,44.101
mwi,sex_m,age_10yrbands_total,ocu_skill_l3_4,2024,409.119
mwi,sex_m,age_10yrbands_total,ocu_skill_total,2013,2489.833
mwi,sex_m,age_10yrbands_total,ocu_skill_total,2024,2378.77
mwi,sex_m,age_10yrbands_total,ocu_skill_x,2013,119.703
mwi,sex_m,age_10yrbands_total,ocu_skill_x,2024,7.096
mwi,sex_m,age_10yrbands_y15_24,ocu_skill_l1,2013,217.198
mwi,sex_m,age_10yrbands_y15_24,ocu_skill_l1,2024,218.792
mwi,sex_m,age_10yrbands_y15_24,ocu_skill_l2,2013,490.984
mwi,sex_m,age_10yrbands_y15_24,ocu_skill_l2,2024,382.356
mwi,sex_m,age_10yrbands_y15_24,ocu_skill_l3_4,2013,8.423
mwi,sex_m,age_10yrbands_y15_24,ocu_skill_l3_4,2024,116.356
mwi,sex_m,age_10yrbands_y15_24,ocu_skill_total,2013,757.737
mwi,sex_m,age_10yrbands_y15_24,ocu_skill_total,2024,718.186
mwi,sex_m,age_10yrbands_y15_24,ocu_skill_x,2013,41.132
mwi,sex_m,age_10yrbands_y15_24,ocu_skill_x,2024,0.683
mwi,sex_m,age_10yrbands_y25_34,ocu_skill_l1,2013,156.43
mwi,sex_m,age_10yrbands_y25_34,ocu_skill_l1,2024,171.245
mwi,sex_m,age_10yrbands_y25_34,ocu_skill_l2,2013,512.274
mwi,sex_m,age_10yrbands_y25_34,ocu_skill_l2,2024,364.617
mwi,sex_m,age_10yrbands_y25_34,ocu_skill_l3_4,2013,13.983
mwi,sex_m,age_10yrbands_y25_34,ocu_skill_l3_4,2024,115.389
mwi,sex_m,age_10yrbands_y25_34,ocu_skill_total,2013,714.578
mwi,sex_m,age_10yrbands_y25_34,ocu_skill_total,2024,654.101
mwi,sex_m,age_10yrbands_y25_34,ocu_skill_x,2013,31.891
mwi,sex_m,age_10yrbands_y25_34,ocu_skill_x,2024,2.85
mwi,sex_m,age_10yrbands_y35_44,ocu_skill_l1,2013,99.883
mwi,sex_m,age_10yrbands_y35_44,ocu_skill_l1,2024,119.58
mwi,sex_m,age_10yrbands_y35_44,ocu_skill_l2,2013,360.074
mwi,sex_m,age_10yrbands_y35_44,ocu_skill_l2,2024,287.714
mwi,sex_m,age_10yrbands_y35_44,ocu_skill_l3_4,2013,11.48
mwi,sex_m,age_10yrbands_y35_44,ocu_skill_l3_4,2024,88.248
mwi,sex_m,age_10yrbands_y35_44,ocu_skill_total,2013,489.878
mwi,sex_m,age_10yrbands_y35_44,ocu_skill_total,2024,497.158
mwi,sex_m,age_10yrbands_y35_44,ocu_skill_x,2013,18.441
mwi,sex_m,age_10yrbands_y35_44,ocu_skill_x,2024,1.616
mwi,sex_m,age_10yrbands_y45_54,ocu_skill_l1,2013,49.608
mwi,sex_m,age_10yrbands_y45_54,ocu_skill_l1,2024,79.746
mwi,sex_m,age_10yrbands_y45_54,ocu_skill_l2,2013,173.191
mwi,sex_m,age_10yrbands_y45_54,ocu_skill_l2,2024,198.21
mwi,sex_m,age_10yrbands_y45_54,ocu_skill_l3_4,2013,6.059
mwi,sex_m,age_10yrbands_y45_54,ocu_skill_l3_4,2024,58.199
mwi,sex_m,age_10yrbands_y45_54,ocu_skill_total,2013,237.74
mwi,sex_m,age_10yrbands_y45_54,ocu_skill_total,2024,337.118
mwi,sex_m,age_10yrbands_y45_54,ocu_skill_x,2013,8.882
mwi,sex_m,age_10yrbands_y45_54,ocu_skill_x,2024,0.963
mwi,sex_m,age_10yrbands_y55_64,ocu_skill_l1,2013,28.907
mwi,sex_m,age_10yrbands_y55_64,ocu_skill_l1,2024,33.484
mwi,sex_m,age_10yrbands_y55_64,ocu_skill_l2,2013,106.756
mwi,sex_m,age_10yrbands_y55_64,ocu_skill_l2,2024,106.811
mwi,sex_m,age_10yrbands_y55_64,ocu_skill_l3_4,2013,2.715
mwi,sex_m,age_10yrbands_y55_64,ocu_skill_l3_4,2024,30.928
mwi,sex_m,age_10yrbands_y55_64,ocu_skill_total,2013,144.723
mwi,sex_m,age_10yrbands_y55_64,ocu_skill_total,2024,172.207
mwi,sex_m,age_10yrbands_y55_64,ocu_skill_x,2013,6.345
mwi,sex_m,age_10yrbands_yge65,ocu_skill_l1,2013,28.374
mwi,sex_m,age_10yrbands_yge65,ocu_skill_l2,2013,102.35
mwi,sex_m,age_10yrbands_yge65,ocu_skill_l3_4,2013,1.441
mwi,sex_m,age_10yrbands_yge65,ocu_skill_total,2013,145.177
mwi,sex_m,age_10yrbands_yge65,ocu_skill_x,2013,13.012
mwi,sex_m,age_aggregate_total,ocu_isco08_0,2024,6.218
mwi,sex_m,age_aggregate_total,ocu_isco08_1,2013,6.215
mwi,sex_m,age_aggregate_total,ocu_isco08_1,2024,262.912
mwi,sex_m,age_aggregate_total,ocu_isco08_2,2013,30.944
mwi,sex_m,age_aggregate_total,ocu_isco08_2,2024,91.723
mwi,sex_m,age_aggregate_total,ocu_isco08_3,2013,6.942
mwi,sex_m,age_aggregate_total,ocu_isco08_3,2024,54.484
mwi,sex_m,age_aggregate_total,ocu_isco08_4,2013,9.878
mwi,sex_m,age_aggregate_total,ocu_isco08_4,2024,9.56
mwi,sex_m,age_aggregate_total,ocu_isco08_5,2013,367.363
mwi,sex_m,age_aggregate_total,ocu_isco08_5,2024,348.862
mwi,sex_m,age_aggregate_total,ocu_isco08_6,2013,1066.057
mwi,sex_m,age_aggregate_total,ocu_isco08_6,2024,625.838
mwi,sex_m,age_aggregate_total,ocu_isco08_7,2013,173.679
mwi,sex_m,age_aggregate_total,ocu_isco08_7,2024,265.421
mwi,sex_m,age_aggregate_total,ocu_isco08_8,2013,128.651
mwi,sex_m,age_aggregate_total,ocu_isco08_8,2024,90.028
mwi,sex_m,age_aggregate_total,ocu_isco08_9,2013,580.4
mwi,sex_m,age_aggregate_total,ocu_isco08_9,2024,622.846
mwi,sex_m,age_aggregate_total,ocu_isco08_total,2013,2489.833
mwi,sex_m,age_aggregate_total,ocu_isco08_total,2024,2378.77
mwi,sex_m,age_aggregate_total,ocu_isco08_x,2013,119.703
mwi,sex_m,age_aggregate_total,ocu_skill_l1,2013,580.4
mwi,sex_m,age_aggregate_total,ocu_skill_l1,2024,622.846
mwi,sex_m,age_aggregate_total,ocu_skill_l2,2013,1745.629
mwi,sex_m,age_aggregate_total,ocu_skill_l2,2024,1339.709
mwi,sex_m,age_aggregate_total,ocu_skill_l3_4,2013,44.101
mwi,sex_m,age_aggregate_total,ocu_skill_l3_4,2024,409.119
mwi,sex_m,age_aggregate_total,ocu_skill_total,2013,2489.833
mwi,sex_m,age_aggregate_total,ocu_skill_total,2024,2378.77
mwi,sex_m,age_aggregate_total,ocu_skill_x,2013,119.703
mwi,sex_m,age_aggregate_total,ocu_skill_x,2024,7.096
mwi,sex_m,age_aggregate_y15_24,ocu_isco08_0,2024,0.683
mwi,sex_m,age_aggregate_y15_24,ocu_isco08_1,2024,81.558
mwi,sex_m,age_aggregate_y15_24,ocu_isco08_2,2013,5.632
mwi,sex_m,age_aggregate_y15_24,ocu_isco08_2,2024,20.562
mwi,sex_m,age_aggregate_y15_24,ocu_isco08_3,2013,2.698
mwi,sex_m,age_aggregate_y15_24,ocu_isco08_3,2024,14.236
mwi,sex_m,age_aggregate_y15_24,ocu_isco08_4,2013,1.023
mwi,sex_m,age_aggregate_y15_24,ocu_isco08_4,2024,3.275
mwi,sex_m,age_aggregate_y15_24,ocu_isco08_5,2013,93.924
mwi,sex_m,age_aggregate_y15_24,ocu_isco08_5,2024,90.112
mwi,sex_m,age_aggregate_y15_24,ocu_isco08_6,2013,334.489
mwi,sex_m,age_aggregate_y15_24,ocu_isco08_6,2024,206.23
mwi,sex_m,age_aggregate_y15_24,ocu_isco08_7,2013,36.674
mwi,sex_m,age_aggregate_y15_24,ocu_isco08_7,2024,69.83
mwi,sex_m,age_aggregate_y15_24,ocu_isco08_8,2013,24.874
mwi,sex_m,age_aggregate_y15_24,ocu_isco08_8,2024,12.908
mwi,sex_m,age_aggregate_y15_24,ocu_isco08_9,2013,217.198
mwi,sex_m,age_aggregate_y15_24,ocu_isco08_9,2024,218.792
mwi,sex_m,age_aggregate_y15_24,ocu_isco08_total,2013,757.737
mwi,sex_m,age_aggregate_y15_24,ocu_isco08_total,2024,718.186
mwi,sex_m,age_aggregate_y15_24,ocu_isco08_x,2013,41.132
mwi,sex_m,age_aggregate_y15_24,ocu_skill_l1,2013,217.198
mwi,sex_m,age_aggregate_y15_24,ocu_skill_l1,2024,218.792
mwi,sex_m,age_aggregate_y15_24,ocu_skill_l2,2013,490.984
mwi,sex_m,age_aggregate_y15_24,ocu_skill_l2,2024,382.356
mwi,sex_m,age_aggregate_y15_24,ocu_skill_l3_4,2013,8.423
mwi,sex_m,age_aggregate_y15_24,ocu_skill_l3_4,2024,116.356
mwi,sex_m,age_aggregate_y15_24,ocu_skill_total,2013,757.737
mwi,sex_m,age_aggregate_y15_24,ocu_skill_total,2024,718.186
mwi,sex_m,age_aggregate_y15_24,ocu_skill_x,2013,41.132
mwi,sex_m,age_aggregate_y15_24,ocu_skill_x,2024,0.683
mwi,sex_m,age_aggregate_y25_54,ocu_isco08_0,2024,4.551
mwi,sex_m,age_aggregate_y25_54,ocu_isco08_1,2013,4.302
mwi,sex_m,age_aggregate_y25_54,ocu_isco08_1,2024,158.458
mwi,sex_m,age_aggregate_y25_54,ocu_isco08_2,2013,23.187
mwi,sex_m,age_aggregate_y25_54,ocu_isco08_2,2024,65.805
mwi,sex_m,age_aggregate_y25_54,ocu_isco08_3,2013,4.033
mwi,sex_m,age_aggregate_y25_54,ocu_isco08_3,2024,37.572
mwi,sex_m,age_aggregate_y25_54,ocu_isco08_4,2013,7.82
mwi,sex_m,age_aggregate_y25_54,ocu_isco08_4,2024,6.285
mwi,sex_m,age_aggregate_y25_54,ocu_isco08_5,2013,242.836
mwi,sex_m,age_aggregate_y25_54,ocu_isco08_5,2024,241.883
mwi,sex_m,age_aggregate_y25_54,ocu_isco08_6,2013,575.871
mwi,sex_m,age_aggregate_y25_54,ocu_isco08_6,2024,352.574
mwi,sex_m,age_aggregate_y25_54,ocu_isco08_7,2013,125.021
mwi,sex_m,age_aggregate_y25_54,ocu_isco08_7,2024,177.074
mwi,sex_m,age_aggregate_y25_54,ocu_isco08_8,2013,93.99
mwi,sex_m,age_aggregate_y25_54,ocu_isco08_8,2024,72.726
mwi,sex_m,age_aggregate_y25_54,ocu_isco08_9,2013,305.921
mwi,sex_m,age_aggregate_y25_54,ocu_isco08_9,2024,370.571
mwi,sex_m,age_aggregate_y25_54,ocu_isco08_total,2013,1442.196
mwi,sex_m,age_aggregate_y25_54,ocu_isco08_total,2024,1488.377
mwi,sex_m,age_aggregate_y25_54,ocu_isco08_x,2013,59.214
mwi,sex_m,age_aggregate_y25_54,ocu_skill_l1,2013,305.921
mwi,sex_m,age_aggregate_y25_54,ocu_skill_l1,2024,370.571
mwi,sex_m,age_aggregate_y25_54,ocu_skill_l2,2013,1045.539
mwi,sex_m,age_aggregate_y25_54,ocu_skill_l2,2024,850.542
mwi,sex_m,age_aggregate_y25_54,ocu_skill_l3_4,2013,31.522
mwi,sex_m,age_aggregate_y25_54,ocu_skill_l3_4,2024,261.836
mwi,sex_m,age_aggregate_y25_54,ocu_skill_total,2013,1442.196
mwi,sex_m,age_aggregate_y25_54,ocu_skill_total,2024,1488.377
mwi,sex_m,age_aggregate_y25_54,ocu_skill_x,2013,59.214
mwi,sex_m,age_aggregate_y25_54,ocu_skill_x,2024,5.429
mwi,sex_m,age_aggregate_y55_64,ocu_isco08_1,2024,22.896
mwi,sex_m,age_aggregate_y55_64,ocu_isco08_2,2013,0.81
mwi,sex_m,age_aggregate_y55_64,ocu_isco08_2,2024,5.357
mwi,sex_m,age_aggregate_y55_64,ocu_isco08_3,2024,2.675
mwi,sex_m,age_aggregate_y55_64,ocu_isco08_4,2013,1.035
mwi,sex_m,age_aggregate_y55_64,ocu_isco08_5,2013,16.253
mwi,sex_m,age_aggregate_y55_64,ocu_isco08_5,2024,16.867
mwi,sex_m,age_aggregate_y55_64,ocu_isco08_6,2013,78.099
mwi,sex_m,age_aggregate_y55_64,ocu_isco08_6,2024,67.034
mwi,sex_m,age_aggregate_y55_64,ocu_isco08_7,2013,6.642
mwi,sex_m,age_aggregate_y55_64,ocu_isco08_7,2024,18.517
mwi,sex_m,age_aggregate_y55_64,ocu_isco08_8,2013,4.728
mwi,sex_m,age_aggregate_y55_64,ocu_isco08_8,2024,4.394
mwi,sex_m,age_aggregate_y55_64,ocu_isco08_9,2013,28.907
mwi,sex_m,age_aggregate_y55_64,ocu_isco08_9,2024,33.484
mwi,sex_m,age_aggregate_y55_64,ocu_isco08_total,2013,144.723
mwi,sex_m,age_aggregate_y55_64,ocu_isco08_total,2024,172.207
mwi,sex_m,age_aggregate_y55_64,ocu_isco08_x,2013,6.345
mwi,sex_m,age_aggregate_y55_64,ocu_skill_l1,2013,28.907
mwi,sex_m,age_aggregate_y55_64,ocu_skill_l1,2024,33.484
mwi,sex_m,age_aggregate_y55_64,ocu_skill_l2,2013,106.756
mwi,sex_m,age_aggregate_y55_64,ocu_skill_l2,2024,106.811
mwi,sex_m,age_aggregate_y55_64,ocu_skill_l3_4,2013,2.715
mwi,sex_m,age_aggregate_y55_64,ocu_skill_l3_4,2024,30.928
mwi,sex_m,age_aggregate_y55_64,ocu_skill_total,2013,144.723
mwi,sex_m,age_aggregate_y55_64,ocu_skill_total,2024,172.207
mwi,sex_m,age_aggregate_y55_64,ocu_skill_x,2013,6.345
mwi,sex_m,age_aggregate_yge65,ocu_isco08_2,2013,1.314
mwi,sex_m,age_aggregate_yge65,ocu_isco08_5,2013,14.351
mwi,sex_m,age_aggregate_yge65,ocu_isco08_6,2013,77.598
mwi,sex_m,age_aggregate_yge65,ocu_isco08_7,2013,5.343
mwi,sex_m,age_aggregate_yge65,ocu_isco08_8,2013,5.06
mwi,sex_m,age_aggregate_yge65,ocu_isco08_9,2013,28.374
mwi,sex_m,age_aggregate_yge65,ocu_isco08_total,2013,145.177
mwi,sex_m,age_aggregate_yge65,ocu_isco08_x,2013,13.012
mwi,sex_m,age_aggregate_yge65,ocu_skill_l1,2013,28.374
mwi,sex_m,age_aggregate_yge65,ocu_skill_l2,2013,102.35
mwi,sex_m,age_aggregate_yge65,ocu_skill_l3_4,2013,1.441
mwi,sex_m,age_aggregate_yge65,ocu_skill_total,2013,145.177
mwi,sex_m,age_aggregate_yge65,ocu_skill_x,2013,13.012
mwi,sex_m,age_ythadult_y15_24,ocu_isco08_0,2024,0.683
mwi,sex_m,age_ythadult_y15_24,ocu_isco08_1,2024,81.558
mwi,sex_m,age_ythadult_y15_24,ocu_isco08_2,2013,5.632
mwi,sex_m,age_ythadult_y15_24,ocu_isco08_2,2024,20.562
mwi,sex_m,age_ythadult_y15_24,ocu_isco08_3,2013,2.698
mwi,sex_m,age_ythadult_y15_24,ocu_isco08_3,2024,14.236
mwi,sex_m,age_ythadult_y15_24,ocu_isco08_4,2013,1.023
mwi,sex_m,age_ythadult_y15_24,ocu_isco08_4,2024,3.275
mwi,sex_m,age_ythadult_y15_24,ocu_isco08_5,2013,93.924
mwi,sex_m,age_ythadult_y15_24,ocu_isco08_5,2024,90.112
mwi,sex_m,age_ythadult_y15_24,ocu_isco08_6,2013,334.489
mwi,sex_m,age_ythadult_y15_24,ocu_isco08_6,2024,206.23
mwi,sex_m,age_ythadult_y15_24,ocu_isco08_7,2013,36.674
mwi,sex_m,age_ythadult_y15_24,ocu_isco08_7,2024,69.83
mwi,sex_m,age_ythadult_y15_24,ocu_isco08_8,2013,24.874
mwi,sex_m,age_ythadult_y15_24,ocu_isco08_8,2024,12.908
mwi,sex_m,age_ythadult_y15_24,ocu_isco08_9,2013,217.198
mwi,sex_m,age_ythadult_y15_24,ocu_isco08_9,2024,218.792
mwi,sex_m,age_ythadult_y15_24,ocu_isco08_total,2013,757.737
mwi,sex_m,age_ythadult_y15_24,ocu_isco08_total,2024,718.186
mwi,sex_m,age_ythadult_y15_24,ocu_isco08_x,2013,41.132
mwi,sex_m,age_ythadult_y15_24,ocu_skill_l1,2013,217.198
mwi,sex_m,age_ythadult_y15_24,ocu_skill_l1,2024,218.792
mwi,sex_m,age_ythadult_y15_24,ocu_skill_l2,2013,490.984
mwi,sex_m,age_ythadult_y15_24,ocu_skill_l2,2024,382.356
mwi,sex_m,age_ythadult_y15_24,ocu_skill_l3_4,2013,8.423
mwi,sex_m,age_ythadult_y15_24,ocu_skill_l3_4,2024,116.356
mwi,sex_m,age_ythadult_y15_24,ocu_skill_total,2013,757.737
mwi,sex_m,age_ythadult_y15_24,ocu_skill_total,2024,718.186
mwi,sex_m,age_ythadult_y15_24,ocu_skill_x,2013,41.132
mwi,sex_m,age_ythadult_y15_24,ocu_skill_x,2024,0.683
mwi,sex_m,age_ythadult_y15_64,ocu_isco08_0,2024,6.218
mwi,sex_m,age_ythadult_y15_64,ocu_isco08_1,2013,6.215
mwi,sex_m,age_ythadult_y15_64,ocu_isco08_1,2024,262.912
mwi,sex_m,age_ythadult_y15_64,ocu_isco08_2,2013,29.63
mwi,sex_m,age_ythadult_y15_64,ocu_isco08_2,2024,91.723
mwi,sex_m,age_ythadult_y15_64,ocu_isco08_3,2013,6.815
mwi,sex_m,age_ythadult_y15_64,ocu_isco08_3,2024,54.484
mwi,sex_m,age_ythadult_y15_64,ocu_isco08_4,2013,9.878
mwi,sex_m,age_ythadult_y15_64,ocu_isco08_4,2024,9.56
mwi,sex_m,age_ythadult_y15_64,ocu_isco08_5,2013,353.013
mwi,sex_m,age_ythadult_y15_64,ocu_isco08_5,2024,348.862
mwi,sex_m,age_ythadult_y15_64,ocu_isco08_6,2013,988.459
mwi,sex_m,age_ythadult_y15_64,ocu_isco08_6,2024,625.838
mwi,sex_m,age_ythadult_y15_64,ocu_isco08_7,2013,168.337
mwi,sex_m,age_ythadult_y15_64,ocu_isco08_7,2024,265.421
mwi,sex_m,age_ythadult_y15_64,ocu_isco08_8,2013,123.592
mwi,sex_m,age_ythadult_y15_64,ocu_isco08_8,2024,90.028
mwi,sex_m,age_ythadult_y15_64,ocu_isco08_9,2013,552.027
mwi,sex_m,age_ythadult_y15_64,ocu_isco08_9,2024,622.846
mwi,sex_m,age_ythadult_y15_64,ocu_isco08_total,2013,2344.656
mwi,sex_m,age_ythadult_y15_64,ocu_isco08_total,2024,2378.77
mwi,sex_m,age_ythadult_y15_64,ocu_isco08_x,2013,106.691
mwi,sex_m,age_ythadult_y15_64,ocu_skill_l1,2013,552.027
mwi,sex_m,age_ythadult_y15_64,ocu_skill_l1,2024,622.846
mwi,sex_m,age_ythadult_y15_64,ocu_skill_l2,2013,1643.278
mwi,sex_m,age_ythadult_y15_64,ocu_skill_l2,2024,1339.709
mwi,sex_m,age_ythadult_y15_64,ocu_skill_l3_4,2013,42.66
mwi,sex_m,age_ythadult_y15_64,ocu_skill_l3_4,2024,409.119
mwi,sex_m,age_ythadult_y15_64,ocu_skill_total,2013,2344.656
mwi,sex_m,age_ythadult_y15_64,ocu_skill_total,2024,2378.77
mwi,sex_m,age_ythadult_y15_64,ocu_skill_x,2013,106.691
mwi,sex_m,age_ythadult_y15_64,ocu_skill_x,2024,7.096
mwi,sex_m,age_ythadult_yge15,ocu_isco08_0,2024,6.218
mwi,sex_m,age_ythadult_yge15,ocu_isco08_1,2013,6.215
mwi,sex_m,age_ythadult_yge15,ocu_isco08_1,2024,262.912
mwi,sex_m,age_ythadult_yge15,ocu_isco08_2,2013,30.944
mwi,sex_m,age_ythadult_yge15,ocu_isco08_2,2024,91.723
mwi,sex_m,age_ythadult_yge15,ocu_isco08_3,2013,6.942
mwi,sex_m,age_ythadult_yge15,ocu_isco08_3,2024,54.484
mwi,sex_m,age_ythadult_yge15,ocu_isco08_4,2013,9.878
mwi,sex_m,age_ythadult_yge15,ocu_isco08_4,2024,9.56
mwi,sex_m,age_ythadult_yge15,ocu_isco08_5,2013,367.363
mwi,sex_m,age_ythadult_yge15,ocu_isco08_5,2024,348.862
mwi,sex_m,age_ythadult_yge15,ocu_isco08_6,2013,1066.057
mwi,sex_m,age_ythadult_yge15,ocu_isco08_6,2024,625.838
mwi,sex_m,age_ythadult_yge15,ocu_isco08_7,2013,173.679
mwi,sex_m,age_ythadult_yge15,ocu_isco08_7,2024,265.421
mwi,sex_m,age_ythadult_yge15,ocu_isco08_8,2013,128.651
mwi,sex_m,age_ythadult_yge15,ocu_isco08_8,2024,90.028
mwi,sex_m,age_ythadult_yge15,ocu_isco08_9,2013,580.4
mwi,sex_m,age_ythadult_yge15,ocu_isco08_9,2024,622.846
mwi,sex_m,age_ythadult_yge15,ocu_isco08_total,2013,2489.833
mwi,sex_m,age_ythadult_yge15,ocu_isco08_total,2024,2378.77
mwi,sex_m,age_ythadult_yge15,ocu_isco08_x,2013,119.703
mwi,sex_m,age_ythadult_yge15,ocu_skill_l1,2013,580.4
mwi,sex_m,age_ythadult_yge15,ocu_skill_l1,2024,622.846
mwi,sex_m,age_ythadult_yge15,ocu_skill_l2,2013,1745.629
mwi,sex_m,age_ythadult_yge15,ocu_skill_l2,2024,1339.709
mwi,sex_m,age_ythadult_yge15,ocu_skill_l3_4,2013,44.101
mwi,sex_m,age_ythadult_yge15,ocu_skill_l3_4,2024,409.119
mwi,sex_m,age_ythadult_yge15,ocu_skill_total,2013,2489.833
mwi,sex_m,age_ythadult_yge15,ocu_skill_total,2024,2378.77
mwi,sex_m,age_ythadult_yge15,ocu_skill_x,2013,119.703
mwi,sex_m,age_ythadult_yge15,ocu_skill_x,2024,7.096
mwi,sex_m,age_ythadult_yge25,ocu_isco08_0,2024,5.536
mwi,sex_m,age_ythadult_yge25,ocu_isco08_1,2013,6.122
mwi,sex_m,age_ythadult_yge25,ocu_isco08_1,2024,181.354
mwi,sex_m,age_ythadult_yge25,ocu_isco08_2,2013,25.312
mwi,sex_m,age_ythadult_yge25,ocu_isco08_2,2024,71.162
mwi,sex_m,age_ythadult_yge25,ocu_isco08_3,2013,4.244
mwi,sex_m,age_ythadult_yge25,ocu_isco08_3,2024,40.247
mwi,sex_m,age_ythadult_yge25,ocu_isco08_4,2013,8.855
mwi,sex_m,age_ythadult_yge25,ocu_isco08_4,2024,6.285
mwi,sex_m,age_ythadult_yge25,ocu_isco08_5,2013,273.439
mwi,sex_m,age_ythadult_yge25,ocu_isco08_5,2024,258.75
mwi,sex_m,age_ythadult_yge25,ocu_isco08_6,2013,731.568
mwi,sex_m,age_ythadult_yge25,ocu_isco08_6,2024,419.608
mwi,sex_m,age_ythadult_yge25,ocu_isco08_7,2013,137.005
mwi,sex_m,age_ythadult_yge25,ocu_isco08_7,2024,195.59
mwi,sex_m,age_ythadult_yge25,ocu_isco08_8,2013,103.778
mwi,sex_m,age_ythadult_yge25,ocu_isco08_8,2024,77.119
mwi,sex_m,age_ythadult_yge25,ocu_isco08_9,2013,363.202
mwi,sex_m,age_ythadult_yge25,ocu_isco08_9,2024,404.055
mwi,sex_m,age_ythadult_yge25,ocu_isco08_total,2013,1732.096
mwi,sex_m,age_ythadult_yge25,ocu_isco08_total,2024,1660.584
mwi,sex_m,age_ythadult_yge25,ocu_isco08_x,2013,78.571
mwi,sex_m,age_ythadult_yge25,ocu_skill_l1,2013,363.202
mwi,sex_m,age_ythadult_yge25,ocu_skill_l1,2024,404.055
mwi,sex_m,age_ythadult_yge25,ocu_skill_l2,2013,1254.645
mwi,sex_m,age_ythadult_yge25,ocu_skill_l2,2024,957.352
mwi,sex_m,age_ythadult_yge25,ocu_skill_l3_4,2013,35.678
mwi,sex_m,age_ythadult_yge25,ocu_skill_l3_4,2024,292.763
mwi,sex_m,age_ythadult_yge25,ocu_skill_total,2013,1732.096
mwi,sex_m,age_ythadult_yge25,ocu_skill_total,2024,1660.584
mwi,sex_m,age_ythadult_yge25,ocu_skill_x,2013,78.571
mwi,sex_m,age_ythadult_yge25,ocu_skill_x,2024,6.414
mwi,sex_t,age_10yrbands_total,ocu_skill_l1,2013,1157.388
mwi,sex_t,age_10yrbands_total,ocu_skill_l1,2024,1268.235
mwi,sex_t,age_10yrbands_total,ocu_skill_l2,2013,3673.55
mwi,sex_t,age_10yrbands_total,ocu_skill_l2,2024,2575.034
mwi,sex_t,age_10yrbands_total,ocu_skill_l3_4,2013,68.713
mwi,sex_t,age_10yrbands_total,ocu_skill_l3_4,2024,779.235
mwi,sex_t,age_10yrbands_total,ocu_skill_total,2013,5236.435
mwi,sex_t,age_10yrbands_total,ocu_skill_total,2024,4631.936
mwi,sex_t,age_10yrbands_total,ocu_skill_x,2013,336.783
mwi,sex_t,age_10yrbands_total,ocu_skill_x,2024,9.432
mwi,sex_t,age_10yrbands_y15_24,ocu_skill_l1,2013,406.24
mwi,sex_t,age_10yrbands_y15_24,ocu_skill_l1,2024,395.856
mwi,sex_t,age_10yrbands_y15_24,ocu_skill_l2,2013,1057.344
mwi,sex_t,age_10yrbands_y15_24,ocu_skill_l2,2024,717.841
mwi,sex_t,age_10yrbands_y15_24,ocu_skill_l3_4,2013,14.741
mwi,sex_t,age_10yrbands_y15_24,ocu_skill_l3_4,2024,207.73
mwi,sex_t,age_10yrbands_y15_24,ocu_skill_total,2013,1575.661
mwi,sex_t,age_10yrbands_y15_24,ocu_skill_total,2024,1322.387
mwi,sex_t,age_10yrbands_y15_24,ocu_skill_x,2013,97.336
mwi,sex_t,age_10yrbands_y15_24,ocu_skill_x,2024,0.959
mwi,sex_t,age_10yrbands_y25_34,ocu_skill_l1,2013,325.033
mwi,sex_t,age_10yrbands_y25_34,ocu_skill_l1,2024,349.115
mwi,sex_t,age_10yrbands_y25_34,ocu_skill_l2,2013,1069.634
mwi,sex_t,age_10yrbands_y25_34,ocu_skill_l2,2024,685.248
mwi,sex_t,age_10yrbands_y25_34,ocu_skill_l3_4,2013,20.08
mwi,sex_t,age_10yrbands_y25_34,ocu_skill_l3_4,2024,218.625
mwi,sex_t,age_10yrbands_y25_34,ocu_skill_total,2013,1512.518
mwi,sex_t,age_10yrbands_y25_34,ocu_skill_total,2024,1256.134
mwi,sex_t,age_10yrbands_y25_34,ocu_skill_x,2013,97.77
mwi,sex_t,age_10yrbands_y25_34,ocu_skill_x,2024,3.145
mwi,sex_t,age_10yrbands_y35_44,ocu_skill_l1,2013,202.791
mwi,sex_t,age_10yrbands_y35_44,ocu_skill_l1,2024,270.242
mwi,sex_t,age_10yrbands_y35_44,ocu_skill_l2,2013,717.566
mwi,sex_t,age_10yrbands_y35_44,ocu_skill_l2,2024,579.988
mwi,sex_t,age_10yrbands_y35_44,ocu_skill_l3_4,2013,20.926
mwi,sex_t,age_10yrbands_y35_44,ocu_skill_l3_4,2024,183.635
mwi,sex_t,age_10yrbands_y35_44,ocu_skill_total,2013,992.552
mwi,sex_t,age_10yrbands_y35_44,ocu_skill_total,2024,1036.227
mwi,sex_t,age_10yrbands_y35_44,ocu_skill_x,2013,51.269
mwi,sex_t,age_10yrbands_y35_44,ocu_skill_x,2024,2.362
mwi,sex_t,age_10yrbands_y45_54,ocu_skill_l1,2013,101.177
mwi,sex_t,age_10yrbands_y45_54,ocu_skill_l1,2024,178.452
mwi,sex_t,age_10yrbands_y45_54,ocu_skill_l2,2013,393.898
mwi,sex_t,age_10yrbands_y45_54,ocu_skill_l2,2024,384.582
mwi,sex_t,age_10yrbands_y45_54,ocu_skill_l3_4,2013,7.779
mwi,sex_t,age_10yrbands_y45_54,ocu_skill_l3_4,2024,114.071
mwi,sex_t,age_10yrbands_y45_54,ocu_skill_total,2013,535.803
mwi,sex_t,age_10yrbands_y45_54,ocu_skill_total,2024,679.087
mwi,sex_t,age_10yrbands_y45_54,ocu_skill_x,2013,32.949
mwi,sex_t,age_10yrbands_y45_54,ocu_skill_x,2024,1.982
mwi,sex_t,age_10yrbands_y55_64,ocu_skill_l1,2013,72.778
mwi,sex_t,age_10yrbands_y55_64,ocu_skill_l1,2024,74.569
mwi,sex_t,age_10yrbands_y55_64,ocu_skill_l2,2013,232.55
mwi,sex_t,age_10yrbands_y55_64,ocu_skill_l2,2024,207.374
mwi,sex_t,age_10yrbands_y55_64,ocu_skill_l3_4,2013,3.633
mwi,sex_t,age_10yrbands_y55_64,ocu_skill_l3_4,2024,55.173
mwi,sex_t,age_10yrbands_y55_64,ocu_skill_total,2013,330.57
mwi,sex_t,age_10yrbands_y55_64,ocu_skill_total,2024,338.102
mwi,sex_t,age_10yrbands_y55_64,ocu_skill_x,2013,21.61
mwi,sex_t,age_10yrbands_yge65,ocu_skill_l1,2013,49.37
mwi,sex_t,age_10yrbands_yge65,ocu_skill_l2,2013,202.559
mwi,sex_t,age_10yrbands_yge65,ocu_skill_l3_4,2013,1.554
mwi,sex_t,age_10yrbands_yge65,ocu_skill_total,2013,289.331
mwi,sex_t,age_10yrbands_yge65,ocu_skill_x,2013,35.849
mwi,sex_t,age_aggregate_total,ocu_isco08_0,2024,8.554
mwi,sex_t,age_aggregate_total,ocu_isco08_1,2013,6.632
mwi,sex_t,age_aggregate_total,ocu_isco08_1,2024,540.775
mwi,sex_t,age_aggregate_total,ocu_isco08_2,2013,54.468
mwi,sex_t,age_aggregate_total,ocu_isco08_2,2024,150.806
mwi,sex_t,age_aggregate_total,ocu_isco08_3,2013,7.612
mwi,sex_t,age_aggregate_total,ocu_isco08_3,2024,87.654
mwi,sex_t,age_aggregate_total,ocu_isco08_4,2013,17.068
mwi,sex_t,age_aggregate_total,ocu_isco08_4,2024,16.154
mwi,sex_t,age_aggregate_total,ocu_isco08_5,2013,776.65
mwi,sex_t,age_aggregate_total,ocu_isco08_5,2024,862.792
mwi,sex_t,age_aggregate_total,ocu_isco08_6,2013,2459.438
mwi,sex_t,age_aggregate_total,ocu_isco08_6,2024,1257.634
mwi,sex_t,age_aggregate_total,ocu_isco08_7,2013,198.625
mwi,sex_t,age_aggregate_total,ocu_isco08_7,2024,337.335
mwi,sex_t,age_aggregate_total,ocu_isco08_8,2013,221.77
mwi,sex_t,age_aggregate_total,ocu_isco08_8,2024,101.118
mwi,sex_t,age_aggregate_total,ocu_isco08_9,2013,1157.388
mwi,sex_t,age_aggregate_total,ocu_isco08_9,2024,1268.235
mwi,sex_t,age_aggregate_total,ocu_isco08_total,2013,5236.435
mwi,sex_t,age_aggregate_total,ocu_isco08_total,2024,4631.936
mwi,sex_t,age_aggregate_total,ocu_isco08_x,2013,336.783
mwi,sex_t,age_aggregate_total,ocu_skill_l1,2013,1157.388
mwi,sex_t,age_aggregate_total,ocu_skill_l1,2024,1268.235
mwi,sex_t,age_aggregate_total,ocu_skill_l2,2013,3673.55
mwi,sex_t,age_aggregate_total,ocu_skill_l2,2024,2575.034
mwi,sex_t,age_aggregate_total,ocu_skill_l3_4,2013,68.713
mwi,sex_t,age_aggregate_total,ocu_skill_l3_4,2024,779.235
mwi,sex_t,age_aggregate_total,ocu_skill_total,2013,5236.435
mwi,sex_t,age_aggregate_total,ocu_skill_total,2024,4631.936
mwi,sex_t,age_aggregate_total,ocu_skill_x,2013,336.783
mwi,sex_t,age_aggregate_total,ocu_skill_x,2024,9.432
mwi,sex_t,age_aggregate_y15_24,ocu_isco08_0,2024,0.959
mwi,sex_t,age_aggregate_y15_24,ocu_isco08_1,2024,152.303
mwi,sex_t,age_aggregate_y15_24,ocu_isco08_2,2013,11.586
mwi,sex_t,age_aggregate_y15_24,ocu_isco08_2,2024,33.358
mwi,sex_t,age_aggregate_y15_24,ocu_isco08_3,2013,3.033
mwi,sex_t,age_aggregate_y15_24,ocu_isco08_3,2024,22.07
mwi,sex_t,age_aggregate_y15_24,ocu_isco08_4,2013,2.028
mwi,sex_t,age_aggregate_y15_24,ocu_isco08_4,2024,4.986
mwi,sex_t,age_aggregate_y15_24,ocu_isco08_5,2013,199.765
mwi,sex_t,age_aggregate_y15_24,ocu_isco08_5,2024,210.203
mwi,sex_t,age_aggregate_y15_24,ocu_isco08_6,2013,767.567
mwi,sex_t,age_aggregate_y15_24,ocu_isco08_6,2024,393.596
mwi,sex_t,age_aggregate_y15_24,ocu_isco08_7,2013,41.804
mwi,sex_t,age_aggregate_y15_24,ocu_isco08_7,2024,92.219
mwi,sex_t,age_aggregate_y15_24,ocu_isco08_8,2013,46.179
mwi,sex_t,age_aggregate_y15_24,ocu_isco08_8,2024,16.838
mwi,sex_t,age_aggregate_y15_24,ocu_isco08_9,2013,406.24
mwi,sex_t,age_aggregate_y15_24,ocu_isco08_9,2024,395.856
mwi,sex_t,age_aggregate_y15_24,ocu_isco08_total,2013,1575.661
mwi,sex_t,age_aggregate_y15_24,ocu_isco08_total,2024,1322.387
mwi,sex_t,age_aggregate_y15_24,ocu_isco08_x,2013,97.336
mwi,sex_t,age_aggregate_y15_24,ocu_skill_l1,2013,406.24
mwi,sex_t,age_aggregate_y15_24,ocu_skill_l1,2024,395.856
mwi,sex_t,age_aggregate_y15_24,ocu_skill_l2,2013,1057.344
mwi,sex_t,age_aggregate_y15_24,ocu_skill_l2,2024,717.841
mwi,sex_t,age_aggregate_y15_24,ocu_skill_l3_4,2013,14.741
mwi,sex_t,age_aggregate_y15_24,ocu_skill_l3_4,2024,207.73
mwi,sex_t,age_aggregate_y15_24,ocu_skill_total,2013,1575.661
mwi,sex_t,age_aggregate_y15_24,ocu_skill_total,2024,1322.387
mwi,sex_t,age_aggregate_y15_24,ocu_skill_x,2013,97.336
mwi,sex_t,age_aggregate_y15_24,ocu_skill_x,2024,0.959
mwi,sex_t,age_aggregate_y25_54,ocu_isco08_0,2024,6.611
mwi,sex_t,age_aggregate_y25_54,ocu_isco08_1,2013,4.69
mwi,sex_t,age_aggregate_y25_54,ocu_isco08_1,2024,347.3
mwi,sex_t,age_aggregate_y25_54,ocu_isco08_2,2013,39.726
mwi,sex_t,age_aggregate_y25_54,ocu_isco08_2,2024,108.838
mwi,sex_t,age_aggregate_y25_54,ocu_isco08_3,2013,4.368
mwi,sex_t,age_aggregate_y25_54,ocu_isco08_3,2024,60.194
mwi,sex_t,age_aggregate_y25_54,ocu_isco08_4,2013,13.948
mwi,sex_t,age_aggregate_y25_54,ocu_isco08_4,2024,11.055
mwi,sex_t,age_aggregate_y25_54,ocu_isco08_5,2013,521.297
mwi,sex_t,age_aggregate_y25_54,ocu_isco08_5,2024,603.956
mwi,sex_t,age_aggregate_y25_54,ocu_isco08_6,2013,1348.621
mwi,sex_t,age_aggregate_y25_54,ocu_isco08_6,2024,731.585
mwi,sex_t,age_aggregate_y25_54,ocu_isco08_7,2013,143.2
mwi,sex_t,age_aggregate_y25_54,ocu_isco08_7,2024,223.842
mwi,sex_t,age_aggregate_y25_54,ocu_isco08_8,2013,154.032
mwi,sex_t,age_aggregate_y25_54,ocu_isco08_8,2024,79.381
mwi,sex_t,age_aggregate_y25_54,ocu_isco08_9,2013,629.001
mwi,sex_t,age_aggregate_y25_54,ocu_isco08_9,2024,797.809
mwi,sex_t,age_aggregate_y25_54,ocu_isco08_total,2013,3040.872
mwi,sex_t,age_aggregate_y25_54,ocu_isco08_total,2024,2971.448
mwi,sex_t,age_aggregate_y25_54,ocu_isco08_x,2013,181.988
mwi,sex_t,age_aggregate_y25_54,ocu_skill_l1,2013,629.001
mwi,sex_t,age_aggregate_y25_54,ocu_skill_l1,2024,797.809
mwi,sex_t,age_aggregate_y25_54,ocu_skill_l2,2013,2181.098
mwi,sex_t,age_aggregate_y25_54,ocu_skill_l2,2024,1649.818
mwi,sex_t,age_aggregate_y25_54,ocu_skill_l3_4,2013,48.785
mwi,sex_t,age_aggregate_y25_54,ocu_skill_l3_4,2024,516.331
mwi,sex_t,age_aggregate_y25_54,ocu_skill_total,2013,3040.872
mwi,sex_t,age_aggregate_y25_54,ocu_skill_total,2024,2971.448
mwi,sex_t,age_aggregate_y25_54,ocu_skill_x,2013,181.988
mwi,sex_t,age_aggregate_y25_54,ocu_skill_x,2024,7.489
mwi,sex_t,age_aggregate_y55_64,ocu_isco08_1,2024,41.172
mwi,sex_t,age_aggregate_y55_64,ocu_isco08_2,2013,1.729
mwi,sex_t,age_aggregate_y55_64,ocu_isco08_2,2024,8.61
mwi,sex_t,age_aggregate_y55_64,ocu_isco08_3,2024,5.391
mwi,sex_t,age_aggregate_y55_64,ocu_isco08_4,2013,1.092
mwi,sex_t,age_aggregate_y55_64,ocu_isco08_5,2013,31.47
mwi,sex_t,age_aggregate_y55_64,ocu_isco08_5,2024,48.633
mwi,sex_t,age_aggregate_y55_64,ocu_isco08_6,2013,178.428
mwi,sex_t,age_aggregate_y55_64,ocu_isco08_6,2024,132.453
mwi,sex_t,age_aggregate_y55_64,ocu_isco08_7,2013,7.904
mwi,sex_t,age_aggregate_y55_64,ocu_isco08_7,2024,21.274
mwi,sex_t,age_aggregate_y55_64,ocu_isco08_8,2013,13.656
mwi,sex_t,age_aggregate_y55_64,ocu_isco08_8,2024,4.9
mwi,sex_t,age_aggregate_y55_64,ocu_isco08_9,2013,72.778
mwi,sex_t,age_aggregate_y55_64,ocu_isco08_9,2024,74.569
mwi,sex_t,age_aggregate_y55_64,ocu_isco08_total,2013,330.57
mwi,sex_t,age_aggregate_y55_64,ocu_isco08_total,2024,338.102
mwi,sex_t,age_aggregate_y55_64,ocu_isco08_x,2013,21.61
mwi,sex_t,age_aggregate_y55_64,ocu_skill_l1,2013,72.778
mwi,sex_t,age_aggregate_y55_64,ocu_skill_l1,2024,74.569
mwi,sex_t,age_aggregate_y55_64,ocu_skill_l2,2013,232.55
mwi,sex_t,age_aggregate_y55_64,ocu_skill_l2,2024,207.374
mwi,sex_t,age_aggregate_y55_64,ocu_skill_l3_4,2013,3.633
mwi,sex_t,age_aggregate_y55_64,ocu_skill_l3_4,2024,55.173
mwi,sex_t,age_aggregate_y55_64,ocu_skill_total,2013,330.57
mwi,sex_t,age_aggregate_y55_64,ocu_skill_total,2024,338.102
mwi,sex_t,age_aggregate_y55_64,ocu_skill_x,2013,21.61
mwi,sex_t,age_aggregate_yge65,ocu_isco08_2,2013,1.428
mwi,sex_t,age_aggregate_yge65,ocu_isco08_5,2013,24.118
mwi,sex_t,age_aggregate_yge65,ocu_isco08_6,2013,164.822
mwi,sex_t,age_aggregate_yge65,ocu_isco08_7,2013,5.716
mwi,sex_t,age_aggregate_yge65,ocu_isco08_8,2013,7.903
mwi,sex_t,age_aggregate_yge65,ocu_isco08_9,2013,49.37
mwi,sex_t,age_aggregate_yge65,ocu_isco08_total,2013,289.331
mwi,sex_t,age_aggregate_yge65,ocu_isco08_x,2013,35.849
mwi,sex_t,age_aggregate_yge65,ocu_skill_l1,2013,49.37
mwi,sex_t,age_aggregate_yge65,ocu_skill_l2,2013,202.559
mwi,sex_t,age_aggregate_yge65,ocu_skill_l3_4,2013,1.554
mwi,sex_t,age_aggregate_yge65,ocu_skill_total,2013,289.331
mwi,sex_t,age_aggregate_yge65,ocu_skill_x,2013,35.849
mwi,sex_t,age_ythadult_y15_24,ocu_isco08_0,2024,0.959
mwi,sex_t,age_ythadult_y15_24,ocu_isco08_1,2024,152.303
mwi,sex_t,age_ythadult_y15_24,ocu_isco08_2,2013,11.586
mwi,sex_t,age_ythadult_y15_24,ocu_isco08_2,2024,33.358
mwi,sex_t,age_ythadult_y15_24,ocu_isco08_3,2013,3.033
mwi,sex_t,age_ythadult_y15_24,ocu_isco08_3,2024,22.07
mwi,sex_t,age_ythadult_y15_24,ocu_isco08_4,2013,2.028
mwi,sex_t,age_ythadult_y15_24,ocu_isco08_4,2024,4.986
mwi,sex_t,age_ythadult_y15_24,ocu_isco08_5,2013,199.765
mwi,sex_t,age_ythadult_y15_24,ocu_isco08_5,2024,210.203
mwi,sex_t,age_ythadult_y15_24,ocu_isco08_6,2013,767.567
mwi,sex_t,age_ythadult_y15_24,ocu_isco08_6,2024,393.596
mwi,sex_t,age_ythadult_y15_24,ocu_isco08_7,2013,41.804
mwi,sex_t,age_ythadult_y15_24,ocu_isco08_7,2024,92.219
mwi,sex_t,age_ythadult_y15_24,ocu_isco08_8,2013,46.179
mwi,sex_t,age_ythadult_y15_24,ocu_isco08_8,2024,16.838
mwi,sex_t,age_ythadult_y15_24,ocu_isco08_9,2013,406.24
mwi,sex_t,age_ythadult_y15_24,ocu_isco08_9,2024,395.856
mwi,sex_t,age_ythadult_y15_24,ocu_isco08_total,2013,1575.661
mwi,sex_t,age_ythadult_y15_24,ocu_isco08_total,2024,1322.387
mwi,sex_t,age_ythadult_y15_24,ocu_isco08_x,2013,97.336
mwi,sex_t,age_ythadult_y15_24,ocu_skill_l1,2013,406.24
mwi,sex_t,age_ythadult_y15_24,ocu_skill_l1,2024,395.856
mwi,sex_t,age_ythadult_y15_24,ocu_skill_l2,2013,1057.344
mwi,sex_t,age_ythadult_y15_24,ocu_skill_l2,2024,717.841
mwi,sex_t,age_ythadult_y15_24,ocu_skill_l3_4,2013,14.741
mwi,sex_t,age_ythadult_y15_24,ocu_skill_l3_4,2024,207.73
mwi,sex_t,age_ythadult_y15_24,ocu_skill_total,2013,1575.661
mwi,sex_t,age_ythadult_y15_24,ocu_skill_total,2024,1322.387
mwi,sex_t,age_ythadult_y15_24,ocu_skill_x,2013,97.336
mwi,sex_t,age_ythadult_y15_24,ocu_skill_x,2024,0.959
mwi,sex_t,age_ythadult_y15_64,ocu_isco08_0,2024,8.554
mwi,sex_t,age_ythadult_y15_64,ocu_isco08_1,2013,6.632
mwi,sex_t,age_ythadult_y15_64,ocu_isco08_1,2024,540.775
mwi,sex_t,age_ythadult_y15_64,ocu_isco08_2,2013,53.041
mwi,sex_t,age_ythadult_y15_64,ocu_isco08_2,2024,150.806
mwi,sex_t,age_ythadult_y15_64,ocu_isco08_3,2013,7.486
mwi,sex_t,age_ythadult_y15_64,ocu_isco08_3,2024,87.654
mwi,sex_t,age_ythadult_y15_64,ocu_isco08_4,2013,17.068
mwi,sex_t,age_ythadult_y15_64,ocu_isco08_4,2024,16.154
mwi,sex_t,age_ythadult_y15_64,ocu_isco08_5,2013,752.532
mwi,sex_t,age_ythadult_y15_64,ocu_isco08_5,2024,862.792
mwi,sex_t,age_ythadult_y15_64,ocu_isco08_6,2013,2294.616
mwi,sex_t,age_ythadult_y15_64,ocu_isco08_6,2024,1257.634
mwi,sex_t,age_ythadult_y15_64,ocu_isco08_7,2013,192.908
mwi,sex_t,age_ythadult_y15_64,ocu_isco08_7,2024,337.335
mwi,sex_t,age_ythadult_y15_64,ocu_isco08_8,2013,213.867
mwi,sex_t,age_ythadult_y15_64,ocu_isco08_8,2024,101.118
mwi,sex_t,age_ythadult_y15_64,ocu_isco08_9,2013,1108.019
mwi,sex_t,age_ythadult_y15_64,ocu_isco08_9,2024,1268.235
mwi,sex_t,age_ythadult_y15_64,ocu_isco08_total,2013,4947.104
mwi,sex_t,age_ythadult_y15_64,ocu_isco08_total,2024,4631.936
mwi,sex_t,age_ythadult_y15_64,ocu_isco08_x,2013,300.934
mwi,sex_t,age_ythadult_y15_64,ocu_skill_l1,2013,1108.019
mwi,sex_t,age_ythadult_y15_64,ocu_skill_l1,2024,1268.235
mwi,sex_t,age_ythadult_y15_64,ocu_skill_l2,2013,3470.992
mwi,sex_t,age_ythadult_y15_64,ocu_skill_l2,2024,2575.034
mwi,sex_t,age_ythadult_y15_64,ocu_skill_l3_4,2013,67.159
mwi,sex_t,age_ythadult_y15_64,ocu_skill_l3_4,2024,779.235
mwi,sex_t,age_ythadult_y15_64,ocu_skill_total,2013,4947.104
mwi,sex_t,age_ythadult_y15_64,ocu_skill_total,2024,4631.936
mwi,sex_t,age_ythadult_y15_64,ocu_skill_x,2013,300.934
mwi,sex_t,age_ythadult_y15_64,ocu_skill_x,2024,9.432
mwi,sex_t,age_ythadult_yge15,ocu_isco08_0,2024,8.554
mwi,sex_t,age_ythadult_yge15,ocu_isco08_1,2013,6.632
mwi,sex_t,age_ythadult_yge15,ocu_isco08_1,2024,540.775
mwi,sex_t,age_ythadult_yge15,ocu_isco08_2,2013,54.468
mwi,sex_t,age_ythadult_yge15,ocu_isco08_2,2024,150.806
mwi,sex_t,age_ythadult_yge15,ocu_isco08_3,2013,7.612
mwi,sex_t,age_ythadult_yge15,ocu_isco08_3,2024,87.654
mwi,sex_t,age_ythadult_yge15,ocu_isco08_4,2013,17.068
mwi,sex_t,age_ythadult_yge15,ocu_isco08_4,2024,16.154
mwi,sex_t,age_ythadult_yge15,ocu_isco08_5,2013,776.65
mwi,sex_t,age_ythadult_yge15,ocu_isco08_5,2024,862.792
mwi,sex_t,age_ythadult_yge15,ocu_isco08_6,2013,2459.438
mwi,sex_t,age_ythadult_yge15,ocu_isco08_6,2024,1257.634
mwi,sex_t,age_ythadult_yge15,ocu_isco08_7,2013,198.625
mwi,sex_t,age_ythadult_yge15,ocu_isco08_7,2024,337.335
mwi,sex_t,age_ythadult_yge15,ocu_isco08_8,2013,221.77
mwi,sex_t,age_ythadult_yge15,ocu_isco08_8,2024,101.118
mwi,sex_t,age_ythadult_yge15,ocu_isco08_9,2013,1157.388
mwi,sex_t,age_ythadult_yge15,ocu_isco08_9,2024,1268.235
mwi,sex_t,age_ythadult_yge15,ocu_isco08_total,2013,5236.435
mwi,sex_t,age_ythadult_yge15,ocu_isco08_total,2024,4631.936
mwi,sex_t,age_ythadult_yge15,ocu_isco08_x,2013,336.783
mwi,sex_t,age_ythadult_yge15,ocu_skill_l1,2013,1157.388
mwi,sex_t,age_ythadult_yge15,ocu_skill_l1,2024,1268.235
mwi,sex_t,age_ythadult_yge15,ocu_skill_l2,2013,3673.55
mwi,sex_t,age_ythadult_yge15,ocu_skill_l2,2024,2575.034
mwi,sex_t,age_ythadult_yge15,ocu_skill_l3_4,2013,68.713
mwi,sex_t,age_ythadult_yge15,ocu_skill_l3_4,2024,779.235
mwi,sex_t,age_ythadult_yge15,ocu_skill_total,2013,5236.435
mwi,sex_t,age_ythadult_yge15,ocu_skill_total,2024,4631.936
mwi,sex_t,age_ythadult_yge15,ocu_skill_x,2013,336.783
mwi,sex_t,age_ythadult_yge15,ocu_skill_x,2024,9.432
mwi,sex_t,age_ythadult_yge25,ocu_isco08_0,2024,7.595
mwi,sex_t,age_ythadult_yge25,ocu_isco08_1,2013,6.51
mwi,sex_t,age_ythadult_yge25,ocu_isco08_1,2024,388.472
mwi,sex_t,age_ythadult_yge25,ocu_isco08_2,2013,42.883
mwi,sex_t,age_ythadult_yge25,ocu_isco08_2,2024,117.448
mwi,sex_t,age_ythadult_yge25,ocu_isco08_3,2013,4.579
mwi,sex_t,age_ythadult_yge25,ocu_isco08_3,2024,65.585
mwi,sex_t,age_ythadult_yge25,ocu_isco08_4,2013,15.04
mwi,sex_t,age_ythadult_yge25,ocu_isco08_4,2024,11.169
mwi,sex_t,age_ythadult_yge25,ocu_isco08_5,2013,576.884
mwi,sex_t,age_ythadult_yge25,ocu_isco08_5,2024,652.589
mwi,sex_t,age_ythadult_yge25,ocu_isco08_6,2013,1691.871
mwi,sex_t,age_ythadult_yge25,ocu_isco08_6,2024,864.038
mwi,sex_t,age_ythadult_yge25,ocu_isco08_7,2013,156.82
mwi,sex_t,age_ythadult_yge25,ocu_isco08_7,2024,245.116
mwi,sex_t,age_ythadult_yge25,ocu_isco08_8,2013,175.591
mwi,sex_t,age_ythadult_yge25,ocu_isco08_8,2024,84.28
mwi,sex_t,age_ythadult_yge25,ocu_isco08_9,2013,751.148
mwi,sex_t,age_ythadult_yge25,ocu_isco08_9,2024,872.378
mwi,sex_t,age_ythadult_yge25,ocu_isco08_total,2013,3660.774
mwi,sex_t,age_ythadult_yge25,ocu_isco08_total,2024,3309.549
mwi,sex_t,age_ythadult_yge25,ocu_isco08_x,2013,239.447
mwi,sex_t,age_ythadult_yge25,ocu_skill_l1,2013,751.148
mwi,sex_t,age_ythadult_yge25,ocu_skill_l1,2024,872.378
mwi,sex_t,age_ythadult_yge25,ocu_skill_l2,2013,2616.206
mwi,sex_t,age_ythadult_yge25,ocu_skill_l2,2024,1857.193
mwi,sex_t,age_ythadult_yge25,ocu_skill_l3_4,2013,53.972
mwi,sex_t,age_ythadult_yge25,ocu_skill_l3_4,2024,571.505
mwi,sex_t,age_ythadult_yge25,ocu_skill_total,2013,3660.774
mwi,sex_t,age_ythadult_yge25,ocu_skill_total,2024,3309.549
mwi,sex_t,age_ythadult_yge25,ocu_skill_x,2013,239.447
mwi,sex_t,age_ythadult_yge25,ocu_skill_x,2024,8.474
