ref_area,sex,classif1,classif2,time,how_xees_sex_eco_ins_nb
sen,sex_f,eco_aggregate_agr,ins_sector_pri,2015,46.72
sen,sex_f,eco_aggregate_agr,ins_sector_pri,2016,41.46
sen,sex_f,eco_aggregate_agr,ins_sector_pri,2019,40.41
sen,sex_f,eco_aggregate_agr,ins_sector_pri,2022,37.41
sen,sex_f,eco_aggregate_agr,ins_sector_pri,2023,43.03
sen,sex_f,eco_aggregate_agr,ins_sector_pri,2024,37.25
sen,sex_f,eco_aggregate_agr,ins_sector_pub,2015,53.52
sen,sex_f,eco_aggregate_agr,ins_sector_pub,2016,48.95
sen,sex_f,eco_aggregate_agr,ins_sector_pub,2019,36.83
sen,sex_f,eco_aggregate_agr,ins_sector_pub,2022,40.32
sen,sex_f,eco_aggregate_agr,ins_sector_pub,2023,36.64
sen,sex_f,eco_aggregate_agr,ins_sector_pub,2024,42.79
sen,sex_f,eco_aggregate_agr,ins_sector_total,2015,48.05
sen,sex_f,eco_aggregate_agr,ins_sector_total,2016,42.5
sen,sex_f,eco_aggregate_agr,ins_sector_total,2019,40.16
sen,sex_f,eco_aggregate_agr,ins_sector_total,2022,37.56
sen,sex_f,eco_aggregate_agr,ins_sector_total,2023,42.79
sen,sex_f,eco_aggregate_agr,ins_sector_total,2024,37.95
sen,sex_f,eco_aggregate_con,ins_sector_pri,2015,43.22
sen,sex_f,eco_aggregate_con,ins_sector_pri,2016,45.4
sen,sex_f,eco_aggregate_con,ins_sector_pri,2019,45.34
sen,sex_f,eco_aggregate_con,ins_sector_pri,2022,44.04
sen,sex_f,eco_aggregate_con,ins_sector_pri,2023,39.55
sen,sex_f,eco_aggregate_con,ins_sector_pri,2024,51.89
sen,sex_f,eco_aggregate_con,ins_sector_pub,2022,50.5
sen,sex_f,eco_aggregate_con,ins_sector_total,2015,42.24
sen,sex_f,eco_aggregate_con,ins_sector_total,2016,45.38
sen,sex_f,eco_aggregate_con,ins_sector_total,2019,49.75
sen,sex_f,eco_aggregate_con,ins_sector_total,2022,45.45
sen,sex_f,eco_aggregate_con,ins_sector_total,2023,41.35
sen,sex_f,eco_aggregate_con,ins_sector_total,2024,51.89
sen,sex_f,eco_aggregate_man,ins_sector_pri,2015,46.91
sen,sex_f,eco_aggregate_man,ins_sector_pri,2016,43.1
sen,sex_f,eco_aggregate_man,ins_sector_pri,2019,44.5
sen,sex_f,eco_aggregate_man,ins_sector_pri,2022,40.97
sen,sex_f,eco_aggregate_man,ins_sector_pri,2023,42.51
sen,sex_f,eco_aggregate_man,ins_sector_pri,2024,38.85
sen,sex_f,eco_aggregate_man,ins_sector_pub,2016,40.68
sen,sex_f,eco_aggregate_man,ins_sector_pub,2019,36.8
sen,sex_f,eco_aggregate_man,ins_sector_pub,2022,42.22
sen,sex_f,eco_aggregate_man,ins_sector_pub,2024,56.57
sen,sex_f,eco_aggregate_man,ins_sector_total,2015,46.15
sen,sex_f,eco_aggregate_man,ins_sector_total,2016,42.99
sen,sex_f,eco_aggregate_man,ins_sector_total,2019,44.44
sen,sex_f,eco_aggregate_man,ins_sector_total,2022,41.01
sen,sex_f,eco_aggregate_man,ins_sector_total,2023,42.44
sen,sex_f,eco_aggregate_man,ins_sector_total,2024,39.49
sen,sex_f,eco_aggregate_mel,ins_sector_pri,2015,51.79
sen,sex_f,eco_aggregate_mel,ins_sector_pri,2016,51.98
sen,sex_f,eco_aggregate_mel,ins_sector_pri,2019,44.54
sen,sex_f,eco_aggregate_mel,ins_sector_pri,2022,38.04
sen,sex_f,eco_aggregate_mel,ins_sector_pri,2023,35.51
sen,sex_f,eco_aggregate_mel,ins_sector_pri,2024,49.93
sen,sex_f,eco_aggregate_mel,ins_sector_pub,2016,44.6
sen,sex_f,eco_aggregate_mel,ins_sector_pub,2022,42.94
sen,sex_f,eco_aggregate_mel,ins_sector_pub,2023,50.28
sen,sex_f,eco_aggregate_mel,ins_sector_pub,2024,37.87
sen,sex_f,eco_aggregate_mel,ins_sector_total,2015,48.76
sen,sex_f,eco_aggregate_mel,ins_sector_total,2016,48.21
sen,sex_f,eco_aggregate_mel,ins_sector_total,2019,44.3
sen,sex_f,eco_aggregate_mel,ins_sector_total,2022,39.48
sen,sex_f,eco_aggregate_mel,ins_sector_total,2023,41.87
sen,sex_f,eco_aggregate_mel,ins_sector_total,2024,46.84
sen,sex_f,eco_aggregate_mkt,ins_sector_pri,2015,50.79
sen,sex_f,eco_aggregate_mkt,ins_sector_pri,2016,51
sen,sex_f,eco_aggregate_mkt,ins_sector_pri,2019,47.23
sen,sex_f,eco_aggregate_mkt,ins_sector_pri,2022,47.58
sen,sex_f,eco_aggregate_mkt,ins_sector_pri,2023,48.62
sen,sex_f,eco_aggregate_mkt,ins_sector_pri,2024,47.45
sen,sex_f,eco_aggregate_mkt,ins_sector_pub,2015,36.54
sen,sex_f,eco_aggregate_mkt,ins_sector_pub,2016,42.4
sen,sex_f,eco_aggregate_mkt,ins_sector_pub,2019,43.74
sen,sex_f,eco_aggregate_mkt,ins_sector_pub,2022,45.27
sen,sex_f,eco_aggregate_mkt,ins_sector_pub,2023,42
sen,sex_f,eco_aggregate_mkt,ins_sector_pub,2024,45.76
sen,sex_f,eco_aggregate_mkt,ins_sector_total,2015,47.89
sen,sex_f,eco_aggregate_mkt,ins_sector_total,2016,49.11
sen,sex_f,eco_aggregate_mkt,ins_sector_total,2019,46.54
sen,sex_f,eco_aggregate_mkt,ins_sector_total,2022,47.06
sen,sex_f,eco_aggregate_mkt,ins_sector_total,2023,47.02
sen,sex_f,eco_aggregate_mkt,ins_sector_total,2024,47.19
sen,sex_f,eco_aggregate_pub,ins_sector_pri,2015,55.02
sen,sex_f,eco_aggregate_pub,ins_sector_pri,2016,51.26
sen,sex_f,eco_aggregate_pub,ins_sector_pri,2019,47.29
sen,sex_f,eco_aggregate_pub,ins_sector_pri,2022,47.38
sen,sex_f,eco_aggregate_pub,ins_sector_pri,2023,46.6
sen,sex_f,eco_aggregate_pub,ins_sector_pri,2024,46.6
sen,sex_f,eco_aggregate_pub,ins_sector_pub,2015,40.14
sen,sex_f,eco_aggregate_pub,ins_sector_pub,2016,41.13
sen,sex_f,eco_aggregate_pub,ins_sector_pub,2019,38.64
sen,sex_f,eco_aggregate_pub,ins_sector_pub,2022,40.61
sen,sex_f,eco_aggregate_pub,ins_sector_pub,2023,40.55
sen,sex_f,eco_aggregate_pub,ins_sector_pub,2024,41.75
sen,sex_f,eco_aggregate_pub,ins_sector_total,2015,51.07
sen,sex_f,eco_aggregate_pub,ins_sector_total,2016,47.66
sen,sex_f,eco_aggregate_pub,ins_sector_total,2019,45.19
sen,sex_f,eco_aggregate_pub,ins_sector_total,2022,45.54
sen,sex_f,eco_aggregate_pub,ins_sector_total,2023,44.92
sen,sex_f,eco_aggregate_pub,ins_sector_total,2024,45.14
sen,sex_f,eco_aggregate_total,ins_sector_pri,2015,53.35
sen,sex_f,eco_aggregate_total,ins_sector_pri,2016,49.5
sen,sex_f,eco_aggregate_total,ins_sector_pri,2019,46.48
sen,sex_f,eco_aggregate_total,ins_sector_pri,2022,45.92
sen,sex_f,eco_aggregate_total,ins_sector_pri,2023,46.03
sen,sex_f,eco_aggregate_total,ins_sector_pri,2024,44.89
sen,sex_f,eco_aggregate_total,ins_sector_pub,2015,40.11
sen,sex_f,eco_aggregate_total,ins_sector_pub,2016,41.62
sen,sex_f,eco_aggregate_total,ins_sector_pub,2019,39.76
sen,sex_f,eco_aggregate_total,ins_sector_pub,2022,41.61
sen,sex_f,eco_aggregate_total,ins_sector_pub,2023,40.95
sen,sex_f,eco_aggregate_total,ins_sector_pub,2024,42.49
sen,sex_f,eco_aggregate_total,ins_sector_total,2015,50.1
sen,sex_f,eco_aggregate_total,ins_sector_total,2016,47.19
sen,sex_f,eco_aggregate_total,ins_sector_total,2019,45.15
sen,sex_f,eco_aggregate_total,ins_sector_total,2022,44.93
sen,sex_f,eco_aggregate_total,ins_sector_total,2023,44.85
sen,sex_f,eco_aggregate_total,ins_sector_total,2024,44.33
sen,sex_f,eco_isic4_a,ins_sector_pri,2015,46.72
sen,sex_f,eco_isic4_a,ins_sector_pri,2016,41.46
sen,sex_f,eco_isic4_a,ins_sector_pri,2019,40.41
sen,sex_f,eco_isic4_a,ins_sector_pri,2022,37.41
sen,sex_f,eco_isic4_a,ins_sector_pri,2023,43.03
sen,sex_f,eco_isic4_a,ins_sector_pri,2024,37.25
sen,sex_f,eco_isic4_a,ins_sector_pub,2015,53.52
sen,sex_f,eco_isic4_a,ins_sector_pub,2016,48.95
sen,sex_f,eco_isic4_a,ins_sector_pub,2019,36.83
sen,sex_f,eco_isic4_a,ins_sector_pub,2022,40.32
sen,sex_f,eco_isic4_a,ins_sector_pub,2023,36.64
sen,sex_f,eco_isic4_a,ins_sector_pub,2024,42.79
sen,sex_f,eco_isic4_a,ins_sector_total,2015,48.05
sen,sex_f,eco_isic4_a,ins_sector_total,2016,42.5
sen,sex_f,eco_isic4_a,ins_sector_total,2019,40.16
sen,sex_f,eco_isic4_a,ins_sector_total,2022,37.56
sen,sex_f,eco_isic4_a,ins_sector_total,2023,42.79
sen,sex_f,eco_isic4_a,ins_sector_total,2024,37.95
sen,sex_f,eco_isic4_b,ins_sector_pri,2015,52.3
sen,sex_f,eco_isic4_b,ins_sector_pri,2019,50.7
sen,sex_f,eco_isic4_b,ins_sector_pri,2022,45.29
sen,sex_f,eco_isic4_b,ins_sector_pri,2023,25.84
sen,sex_f,eco_isic4_b,ins_sector_pri,2024,48.29
sen,sex_f,eco_isic4_b,ins_sector_total,2015,51.49
sen,sex_f,eco_isic4_b,ins_sector_total,2016,47.61
sen,sex_f,eco_isic4_b,ins_sector_total,2019,49.97
sen,sex_f,eco_isic4_b,ins_sector_total,2022,45.29
sen,sex_f,eco_isic4_b,ins_sector_total,2023,26.13
sen,sex_f,eco_isic4_b,ins_sector_total,2024,48.29
sen,sex_f,eco_isic4_c,ins_sector_pri,2015,46.91
sen,sex_f,eco_isic4_c,ins_sector_pri,2016,43.1
sen,sex_f,eco_isic4_c,ins_sector_pri,2019,44.5
sen,sex_f,eco_isic4_c,ins_sector_pri,2022,40.97
sen,sex_f,eco_isic4_c,ins_sector_pri,2023,42.51
sen,sex_f,eco_isic4_c,ins_sector_pri,2024,38.85
sen,sex_f,eco_isic4_c,ins_sector_pub,2016,40.68
sen,sex_f,eco_isic4_c,ins_sector_pub,2019,36.8
sen,sex_f,eco_isic4_c,ins_sector_pub,2022,42.22
sen,sex_f,eco_isic4_c,ins_sector_pub,2024,56.57
sen,sex_f,eco_isic4_c,ins_sector_total,2015,46.15
sen,sex_f,eco_isic4_c,ins_sector_total,2016,42.99
sen,sex_f,eco_isic4_c,ins_sector_total,2019,44.44
sen,sex_f,eco_isic4_c,ins_sector_total,2022,41.01
sen,sex_f,eco_isic4_c,ins_sector_total,2023,42.44
sen,sex_f,eco_isic4_c,ins_sector_total,2024,39.49
sen,sex_f,eco_isic4_d,ins_sector_pub,2016,41.59
sen,sex_f,eco_isic4_d,ins_sector_total,2016,47.07
sen,sex_f,eco_isic4_e,ins_sector_pri,2022,32.57
sen,sex_f,eco_isic4_e,ins_sector_pub,2024,29.28
sen,sex_f,eco_isic4_e,ins_sector_total,2022,33.61
sen,sex_f,eco_isic4_e,ins_sector_total,2023,75.51
sen,sex_f,eco_isic4_e,ins_sector_total,2024,44.5
sen,sex_f,eco_isic4_f,ins_sector_pri,2015,43.22
sen,sex_f,eco_isic4_f,ins_sector_pri,2016,45.4
sen,sex_f,eco_isic4_f,ins_sector_pri,2019,45.34
sen,sex_f,eco_isic4_f,ins_sector_pri,2022,44.04
sen,sex_f,eco_isic4_f,ins_sector_pri,2023,39.55
sen,sex_f,eco_isic4_f,ins_sector_pri,2024,51.89
sen,sex_f,eco_isic4_f,ins_sector_pub,2022,50.5
sen,sex_f,eco_isic4_f,ins_sector_total,2015,42.24
sen,sex_f,eco_isic4_f,ins_sector_total,2016,45.38
sen,sex_f,eco_isic4_f,ins_sector_total,2019,49.75
sen,sex_f,eco_isic4_f,ins_sector_total,2022,45.45
sen,sex_f,eco_isic4_f,ins_sector_total,2023,41.35
sen,sex_f,eco_isic4_f,ins_sector_total,2024,51.89
sen,sex_f,eco_isic4_g,ins_sector_pri,2015,49.03
sen,sex_f,eco_isic4_g,ins_sector_pri,2016,51.04
sen,sex_f,eco_isic4_g,ins_sector_pri,2019,47.76
sen,sex_f,eco_isic4_g,ins_sector_pri,2022,48.56
sen,sex_f,eco_isic4_g,ins_sector_pri,2023,51.08
sen,sex_f,eco_isic4_g,ins_sector_pri,2024,48.35
sen,sex_f,eco_isic4_g,ins_sector_pub,2016,40.66
sen,sex_f,eco_isic4_g,ins_sector_pub,2019,41.37
sen,sex_f,eco_isic4_g,ins_sector_pub,2022,56.22
sen,sex_f,eco_isic4_g,ins_sector_total,2015,48.99
sen,sex_f,eco_isic4_g,ins_sector_total,2016,50.24
sen,sex_f,eco_isic4_g,ins_sector_total,2019,47.5
sen,sex_f,eco_isic4_g,ins_sector_total,2022,48.76
sen,sex_f,eco_isic4_g,ins_sector_total,2023,51.2
sen,sex_f,eco_isic4_g,ins_sector_total,2024,48.3
sen,sex_f,eco_isic4_h,ins_sector_pri,2015,57.06
sen,sex_f,eco_isic4_h,ins_sector_pri,2016,52.77
sen,sex_f,eco_isic4_h,ins_sector_pri,2019,57.71
sen,sex_f,eco_isic4_h,ins_sector_pri,2022,48.51
sen,sex_f,eco_isic4_h,ins_sector_pri,2023,39.87
sen,sex_f,eco_isic4_h,ins_sector_pri,2024,52.66
sen,sex_f,eco_isic4_h,ins_sector_pub,2019,39.39
sen,sex_f,eco_isic4_h,ins_sector_pub,2022,47.4
sen,sex_f,eco_isic4_h,ins_sector_pub,2023,39.62
sen,sex_f,eco_isic4_h,ins_sector_pub,2024,50.26
sen,sex_f,eco_isic4_h,ins_sector_total,2015,54.15
sen,sex_f,eco_isic4_h,ins_sector_total,2016,48.82
sen,sex_f,eco_isic4_h,ins_sector_total,2019,46.87
sen,sex_f,eco_isic4_h,ins_sector_total,2022,47.97
sen,sex_f,eco_isic4_h,ins_sector_total,2023,39.72
sen,sex_f,eco_isic4_h,ins_sector_total,2024,51.35
sen,sex_f,eco_isic4_i,ins_sector_pri,2015,61.32
sen,sex_f,eco_isic4_i,ins_sector_pri,2016,53.37
sen,sex_f,eco_isic4_i,ins_sector_pri,2019,46.47
sen,sex_f,eco_isic4_i,ins_sector_pri,2022,47.33
sen,sex_f,eco_isic4_i,ins_sector_pri,2023,48.46
sen,sex_f,eco_isic4_i,ins_sector_pri,2024,49.36
sen,sex_f,eco_isic4_i,ins_sector_pub,2022,35.04
sen,sex_f,eco_isic4_i,ins_sector_pub,2023,53.63
sen,sex_f,eco_isic4_i,ins_sector_pub,2024,52.82
sen,sex_f,eco_isic4_i,ins_sector_total,2015,56.09
sen,sex_f,eco_isic4_i,ins_sector_total,2016,52.7
sen,sex_f,eco_isic4_i,ins_sector_total,2019,46.81
sen,sex_f,eco_isic4_i,ins_sector_total,2022,46.87
sen,sex_f,eco_isic4_i,ins_sector_total,2023,48.91
sen,sex_f,eco_isic4_i,ins_sector_total,2024,49.68
sen,sex_f,eco_isic4_j,ins_sector_pri,2015,42.34
sen,sex_f,eco_isic4_j,ins_sector_pri,2016,57.78
sen,sex_f,eco_isic4_j,ins_sector_pri,2019,40.98
sen,sex_f,eco_isic4_j,ins_sector_pri,2022,44.25
sen,sex_f,eco_isic4_j,ins_sector_pri,2023,41.5
sen,sex_f,eco_isic4_j,ins_sector_pri,2024,43.85
sen,sex_f,eco_isic4_j,ins_sector_pub,2015,42.96
sen,sex_f,eco_isic4_j,ins_sector_pub,2016,41.35
sen,sex_f,eco_isic4_j,ins_sector_pub,2019,35.21
sen,sex_f,eco_isic4_j,ins_sector_pub,2022,40.27
sen,sex_f,eco_isic4_j,ins_sector_pub,2023,29.51
sen,sex_f,eco_isic4_j,ins_sector_pub,2024,43.53
sen,sex_f,eco_isic4_j,ins_sector_total,2015,42.65
sen,sex_f,eco_isic4_j,ins_sector_total,2016,48.96
sen,sex_f,eco_isic4_j,ins_sector_total,2019,40.24
sen,sex_f,eco_isic4_j,ins_sector_total,2022,43.61
sen,sex_f,eco_isic4_j,ins_sector_total,2023,39.25
sen,sex_f,eco_isic4_j,ins_sector_total,2024,43.76
sen,sex_f,eco_isic4_k,ins_sector_pri,2015,50.2
sen,sex_f,eco_isic4_k,ins_sector_pri,2016,49.09
sen,sex_f,eco_isic4_k,ins_sector_pri,2019,50.79
sen,sex_f,eco_isic4_k,ins_sector_pri,2022,46.45
sen,sex_f,eco_isic4_k,ins_sector_pri,2023,49.62
sen,sex_f,eco_isic4_k,ins_sector_pri,2024,45.5
sen,sex_f,eco_isic4_k,ins_sector_pub,2015,40.53
sen,sex_f,eco_isic4_k,ins_sector_pub,2016,44.36
sen,sex_f,eco_isic4_k,ins_sector_pub,2019,49.63
sen,sex_f,eco_isic4_k,ins_sector_pub,2022,43.04
sen,sex_f,eco_isic4_k,ins_sector_pub,2023,42.73
sen,sex_f,eco_isic4_k,ins_sector_total,2015,48.65
sen,sex_f,eco_isic4_k,ins_sector_total,2016,47.5
sen,sex_f,eco_isic4_k,ins_sector_total,2019,50.49
sen,sex_f,eco_isic4_k,ins_sector_total,2022,45.64
sen,sex_f,eco_isic4_k,ins_sector_total,2023,46.37
sen,sex_f,eco_isic4_k,ins_sector_total,2024,45.13
sen,sex_f,eco_isic4_l,ins_sector_pri,2015,52.15
sen,sex_f,eco_isic4_l,ins_sector_pri,2024,49.6
sen,sex_f,eco_isic4_l,ins_sector_total,2015,52.15
sen,sex_f,eco_isic4_l,ins_sector_total,2024,49.6
sen,sex_f,eco_isic4_m,ins_sector_pri,2016,38.17
sen,sex_f,eco_isic4_m,ins_sector_pri,2023,41.22
sen,sex_f,eco_isic4_m,ins_sector_pri,2024,41.07
sen,sex_f,eco_isic4_m,ins_sector_pub,2015,36
sen,sex_f,eco_isic4_m,ins_sector_pub,2016,38.18
sen,sex_f,eco_isic4_m,ins_sector_pub,2019,38.77
sen,sex_f,eco_isic4_m,ins_sector_pub,2022,45.32
sen,sex_f,eco_isic4_m,ins_sector_pub,2023,43.3
sen,sex_f,eco_isic4_m,ins_sector_pub,2024,35.45
sen,sex_f,eco_isic4_m,ins_sector_total,2015,40.39
sen,sex_f,eco_isic4_m,ins_sector_total,2016,38.18
sen,sex_f,eco_isic4_m,ins_sector_total,2019,37.69
sen,sex_f,eco_isic4_m,ins_sector_total,2022,45.28
sen,sex_f,eco_isic4_m,ins_sector_total,2023,42.33
sen,sex_f,eco_isic4_m,ins_sector_total,2024,39.62
sen,sex_f,eco_isic4_n,ins_sector_pri,2015,24.38
sen,sex_f,eco_isic4_n,ins_sector_pri,2016,41.96
sen,sex_f,eco_isic4_n,ins_sector_pri,2019,43.62
sen,sex_f,eco_isic4_n,ins_sector_pri,2022,53.05
sen,sex_f,eco_isic4_n,ins_sector_pri,2023,58.19
sen,sex_f,eco_isic4_n,ins_sector_pri,2024,45.94
sen,sex_f,eco_isic4_n,ins_sector_pub,2015,31.05
sen,sex_f,eco_isic4_n,ins_sector_pub,2016,46.63
sen,sex_f,eco_isic4_n,ins_sector_pub,2019,45.08
sen,sex_f,eco_isic4_n,ins_sector_pub,2022,46.55
sen,sex_f,eco_isic4_n,ins_sector_pub,2023,50.83
sen,sex_f,eco_isic4_n,ins_sector_pub,2024,41.86
sen,sex_f,eco_isic4_n,ins_sector_total,2015,28.7
sen,sex_f,eco_isic4_n,ins_sector_total,2016,44.91
sen,sex_f,eco_isic4_n,ins_sector_total,2019,44.41
sen,sex_f,eco_isic4_n,ins_sector_total,2022,50.11
sen,sex_f,eco_isic4_n,ins_sector_total,2023,54.41
sen,sex_f,eco_isic4_n,ins_sector_total,2024,44.89
sen,sex_f,eco_isic4_o,ins_sector_pri,2024,42.71
sen,sex_f,eco_isic4_o,ins_sector_pub,2016,49.01
sen,sex_f,eco_isic4_o,ins_sector_pub,2019,35.97
sen,sex_f,eco_isic4_o,ins_sector_pub,2022,34.65
sen,sex_f,eco_isic4_o,ins_sector_pub,2023,38.6
sen,sex_f,eco_isic4_o,ins_sector_pub,2024,42.42
sen,sex_f,eco_isic4_o,ins_sector_total,2016,49.86
sen,sex_f,eco_isic4_o,ins_sector_total,2019,35.85
sen,sex_f,eco_isic4_o,ins_sector_total,2022,31.34
sen,sex_f,eco_isic4_o,ins_sector_total,2023,39.3
sen,sex_f,eco_isic4_o,ins_sector_total,2024,42.5
sen,sex_f,eco_isic4_p,ins_sector_pri,2015,34.16
sen,sex_f,eco_isic4_p,ins_sector_pri,2016,36.45
sen,sex_f,eco_isic4_p,ins_sector_pri,2019,37.87
sen,sex_f,eco_isic4_p,ins_sector_pri,2022,34.91
sen,sex_f,eco_isic4_p,ins_sector_pri,2023,39.39
sen,sex_f,eco_isic4_p,ins_sector_pri,2024,38.84
sen,sex_f,eco_isic4_p,ins_sector_pub,2015,36.91
sen,sex_f,eco_isic4_p,ins_sector_pub,2016,37.78
sen,sex_f,eco_isic4_p,ins_sector_pub,2019,37.01
sen,sex_f,eco_isic4_p,ins_sector_pub,2022,38.79
sen,sex_f,eco_isic4_p,ins_sector_pub,2023,36.54
sen,sex_f,eco_isic4_p,ins_sector_pub,2024,40.18
sen,sex_f,eco_isic4_p,ins_sector_total,2015,36.4
sen,sex_f,eco_isic4_p,ins_sector_total,2016,37.52
sen,sex_f,eco_isic4_p,ins_sector_total,2019,37.43
sen,sex_f,eco_isic4_p,ins_sector_total,2022,37.09
sen,sex_f,eco_isic4_p,ins_sector_total,2023,37.95
sen,sex_f,eco_isic4_p,ins_sector_total,2024,39.69
sen,sex_f,eco_isic4_q,ins_sector_pri,2015,46.58
sen,sex_f,eco_isic4_q,ins_sector_pri,2016,45.15
sen,sex_f,eco_isic4_q,ins_sector_pri,2019,45.06
sen,sex_f,eco_isic4_q,ins_sector_pri,2023,41.04
sen,sex_f,eco_isic4_q,ins_sector_pri,2024,47.51
sen,sex_f,eco_isic4_q,ins_sector_pub,2015,43.92
sen,sex_f,eco_isic4_q,ins_sector_pub,2016,46.98
sen,sex_f,eco_isic4_q,ins_sector_pub,2019,45.32
sen,sex_f,eco_isic4_q,ins_sector_pub,2022,42.46
sen,sex_f,eco_isic4_q,ins_sector_pub,2023,43.38
sen,sex_f,eco_isic4_q,ins_sector_pub,2024,45.81
sen,sex_f,eco_isic4_q,ins_sector_total,2015,44.13
sen,sex_f,eco_isic4_q,ins_sector_total,2016,46.81
sen,sex_f,eco_isic4_q,ins_sector_total,2019,45.25
sen,sex_f,eco_isic4_q,ins_sector_total,2022,42.34
sen,sex_f,eco_isic4_q,ins_sector_total,2023,43.14
sen,sex_f,eco_isic4_q,ins_sector_total,2024,46.21
sen,sex_f,eco_isic4_s,ins_sector_pri,2015,55.85
sen,sex_f,eco_isic4_s,ins_sector_pri,2016,49.53
sen,sex_f,eco_isic4_s,ins_sector_pri,2019,48.22
sen,sex_f,eco_isic4_s,ins_sector_pri,2022,50.13
sen,sex_f,eco_isic4_s,ins_sector_pri,2023,47.3
sen,sex_f,eco_isic4_s,ins_sector_pri,2024,46.95
sen,sex_f,eco_isic4_s,ins_sector_pub,2015,46.75
sen,sex_f,eco_isic4_s,ins_sector_pub,2016,43.07
sen,sex_f,eco_isic4_s,ins_sector_pub,2019,36.25
sen,sex_f,eco_isic4_s,ins_sector_pub,2022,42.42
sen,sex_f,eco_isic4_s,ins_sector_pub,2023,39.82
sen,sex_f,eco_isic4_s,ins_sector_pub,2024,39.57
sen,sex_f,eco_isic4_s,ins_sector_total,2015,54.98
sen,sex_f,eco_isic4_s,ins_sector_total,2016,48.74
sen,sex_f,eco_isic4_s,ins_sector_total,2019,46.88
sen,sex_f,eco_isic4_s,ins_sector_total,2022,49.15
sen,sex_f,eco_isic4_s,ins_sector_total,2023,46.29
sen,sex_f,eco_isic4_s,ins_sector_total,2024,46.05
sen,sex_f,eco_isic4_t,ins_sector_pri,2015,56.12
sen,sex_f,eco_isic4_t,ins_sector_pri,2016,54.2
sen,sex_f,eco_isic4_t,ins_sector_pri,2019,49.08
sen,sex_f,eco_isic4_t,ins_sector_pri,2022,45.62
sen,sex_f,eco_isic4_t,ins_sector_pri,2023,48.13
sen,sex_f,eco_isic4_t,ins_sector_pri,2024,48.13
sen,sex_f,eco_isic4_t,ins_sector_pub,2015,31.01
sen,sex_f,eco_isic4_t,ins_sector_pub,2016,32
sen,sex_f,eco_isic4_t,ins_sector_pub,2019,36.1
sen,sex_f,eco_isic4_t,ins_sector_pub,2022,39.59
sen,sex_f,eco_isic4_t,ins_sector_pub,2023,40.3
sen,sex_f,eco_isic4_t,ins_sector_pub,2024,36.46
sen,sex_f,eco_isic4_t,ins_sector_total,2015,55.65
sen,sex_f,eco_isic4_t,ins_sector_total,2016,53.15
sen,sex_f,eco_isic4_t,ins_sector_total,2019,48.6
sen,sex_f,eco_isic4_t,ins_sector_total,2022,45.32
sen,sex_f,eco_isic4_t,ins_sector_total,2023,47.63
sen,sex_f,eco_isic4_t,ins_sector_total,2024,47.07
sen,sex_f,eco_isic4_total,ins_sector_pri,2015,53.35
sen,sex_f,eco_isic4_total,ins_sector_pri,2016,49.5
sen,sex_f,eco_isic4_total,ins_sector_pri,2019,46.48
sen,sex_f,eco_isic4_total,ins_sector_pri,2022,45.92
sen,sex_f,eco_isic4_total,ins_sector_pri,2023,46.03
sen,sex_f,eco_isic4_total,ins_sector_pri,2024,44.89
sen,sex_f,eco_isic4_total,ins_sector_pub,2015,40.11
sen,sex_f,eco_isic4_total,ins_sector_pub,2016,41.62
sen,sex_f,eco_isic4_total,ins_sector_pub,2019,39.76
sen,sex_f,eco_isic4_total,ins_sector_pub,2022,41.61
sen,sex_f,eco_isic4_total,ins_sector_pub,2023,40.95
sen,sex_f,eco_isic4_total,ins_sector_pub,2024,42.49
sen,sex_f,eco_isic4_total,ins_sector_total,2015,50.1
sen,sex_f,eco_isic4_total,ins_sector_total,2016,47.19
sen,sex_f,eco_isic4_total,ins_sector_total,2019,45.15
sen,sex_f,eco_isic4_total,ins_sector_total,2022,44.93
sen,sex_f,eco_isic4_total,ins_sector_total,2023,44.85
sen,sex_f,eco_isic4_total,ins_sector_total,2024,44.33
sen,sex_f,eco_isic4_u,ins_sector_pri,2015,48.39
sen,sex_f,eco_isic4_u,ins_sector_pub,2016,42.41
sen,sex_f,eco_isic4_u,ins_sector_pub,2022,38.48
sen,sex_f,eco_isic4_u,ins_sector_pub,2024,37.81
sen,sex_f,eco_isic4_u,ins_sector_total,2015,41.7
sen,sex_f,eco_isic4_u,ins_sector_total,2016,41.87
sen,sex_f,eco_isic4_u,ins_sector_total,2022,38.35
sen,sex_f,eco_isic4_u,ins_sector_total,2024,56.15
sen,sex_f,eco_sector_agr,ins_sector_pri,2015,46.72
sen,sex_f,eco_sector_agr,ins_sector_pri,2016,41.46
sen,sex_f,eco_sector_agr,ins_sector_pri,2019,40.41
sen,sex_f,eco_sector_agr,ins_sector_pri,2022,37.41
sen,sex_f,eco_sector_agr,ins_sector_pri,2023,43.03
sen,sex_f,eco_sector_agr,ins_sector_pri,2024,37.25
sen,sex_f,eco_sector_agr,ins_sector_pub,2015,53.52
sen,sex_f,eco_sector_agr,ins_sector_pub,2016,48.95
sen,sex_f,eco_sector_agr,ins_sector_pub,2019,36.83
sen,sex_f,eco_sector_agr,ins_sector_pub,2022,40.32
sen,sex_f,eco_sector_agr,ins_sector_pub,2023,36.64
sen,sex_f,eco_sector_agr,ins_sector_pub,2024,42.79
sen,sex_f,eco_sector_agr,ins_sector_total,2015,48.05
sen,sex_f,eco_sector_agr,ins_sector_total,2016,42.5
sen,sex_f,eco_sector_agr,ins_sector_total,2019,40.16
sen,sex_f,eco_sector_agr,ins_sector_total,2022,37.56
sen,sex_f,eco_sector_agr,ins_sector_total,2023,42.79
sen,sex_f,eco_sector_agr,ins_sector_total,2024,37.95
sen,sex_f,eco_sector_ind,ins_sector_pri,2015,46.91
sen,sex_f,eco_sector_ind,ins_sector_pri,2016,43.72
sen,sex_f,eco_sector_ind,ins_sector_pri,2019,44.52
sen,sex_f,eco_sector_ind,ins_sector_pri,2022,41.04
sen,sex_f,eco_sector_ind,ins_sector_pri,2023,42.01
sen,sex_f,eco_sector_ind,ins_sector_pri,2024,40.01
sen,sex_f,eco_sector_ind,ins_sector_pub,2015,37.62
sen,sex_f,eco_sector_ind,ins_sector_pub,2016,43.39
sen,sex_f,eco_sector_ind,ins_sector_pub,2019,48.02
sen,sex_f,eco_sector_ind,ins_sector_pub,2022,45.1
sen,sex_f,eco_sector_ind,ins_sector_pub,2023,47.88
sen,sex_f,eco_sector_ind,ins_sector_pub,2024,50.58
sen,sex_f,eco_sector_ind,ins_sector_total,2015,45.63
sen,sex_f,eco_sector_ind,ins_sector_total,2016,43.69
sen,sex_f,eco_sector_ind,ins_sector_total,2019,44.62
sen,sex_f,eco_sector_ind,ins_sector_total,2022,41.32
sen,sex_f,eco_sector_ind,ins_sector_total,2023,42.3
sen,sex_f,eco_sector_ind,ins_sector_total,2024,40.51
sen,sex_f,eco_sector_nag,ins_sector_pri,2015,53.76
sen,sex_f,eco_sector_nag,ins_sector_pri,2016,50.19
sen,sex_f,eco_sector_nag,ins_sector_pri,2019,46.8
sen,sex_f,eco_sector_nag,ins_sector_pri,2022,46.41
sen,sex_f,eco_sector_nag,ins_sector_pri,2023,46.22
sen,sex_f,eco_sector_nag,ins_sector_pri,2024,45.9
sen,sex_f,eco_sector_nag,ins_sector_pub,2015,39.5
sen,sex_f,eco_sector_nag,ins_sector_pub,2016,41.39
sen,sex_f,eco_sector_nag,ins_sector_pub,2019,39.8
sen,sex_f,eco_sector_nag,ins_sector_pub,2022,41.63
sen,sex_f,eco_sector_nag,ins_sector_pub,2023,40.99
sen,sex_f,eco_sector_nag,ins_sector_pub,2024,42.47
sen,sex_f,eco_sector_nag,ins_sector_total,2015,50.22
sen,sex_f,eco_sector_nag,ins_sector_total,2016,47.52
sen,sex_f,eco_sector_nag,ins_sector_total,2019,45.37
sen,sex_f,eco_sector_nag,ins_sector_total,2022,45.28
sen,sex_f,eco_sector_nag,ins_sector_total,2023,44.95
sen,sex_f,eco_sector_nag,ins_sector_total,2024,45.06
sen,sex_f,eco_sector_ser,ins_sector_pri,2015,54.09
sen,sex_f,eco_sector_ser,ins_sector_pri,2016,51.2
sen,sex_f,eco_sector_ser,ins_sector_pri,2019,47.28
sen,sex_f,eco_sector_ser,ins_sector_pri,2022,47.43
sen,sex_f,eco_sector_ser,ins_sector_pri,2023,47.02
sen,sex_f,eco_sector_ser,ins_sector_pri,2024,46.83
sen,sex_f,eco_sector_ser,ins_sector_pub,2015,39.54
sen,sex_f,eco_sector_ser,ins_sector_pub,2016,41.31
sen,sex_f,eco_sector_ser,ins_sector_pub,2019,39.64
sen,sex_f,eco_sector_ser,ins_sector_pub,2022,41.49
sen,sex_f,eco_sector_ser,ins_sector_pub,2023,40.8
sen,sex_f,eco_sector_ser,ins_sector_pub,2024,42.29
sen,sex_f,eco_sector_ser,ins_sector_total,2015,50.41
sen,sex_f,eco_sector_ser,ins_sector_total,2016,47.96
sen,sex_f,eco_sector_ser,ins_sector_total,2019,45.5
sen,sex_f,eco_sector_ser,ins_sector_total,2022,45.87
sen,sex_f,eco_sector_ser,ins_sector_total,2023,45.33
sen,sex_f,eco_sector_ser,ins_sector_total,2024,45.61
sen,sex_f,eco_sector_total,ins_sector_pri,2015,53.35
sen,sex_f,eco_sector_total,ins_sector_pri,2016,49.5
sen,sex_f,eco_sector_total,ins_sector_pri,2019,46.48
sen,sex_f,eco_sector_total,ins_sector_pri,2022,45.92
sen,sex_f,eco_sector_total,ins_sector_pri,2023,46.03
sen,sex_f,eco_sector_total,ins_sector_pri,2024,44.89
sen,sex_f,eco_sector_total,ins_sector_pub,2015,40.11
sen,sex_f,eco_sector_total,ins_sector_pub,2016,41.62
sen,sex_f,eco_sector_total,ins_sector_pub,2019,39.76
sen,sex_f,eco_sector_total,ins_sector_pub,2022,41.61
sen,sex_f,eco_sector_total,ins_sector_pub,2023,40.95
sen,sex_f,eco_sector_total,ins_sector_pub,2024,42.49
sen,sex_f,eco_sector_total,ins_sector_total,2015,50.1
sen,sex_f,eco_sector_total,ins_sector_total,2016,47.19
sen,sex_f,eco_sector_total,ins_sector_total,2019,45.15
sen,sex_f,eco_sector_total,ins_sector_total,2022,44.93
sen,sex_f,eco_sector_total,ins_sector_total,2023,44.85
sen,sex_f,eco_sector_total,ins_sector_total,2024,44.33
sen,sex_m,eco_aggregate_agr,ins_sector_pri,2015,54.62
sen,sex_m,eco_aggregate_agr,ins_sector_pri,2016,56.64
sen,sex_m,eco_aggregate_agr,ins_sector_pri,2019,53.26
sen,sex_m,eco_aggregate_agr,ins_sector_pri,2022,56.11
sen,sex_m,eco_aggregate_agr,ins_sector_pri,2023,54.79
sen,sex_m,eco_aggregate_agr,ins_sector_pri,2024,57.63
sen,sex_m,eco_aggregate_agr,ins_sector_pub,2015,49.92
sen,sex_m,eco_aggregate_agr,ins_sector_pub,2016,58.56
sen,sex_m,eco_aggregate_agr,ins_sector_pub,2019,54.95
sen,sex_m,eco_aggregate_agr,ins_sector_pub,2022,46.71
sen,sex_m,eco_aggregate_agr,ins_sector_pub,2023,40.96
sen,sex_m,eco_aggregate_agr,ins_sector_pub,2024,49.09
sen,sex_m,eco_aggregate_agr,ins_sector_total,2015,54.11
sen,sex_m,eco_aggregate_agr,ins_sector_total,2016,56.78
sen,sex_m,eco_aggregate_agr,ins_sector_total,2019,53.34
sen,sex_m,eco_aggregate_agr,ins_sector_total,2022,54.96
sen,sex_m,eco_aggregate_agr,ins_sector_total,2023,52.03
sen,sex_m,eco_aggregate_agr,ins_sector_total,2024,56.6
sen,sex_m,eco_aggregate_con,ins_sector_pri,2015,52.67
sen,sex_m,eco_aggregate_con,ins_sector_pri,2016,51.68
sen,sex_m,eco_aggregate_con,ins_sector_pri,2019,46.29
sen,sex_m,eco_aggregate_con,ins_sector_pri,2022,44.96
sen,sex_m,eco_aggregate_con,ins_sector_pri,2023,45.4
sen,sex_m,eco_aggregate_con,ins_sector_pri,2024,48.27
sen,sex_m,eco_aggregate_con,ins_sector_pub,2015,50.69
sen,sex_m,eco_aggregate_con,ins_sector_pub,2016,50.3
sen,sex_m,eco_aggregate_con,ins_sector_pub,2019,48.45
sen,sex_m,eco_aggregate_con,ins_sector_pub,2022,40.44
sen,sex_m,eco_aggregate_con,ins_sector_pub,2023,43.55
sen,sex_m,eco_aggregate_con,ins_sector_pub,2024,42.59
sen,sex_m,eco_aggregate_con,ins_sector_total,2015,52.59
sen,sex_m,eco_aggregate_con,ins_sector_total,2016,51.61
sen,sex_m,eco_aggregate_con,ins_sector_total,2019,46.39
sen,sex_m,eco_aggregate_con,ins_sector_total,2022,44.75
sen,sex_m,eco_aggregate_con,ins_sector_total,2023,45.32
sen,sex_m,eco_aggregate_con,ins_sector_total,2024,47.95
sen,sex_m,eco_aggregate_man,ins_sector_pri,2015,52.54
sen,sex_m,eco_aggregate_man,ins_sector_pri,2016,55.8
sen,sex_m,eco_aggregate_man,ins_sector_pri,2019,52.56
sen,sex_m,eco_aggregate_man,ins_sector_pri,2022,50.99
sen,sex_m,eco_aggregate_man,ins_sector_pri,2023,50.03
sen,sex_m,eco_aggregate_man,ins_sector_pri,2024,51.7
sen,sex_m,eco_aggregate_man,ins_sector_pub,2015,41.58
sen,sex_m,eco_aggregate_man,ins_sector_pub,2016,53.7
sen,sex_m,eco_aggregate_man,ins_sector_pub,2019,43.43
sen,sex_m,eco_aggregate_man,ins_sector_pub,2022,42.63
sen,sex_m,eco_aggregate_man,ins_sector_pub,2023,47.64
sen,sex_m,eco_aggregate_man,ins_sector_pub,2024,50.06
sen,sex_m,eco_aggregate_man,ins_sector_total,2015,52.01
sen,sex_m,eco_aggregate_man,ins_sector_total,2016,55.71
sen,sex_m,eco_aggregate_man,ins_sector_total,2019,52.27
sen,sex_m,eco_aggregate_man,ins_sector_total,2022,50.56
sen,sex_m,eco_aggregate_man,ins_sector_total,2023,49.96
sen,sex_m,eco_aggregate_man,ins_sector_total,2024,51.61
sen,sex_m,eco_aggregate_mel,ins_sector_pri,2015,51.38
sen,sex_m,eco_aggregate_mel,ins_sector_pri,2016,51.28
sen,sex_m,eco_aggregate_mel,ins_sector_pri,2019,47.18
sen,sex_m,eco_aggregate_mel,ins_sector_pri,2022,45.99
sen,sex_m,eco_aggregate_mel,ins_sector_pri,2023,47.42
sen,sex_m,eco_aggregate_mel,ins_sector_pri,2024,48.91
sen,sex_m,eco_aggregate_mel,ins_sector_pub,2015,52.55
sen,sex_m,eco_aggregate_mel,ins_sector_pub,2016,49.27
sen,sex_m,eco_aggregate_mel,ins_sector_pub,2019,47.56
sen,sex_m,eco_aggregate_mel,ins_sector_pub,2022,48.05
sen,sex_m,eco_aggregate_mel,ins_sector_pub,2023,54.16
sen,sex_m,eco_aggregate_mel,ins_sector_pub,2024,49.26
sen,sex_m,eco_aggregate_mel,ins_sector_total,2015,51.71
sen,sex_m,eco_aggregate_mel,ins_sector_total,2016,50.52
sen,sex_m,eco_aggregate_mel,ins_sector_total,2019,47.3
sen,sex_m,eco_aggregate_mel,ins_sector_total,2022,46.65
sen,sex_m,eco_aggregate_mel,ins_sector_total,2023,49.31
sen,sex_m,eco_aggregate_mel,ins_sector_total,2024,49
sen,sex_m,eco_aggregate_mkt,ins_sector_pri,2015,59.54
sen,sex_m,eco_aggregate_mkt,ins_sector_pri,2016,63.68
sen,sex_m,eco_aggregate_mkt,ins_sector_pri,2019,58.78
sen,sex_m,eco_aggregate_mkt,ins_sector_pri,2022,55.02
sen,sex_m,eco_aggregate_mkt,ins_sector_pri,2023,54.78
sen,sex_m,eco_aggregate_mkt,ins_sector_pri,2024,60.47
sen,sex_m,eco_aggregate_mkt,ins_sector_pub,2015,49.5
sen,sex_m,eco_aggregate_mkt,ins_sector_pub,2016,52.3
sen,sex_m,eco_aggregate_mkt,ins_sector_pub,2019,48.15
sen,sex_m,eco_aggregate_mkt,ins_sector_pub,2022,45.66
sen,sex_m,eco_aggregate_mkt,ins_sector_pub,2023,46.57
sen,sex_m,eco_aggregate_mkt,ins_sector_pub,2024,46.79
sen,sex_m,eco_aggregate_mkt,ins_sector_total,2015,57.8
sen,sex_m,eco_aggregate_mkt,ins_sector_total,2016,61.81
sen,sex_m,eco_aggregate_mkt,ins_sector_total,2019,57.83
sen,sex_m,eco_aggregate_mkt,ins_sector_total,2022,53.87
sen,sex_m,eco_aggregate_mkt,ins_sector_total,2023,53.66
sen,sex_m,eco_aggregate_mkt,ins_sector_total,2024,58.68
sen,sex_m,eco_aggregate_pub,ins_sector_pri,2015,56.66
sen,sex_m,eco_aggregate_pub,ins_sector_pri,2016,54.8
sen,sex_m,eco_aggregate_pub,ins_sector_pri,2019,57.1
sen,sex_m,eco_aggregate_pub,ins_sector_pri,2022,55.99
sen,sex_m,eco_aggregate_pub,ins_sector_pri,2023,51.33
sen,sex_m,eco_aggregate_pub,ins_sector_pri,2024,53.96
sen,sex_m,eco_aggregate_pub,ins_sector_pub,2015,44.68
sen,sex_m,eco_aggregate_pub,ins_sector_pub,2016,46.51
sen,sex_m,eco_aggregate_pub,ins_sector_pub,2019,45.46
sen,sex_m,eco_aggregate_pub,ins_sector_pub,2022,46.11
sen,sex_m,eco_aggregate_pub,ins_sector_pub,2023,44.48
sen,sex_m,eco_aggregate_pub,ins_sector_pub,2024,45.34
sen,sex_m,eco_aggregate_pub,ins_sector_total,2015,50.65
sen,sex_m,eco_aggregate_pub,ins_sector_total,2016,50.3
sen,sex_m,eco_aggregate_pub,ins_sector_total,2019,51.6
sen,sex_m,eco_aggregate_pub,ins_sector_total,2022,52.14
sen,sex_m,eco_aggregate_pub,ins_sector_total,2023,48.68
sen,sex_m,eco_aggregate_pub,ins_sector_total,2024,49.96
sen,sex_m,eco_aggregate_total,ins_sector_pri,2015,55.92
sen,sex_m,eco_aggregate_total,ins_sector_pri,2016,57.4
sen,sex_m,eco_aggregate_total,ins_sector_pri,2019,54.14
sen,sex_m,eco_aggregate_total,ins_sector_pri,2022,52.37
sen,sex_m,eco_aggregate_total,ins_sector_pri,2023,50.99
sen,sex_m,eco_aggregate_total,ins_sector_pri,2024,54.79
sen,sex_m,eco_aggregate_total,ins_sector_pub,2015,46.47
sen,sex_m,eco_aggregate_total,ins_sector_pub,2016,48.32
sen,sex_m,eco_aggregate_total,ins_sector_pub,2019,46.19
sen,sex_m,eco_aggregate_total,ins_sector_pub,2022,45.74
sen,sex_m,eco_aggregate_total,ins_sector_pub,2023,45.09
sen,sex_m,eco_aggregate_total,ins_sector_pub,2024,46.07
sen,sex_m,eco_aggregate_total,ins_sector_total,2015,53.68
sen,sex_m,eco_aggregate_total,ins_sector_total,2016,55.14
sen,sex_m,eco_aggregate_total,ins_sector_total,2019,52.7
sen,sex_m,eco_aggregate_total,ins_sector_total,2022,51.16
sen,sex_m,eco_aggregate_total,ins_sector_total,2023,49.92
sen,sex_m,eco_aggregate_total,ins_sector_total,2024,53.08
sen,sex_m,eco_isic4_a,ins_sector_pri,2015,54.62
sen,sex_m,eco_isic4_a,ins_sector_pri,2016,56.64
sen,sex_m,eco_isic4_a,ins_sector_pri,2019,53.26
sen,sex_m,eco_isic4_a,ins_sector_pri,2022,56.11
sen,sex_m,eco_isic4_a,ins_sector_pri,2023,54.79
sen,sex_m,eco_isic4_a,ins_sector_pri,2024,57.63
sen,sex_m,eco_isic4_a,ins_sector_pub,2015,49.92
sen,sex_m,eco_isic4_a,ins_sector_pub,2016,58.56
sen,sex_m,eco_isic4_a,ins_sector_pub,2019,54.95
sen,sex_m,eco_isic4_a,ins_sector_pub,2022,46.71
sen,sex_m,eco_isic4_a,ins_sector_pub,2023,40.96
sen,sex_m,eco_isic4_a,ins_sector_pub,2024,49.09
sen,sex_m,eco_isic4_a,ins_sector_total,2015,54.11
sen,sex_m,eco_isic4_a,ins_sector_total,2016,56.78
sen,sex_m,eco_isic4_a,ins_sector_total,2019,53.34
sen,sex_m,eco_isic4_a,ins_sector_total,2022,54.96
sen,sex_m,eco_isic4_a,ins_sector_total,2023,52.03
sen,sex_m,eco_isic4_a,ins_sector_total,2024,56.6
sen,sex_m,eco_isic4_b,ins_sector_pri,2015,55.42
sen,sex_m,eco_isic4_b,ins_sector_pri,2016,51.43
sen,sex_m,eco_isic4_b,ins_sector_pri,2019,47.41
sen,sex_m,eco_isic4_b,ins_sector_pri,2022,49.15
sen,sex_m,eco_isic4_b,ins_sector_pri,2023,48.5
sen,sex_m,eco_isic4_b,ins_sector_pri,2024,49.22
sen,sex_m,eco_isic4_b,ins_sector_pub,2015,40.87
sen,sex_m,eco_isic4_b,ins_sector_pub,2016,50.07
sen,sex_m,eco_isic4_b,ins_sector_pub,2019,52.59
sen,sex_m,eco_isic4_b,ins_sector_pub,2022,42.83
sen,sex_m,eco_isic4_b,ins_sector_total,2015,52.7
sen,sex_m,eco_isic4_b,ins_sector_total,2016,51.05
sen,sex_m,eco_isic4_b,ins_sector_total,2019,48.29
sen,sex_m,eco_isic4_b,ins_sector_total,2022,48.39
sen,sex_m,eco_isic4_b,ins_sector_total,2023,48.85
sen,sex_m,eco_isic4_b,ins_sector_total,2024,48.8
sen,sex_m,eco_isic4_c,ins_sector_pri,2015,52.54
sen,sex_m,eco_isic4_c,ins_sector_pri,2016,55.8
sen,sex_m,eco_isic4_c,ins_sector_pri,2019,52.56
sen,sex_m,eco_isic4_c,ins_sector_pri,2022,50.99
sen,sex_m,eco_isic4_c,ins_sector_pri,2023,50.03
sen,sex_m,eco_isic4_c,ins_sector_pri,2024,51.7
sen,sex_m,eco_isic4_c,ins_sector_pub,2015,41.58
sen,sex_m,eco_isic4_c,ins_sector_pub,2016,53.7
sen,sex_m,eco_isic4_c,ins_sector_pub,2019,43.43
sen,sex_m,eco_isic4_c,ins_sector_pub,2022,42.63
sen,sex_m,eco_isic4_c,ins_sector_pub,2023,47.64
sen,sex_m,eco_isic4_c,ins_sector_pub,2024,50.06
sen,sex_m,eco_isic4_c,ins_sector_total,2015,52.01
sen,sex_m,eco_isic4_c,ins_sector_total,2016,55.71
sen,sex_m,eco_isic4_c,ins_sector_total,2019,52.27
sen,sex_m,eco_isic4_c,ins_sector_total,2022,50.56
sen,sex_m,eco_isic4_c,ins_sector_total,2023,49.96
sen,sex_m,eco_isic4_c,ins_sector_total,2024,51.61
sen,sex_m,eco_isic4_d,ins_sector_pri,2015,46.56
sen,sex_m,eco_isic4_d,ins_sector_pri,2016,48.38
sen,sex_m,eco_isic4_d,ins_sector_pri,2019,47.51
sen,sex_m,eco_isic4_d,ins_sector_pri,2022,42.56
sen,sex_m,eco_isic4_d,ins_sector_pri,2023,45.36
sen,sex_m,eco_isic4_d,ins_sector_pri,2024,44.53
sen,sex_m,eco_isic4_d,ins_sector_pub,2015,58.33
sen,sex_m,eco_isic4_d,ins_sector_pub,2016,42.68
sen,sex_m,eco_isic4_d,ins_sector_pub,2019,44.81
sen,sex_m,eco_isic4_d,ins_sector_pub,2022,45.19
sen,sex_m,eco_isic4_d,ins_sector_pub,2023,45.19
sen,sex_m,eco_isic4_d,ins_sector_pub,2024,47.66
sen,sex_m,eco_isic4_d,ins_sector_total,2015,50.09
sen,sex_m,eco_isic4_d,ins_sector_total,2016,45.63
sen,sex_m,eco_isic4_d,ins_sector_total,2019,46.58
sen,sex_m,eco_isic4_d,ins_sector_total,2022,43.93
sen,sex_m,eco_isic4_d,ins_sector_total,2023,45.31
sen,sex_m,eco_isic4_d,ins_sector_total,2024,46.12
sen,sex_m,eco_isic4_e,ins_sector_pri,2015,52
sen,sex_m,eco_isic4_e,ins_sector_pri,2016,57.18
sen,sex_m,eco_isic4_e,ins_sector_pri,2019,44.79
sen,sex_m,eco_isic4_e,ins_sector_pri,2022,42.86
sen,sex_m,eco_isic4_e,ins_sector_pri,2023,55.58
sen,sex_m,eco_isic4_e,ins_sector_pri,2024,56.2
sen,sex_m,eco_isic4_e,ins_sector_pub,2015,54.79
sen,sex_m,eco_isic4_e,ins_sector_pub,2016,62.75
sen,sex_m,eco_isic4_e,ins_sector_pub,2019,47.69
sen,sex_m,eco_isic4_e,ins_sector_pub,2022,59.35
sen,sex_m,eco_isic4_e,ins_sector_pub,2023,69.23
sen,sex_m,eco_isic4_e,ins_sector_pub,2024,55.97
sen,sex_m,eco_isic4_e,ins_sector_total,2015,53.35
sen,sex_m,eco_isic4_e,ins_sector_total,2016,59.86
sen,sex_m,eco_isic4_e,ins_sector_total,2019,46.63
sen,sex_m,eco_isic4_e,ins_sector_total,2022,48.36
sen,sex_m,eco_isic4_e,ins_sector_total,2023,63.47
sen,sex_m,eco_isic4_e,ins_sector_total,2024,56.08
sen,sex_m,eco_isic4_f,ins_sector_pri,2015,52.67
sen,sex_m,eco_isic4_f,ins_sector_pri,2016,51.68
sen,sex_m,eco_isic4_f,ins_sector_pri,2019,46.29
sen,sex_m,eco_isic4_f,ins_sector_pri,2022,44.96
sen,sex_m,eco_isic4_f,ins_sector_pri,2023,45.4
sen,sex_m,eco_isic4_f,ins_sector_pri,2024,48.27
sen,sex_m,eco_isic4_f,ins_sector_pub,2015,50.69
sen,sex_m,eco_isic4_f,ins_sector_pub,2016,50.3
sen,sex_m,eco_isic4_f,ins_sector_pub,2019,48.45
sen,sex_m,eco_isic4_f,ins_sector_pub,2022,40.44
sen,sex_m,eco_isic4_f,ins_sector_pub,2023,43.55
sen,sex_m,eco_isic4_f,ins_sector_pub,2024,42.59
sen,sex_m,eco_isic4_f,ins_sector_total,2015,52.59
sen,sex_m,eco_isic4_f,ins_sector_total,2016,51.61
sen,sex_m,eco_isic4_f,ins_sector_total,2019,46.39
sen,sex_m,eco_isic4_f,ins_sector_total,2022,44.75
sen,sex_m,eco_isic4_f,ins_sector_total,2023,45.32
sen,sex_m,eco_isic4_f,ins_sector_total,2024,47.95
sen,sex_m,eco_isic4_g,ins_sector_pri,2015,63.25
sen,sex_m,eco_isic4_g,ins_sector_pri,2016,64.97
sen,sex_m,eco_isic4_g,ins_sector_pri,2019,61.91
sen,sex_m,eco_isic4_g,ins_sector_pri,2022,58.19
sen,sex_m,eco_isic4_g,ins_sector_pri,2023,59.64
sen,sex_m,eco_isic4_g,ins_sector_pri,2024,64.75
sen,sex_m,eco_isic4_g,ins_sector_pub,2015,61.42
sen,sex_m,eco_isic4_g,ins_sector_pub,2016,49.57
sen,sex_m,eco_isic4_g,ins_sector_pub,2019,67.18
sen,sex_m,eco_isic4_g,ins_sector_pub,2022,53.17
sen,sex_m,eco_isic4_g,ins_sector_pub,2023,51.16
sen,sex_m,eco_isic4_g,ins_sector_pub,2024,48.28
sen,sex_m,eco_isic4_g,ins_sector_total,2015,63.19
sen,sex_m,eco_isic4_g,ins_sector_total,2016,64.67
sen,sex_m,eco_isic4_g,ins_sector_total,2019,61.95
sen,sex_m,eco_isic4_g,ins_sector_total,2022,58.07
sen,sex_m,eco_isic4_g,ins_sector_total,2023,59.42
sen,sex_m,eco_isic4_g,ins_sector_total,2024,64.44
sen,sex_m,eco_isic4_h,ins_sector_pri,2015,61.37
sen,sex_m,eco_isic4_h,ins_sector_pri,2016,65.4
sen,sex_m,eco_isic4_h,ins_sector_pri,2019,57.63
sen,sex_m,eco_isic4_h,ins_sector_pri,2022,55.57
sen,sex_m,eco_isic4_h,ins_sector_pri,2023,54.52
sen,sex_m,eco_isic4_h,ins_sector_pri,2024,59.07
sen,sex_m,eco_isic4_h,ins_sector_pub,2015,50.02
sen,sex_m,eco_isic4_h,ins_sector_pub,2016,56.65
sen,sex_m,eco_isic4_h,ins_sector_pub,2019,48.49
sen,sex_m,eco_isic4_h,ins_sector_pub,2022,46.93
sen,sex_m,eco_isic4_h,ins_sector_pub,2023,51.56
sen,sex_m,eco_isic4_h,ins_sector_pub,2024,48.56
sen,sex_m,eco_isic4_h,ins_sector_total,2015,60.05
sen,sex_m,eco_isic4_h,ins_sector_total,2016,64.52
sen,sex_m,eco_isic4_h,ins_sector_total,2019,56.36
sen,sex_m,eco_isic4_h,ins_sector_total,2022,54.57
sen,sex_m,eco_isic4_h,ins_sector_total,2023,54.21
sen,sex_m,eco_isic4_h,ins_sector_total,2024,57.65
sen,sex_m,eco_isic4_i,ins_sector_pri,2015,54.26
sen,sex_m,eco_isic4_i,ins_sector_pri,2016,59.11
sen,sex_m,eco_isic4_i,ins_sector_pri,2019,54.38
sen,sex_m,eco_isic4_i,ins_sector_pri,2022,44.03
sen,sex_m,eco_isic4_i,ins_sector_pri,2023,49.06
sen,sex_m,eco_isic4_i,ins_sector_pri,2024,55.84
sen,sex_m,eco_isic4_i,ins_sector_pub,2024,53.12
sen,sex_m,eco_isic4_i,ins_sector_total,2015,53.68
sen,sex_m,eco_isic4_i,ins_sector_total,2016,58.12
sen,sex_m,eco_isic4_i,ins_sector_total,2019,54.38
sen,sex_m,eco_isic4_i,ins_sector_total,2022,44.35
sen,sex_m,eco_isic4_i,ins_sector_total,2023,49.29
sen,sex_m,eco_isic4_i,ins_sector_total,2024,55.63
sen,sex_m,eco_isic4_j,ins_sector_pri,2015,47.71
sen,sex_m,eco_isic4_j,ins_sector_pri,2016,55.87
sen,sex_m,eco_isic4_j,ins_sector_pri,2019,52.07
sen,sex_m,eco_isic4_j,ins_sector_pri,2022,45.95
sen,sex_m,eco_isic4_j,ins_sector_pri,2023,42.2
sen,sex_m,eco_isic4_j,ins_sector_pri,2024,51.16
sen,sex_m,eco_isic4_j,ins_sector_pub,2015,42.06
sen,sex_m,eco_isic4_j,ins_sector_pub,2016,52.02
sen,sex_m,eco_isic4_j,ins_sector_pub,2019,42.4
sen,sex_m,eco_isic4_j,ins_sector_pub,2022,41.4
sen,sex_m,eco_isic4_j,ins_sector_pub,2023,39.62
sen,sex_m,eco_isic4_j,ins_sector_pub,2024,45.56
sen,sex_m,eco_isic4_j,ins_sector_total,2015,44.61
sen,sex_m,eco_isic4_j,ins_sector_total,2016,53.53
sen,sex_m,eco_isic4_j,ins_sector_total,2019,51.3
sen,sex_m,eco_isic4_j,ins_sector_total,2022,44.6
sen,sex_m,eco_isic4_j,ins_sector_total,2023,40.96
sen,sex_m,eco_isic4_j,ins_sector_total,2024,48.39
sen,sex_m,eco_isic4_k,ins_sector_pri,2015,46.93
sen,sex_m,eco_isic4_k,ins_sector_pri,2016,45.26
sen,sex_m,eco_isic4_k,ins_sector_pri,2019,49.27
sen,sex_m,eco_isic4_k,ins_sector_pri,2022,43.92
sen,sex_m,eco_isic4_k,ins_sector_pri,2023,43.19
sen,sex_m,eco_isic4_k,ins_sector_pri,2024,45.4
sen,sex_m,eco_isic4_k,ins_sector_pub,2015,49.89
sen,sex_m,eco_isic4_k,ins_sector_pub,2016,49.13
sen,sex_m,eco_isic4_k,ins_sector_pub,2019,49.12
sen,sex_m,eco_isic4_k,ins_sector_pub,2022,42.23
sen,sex_m,eco_isic4_k,ins_sector_pub,2023,44.35
sen,sex_m,eco_isic4_k,ins_sector_pub,2024,41.27
sen,sex_m,eco_isic4_k,ins_sector_total,2015,48.03
sen,sex_m,eco_isic4_k,ins_sector_total,2016,47.64
sen,sex_m,eco_isic4_k,ins_sector_total,2019,49.24
sen,sex_m,eco_isic4_k,ins_sector_total,2022,43.45
sen,sex_m,eco_isic4_k,ins_sector_total,2023,43.58
sen,sex_m,eco_isic4_k,ins_sector_total,2024,44.48
sen,sex_m,eco_isic4_l,ins_sector_pri,2015,52.85
sen,sex_m,eco_isic4_l,ins_sector_pri,2016,52.49
sen,sex_m,eco_isic4_l,ins_sector_pri,2019,50.03
sen,sex_m,eco_isic4_l,ins_sector_pri,2022,49.36
sen,sex_m,eco_isic4_l,ins_sector_pri,2023,47.71
sen,sex_m,eco_isic4_l,ins_sector_pri,2024,51.55
sen,sex_m,eco_isic4_l,ins_sector_pub,2016,51.66
sen,sex_m,eco_isic4_l,ins_sector_pub,2019,46.44
sen,sex_m,eco_isic4_l,ins_sector_total,2015,52.63
sen,sex_m,eco_isic4_l,ins_sector_total,2016,52.14
sen,sex_m,eco_isic4_l,ins_sector_total,2019,49.67
sen,sex_m,eco_isic4_l,ins_sector_total,2022,48.12
sen,sex_m,eco_isic4_l,ins_sector_total,2023,45.55
sen,sex_m,eco_isic4_l,ins_sector_total,2024,54.11
sen,sex_m,eco_isic4_m,ins_sector_pri,2015,42.04
sen,sex_m,eco_isic4_m,ins_sector_pri,2016,43.12
sen,sex_m,eco_isic4_m,ins_sector_pri,2019,53.99
sen,sex_m,eco_isic4_m,ins_sector_pri,2022,39.31
sen,sex_m,eco_isic4_m,ins_sector_pri,2023,36.25
sen,sex_m,eco_isic4_m,ins_sector_pri,2024,46.49
sen,sex_m,eco_isic4_m,ins_sector_pub,2015,50.16
sen,sex_m,eco_isic4_m,ins_sector_pub,2016,50.26
sen,sex_m,eco_isic4_m,ins_sector_pub,2019,44.83
sen,sex_m,eco_isic4_m,ins_sector_pub,2022,44.54
sen,sex_m,eco_isic4_m,ins_sector_pub,2023,47.45
sen,sex_m,eco_isic4_m,ins_sector_pub,2024,42.74
sen,sex_m,eco_isic4_m,ins_sector_total,2015,44.52
sen,sex_m,eco_isic4_m,ins_sector_total,2016,48.21
sen,sex_m,eco_isic4_m,ins_sector_total,2019,48.9
sen,sex_m,eco_isic4_m,ins_sector_total,2022,42.89
sen,sex_m,eco_isic4_m,ins_sector_total,2023,42.67
sen,sex_m,eco_isic4_m,ins_sector_total,2024,44.18
sen,sex_m,eco_isic4_n,ins_sector_pri,2015,44.06
sen,sex_m,eco_isic4_n,ins_sector_pri,2016,50.63
sen,sex_m,eco_isic4_n,ins_sector_pri,2019,65.26
sen,sex_m,eco_isic4_n,ins_sector_pri,2022,48.49
sen,sex_m,eco_isic4_n,ins_sector_pri,2023,48.49
sen,sex_m,eco_isic4_n,ins_sector_pri,2024,52.79
sen,sex_m,eco_isic4_n,ins_sector_pub,2015,51.42
sen,sex_m,eco_isic4_n,ins_sector_pub,2016,53.1
sen,sex_m,eco_isic4_n,ins_sector_pub,2019,36.08
sen,sex_m,eco_isic4_n,ins_sector_pub,2022,45.69
sen,sex_m,eco_isic4_n,ins_sector_pub,2023,42.02
sen,sex_m,eco_isic4_n,ins_sector_pub,2024,48.79
sen,sex_m,eco_isic4_n,ins_sector_total,2015,49.04
sen,sex_m,eco_isic4_n,ins_sector_total,2016,52.23
sen,sex_m,eco_isic4_n,ins_sector_total,2019,58.94
sen,sex_m,eco_isic4_n,ins_sector_total,2022,47.1
sen,sex_m,eco_isic4_n,ins_sector_total,2023,46.77
sen,sex_m,eco_isic4_n,ins_sector_total,2024,51.48
sen,sex_m,eco_isic4_o,ins_sector_pub,2016,46.02
sen,sex_m,eco_isic4_o,ins_sector_pub,2019,47.57
sen,sex_m,eco_isic4_o,ins_sector_pub,2022,51.02
sen,sex_m,eco_isic4_o,ins_sector_pub,2023,40.89
sen,sex_m,eco_isic4_o,ins_sector_pub,2024,41.6
sen,sex_m,eco_isic4_o,ins_sector_total,2016,46.2
sen,sex_m,eco_isic4_o,ins_sector_total,2019,48.43
sen,sex_m,eco_isic4_o,ins_sector_total,2022,50.22
sen,sex_m,eco_isic4_o,ins_sector_total,2023,40.78
sen,sex_m,eco_isic4_o,ins_sector_total,2024,41.33
sen,sex_m,eco_isic4_p,ins_sector_pri,2015,36.67
sen,sex_m,eco_isic4_p,ins_sector_pri,2016,38.39
sen,sex_m,eco_isic4_p,ins_sector_pri,2019,43.92
sen,sex_m,eco_isic4_p,ins_sector_pri,2022,40.02
sen,sex_m,eco_isic4_p,ins_sector_pri,2023,41.14
sen,sex_m,eco_isic4_p,ins_sector_pri,2024,36.5
sen,sex_m,eco_isic4_p,ins_sector_pub,2015,37.52
sen,sex_m,eco_isic4_p,ins_sector_pub,2016,40.7
sen,sex_m,eco_isic4_p,ins_sector_pub,2019,40.96
sen,sex_m,eco_isic4_p,ins_sector_pub,2022,41.04
sen,sex_m,eco_isic4_p,ins_sector_pub,2023,40.51
sen,sex_m,eco_isic4_p,ins_sector_pub,2024,39.93
sen,sex_m,eco_isic4_p,ins_sector_total,2015,37.4
sen,sex_m,eco_isic4_p,ins_sector_total,2016,40.33
sen,sex_m,eco_isic4_p,ins_sector_total,2019,41.71
sen,sex_m,eco_isic4_p,ins_sector_total,2022,40.81
sen,sex_m,eco_isic4_p,ins_sector_total,2023,40.65
sen,sex_m,eco_isic4_p,ins_sector_total,2024,39.11
sen,sex_m,eco_isic4_q,ins_sector_pri,2015,41.95
sen,sex_m,eco_isic4_q,ins_sector_pri,2016,44.08
sen,sex_m,eco_isic4_q,ins_sector_pri,2019,37.62
sen,sex_m,eco_isic4_q,ins_sector_pri,2022,45.12
sen,sex_m,eco_isic4_q,ins_sector_pri,2023,47
sen,sex_m,eco_isic4_q,ins_sector_pri,2024,45.96
sen,sex_m,eco_isic4_q,ins_sector_pub,2015,51.88
sen,sex_m,eco_isic4_q,ins_sector_pub,2016,59.6
sen,sex_m,eco_isic4_q,ins_sector_pub,2019,50.22
sen,sex_m,eco_isic4_q,ins_sector_pub,2022,59.74
sen,sex_m,eco_isic4_q,ins_sector_pub,2023,51.17
sen,sex_m,eco_isic4_q,ins_sector_pub,2024,59.2
sen,sex_m,eco_isic4_q,ins_sector_total,2015,50.67
sen,sex_m,eco_isic4_q,ins_sector_total,2016,57.8
sen,sex_m,eco_isic4_q,ins_sector_total,2019,48.99
sen,sex_m,eco_isic4_q,ins_sector_total,2022,57.52
sen,sex_m,eco_isic4_q,ins_sector_total,2023,50.5
sen,sex_m,eco_isic4_q,ins_sector_total,2024,53.58
sen,sex_m,eco_isic4_r,ins_sector_pri,2019,30.95
sen,sex_m,eco_isic4_r,ins_sector_pri,2023,23.17
sen,sex_m,eco_isic4_r,ins_sector_pub,2019,33.39
sen,sex_m,eco_isic4_r,ins_sector_total,2019,31.57
sen,sex_m,eco_isic4_r,ins_sector_total,2023,23.17
sen,sex_m,eco_isic4_s,ins_sector_pri,2015,58.72
sen,sex_m,eco_isic4_s,ins_sector_pri,2016,57.79
sen,sex_m,eco_isic4_s,ins_sector_pri,2019,59.41
sen,sex_m,eco_isic4_s,ins_sector_pri,2022,58.26
sen,sex_m,eco_isic4_s,ins_sector_pri,2023,52.6
sen,sex_m,eco_isic4_s,ins_sector_pri,2024,57.77
sen,sex_m,eco_isic4_s,ins_sector_pub,2015,57.89
sen,sex_m,eco_isic4_s,ins_sector_pub,2016,53.55
sen,sex_m,eco_isic4_s,ins_sector_pub,2019,49.94
sen,sex_m,eco_isic4_s,ins_sector_pub,2022,46.83
sen,sex_m,eco_isic4_s,ins_sector_pub,2023,48.28
sen,sex_m,eco_isic4_s,ins_sector_pub,2024,50.8
sen,sex_m,eco_isic4_s,ins_sector_total,2015,58.53
sen,sex_m,eco_isic4_s,ins_sector_total,2016,56.72
sen,sex_m,eco_isic4_s,ins_sector_total,2019,56.87
sen,sex_m,eco_isic4_s,ins_sector_total,2022,55.81
sen,sex_m,eco_isic4_s,ins_sector_total,2023,51.75
sen,sex_m,eco_isic4_s,ins_sector_total,2024,55.89
sen,sex_m,eco_isic4_t,ins_sector_pri,2015,62.21
sen,sex_m,eco_isic4_t,ins_sector_pri,2016,57.2
sen,sex_m,eco_isic4_t,ins_sector_pri,2019,65.15
sen,sex_m,eco_isic4_t,ins_sector_pri,2022,49.34
sen,sex_m,eco_isic4_t,ins_sector_pri,2023,47.61
sen,sex_m,eco_isic4_t,ins_sector_pri,2024,54.55
sen,sex_m,eco_isic4_t,ins_sector_pub,2015,48.79
sen,sex_m,eco_isic4_t,ins_sector_pub,2016,44.91
sen,sex_m,eco_isic4_t,ins_sector_pub,2019,51.6
sen,sex_m,eco_isic4_t,ins_sector_pub,2022,56.73
sen,sex_m,eco_isic4_t,ins_sector_pub,2023,47.76
sen,sex_m,eco_isic4_t,ins_sector_pub,2024,46.03
sen,sex_m,eco_isic4_t,ins_sector_total,2015,60.67
sen,sex_m,eco_isic4_t,ins_sector_total,2016,56.43
sen,sex_m,eco_isic4_t,ins_sector_total,2019,63.4
sen,sex_m,eco_isic4_t,ins_sector_total,2022,50.18
sen,sex_m,eco_isic4_t,ins_sector_total,2023,47.64
sen,sex_m,eco_isic4_t,ins_sector_total,2024,52.43
sen,sex_m,eco_isic4_total,ins_sector_pri,2015,55.92
sen,sex_m,eco_isic4_total,ins_sector_pri,2016,57.4
sen,sex_m,eco_isic4_total,ins_sector_pri,2019,54.14
sen,sex_m,eco_isic4_total,ins_sector_pri,2022,52.37
sen,sex_m,eco_isic4_total,ins_sector_pri,2023,50.99
sen,sex_m,eco_isic4_total,ins_sector_pri,2024,54.79
sen,sex_m,eco_isic4_total,ins_sector_pub,2015,46.47
sen,sex_m,eco_isic4_total,ins_sector_pub,2016,48.32
sen,sex_m,eco_isic4_total,ins_sector_pub,2019,46.19
sen,sex_m,eco_isic4_total,ins_sector_pub,2022,45.74
sen,sex_m,eco_isic4_total,ins_sector_pub,2023,45.09
sen,sex_m,eco_isic4_total,ins_sector_pub,2024,46.07
sen,sex_m,eco_isic4_total,ins_sector_total,2015,53.68
sen,sex_m,eco_isic4_total,ins_sector_total,2016,55.14
sen,sex_m,eco_isic4_total,ins_sector_total,2019,52.7
sen,sex_m,eco_isic4_total,ins_sector_total,2022,51.16
sen,sex_m,eco_isic4_total,ins_sector_total,2023,49.92
sen,sex_m,eco_isic4_total,ins_sector_total,2024,53.08
sen,sex_m,eco_isic4_u,ins_sector_pri,2015,58.36
sen,sex_m,eco_isic4_u,ins_sector_pri,2019,78.67
sen,sex_m,eco_isic4_u,ins_sector_pri,2023,52.44
sen,sex_m,eco_isic4_u,ins_sector_pri,2024,72.24
sen,sex_m,eco_isic4_u,ins_sector_pub,2015,57.8
sen,sex_m,eco_isic4_u,ins_sector_pub,2016,60.13
sen,sex_m,eco_isic4_u,ins_sector_pub,2019,52.83
sen,sex_m,eco_isic4_u,ins_sector_pub,2022,55.57
sen,sex_m,eco_isic4_u,ins_sector_pub,2023,60.44
sen,sex_m,eco_isic4_u,ins_sector_pub,2024,61.53
sen,sex_m,eco_isic4_u,ins_sector_total,2015,58.07
sen,sex_m,eco_isic4_u,ins_sector_total,2016,61.82
sen,sex_m,eco_isic4_u,ins_sector_total,2019,57
sen,sex_m,eco_isic4_u,ins_sector_total,2022,55.31
sen,sex_m,eco_isic4_u,ins_sector_total,2023,58.32
sen,sex_m,eco_isic4_u,ins_sector_total,2024,65.17
sen,sex_m,eco_sector_agr,ins_sector_pri,2015,54.62
sen,sex_m,eco_sector_agr,ins_sector_pri,2016,56.64
sen,sex_m,eco_sector_agr,ins_sector_pri,2019,53.26
sen,sex_m,eco_sector_agr,ins_sector_pri,2022,56.11
sen,sex_m,eco_sector_agr,ins_sector_pri,2023,54.79
sen,sex_m,eco_sector_agr,ins_sector_pri,2024,57.63
sen,sex_m,eco_sector_agr,ins_sector_pub,2015,49.92
sen,sex_m,eco_sector_agr,ins_sector_pub,2016,58.56
sen,sex_m,eco_sector_agr,ins_sector_pub,2019,54.95
sen,sex_m,eco_sector_agr,ins_sector_pub,2022,46.71
sen,sex_m,eco_sector_agr,ins_sector_pub,2023,40.96
sen,sex_m,eco_sector_agr,ins_sector_pub,2024,49.09
sen,sex_m,eco_sector_agr,ins_sector_total,2015,54.11
sen,sex_m,eco_sector_agr,ins_sector_total,2016,56.78
sen,sex_m,eco_sector_agr,ins_sector_total,2019,53.34
sen,sex_m,eco_sector_agr,ins_sector_total,2022,54.96
sen,sex_m,eco_sector_agr,ins_sector_total,2023,52.03
sen,sex_m,eco_sector_agr,ins_sector_total,2024,56.6
sen,sex_m,eco_sector_ind,ins_sector_pri,2015,52.51
sen,sex_m,eco_sector_ind,ins_sector_pri,2016,53.6
sen,sex_m,eco_sector_ind,ins_sector_pri,2019,49.65
sen,sex_m,eco_sector_ind,ins_sector_pri,2022,47.52
sen,sex_m,eco_sector_ind,ins_sector_pri,2023,47.69
sen,sex_m,eco_sector_ind,ins_sector_pri,2024,49.84
sen,sex_m,eco_sector_ind,ins_sector_pub,2015,49.83
sen,sex_m,eco_sector_ind,ins_sector_pub,2016,50.67
sen,sex_m,eco_sector_ind,ins_sector_pub,2019,46.79
sen,sex_m,eco_sector_ind,ins_sector_pub,2022,43.7
sen,sex_m,eco_sector_ind,ins_sector_pub,2023,48.5
sen,sex_m,eco_sector_ind,ins_sector_pub,2024,46.91
sen,sex_m,eco_sector_ind,ins_sector_total,2015,52.32
sen,sex_m,eco_sector_ind,ins_sector_total,2016,53.37
sen,sex_m,eco_sector_ind,ins_sector_total,2019,49.45
sen,sex_m,eco_sector_ind,ins_sector_total,2022,47.27
sen,sex_m,eco_sector_ind,ins_sector_total,2023,47.74
sen,sex_m,eco_sector_ind,ins_sector_total,2024,49.63
sen,sex_m,eco_sector_nag,ins_sector_pri,2015,56.12
sen,sex_m,eco_sector_nag,ins_sector_pri,2016,57.5
sen,sex_m,eco_sector_nag,ins_sector_pri,2019,54.22
sen,sex_m,eco_sector_nag,ins_sector_pri,2022,52.16
sen,sex_m,eco_sector_nag,ins_sector_pri,2023,50.75
sen,sex_m,eco_sector_nag,ins_sector_pri,2024,54.38
sen,sex_m,eco_sector_nag,ins_sector_pub,2015,46.28
sen,sex_m,eco_sector_nag,ins_sector_pub,2016,48.03
sen,sex_m,eco_sector_nag,ins_sector_pub,2019,46.04
sen,sex_m,eco_sector_nag,ins_sector_pub,2022,45.7
sen,sex_m,eco_sector_nag,ins_sector_pub,2023,45.39
sen,sex_m,eco_sector_nag,ins_sector_pub,2024,45.84
sen,sex_m,eco_sector_nag,ins_sector_total,2015,53.63
sen,sex_m,eco_sector_nag,ins_sector_total,2016,54.97
sen,sex_m,eco_sector_nag,ins_sector_total,2019,52.66
sen,sex_m,eco_sector_nag,ins_sector_total,2022,50.96
sen,sex_m,eco_sector_nag,ins_sector_total,2023,49.78
sen,sex_m,eco_sector_nag,ins_sector_total,2024,52.63
sen,sex_m,eco_sector_ser,ins_sector_pri,2015,58.46
sen,sex_m,eco_sector_ser,ins_sector_pri,2016,60.33
sen,sex_m,eco_sector_ser,ins_sector_pri,2019,58.19
sen,sex_m,eco_sector_ser,ins_sector_pri,2022,55.41
sen,sex_m,eco_sector_ser,ins_sector_pri,2023,53.3
sen,sex_m,eco_sector_ser,ins_sector_pri,2024,58.12
sen,sex_m,eco_sector_ser,ins_sector_pub,2015,45.92
sen,sex_m,eco_sector_ser,ins_sector_pub,2016,47.75
sen,sex_m,eco_sector_ser,ins_sector_pub,2019,45.91
sen,sex_m,eco_sector_ser,ins_sector_pub,2022,46
sen,sex_m,eco_sector_ser,ins_sector_pub,2023,45
sen,sex_m,eco_sector_ser,ins_sector_pub,2024,45.68
sen,sex_m,eco_sector_ser,ins_sector_total,2015,54.23
sen,sex_m,eco_sector_ser,ins_sector_total,2016,55.77
sen,sex_m,eco_sector_ser,ins_sector_total,2019,54.82
sen,sex_m,eco_sector_ser,ins_sector_total,2022,53.03
sen,sex_m,eco_sector_ser,ins_sector_total,2023,51.1
sen,sex_m,eco_sector_ser,ins_sector_total,2024,54.51
sen,sex_m,eco_sector_total,ins_sector_pri,2015,55.92
sen,sex_m,eco_sector_total,ins_sector_pri,2016,57.4
sen,sex_m,eco_sector_total,ins_sector_pri,2019,54.14
sen,sex_m,eco_sector_total,ins_sector_pri,2022,52.37
sen,sex_m,eco_sector_total,ins_sector_pri,2023,50.99
sen,sex_m,eco_sector_total,ins_sector_pri,2024,54.79
sen,sex_m,eco_sector_total,ins_sector_pub,2015,46.47
sen,sex_m,eco_sector_total,ins_sector_pub,2016,48.32
sen,sex_m,eco_sector_total,ins_sector_pub,2019,46.19
sen,sex_m,eco_sector_total,ins_sector_pub,2022,45.74
sen,sex_m,eco_sector_total,ins_sector_pub,2023,45.09
sen,sex_m,eco_sector_total,ins_sector_pub,2024,46.07
sen,sex_m,eco_sector_total,ins_sector_total,2015,53.68
sen,sex_m,eco_sector_total,ins_sector_total,2016,55.14
sen,sex_m,eco_sector_total,ins_sector_total,2019,52.7
sen,sex_m,eco_sector_total,ins_sector_total,2022,51.16
sen,sex_m,eco_sector_total,ins_sector_total,2023,49.92
sen,sex_m,eco_sector_total,ins_sector_total,2024,53.08
sen,sex_t,eco_aggregate_agr,ins_sector_pri,2015,53.29
sen,sex_t,eco_aggregate_agr,ins_sector_pri,2016,53.85
sen,sex_t,eco_aggregate_agr,ins_sector_pri,2019,51.07
sen,sex_t,eco_aggregate_agr,ins_sector_pri,2022,51.45
sen,sex_t,eco_aggregate_agr,ins_sector_pri,2023,51.82
sen,sex_t,eco_aggregate_agr,ins_sector_pri,2024,52.87
sen,sex_t,eco_aggregate_agr,ins_sector_pub,2015,50.95
sen,sex_t,eco_aggregate_agr,ins_sector_pub,2016,55.47
sen,sex_t,eco_aggregate_agr,ins_sector_pub,2019,50.78
sen,sex_t,eco_aggregate_agr,ins_sector_pub,2022,45.98
sen,sex_t,eco_aggregate_agr,ins_sector_pub,2023,40.75
sen,sex_t,eco_aggregate_agr,ins_sector_pub,2024,47.56
sen,sex_t,eco_aggregate_agr,ins_sector_total,2015,53
sen,sex_t,eco_aggregate_agr,ins_sector_total,2016,53.98
sen,sex_t,eco_aggregate_agr,ins_sector_total,2019,51.06
sen,sex_t,eco_aggregate_agr,ins_sector_total,2022,50.88
sen,sex_t,eco_aggregate_agr,ins_sector_total,2023,50
sen,sex_t,eco_aggregate_agr,ins_sector_total,2024,52.22
sen,sex_t,eco_aggregate_con,ins_sector_pri,2015,52.5
sen,sex_t,eco_aggregate_con,ins_sector_pri,2016,51.59
sen,sex_t,eco_aggregate_con,ins_sector_pri,2019,46.29
sen,sex_t,eco_aggregate_con,ins_sector_pri,2022,44.94
sen,sex_t,eco_aggregate_con,ins_sector_pri,2023,45.28
sen,sex_t,eco_aggregate_con,ins_sector_pri,2024,48.31
sen,sex_t,eco_aggregate_con,ins_sector_pub,2015,49.08
sen,sex_t,eco_aggregate_con,ins_sector_pub,2016,49.86
sen,sex_t,eco_aggregate_con,ins_sector_pub,2019,49.25
sen,sex_t,eco_aggregate_con,ins_sector_pub,2022,41.51
sen,sex_t,eco_aggregate_con,ins_sector_pub,2023,44.06
sen,sex_t,eco_aggregate_con,ins_sector_pub,2024,42.59
sen,sex_t,eco_aggregate_con,ins_sector_total,2015,52.33
sen,sex_t,eco_aggregate_con,ins_sector_total,2016,51.48
sen,sex_t,eco_aggregate_con,ins_sector_total,2019,46.42
sen,sex_t,eco_aggregate_con,ins_sector_total,2022,44.77
sen,sex_t,eco_aggregate_con,ins_sector_total,2023,45.23
sen,sex_t,eco_aggregate_con,ins_sector_total,2024,47.99
sen,sex_t,eco_aggregate_man,ins_sector_pri,2015,51.9
sen,sex_t,eco_aggregate_man,ins_sector_pri,2016,53.63
sen,sex_t,eco_aggregate_man,ins_sector_pri,2019,51.13
sen,sex_t,eco_aggregate_man,ins_sector_pri,2022,48.91
sen,sex_t,eco_aggregate_man,ins_sector_pri,2023,48.65
sen,sex_t,eco_aggregate_man,ins_sector_pri,2024,49.57
sen,sex_t,eco_aggregate_man,ins_sector_pub,2015,40.35
sen,sex_t,eco_aggregate_man,ins_sector_pub,2016,51.24
sen,sex_t,eco_aggregate_man,ins_sector_pub,2019,43.1
sen,sex_t,eco_aggregate_man,ins_sector_pub,2022,42.58
sen,sex_t,eco_aggregate_man,ins_sector_pub,2023,47.04
sen,sex_t,eco_aggregate_man,ins_sector_pub,2024,50.87
sen,sex_t,eco_aggregate_man,ins_sector_total,2015,51.34
sen,sex_t,eco_aggregate_man,ins_sector_total,2016,53.53
sen,sex_t,eco_aggregate_man,ins_sector_total,2019,50.91
sen,sex_t,eco_aggregate_man,ins_sector_total,2022,48.62
sen,sex_t,eco_aggregate_man,ins_sector_total,2023,48.61
sen,sex_t,eco_aggregate_man,ins_sector_total,2024,49.63
sen,sex_t,eco_aggregate_mel,ins_sector_pri,2015,51.41
sen,sex_t,eco_aggregate_mel,ins_sector_pri,2016,51.34
sen,sex_t,eco_aggregate_mel,ins_sector_pri,2019,46.94
sen,sex_t,eco_aggregate_mel,ins_sector_pri,2022,44.92
sen,sex_t,eco_aggregate_mel,ins_sector_pri,2023,46.44
sen,sex_t,eco_aggregate_mel,ins_sector_pri,2024,48.98
sen,sex_t,eco_aggregate_mel,ins_sector_pub,2015,51.67
sen,sex_t,eco_aggregate_mel,ins_sector_pub,2016,48.59
sen,sex_t,eco_aggregate_mel,ins_sector_pub,2019,47.4
sen,sex_t,eco_aggregate_mel,ins_sector_pub,2022,47.43
sen,sex_t,eco_aggregate_mel,ins_sector_pub,2023,53.58
sen,sex_t,eco_aggregate_mel,ins_sector_pub,2024,48.51
sen,sex_t,eco_aggregate_mel,ins_sector_total,2015,51.49
sen,sex_t,eco_aggregate_mel,ins_sector_total,2016,50.26
sen,sex_t,eco_aggregate_mel,ins_sector_total,2019,47.09
sen,sex_t,eco_aggregate_mel,ins_sector_total,2022,45.72
sen,sex_t,eco_aggregate_mel,ins_sector_total,2023,48.55
sen,sex_t,eco_aggregate_mel,ins_sector_total,2024,48.86
sen,sex_t,eco_aggregate_mkt,ins_sector_pri,2015,57.64
sen,sex_t,eco_aggregate_mkt,ins_sector_pri,2016,61.54
sen,sex_t,eco_aggregate_mkt,ins_sector_pri,2019,56.97
sen,sex_t,eco_aggregate_mkt,ins_sector_pri,2022,53.89
sen,sex_t,eco_aggregate_mkt,ins_sector_pri,2023,53.79
sen,sex_t,eco_aggregate_mkt,ins_sector_pri,2024,58.17
sen,sex_t,eco_aggregate_mkt,ins_sector_pub,2015,46.22
sen,sex_t,eco_aggregate_mkt,ins_sector_pub,2016,50.06
sen,sex_t,eco_aggregate_mkt,ins_sector_pub,2019,46.73
sen,sex_t,eco_aggregate_mkt,ins_sector_pub,2022,45.55
sen,sex_t,eco_aggregate_mkt,ins_sector_pub,2023,45.29
sen,sex_t,eco_aggregate_mkt,ins_sector_pub,2024,46.57
sen,sex_t,eco_aggregate_mkt,ins_sector_total,2015,55.59
sen,sex_t,eco_aggregate_mkt,ins_sector_total,2016,59.55
sen,sex_t,eco_aggregate_mkt,ins_sector_total,2019,55.86
sen,sex_t,eco_aggregate_mkt,ins_sector_total,2022,52.72
sen,sex_t,eco_aggregate_mkt,ins_sector_total,2023,52.47
sen,sex_t,eco_aggregate_mkt,ins_sector_total,2024,56.6
sen,sex_t,eco_aggregate_pub,ins_sector_pri,2015,55.65
sen,sex_t,eco_aggregate_pub,ins_sector_pri,2016,52.99
sen,sex_t,eco_aggregate_pub,ins_sector_pri,2019,51.98
sen,sex_t,eco_aggregate_pub,ins_sector_pri,2022,51.89
sen,sex_t,eco_aggregate_pub,ins_sector_pri,2023,48.98
sen,sex_t,eco_aggregate_pub,ins_sector_pri,2024,50.2
sen,sex_t,eco_aggregate_pub,ins_sector_pub,2015,43.01
sen,sex_t,eco_aggregate_pub,ins_sector_pub,2016,44.76
sen,sex_t,eco_aggregate_pub,ins_sector_pub,2019,43.54
sen,sex_t,eco_aggregate_pub,ins_sector_pub,2022,44.2
sen,sex_t,eco_aggregate_pub,ins_sector_pub,2023,43
sen,sex_t,eco_aggregate_pub,ins_sector_pub,2024,44.11
sen,sex_t,eco_aggregate_pub,ins_sector_total,2015,50.87
sen,sex_t,eco_aggregate_pub,ins_sector_total,2016,49.18
sen,sex_t,eco_aggregate_pub,ins_sector_total,2019,48.83
sen,sex_t,eco_aggregate_pub,ins_sector_total,2022,49.29
sen,sex_t,eco_aggregate_pub,ins_sector_total,2023,46.97
sen,sex_t,eco_aggregate_pub,ins_sector_total,2024,47.81
sen,sex_t,eco_aggregate_total,ins_sector_pri,2015,55.12
sen,sex_t,eco_aggregate_total,ins_sector_pri,2016,55.43
sen,sex_t,eco_aggregate_total,ins_sector_pri,2019,52.29
sen,sex_t,eco_aggregate_total,ins_sector_pri,2022,50.78
sen,sex_t,eco_aggregate_total,ins_sector_pri,2023,49.72
sen,sex_t,eco_aggregate_total,ins_sector_pri,2024,52.37
sen,sex_t,eco_aggregate_total,ins_sector_pub,2015,44.41
sen,sex_t,eco_aggregate_total,ins_sector_pub,2016,46.35
sen,sex_t,eco_aggregate_total,ins_sector_pub,2019,44.51
sen,sex_t,eco_aggregate_total,ins_sector_pub,2022,44.49
sen,sex_t,eco_aggregate_total,ins_sector_pub,2023,43.76
sen,sex_t,eco_aggregate_total,ins_sector_pub,2024,45.04
sen,sex_t,eco_aggregate_total,ins_sector_total,2015,52.55
sen,sex_t,eco_aggregate_total,ins_sector_total,2016,53.06
sen,sex_t,eco_aggregate_total,ins_sector_total,2019,50.85
sen,sex_t,eco_aggregate_total,ins_sector_total,2022,49.55
sen,sex_t,eco_aggregate_total,ins_sector_total,2023,48.55
sen,sex_t,eco_aggregate_total,ins_sector_total,2024,50.86
sen,sex_t,eco_isic4_a,ins_sector_pri,2015,53.29
sen,sex_t,eco_isic4_a,ins_sector_pri,2016,53.85
sen,sex_t,eco_isic4_a,ins_sector_pri,2019,51.07
sen,sex_t,eco_isic4_a,ins_sector_pri,2022,51.45
sen,sex_t,eco_isic4_a,ins_sector_pri,2023,51.82
sen,sex_t,eco_isic4_a,ins_sector_pri,2024,52.87
sen,sex_t,eco_isic4_a,ins_sector_pub,2015,50.95
sen,sex_t,eco_isic4_a,ins_sector_pub,2016,55.47
sen,sex_t,eco_isic4_a,ins_sector_pub,2019,50.78
sen,sex_t,eco_isic4_a,ins_sector_pub,2022,45.98
sen,sex_t,eco_isic4_a,ins_sector_pub,2023,40.75
sen,sex_t,eco_isic4_a,ins_sector_pub,2024,47.56
sen,sex_t,eco_isic4_a,ins_sector_total,2015,53
sen,sex_t,eco_isic4_a,ins_sector_total,2016,53.98
sen,sex_t,eco_isic4_a,ins_sector_total,2019,51.06
sen,sex_t,eco_isic4_a,ins_sector_total,2022,50.88
sen,sex_t,eco_isic4_a,ins_sector_total,2023,50
sen,sex_t,eco_isic4_a,ins_sector_total,2024,52.22
sen,sex_t,eco_isic4_b,ins_sector_pri,2015,54.98
sen,sex_t,eco_isic4_b,ins_sector_pri,2016,51.18
sen,sex_t,eco_isic4_b,ins_sector_pri,2019,47.72
sen,sex_t,eco_isic4_b,ins_sector_pri,2022,49
sen,sex_t,eco_isic4_b,ins_sector_pri,2023,45.59
sen,sex_t,eco_isic4_b,ins_sector_pri,2024,49.16
sen,sex_t,eco_isic4_b,ins_sector_pub,2015,41.91
sen,sex_t,eco_isic4_b,ins_sector_pub,2016,49.75
sen,sex_t,eco_isic4_b,ins_sector_pub,2019,52.12
sen,sex_t,eco_isic4_b,ins_sector_pub,2022,42.83
sen,sex_t,eco_isic4_b,ins_sector_total,2015,52.52
sen,sex_t,eco_isic4_b,ins_sector_total,2016,50.79
sen,sex_t,eco_isic4_b,ins_sector_total,2019,48.44
sen,sex_t,eco_isic4_b,ins_sector_total,2022,48.29
sen,sex_t,eco_isic4_b,ins_sector_total,2023,45.84
sen,sex_t,eco_isic4_b,ins_sector_total,2024,48.76
sen,sex_t,eco_isic4_c,ins_sector_pri,2015,51.9
sen,sex_t,eco_isic4_c,ins_sector_pri,2016,53.63
sen,sex_t,eco_isic4_c,ins_sector_pri,2019,51.13
sen,sex_t,eco_isic4_c,ins_sector_pri,2022,48.91
sen,sex_t,eco_isic4_c,ins_sector_pri,2023,48.65
sen,sex_t,eco_isic4_c,ins_sector_pri,2024,49.57
sen,sex_t,eco_isic4_c,ins_sector_pub,2015,40.35
sen,sex_t,eco_isic4_c,ins_sector_pub,2016,51.24
sen,sex_t,eco_isic4_c,ins_sector_pub,2019,43.1
sen,sex_t,eco_isic4_c,ins_sector_pub,2022,42.58
sen,sex_t,eco_isic4_c,ins_sector_pub,2023,47.04
sen,sex_t,eco_isic4_c,ins_sector_pub,2024,50.87
sen,sex_t,eco_isic4_c,ins_sector_total,2015,51.34
sen,sex_t,eco_isic4_c,ins_sector_total,2016,53.53
sen,sex_t,eco_isic4_c,ins_sector_total,2019,50.91
sen,sex_t,eco_isic4_c,ins_sector_total,2022,48.62
sen,sex_t,eco_isic4_c,ins_sector_total,2023,48.61
sen,sex_t,eco_isic4_c,ins_sector_total,2024,49.63
sen,sex_t,eco_isic4_d,ins_sector_pri,2015,46.56
sen,sex_t,eco_isic4_d,ins_sector_pri,2016,49.44
sen,sex_t,eco_isic4_d,ins_sector_pri,2019,46.79
sen,sex_t,eco_isic4_d,ins_sector_pri,2022,42.76
sen,sex_t,eco_isic4_d,ins_sector_pri,2023,45.54
sen,sex_t,eco_isic4_d,ins_sector_pri,2024,44.53
sen,sex_t,eco_isic4_d,ins_sector_pub,2015,56.52
sen,sex_t,eco_isic4_d,ins_sector_pub,2016,42.44
sen,sex_t,eco_isic4_d,ins_sector_pub,2019,44.61
sen,sex_t,eco_isic4_d,ins_sector_pub,2022,45.49
sen,sex_t,eco_isic4_d,ins_sector_pub,2023,44.2
sen,sex_t,eco_isic4_d,ins_sector_pub,2024,47.62
sen,sex_t,eco_isic4_d,ins_sector_total,2015,49.64
sen,sex_t,eco_isic4_d,ins_sector_total,2016,45.89
sen,sex_t,eco_isic4_d,ins_sector_total,2019,46.08
sen,sex_t,eco_isic4_d,ins_sector_total,2022,44.14
sen,sex_t,eco_isic4_d,ins_sector_total,2023,45.11
sen,sex_t,eco_isic4_d,ins_sector_total,2024,46.14
sen,sex_t,eco_isic4_e,ins_sector_pri,2015,51.67
sen,sex_t,eco_isic4_e,ins_sector_pri,2016,57.18
sen,sex_t,eco_isic4_e,ins_sector_pri,2019,43.5
sen,sex_t,eco_isic4_e,ins_sector_pri,2022,40
sen,sex_t,eco_isic4_e,ins_sector_pri,2023,54.86
sen,sex_t,eco_isic4_e,ins_sector_pri,2024,55.87
sen,sex_t,eco_isic4_e,ins_sector_pub,2015,54.79
sen,sex_t,eco_isic4_e,ins_sector_pub,2016,62.78
sen,sex_t,eco_isic4_e,ins_sector_pub,2019,47.7
sen,sex_t,eco_isic4_e,ins_sector_pub,2022,54.54
sen,sex_t,eco_isic4_e,ins_sector_pub,2023,70.78
sen,sex_t,eco_isic4_e,ins_sector_pub,2024,52.92
sen,sex_t,eco_isic4_e,ins_sector_total,2015,53.12
sen,sex_t,eco_isic4_e,ins_sector_total,2016,60
sen,sex_t,eco_isic4_e,ins_sector_total,2019,46.16
sen,sex_t,eco_isic4_e,ins_sector_total,2022,44.57
sen,sex_t,eco_isic4_e,ins_sector_total,2023,64.44
sen,sex_t,eco_isic4_e,ins_sector_total,2024,54.43
sen,sex_t,eco_isic4_f,ins_sector_pri,2015,52.5
sen,sex_t,eco_isic4_f,ins_sector_pri,2016,51.59
sen,sex_t,eco_isic4_f,ins_sector_pri,2019,46.29
sen,sex_t,eco_isic4_f,ins_sector_pri,2022,44.94
sen,sex_t,eco_isic4_f,ins_sector_pri,2023,45.28
sen,sex_t,eco_isic4_f,ins_sector_pri,2024,48.31
sen,sex_t,eco_isic4_f,ins_sector_pub,2015,49.08
sen,sex_t,eco_isic4_f,ins_sector_pub,2016,49.86
sen,sex_t,eco_isic4_f,ins_sector_pub,2019,49.25
sen,sex_t,eco_isic4_f,ins_sector_pub,2022,41.51
sen,sex_t,eco_isic4_f,ins_sector_pub,2023,44.06
sen,sex_t,eco_isic4_f,ins_sector_pub,2024,42.59
sen,sex_t,eco_isic4_f,ins_sector_total,2015,52.33
sen,sex_t,eco_isic4_f,ins_sector_total,2016,51.48
sen,sex_t,eco_isic4_f,ins_sector_total,2019,46.42
sen,sex_t,eco_isic4_f,ins_sector_total,2022,44.77
sen,sex_t,eco_isic4_f,ins_sector_total,2023,45.23
sen,sex_t,eco_isic4_f,ins_sector_total,2024,47.99
sen,sex_t,eco_isic4_g,ins_sector_pri,2015,59.86
sen,sex_t,eco_isic4_g,ins_sector_pri,2016,62.69
sen,sex_t,eco_isic4_g,ins_sector_pri,2019,60.16
sen,sex_t,eco_isic4_g,ins_sector_pri,2022,56.86
sen,sex_t,eco_isic4_g,ins_sector_pri,2023,58.23
sen,sex_t,eco_isic4_g,ins_sector_pri,2024,62.31
sen,sex_t,eco_isic4_g,ins_sector_pub,2015,60.45
sen,sex_t,eco_isic4_g,ins_sector_pub,2016,45.58
sen,sex_t,eco_isic4_g,ins_sector_pub,2019,56.63
sen,sex_t,eco_isic4_g,ins_sector_pub,2022,53.64
sen,sex_t,eco_isic4_g,ins_sector_pub,2023,52
sen,sex_t,eco_isic4_g,ins_sector_pub,2024,47.99
sen,sex_t,eco_isic4_g,ins_sector_total,2015,59.88
sen,sex_t,eco_isic4_g,ins_sector_total,2016,62.18
sen,sex_t,eco_isic4_g,ins_sector_total,2019,60.12
sen,sex_t,eco_isic4_g,ins_sector_total,2022,56.78
sen,sex_t,eco_isic4_g,ins_sector_total,2023,58.08
sen,sex_t,eco_isic4_g,ins_sector_total,2024,62.01
sen,sex_t,eco_isic4_h,ins_sector_pri,2015,61.21
sen,sex_t,eco_isic4_h,ins_sector_pri,2016,65.12
sen,sex_t,eco_isic4_h,ins_sector_pri,2019,57.63
sen,sex_t,eco_isic4_h,ins_sector_pri,2022,55.41
sen,sex_t,eco_isic4_h,ins_sector_pri,2023,54.16
sen,sex_t,eco_isic4_h,ins_sector_pri,2024,58.9
sen,sex_t,eco_isic4_h,ins_sector_pub,2015,49.43
sen,sex_t,eco_isic4_h,ins_sector_pub,2016,55.58
sen,sex_t,eco_isic4_h,ins_sector_pub,2019,46.8
sen,sex_t,eco_isic4_h,ins_sector_pub,2022,47
sen,sex_t,eco_isic4_h,ins_sector_pub,2023,48.76
sen,sex_t,eco_isic4_h,ins_sector_pub,2024,48.85
sen,sex_t,eco_isic4_h,ins_sector_total,2015,59.82
sen,sex_t,eco_isic4_h,ins_sector_total,2016,64.15
sen,sex_t,eco_isic4_h,ins_sector_total,2019,55.88
sen,sex_t,eco_isic4_h,ins_sector_total,2022,54.31
sen,sex_t,eco_isic4_h,ins_sector_total,2023,53.46
sen,sex_t,eco_isic4_h,ins_sector_total,2024,57.34
sen,sex_t,eco_isic4_i,ins_sector_pri,2015,57.5
sen,sex_t,eco_isic4_i,ins_sector_pri,2016,55.95
sen,sex_t,eco_isic4_i,ins_sector_pri,2019,50.22
sen,sex_t,eco_isic4_i,ins_sector_pri,2022,45.6
sen,sex_t,eco_isic4_i,ins_sector_pri,2023,48.74
sen,sex_t,eco_isic4_i,ins_sector_pri,2024,52.76
sen,sex_t,eco_isic4_i,ins_sector_pub,2015,40.97
sen,sex_t,eco_isic4_i,ins_sector_pub,2016,42.12
sen,sex_t,eco_isic4_i,ins_sector_pub,2022,44.16
sen,sex_t,eco_isic4_i,ins_sector_pub,2023,54.65
sen,sex_t,eco_isic4_i,ins_sector_pub,2024,52.96
sen,sex_t,eco_isic4_i,ins_sector_total,2015,54.82
sen,sex_t,eco_isic4_i,ins_sector_total,2016,55.18
sen,sex_t,eco_isic4_i,ins_sector_total,2019,50.33
sen,sex_t,eco_isic4_i,ins_sector_total,2022,45.57
sen,sex_t,eco_isic4_i,ins_sector_total,2023,49.09
sen,sex_t,eco_isic4_i,ins_sector_total,2024,52.78
sen,sex_t,eco_isic4_j,ins_sector_pri,2015,45.99
sen,sex_t,eco_isic4_j,ins_sector_pri,2016,56.61
sen,sex_t,eco_isic4_j,ins_sector_pri,2019,48.14
sen,sex_t,eco_isic4_j,ins_sector_pri,2022,45.32
sen,sex_t,eco_isic4_j,ins_sector_pri,2023,41.94
sen,sex_t,eco_isic4_j,ins_sector_pri,2024,47.23
sen,sex_t,eco_isic4_j,ins_sector_pub,2015,42.32
sen,sex_t,eco_isic4_j,ins_sector_pub,2016,48.59
sen,sex_t,eco_isic4_j,ins_sector_pub,2019,38.92
sen,sex_t,eco_isic4_j,ins_sector_pub,2022,41.16
sen,sex_t,eco_isic4_j,ins_sector_pub,2023,38.27
sen,sex_t,eco_isic4_j,ins_sector_pub,2024,44.89
sen,sex_t,eco_isic4_j,ins_sector_total,2015,44.02
sen,sex_t,eco_isic4_j,ins_sector_total,2016,51.93
sen,sex_t,eco_isic4_j,ins_sector_total,2019,47.24
sen,sex_t,eco_isic4_j,ins_sector_total,2022,44.28
sen,sex_t,eco_isic4_j,ins_sector_total,2023,40.48
sen,sex_t,eco_isic4_j,ins_sector_total,2024,46.29
sen,sex_t,eco_isic4_k,ins_sector_pri,2015,48.55
sen,sex_t,eco_isic4_k,ins_sector_pri,2016,47.58
sen,sex_t,eco_isic4_k,ins_sector_pri,2019,49.98
sen,sex_t,eco_isic4_k,ins_sector_pri,2022,44.97
sen,sex_t,eco_isic4_k,ins_sector_pri,2023,45.44
sen,sex_t,eco_isic4_k,ins_sector_pri,2024,45.45
sen,sex_t,eco_isic4_k,ins_sector_pub,2015,47.64
sen,sex_t,eco_isic4_k,ins_sector_pub,2016,47.56
sen,sex_t,eco_isic4_k,ins_sector_pub,2019,49.44
sen,sex_t,eco_isic4_k,ins_sector_pub,2022,42.53
sen,sex_t,eco_isic4_k,ins_sector_pub,2023,43.56
sen,sex_t,eco_isic4_k,ins_sector_pub,2024,41.32
sen,sex_t,eco_isic4_k,ins_sector_total,2015,48.29
sen,sex_t,eco_isic4_k,ins_sector_total,2016,47.57
sen,sex_t,eco_isic4_k,ins_sector_total,2019,49.87
sen,sex_t,eco_isic4_k,ins_sector_total,2022,44.33
sen,sex_t,eco_isic4_k,ins_sector_total,2023,44.71
sen,sex_t,eco_isic4_k,ins_sector_total,2024,44.77
sen,sex_t,eco_isic4_l,ins_sector_pri,2015,52.38
sen,sex_t,eco_isic4_l,ins_sector_pri,2016,48.44
sen,sex_t,eco_isic4_l,ins_sector_pri,2019,44.06
sen,sex_t,eco_isic4_l,ins_sector_pri,2022,47.86
sen,sex_t,eco_isic4_l,ins_sector_pri,2023,47.61
sen,sex_t,eco_isic4_l,ins_sector_pri,2024,50.63
sen,sex_t,eco_isic4_l,ins_sector_pub,2016,55.14
sen,sex_t,eco_isic4_l,ins_sector_pub,2019,45.49
sen,sex_t,eco_isic4_l,ins_sector_total,2015,52.31
sen,sex_t,eco_isic4_l,ins_sector_total,2016,51.15
sen,sex_t,eco_isic4_l,ins_sector_total,2019,44.33
sen,sex_t,eco_isic4_l,ins_sector_total,2022,46.89
sen,sex_t,eco_isic4_l,ins_sector_total,2023,42.05
sen,sex_t,eco_isic4_l,ins_sector_total,2024,52.13
sen,sex_t,eco_isic4_m,ins_sector_pri,2015,43.07
sen,sex_t,eco_isic4_m,ins_sector_pri,2016,41.91
sen,sex_t,eco_isic4_m,ins_sector_pri,2019,52.84
sen,sex_t,eco_isic4_m,ins_sector_pri,2022,39.77
sen,sex_t,eco_isic4_m,ins_sector_pri,2023,37.45
sen,sex_t,eco_isic4_m,ins_sector_pri,2024,44.47
sen,sex_t,eco_isic4_m,ins_sector_pub,2015,43.6
sen,sex_t,eco_isic4_m,ins_sector_pub,2016,48.45
sen,sex_t,eco_isic4_m,ins_sector_pub,2019,43.69
sen,sex_t,eco_isic4_m,ins_sector_pub,2022,44.84
sen,sex_t,eco_isic4_m,ins_sector_pub,2023,46.56
sen,sex_t,eco_isic4_m,ins_sector_pub,2024,41.91
sen,sex_t,eco_isic4_m,ins_sector_total,2015,43.28
sen,sex_t,eco_isic4_m,ins_sector_total,2016,46.41
sen,sex_t,eco_isic4_m,ins_sector_total,2019,47.41
sen,sex_t,eco_isic4_m,ins_sector_total,2022,43.64
sen,sex_t,eco_isic4_m,ins_sector_total,2023,42.6
sen,sex_t,eco_isic4_m,ins_sector_total,2024,43.1
sen,sex_t,eco_isic4_n,ins_sector_pri,2015,38.74
sen,sex_t,eco_isic4_n,ins_sector_pri,2016,47.6
sen,sex_t,eco_isic4_n,ins_sector_pri,2019,58.38
sen,sex_t,eco_isic4_n,ins_sector_pri,2022,50.42
sen,sex_t,eco_isic4_n,ins_sector_pri,2023,49.57
sen,sex_t,eco_isic4_n,ins_sector_pri,2024,50.94
sen,sex_t,eco_isic4_n,ins_sector_pub,2015,46.41
sen,sex_t,eco_isic4_n,ins_sector_pub,2016,50.96
sen,sex_t,eco_isic4_n,ins_sector_pub,2019,42.08
sen,sex_t,eco_isic4_n,ins_sector_pub,2022,46.02
sen,sex_t,eco_isic4_n,ins_sector_pub,2023,44.4
sen,sex_t,eco_isic4_n,ins_sector_pub,2024,47.34
sen,sex_t,eco_isic4_n,ins_sector_total,2015,43.88
sen,sex_t,eco_isic4_n,ins_sector_total,2016,49.76
sen,sex_t,eco_isic4_n,ins_sector_total,2019,52.49
sen,sex_t,eco_isic4_n,ins_sector_total,2022,48.31
sen,sex_t,eco_isic4_n,ins_sector_total,2023,47.99
sen,sex_t,eco_isic4_n,ins_sector_total,2024,49.83
sen,sex_t,eco_isic4_o,ins_sector_pri,2016,50.54
sen,sex_t,eco_isic4_o,ins_sector_pri,2019,53.55
sen,sex_t,eco_isic4_o,ins_sector_pri,2022,37.15
sen,sex_t,eco_isic4_o,ins_sector_pri,2023,40.53
sen,sex_t,eco_isic4_o,ins_sector_pri,2024,40.84
sen,sex_t,eco_isic4_o,ins_sector_pub,2016,46.69
sen,sex_t,eco_isic4_o,ins_sector_pub,2019,42.62
sen,sex_t,eco_isic4_o,ins_sector_pub,2022,44.41
sen,sex_t,eco_isic4_o,ins_sector_pub,2023,40.04
sen,sex_t,eco_isic4_o,ins_sector_pub,2024,41.81
sen,sex_t,eco_isic4_o,ins_sector_total,2016,47.01
sen,sex_t,eco_isic4_o,ins_sector_total,2019,43.29
sen,sex_t,eco_isic4_o,ins_sector_total,2022,43.01
sen,sex_t,eco_isic4_o,ins_sector_total,2023,40.13
sen,sex_t,eco_isic4_o,ins_sector_total,2024,41.68
sen,sex_t,eco_isic4_p,ins_sector_pri,2015,35.67
sen,sex_t,eco_isic4_p,ins_sector_pri,2016,37.73
sen,sex_t,eco_isic4_p,ins_sector_pri,2019,41.2
sen,sex_t,eco_isic4_p,ins_sector_pri,2022,37.45
sen,sex_t,eco_isic4_p,ins_sector_pri,2023,40.23
sen,sex_t,eco_isic4_p,ins_sector_pri,2024,37.52
sen,sex_t,eco_isic4_p,ins_sector_pub,2015,37.32
sen,sex_t,eco_isic4_p,ins_sector_pub,2016,39.84
sen,sex_t,eco_isic4_p,ins_sector_pub,2019,40.07
sen,sex_t,eco_isic4_p,ins_sector_pub,2022,40.43
sen,sex_t,eco_isic4_p,ins_sector_pub,2023,39.56
sen,sex_t,eco_isic4_p,ins_sector_pub,2024,40
sen,sex_t,eco_isic4_p,ins_sector_total,2015,37.06
sen,sex_t,eco_isic4_p,ins_sector_total,2016,39.48
sen,sex_t,eco_isic4_p,ins_sector_total,2019,40.44
sen,sex_t,eco_isic4_p,ins_sector_total,2022,39.54
sen,sex_t,eco_isic4_p,ins_sector_total,2023,39.77
sen,sex_t,eco_isic4_p,ins_sector_total,2024,39.3
sen,sex_t,eco_isic4_q,ins_sector_pri,2015,44.06
sen,sex_t,eco_isic4_q,ins_sector_pri,2016,44.61
sen,sex_t,eco_isic4_q,ins_sector_pri,2019,43.39
sen,sex_t,eco_isic4_q,ins_sector_pri,2022,43.57
sen,sex_t,eco_isic4_q,ins_sector_pri,2023,43.63
sen,sex_t,eco_isic4_q,ins_sector_pri,2024,46.71
sen,sex_t,eco_isic4_q,ins_sector_pub,2015,47.32
sen,sex_t,eco_isic4_q,ins_sector_pub,2016,52.72
sen,sex_t,eco_isic4_q,ins_sector_pub,2019,47.73
sen,sex_t,eco_isic4_q,ins_sector_pub,2022,48.39
sen,sex_t,eco_isic4_q,ins_sector_pub,2023,45.81
sen,sex_t,eco_isic4_q,ins_sector_pub,2024,49.96
sen,sex_t,eco_isic4_q,ins_sector_total,2015,47
sen,sex_t,eco_isic4_q,ins_sector_total,2016,51.87
sen,sex_t,eco_isic4_q,ins_sector_total,2019,46.9
sen,sex_t,eco_isic4_q,ins_sector_total,2022,48.06
sen,sex_t,eco_isic4_q,ins_sector_total,2023,45.55
sen,sex_t,eco_isic4_q,ins_sector_total,2024,48.96
sen,sex_t,eco_isic4_r,ins_sector_pri,2019,29.59
sen,sex_t,eco_isic4_r,ins_sector_pri,2023,28.35
sen,sex_t,eco_isic4_r,ins_sector_pub,2019,35.63
sen,sex_t,eco_isic4_r,ins_sector_total,2019,30.96
sen,sex_t,eco_isic4_r,ins_sector_total,2023,28.35
sen,sex_t,eco_isic4_s,ins_sector_pri,2015,57.56
sen,sex_t,eco_isic4_s,ins_sector_pri,2016,55.04
sen,sex_t,eco_isic4_s,ins_sector_pri,2019,55.11
sen,sex_t,eco_isic4_s,ins_sector_pri,2022,54.9
sen,sex_t,eco_isic4_s,ins_sector_pri,2023,50.31
sen,sex_t,eco_isic4_s,ins_sector_pri,2024,53.01
sen,sex_t,eco_isic4_s,ins_sector_pub,2015,55.73
sen,sex_t,eco_isic4_s,ins_sector_pub,2016,51.77
sen,sex_t,eco_isic4_s,ins_sector_pub,2019,47.53
sen,sex_t,eco_isic4_s,ins_sector_pub,2022,45.62
sen,sex_t,eco_isic4_s,ins_sector_pub,2023,45.54
sen,sex_t,eco_isic4_s,ins_sector_pub,2024,48.24
sen,sex_t,eco_isic4_s,ins_sector_total,2015,57.22
sen,sex_t,eco_isic4_s,ins_sector_total,2016,54.34
sen,sex_t,eco_isic4_s,ins_sector_total,2019,53.48
sen,sex_t,eco_isic4_s,ins_sector_total,2022,53.23
sen,sex_t,eco_isic4_s,ins_sector_total,2023,49.49
sen,sex_t,eco_isic4_s,ins_sector_total,2024,52
sen,sex_t,eco_isic4_t,ins_sector_pri,2015,56.85
sen,sex_t,eco_isic4_t,ins_sector_pri,2016,54.78
sen,sex_t,eco_isic4_t,ins_sector_pri,2019,51.53
sen,sex_t,eco_isic4_t,ins_sector_pri,2022,46.37
sen,sex_t,eco_isic4_t,ins_sector_pri,2023,48.07
sen,sex_t,eco_isic4_t,ins_sector_pri,2024,49.08
sen,sex_t,eco_isic4_t,ins_sector_pub,2015,39.55
sen,sex_t,eco_isic4_t,ins_sector_pub,2016,35.13
sen,sex_t,eco_isic4_t,ins_sector_pub,2019,42.47
sen,sex_t,eco_isic4_t,ins_sector_pub,2022,46.1
sen,sex_t,eco_isic4_t,ins_sector_pub,2023,42.94
sen,sex_t,eco_isic4_t,ins_sector_pub,2024,39.93
sen,sex_t,eco_isic4_t,ins_sector_total,2015,56.31
sen,sex_t,eco_isic4_t,ins_sector_total,2016,53.79
sen,sex_t,eco_isic4_t,ins_sector_total,2019,51.06
sen,sex_t,eco_isic4_t,ins_sector_total,2022,46.35
sen,sex_t,eco_isic4_t,ins_sector_total,2023,47.63
sen,sex_t,eco_isic4_t,ins_sector_total,2024,47.99
sen,sex_t,eco_isic4_total,ins_sector_pri,2015,55.12
sen,sex_t,eco_isic4_total,ins_sector_pri,2016,55.43
sen,sex_t,eco_isic4_total,ins_sector_pri,2019,52.29
sen,sex_t,eco_isic4_total,ins_sector_pri,2022,50.78
sen,sex_t,eco_isic4_total,ins_sector_pri,2023,49.72
sen,sex_t,eco_isic4_total,ins_sector_pri,2024,52.37
sen,sex_t,eco_isic4_total,ins_sector_pub,2015,44.41
sen,sex_t,eco_isic4_total,ins_sector_pub,2016,46.35
sen,sex_t,eco_isic4_total,ins_sector_pub,2019,44.51
sen,sex_t,eco_isic4_total,ins_sector_pub,2022,44.49
sen,sex_t,eco_isic4_total,ins_sector_pub,2023,43.76
sen,sex_t,eco_isic4_total,ins_sector_pub,2024,45.04
sen,sex_t,eco_isic4_total,ins_sector_total,2015,52.55
sen,sex_t,eco_isic4_total,ins_sector_total,2016,53.06
sen,sex_t,eco_isic4_total,ins_sector_total,2019,50.85
sen,sex_t,eco_isic4_total,ins_sector_total,2022,49.55
sen,sex_t,eco_isic4_total,ins_sector_total,2023,48.55
sen,sex_t,eco_isic4_total,ins_sector_total,2024,50.86
sen,sex_t,eco_isic4_u,ins_sector_pri,2015,56.24
sen,sex_t,eco_isic4_u,ins_sector_pri,2016,58.25
sen,sex_t,eco_isic4_u,ins_sector_pri,2019,64.89
sen,sex_t,eco_isic4_u,ins_sector_pri,2022,48.42
sen,sex_t,eco_isic4_u,ins_sector_pri,2023,50.67
sen,sex_t,eco_isic4_u,ins_sector_pri,2024,78.26
sen,sex_t,eco_isic4_u,ins_sector_pub,2015,48.17
sen,sex_t,eco_isic4_u,ins_sector_pub,2016,55.7
sen,sex_t,eco_isic4_u,ins_sector_pub,2019,52.83
sen,sex_t,eco_isic4_u,ins_sector_pub,2022,53.86
sen,sex_t,eco_isic4_u,ins_sector_pub,2023,64.47
sen,sex_t,eco_isic4_u,ins_sector_pub,2024,55.39
sen,sex_t,eco_isic4_u,ins_sector_total,2015,50.89
sen,sex_t,eco_isic4_u,ins_sector_total,2016,56.09
sen,sex_t,eco_isic4_u,ins_sector_total,2019,55.49
sen,sex_t,eco_isic4_u,ins_sector_total,2022,53.36
sen,sex_t,eco_isic4_u,ins_sector_total,2023,61.83
sen,sex_t,eco_isic4_u,ins_sector_total,2024,62.94
sen,sex_t,eco_sector_agr,ins_sector_pri,2015,53.29
sen,sex_t,eco_sector_agr,ins_sector_pri,2016,53.85
sen,sex_t,eco_sector_agr,ins_sector_pri,2019,51.07
sen,sex_t,eco_sector_agr,ins_sector_pri,2022,51.45
sen,sex_t,eco_sector_agr,ins_sector_pri,2023,51.82
sen,sex_t,eco_sector_agr,ins_sector_pri,2024,52.87
sen,sex_t,eco_sector_agr,ins_sector_pub,2015,50.95
sen,sex_t,eco_sector_agr,ins_sector_pub,2016,55.47
sen,sex_t,eco_sector_agr,ins_sector_pub,2019,50.78
sen,sex_t,eco_sector_agr,ins_sector_pub,2022,45.98
sen,sex_t,eco_sector_agr,ins_sector_pub,2023,40.75
sen,sex_t,eco_sector_agr,ins_sector_pub,2024,47.56
sen,sex_t,eco_sector_agr,ins_sector_total,2015,53
sen,sex_t,eco_sector_agr,ins_sector_total,2016,53.98
sen,sex_t,eco_sector_agr,ins_sector_total,2019,51.06
sen,sex_t,eco_sector_agr,ins_sector_total,2022,50.88
sen,sex_t,eco_sector_agr,ins_sector_total,2023,50
sen,sex_t,eco_sector_agr,ins_sector_total,2024,52.22
sen,sex_t,eco_sector_ind,ins_sector_pri,2015,52.21
sen,sex_t,eco_sector_ind,ins_sector_pri,2016,52.62
sen,sex_t,eco_sector_ind,ins_sector_pri,2019,49.08
sen,sex_t,eco_sector_ind,ins_sector_pri,2022,46.79
sen,sex_t,eco_sector_ind,ins_sector_pri,2023,47.08
sen,sex_t,eco_sector_ind,ins_sector_pri,2024,48.96
sen,sex_t,eco_sector_ind,ins_sector_pub,2015,48.58
sen,sex_t,eco_sector_ind,ins_sector_pub,2016,49.66
sen,sex_t,eco_sector_ind,ins_sector_pub,2019,46.85
sen,sex_t,eco_sector_ind,ins_sector_pub,2022,43.86
sen,sex_t,eco_sector_ind,ins_sector_pub,2023,48.44
sen,sex_t,eco_sector_ind,ins_sector_pub,2024,47.13
sen,sex_t,eco_sector_ind,ins_sector_total,2015,51.93
sen,sex_t,eco_sector_ind,ins_sector_total,2016,52.38
sen,sex_t,eco_sector_ind,ins_sector_total,2019,48.94
sen,sex_t,eco_sector_ind,ins_sector_total,2022,46.59
sen,sex_t,eco_sector_ind,ins_sector_total,2023,47.15
sen,sex_t,eco_sector_ind,ins_sector_total,2024,48.84
sen,sex_t,eco_sector_nag,ins_sector_pri,2015,55.34
sen,sex_t,eco_sector_nag,ins_sector_pri,2016,55.62
sen,sex_t,eco_sector_nag,ins_sector_pri,2019,52.39
sen,sex_t,eco_sector_nag,ins_sector_pri,2022,50.74
sen,sex_t,eco_sector_nag,ins_sector_pri,2023,49.58
sen,sex_t,eco_sector_nag,ins_sector_pri,2024,52.3
sen,sex_t,eco_sector_nag,ins_sector_pub,2015,44.07
sen,sex_t,eco_sector_nag,ins_sector_pub,2016,46.09
sen,sex_t,eco_sector_nag,ins_sector_pub,2019,44.41
sen,sex_t,eco_sector_nag,ins_sector_pub,2022,44.45
sen,sex_t,eco_sector_nag,ins_sector_pub,2023,43.92
sen,sex_t,eco_sector_nag,ins_sector_pub,2024,44.86
sen,sex_t,eco_sector_nag,ins_sector_total,2015,52.5
sen,sex_t,eco_sector_nag,ins_sector_total,2016,52.98
sen,sex_t,eco_sector_nag,ins_sector_total,2019,50.84
sen,sex_t,eco_sector_nag,ins_sector_total,2022,49.48
sen,sex_t,eco_sector_nag,ins_sector_total,2023,48.46
sen,sex_t,eco_sector_nag,ins_sector_total,2024,50.69
sen,sex_t,eco_sector_ser,ins_sector_pri,2015,56.54
sen,sex_t,eco_sector_ser,ins_sector_pri,2016,57.22
sen,sex_t,eco_sector_ser,ins_sector_pri,2019,54.53
sen,sex_t,eco_sector_ser,ins_sector_pri,2022,52.86
sen,sex_t,eco_sector_ser,ins_sector_pri,2023,51.11
sen,sex_t,eco_sector_ser,ins_sector_pri,2024,54.28
sen,sex_t,eco_sector_ser,ins_sector_pub,2015,43.73
sen,sex_t,eco_sector_ser,ins_sector_pub,2016,45.78
sen,sex_t,eco_sector_ser,ins_sector_pub,2019,44.1
sen,sex_t,eco_sector_ser,ins_sector_pub,2022,44.51
sen,sex_t,eco_sector_ser,ins_sector_pub,2023,43.51
sen,sex_t,eco_sector_ser,ins_sector_pub,2024,44.61
sen,sex_t,eco_sector_ser,ins_sector_total,2015,52.67
sen,sex_t,eco_sector_ser,ins_sector_total,2016,53.2
sen,sex_t,eco_sector_ser,ins_sector_total,2019,51.81
sen,sex_t,eco_sector_ser,ins_sector_total,2022,50.72
sen,sex_t,eco_sector_ser,ins_sector_total,2023,49.08
sen,sex_t,eco_sector_ser,ins_sector_total,2024,51.55
sen,sex_t,eco_sector_total,ins_sector_pri,2015,55.12
sen,sex_t,eco_sector_total,ins_sector_pri,2016,55.43
sen,sex_t,eco_sector_total,ins_sector_pri,2019,52.29
sen,sex_t,eco_sector_total,ins_sector_pri,2022,50.78
sen,sex_t,eco_sector_total,ins_sector_pri,2023,49.72
sen,sex_t,eco_sector_total,ins_sector_pri,2024,52.37
sen,sex_t,eco_sector_total,ins_sector_pub,2015,44.41
sen,sex_t,eco_sector_total,ins_sector_pub,2016,46.35
sen,sex_t,eco_sector_total,ins_sector_pub,2019,44.51
sen,sex_t,eco_sector_total,ins_sector_pub,2022,44.49
sen,sex_t,eco_sector_total,ins_sector_pub,2023,43.76
sen,sex_t,eco_sector_total,ins_sector_pub,2024,45.04
sen,sex_t,eco_sector_total,ins_sector_total,2015,52.55
sen,sex_t,eco_sector_total,ins_sector_total,2016,53.06
sen,sex_t,eco_sector_total,ins_sector_total,2019,50.85
sen,sex_t,eco_sector_total,ins_sector_total,2022,49.55
sen,sex_t,eco_sector_total,ins_sector_total,2023,48.55
sen,sex_t,eco_sector_total,ins_sector_total,2024,50.86
