ref_area,sex,classif1,time,how_xees_sex_eco_nb
ago,sex_f,eco_aggregate_agr,2019,36.06
ago,sex_f,eco_aggregate_agr,2020,41.19
ago,sex_f,eco_aggregate_agr,2021,47.55
ago,sex_f,eco_aggregate_agr,2022,42.53
ago,sex_f,eco_aggregate_agr,2023,40.26
ago,sex_f,eco_aggregate_agr,2024,43.96
ago,sex_f,eco_aggregate_con,2019,43.23
ago,sex_f,eco_aggregate_con,2020,40.6
ago,sex_f,eco_aggregate_con,2021,49.29
ago,sex_f,eco_aggregate_con,2022,44.07
ago,sex_f,eco_aggregate_con,2024,53.06
ago,sex_f,eco_aggregate_man,2019,45.71
ago,sex_f,eco_aggregate_man,2020,46.69
ago,sex_f,eco_aggregate_man,2021,51.3
ago,sex_f,eco_aggregate_man,2022,49.39
ago,sex_f,eco_aggregate_man,2023,47.41
ago,sex_f,eco_aggregate_man,2024,49.36
ago,sex_f,eco_aggregate_mel,2019,42.66
ago,sex_f,eco_aggregate_mel,2020,42.47
ago,sex_f,eco_aggregate_mel,2021,41.93
ago,sex_f,eco_aggregate_mel,2022,41.47
ago,sex_f,eco_aggregate_mel,2023,40.65
ago,sex_f,eco_aggregate_mel,2024,50.26
ago,sex_f,eco_aggregate_mkt,2019,45.95
ago,sex_f,eco_aggregate_mkt,2020,44.66
ago,sex_f,eco_aggregate_mkt,2021,47.5
ago,sex_f,eco_aggregate_mkt,2022,49.09
ago,sex_f,eco_aggregate_mkt,2023,48.49
ago,sex_f,eco_aggregate_mkt,2024,50.35
ago,sex_f,eco_aggregate_pub,2019,39.29
ago,sex_f,eco_aggregate_pub,2020,39.12
ago,sex_f,eco_aggregate_pub,2021,40.66
ago,sex_f,eco_aggregate_pub,2022,41.59
ago,sex_f,eco_aggregate_pub,2023,41.83
ago,sex_f,eco_aggregate_pub,2024,43.4
ago,sex_f,eco_aggregate_total,2019,40.76
ago,sex_f,eco_aggregate_total,2020,40.81
ago,sex_f,eco_aggregate_total,2021,42.71
ago,sex_f,eco_aggregate_total,2022,43.59
ago,sex_f,eco_aggregate_total,2023,43.66
ago,sex_f,eco_aggregate_total,2024,45.55
ago,sex_f,eco_aggregate_x,2019,28.3
ago,sex_f,eco_isic4_a,2019,36.06
ago,sex_f,eco_isic4_a,2020,41.19
ago,sex_f,eco_isic4_a,2021,47.55
ago,sex_f,eco_isic4_a,2022,42.53
ago,sex_f,eco_isic4_a,2023,40.26
ago,sex_f,eco_isic4_a,2024,43.96
ago,sex_f,eco_isic4_b,2019,43.23
ago,sex_f,eco_isic4_b,2020,47.32
ago,sex_f,eco_isic4_b,2021,47.41
ago,sex_f,eco_isic4_b,2022,40.97
ago,sex_f,eco_isic4_b,2024,49.38
ago,sex_f,eco_isic4_c,2019,45.71
ago,sex_f,eco_isic4_c,2020,46.69
ago,sex_f,eco_isic4_c,2021,51.3
ago,sex_f,eco_isic4_c,2022,49.39
ago,sex_f,eco_isic4_c,2023,47.41
ago,sex_f,eco_isic4_c,2024,49.36
ago,sex_f,eco_isic4_d,2019,36.32
ago,sex_f,eco_isic4_d,2020,40.33
ago,sex_f,eco_isic4_d,2021,40.35
ago,sex_f,eco_isic4_d,2022,42.4
ago,sex_f,eco_isic4_d,2024,44.57
ago,sex_f,eco_isic4_e,2021,31.42
ago,sex_f,eco_isic4_e,2022,41.99
ago,sex_f,eco_isic4_e,2024,52.74
ago,sex_f,eco_isic4_f,2019,43.23
ago,sex_f,eco_isic4_f,2020,40.6
ago,sex_f,eco_isic4_f,2021,49.29
ago,sex_f,eco_isic4_f,2022,44.07
ago,sex_f,eco_isic4_f,2024,53.06
ago,sex_f,eco_isic4_g,2019,49.42
ago,sex_f,eco_isic4_g,2020,47.5
ago,sex_f,eco_isic4_g,2021,50.59
ago,sex_f,eco_isic4_g,2022,51.01
ago,sex_f,eco_isic4_g,2023,50.4
ago,sex_f,eco_isic4_g,2024,51.42
ago,sex_f,eco_isic4_h,2019,38.1
ago,sex_f,eco_isic4_h,2020,33.33
ago,sex_f,eco_isic4_h,2021,38.84
ago,sex_f,eco_isic4_h,2022,41.18
ago,sex_f,eco_isic4_h,2023,49.43
ago,sex_f,eco_isic4_h,2024,51.98
ago,sex_f,eco_isic4_i,2019,46.06
ago,sex_f,eco_isic4_i,2020,46.41
ago,sex_f,eco_isic4_i,2021,51.33
ago,sex_f,eco_isic4_i,2022,52.21
ago,sex_f,eco_isic4_i,2023,53.63
ago,sex_f,eco_isic4_i,2024,54.41
ago,sex_f,eco_isic4_j,2019,46.47
ago,sex_f,eco_isic4_j,2020,40.31
ago,sex_f,eco_isic4_j,2021,42.68
ago,sex_f,eco_isic4_j,2022,40.64
ago,sex_f,eco_isic4_j,2023,46.44
ago,sex_f,eco_isic4_j,2024,47.92
ago,sex_f,eco_isic4_k,2019,42.53
ago,sex_f,eco_isic4_k,2020,37.16
ago,sex_f,eco_isic4_k,2021,40.04
ago,sex_f,eco_isic4_k,2022,41.15
ago,sex_f,eco_isic4_k,2023,38.08
ago,sex_f,eco_isic4_k,2024,43.06
ago,sex_f,eco_isic4_m,2019,36.27
ago,sex_f,eco_isic4_m,2020,34.92
ago,sex_f,eco_isic4_m,2021,37.66
ago,sex_f,eco_isic4_m,2022,39.99
ago,sex_f,eco_isic4_m,2024,39.81
ago,sex_f,eco_isic4_n,2019,39.8
ago,sex_f,eco_isic4_n,2020,40.77
ago,sex_f,eco_isic4_n,2021,41.7
ago,sex_f,eco_isic4_n,2022,48.13
ago,sex_f,eco_isic4_n,2023,46.55
ago,sex_f,eco_isic4_n,2024,45.47
ago,sex_f,eco_isic4_o,2019,40.49
ago,sex_f,eco_isic4_o,2020,38.84
ago,sex_f,eco_isic4_o,2021,40.04
ago,sex_f,eco_isic4_o,2022,41.95
ago,sex_f,eco_isic4_o,2023,41.09
ago,sex_f,eco_isic4_o,2024,42.49
ago,sex_f,eco_isic4_p,2019,29.54
ago,sex_f,eco_isic4_p,2020,26.16
ago,sex_f,eco_isic4_p,2021,27.04
ago,sex_f,eco_isic4_p,2022,29
ago,sex_f,eco_isic4_p,2023,29.75
ago,sex_f,eco_isic4_p,2024,31.29
ago,sex_f,eco_isic4_q,2019,43.72
ago,sex_f,eco_isic4_q,2020,45.37
ago,sex_f,eco_isic4_q,2021,46.26
ago,sex_f,eco_isic4_q,2022,48.76
ago,sex_f,eco_isic4_q,2023,47.93
ago,sex_f,eco_isic4_q,2024,50.7
ago,sex_f,eco_isic4_r,2020,32.49
ago,sex_f,eco_isic4_r,2021,42.95
ago,sex_f,eco_isic4_r,2022,38.54
ago,sex_f,eco_isic4_r,2024,45.74
ago,sex_f,eco_isic4_s,2019,41.07
ago,sex_f,eco_isic4_s,2020,49.1
ago,sex_f,eco_isic4_s,2021,50.08
ago,sex_f,eco_isic4_s,2022,47.66
ago,sex_f,eco_isic4_s,2023,49.21
ago,sex_f,eco_isic4_s,2024,52.46
ago,sex_f,eco_isic4_t,2019,43.24
ago,sex_f,eco_isic4_t,2020,41.48
ago,sex_f,eco_isic4_t,2021,44.67
ago,sex_f,eco_isic4_t,2022,45.4
ago,sex_f,eco_isic4_t,2023,45.17
ago,sex_f,eco_isic4_t,2024,45.87
ago,sex_f,eco_isic4_total,2019,40.76
ago,sex_f,eco_isic4_total,2020,40.81
ago,sex_f,eco_isic4_total,2021,42.71
ago,sex_f,eco_isic4_total,2022,43.59
ago,sex_f,eco_isic4_total,2023,43.66
ago,sex_f,eco_isic4_total,2024,45.55
ago,sex_f,eco_isic4_u,2022,34.02
ago,sex_f,eco_isic4_x,2019,28.3
ago,sex_f,eco_sector_agr,2019,36.06
ago,sex_f,eco_sector_agr,2020,41.19
ago,sex_f,eco_sector_agr,2021,47.55
ago,sex_f,eco_sector_agr,2022,42.53
ago,sex_f,eco_sector_agr,2023,40.26
ago,sex_f,eco_sector_agr,2024,43.96
ago,sex_f,eco_sector_ind,2019,44.51
ago,sex_f,eco_sector_ind,2020,45.32
ago,sex_f,eco_sector_ind,2021,49.64
ago,sex_f,eco_sector_ind,2022,47.15
ago,sex_f,eco_sector_ind,2023,45.32
ago,sex_f,eco_sector_ind,2024,50.18
ago,sex_f,eco_sector_nag,2019,40.98
ago,sex_f,eco_sector_nag,2020,40.8
ago,sex_f,eco_sector_nag,2021,42.64
ago,sex_f,eco_sector_nag,2022,43.61
ago,sex_f,eco_sector_nag,2023,43.71
ago,sex_f,eco_sector_nag,2024,45.58
ago,sex_f,eco_sector_ser,2019,40.84
ago,sex_f,eco_sector_ser,2020,40.61
ago,sex_f,eco_sector_ser,2021,42.3
ago,sex_f,eco_sector_ser,2022,43.47
ago,sex_f,eco_sector_ser,2023,43.62
ago,sex_f,eco_sector_ser,2024,45.33
ago,sex_f,eco_sector_total,2019,40.76
ago,sex_f,eco_sector_total,2020,40.81
ago,sex_f,eco_sector_total,2021,42.71
ago,sex_f,eco_sector_total,2022,43.59
ago,sex_f,eco_sector_total,2023,43.66
ago,sex_f,eco_sector_total,2024,45.55
ago,sex_f,eco_sector_x,2019,28.3
ago,sex_m,eco_aggregate_agr,2019,45.28
ago,sex_m,eco_aggregate_agr,2020,50.9
ago,sex_m,eco_aggregate_agr,2021,51.69
ago,sex_m,eco_aggregate_agr,2022,51.06
ago,sex_m,eco_aggregate_agr,2023,47.29
ago,sex_m,eco_aggregate_agr,2024,50.47
ago,sex_m,eco_aggregate_con,2019,49.58
ago,sex_m,eco_aggregate_con,2020,50.53
ago,sex_m,eco_aggregate_con,2021,51.18
ago,sex_m,eco_aggregate_con,2022,51.77
ago,sex_m,eco_aggregate_con,2023,52.96
ago,sex_m,eco_aggregate_con,2024,53.42
ago,sex_m,eco_aggregate_man,2019,50.22
ago,sex_m,eco_aggregate_man,2020,48.06
ago,sex_m,eco_aggregate_man,2021,50.98
ago,sex_m,eco_aggregate_man,2022,50.62
ago,sex_m,eco_aggregate_man,2023,49.29
ago,sex_m,eco_aggregate_man,2024,53.16
ago,sex_m,eco_aggregate_mel,2019,55.14
ago,sex_m,eco_aggregate_mel,2020,53.54
ago,sex_m,eco_aggregate_mel,2021,53.73
ago,sex_m,eco_aggregate_mel,2022,55.41
ago,sex_m,eco_aggregate_mel,2023,52.91
ago,sex_m,eco_aggregate_mel,2024,58.57
ago,sex_m,eco_aggregate_mkt,2019,55.63
ago,sex_m,eco_aggregate_mkt,2020,53.43
ago,sex_m,eco_aggregate_mkt,2021,56.18
ago,sex_m,eco_aggregate_mkt,2022,56.87
ago,sex_m,eco_aggregate_mkt,2023,57.22
ago,sex_m,eco_aggregate_mkt,2024,57.81
ago,sex_m,eco_aggregate_pub,2019,43.58
ago,sex_m,eco_aggregate_pub,2020,44.33
ago,sex_m,eco_aggregate_pub,2021,42.76
ago,sex_m,eco_aggregate_pub,2022,43.8
ago,sex_m,eco_aggregate_pub,2023,44.38
ago,sex_m,eco_aggregate_pub,2024,45.02
ago,sex_m,eco_aggregate_total,2019,49.35
ago,sex_m,eco_aggregate_total,2020,49.23
ago,sex_m,eco_aggregate_total,2021,49.83
ago,sex_m,eco_aggregate_total,2022,50.76
ago,sex_m,eco_aggregate_total,2023,50.66
ago,sex_m,eco_aggregate_total,2024,52.37
ago,sex_m,eco_aggregate_x,2019,48.07
ago,sex_m,eco_isic4_a,2019,45.28
ago,sex_m,eco_isic4_a,2020,50.9
ago,sex_m,eco_isic4_a,2021,51.69
ago,sex_m,eco_isic4_a,2022,51.06
ago,sex_m,eco_isic4_a,2023,47.29
ago,sex_m,eco_isic4_a,2024,50.47
ago,sex_m,eco_isic4_b,2019,57.17
ago,sex_m,eco_isic4_b,2020,59.04
ago,sex_m,eco_isic4_b,2021,58.8
ago,sex_m,eco_isic4_b,2022,57.63
ago,sex_m,eco_isic4_b,2023,56.74
ago,sex_m,eco_isic4_b,2024,60.16
ago,sex_m,eco_isic4_c,2019,50.22
ago,sex_m,eco_isic4_c,2020,48.06
ago,sex_m,eco_isic4_c,2021,50.98
ago,sex_m,eco_isic4_c,2022,50.62
ago,sex_m,eco_isic4_c,2023,49.29
ago,sex_m,eco_isic4_c,2024,53.16
ago,sex_m,eco_isic4_d,2019,47.44
ago,sex_m,eco_isic4_d,2020,43.16
ago,sex_m,eco_isic4_d,2021,48.11
ago,sex_m,eco_isic4_d,2022,51.07
ago,sex_m,eco_isic4_d,2023,44.72
ago,sex_m,eco_isic4_d,2024,54.98
ago,sex_m,eco_isic4_e,2019,51.67
ago,sex_m,eco_isic4_e,2020,40.81
ago,sex_m,eco_isic4_e,2021,43.21
ago,sex_m,eco_isic4_e,2022,49.97
ago,sex_m,eco_isic4_e,2023,46.12
ago,sex_m,eco_isic4_e,2024,50.19
ago,sex_m,eco_isic4_f,2019,49.58
ago,sex_m,eco_isic4_f,2020,50.53
ago,sex_m,eco_isic4_f,2021,51.18
ago,sex_m,eco_isic4_f,2022,51.77
ago,sex_m,eco_isic4_f,2023,52.96
ago,sex_m,eco_isic4_f,2024,53.42
ago,sex_m,eco_isic4_g,2019,54.32
ago,sex_m,eco_isic4_g,2020,51.86
ago,sex_m,eco_isic4_g,2021,53.04
ago,sex_m,eco_isic4_g,2022,53.41
ago,sex_m,eco_isic4_g,2023,53.84
ago,sex_m,eco_isic4_g,2024,55.8
ago,sex_m,eco_isic4_h,2019,56.44
ago,sex_m,eco_isic4_h,2020,56.1
ago,sex_m,eco_isic4_h,2021,58.36
ago,sex_m,eco_isic4_h,2022,59.64
ago,sex_m,eco_isic4_h,2023,61.65
ago,sex_m,eco_isic4_h,2024,60.53
ago,sex_m,eco_isic4_i,2019,54.95
ago,sex_m,eco_isic4_i,2020,52.05
ago,sex_m,eco_isic4_i,2021,53.33
ago,sex_m,eco_isic4_i,2022,56.45
ago,sex_m,eco_isic4_i,2023,59.67
ago,sex_m,eco_isic4_i,2024,58.71
ago,sex_m,eco_isic4_j,2019,43.76
ago,sex_m,eco_isic4_j,2020,44.93
ago,sex_m,eco_isic4_j,2021,49.78
ago,sex_m,eco_isic4_j,2022,49.38
ago,sex_m,eco_isic4_j,2023,51.83
ago,sex_m,eco_isic4_j,2024,50.65
ago,sex_m,eco_isic4_k,2019,47.07
ago,sex_m,eco_isic4_k,2020,41.93
ago,sex_m,eco_isic4_k,2021,41.52
ago,sex_m,eco_isic4_k,2022,43.37
ago,sex_m,eco_isic4_k,2023,46.71
ago,sex_m,eco_isic4_k,2024,43.7
ago,sex_m,eco_isic4_l,2019,53.46
ago,sex_m,eco_isic4_l,2020,48.22
ago,sex_m,eco_isic4_l,2021,42.8
ago,sex_m,eco_isic4_l,2022,45.48
ago,sex_m,eco_isic4_l,2024,39.73
ago,sex_m,eco_isic4_m,2019,46.3
ago,sex_m,eco_isic4_m,2020,38.6
ago,sex_m,eco_isic4_m,2021,41.25
ago,sex_m,eco_isic4_m,2022,46.55
ago,sex_m,eco_isic4_m,2024,44.45
ago,sex_m,eco_isic4_n,2019,60.3
ago,sex_m,eco_isic4_n,2020,56.84
ago,sex_m,eco_isic4_n,2021,62.11
ago,sex_m,eco_isic4_n,2022,62.62
ago,sex_m,eco_isic4_n,2023,57.63
ago,sex_m,eco_isic4_n,2024,59.77
ago,sex_m,eco_isic4_o,2019,48.6
ago,sex_m,eco_isic4_o,2020,48.57
ago,sex_m,eco_isic4_o,2021,47.28
ago,sex_m,eco_isic4_o,2022,47.82
ago,sex_m,eco_isic4_o,2023,47.67
ago,sex_m,eco_isic4_o,2024,50.27
ago,sex_m,eco_isic4_p,2019,28.91
ago,sex_m,eco_isic4_p,2020,27.77
ago,sex_m,eco_isic4_p,2021,29.32
ago,sex_m,eco_isic4_p,2022,30.63
ago,sex_m,eco_isic4_p,2023,30.68
ago,sex_m,eco_isic4_p,2024,30.42
ago,sex_m,eco_isic4_q,2019,45.43
ago,sex_m,eco_isic4_q,2020,45.6
ago,sex_m,eco_isic4_q,2021,47.31
ago,sex_m,eco_isic4_q,2022,51.08
ago,sex_m,eco_isic4_q,2023,57.97
ago,sex_m,eco_isic4_q,2024,51.6
ago,sex_m,eco_isic4_r,2019,38.32
ago,sex_m,eco_isic4_r,2020,38.46
ago,sex_m,eco_isic4_r,2021,42.19
ago,sex_m,eco_isic4_r,2022,51.72
ago,sex_m,eco_isic4_r,2023,51.62
ago,sex_m,eco_isic4_r,2024,50.35
ago,sex_m,eco_isic4_s,2019,52.04
ago,sex_m,eco_isic4_s,2020,47.45
ago,sex_m,eco_isic4_s,2021,49.28
ago,sex_m,eco_isic4_s,2022,47.84
ago,sex_m,eco_isic4_s,2023,63.67
ago,sex_m,eco_isic4_s,2024,52.13
ago,sex_m,eco_isic4_t,2019,46.95
ago,sex_m,eco_isic4_t,2020,44.49
ago,sex_m,eco_isic4_t,2021,49.4
ago,sex_m,eco_isic4_t,2022,51.22
ago,sex_m,eco_isic4_t,2023,57.74
ago,sex_m,eco_isic4_t,2024,52.32
ago,sex_m,eco_isic4_total,2019,49.35
ago,sex_m,eco_isic4_total,2020,49.23
ago,sex_m,eco_isic4_total,2021,49.83
ago,sex_m,eco_isic4_total,2022,50.76
ago,sex_m,eco_isic4_total,2023,50.66
ago,sex_m,eco_isic4_total,2024,52.37
ago,sex_m,eco_isic4_u,2024,51.26
ago,sex_m,eco_isic4_x,2019,48.07
ago,sex_m,eco_sector_agr,2019,45.28
ago,sex_m,eco_sector_agr,2020,50.9
ago,sex_m,eco_sector_agr,2021,51.69
ago,sex_m,eco_sector_agr,2022,51.06
ago,sex_m,eco_sector_agr,2023,47.29
ago,sex_m,eco_sector_agr,2024,50.47
ago,sex_m,eco_sector_ind,2019,50.96
ago,sex_m,eco_sector_ind,2020,50.47
ago,sex_m,eco_sector_ind,2021,51.74
ago,sex_m,eco_sector_ind,2022,52.33
ago,sex_m,eco_sector_ind,2023,51.69
ago,sex_m,eco_sector_ind,2024,54.73
ago,sex_m,eco_sector_nag,2019,49.55
ago,sex_m,eco_sector_nag,2020,49.15
ago,sex_m,eco_sector_nag,2021,49.74
ago,sex_m,eco_sector_nag,2022,50.75
ago,sex_m,eco_sector_nag,2023,50.84
ago,sex_m,eco_sector_nag,2024,52.48
ago,sex_m,eco_sector_ser,2019,49.26
ago,sex_m,eco_sector_ser,2020,48.88
ago,sex_m,eco_sector_ser,2021,49.31
ago,sex_m,eco_sector_ser,2022,50.38
ago,sex_m,eco_sector_ser,2023,50.63
ago,sex_m,eco_sector_ser,2024,51.9
ago,sex_m,eco_sector_total,2019,49.35
ago,sex_m,eco_sector_total,2020,49.23
ago,sex_m,eco_sector_total,2021,49.83
ago,sex_m,eco_sector_total,2022,50.76
ago,sex_m,eco_sector_total,2023,50.66
ago,sex_m,eco_sector_total,2024,52.37
ago,sex_m,eco_sector_x,2019,48.07
ago,sex_t,eco_aggregate_agr,2019,42.55
ago,sex_t,eco_aggregate_agr,2020,49.15
ago,sex_t,eco_aggregate_agr,2021,51.19
ago,sex_t,eco_aggregate_agr,2022,49.8
ago,sex_t,eco_aggregate_agr,2023,46.5
ago,sex_t,eco_aggregate_agr,2024,49.45
ago,sex_t,eco_aggregate_con,2019,49.14
ago,sex_t,eco_aggregate_con,2020,50.25
ago,sex_t,eco_aggregate_con,2021,51.14
ago,sex_t,eco_aggregate_con,2022,51.65
ago,sex_t,eco_aggregate_con,2023,52.95
ago,sex_t,eco_aggregate_con,2024,53.4
ago,sex_t,eco_aggregate_man,2019,49.56
ago,sex_t,eco_aggregate_man,2020,47.85
ago,sex_t,eco_aggregate_man,2021,51.04
ago,sex_t,eco_aggregate_man,2022,50.42
ago,sex_t,eco_aggregate_man,2023,48.91
ago,sex_t,eco_aggregate_man,2024,52.51
ago,sex_t,eco_aggregate_mel,2019,54.24
ago,sex_t,eco_aggregate_mel,2020,53.03
ago,sex_t,eco_aggregate_mel,2021,52.91
ago,sex_t,eco_aggregate_mel,2022,54.38
ago,sex_t,eco_aggregate_mel,2023,51.23
ago,sex_t,eco_aggregate_mel,2024,57.71
ago,sex_t,eco_aggregate_mkt,2019,53.71
ago,sex_t,eco_aggregate_mkt,2020,51.72
ago,sex_t,eco_aggregate_mkt,2021,54.46
ago,sex_t,eco_aggregate_mkt,2022,55.22
ago,sex_t,eco_aggregate_mkt,2023,54.98
ago,sex_t,eco_aggregate_mkt,2024,56.12
ago,sex_t,eco_aggregate_pub,2019,41.78
ago,sex_t,eco_aggregate_pub,2020,42.27
ago,sex_t,eco_aggregate_pub,2021,41.86
ago,sex_t,eco_aggregate_pub,2022,42.81
ago,sex_t,eco_aggregate_pub,2023,43.18
ago,sex_t,eco_aggregate_pub,2024,44.26
ago,sex_t,eco_aggregate_total,2019,46.77
ago,sex_t,eco_aggregate_total,2020,46.91
ago,sex_t,eco_aggregate_total,2021,47.71
ago,sex_t,eco_aggregate_total,2022,48.57
ago,sex_t,eco_aggregate_total,2023,48.3
ago,sex_t,eco_aggregate_total,2024,50.22
ago,sex_t,eco_aggregate_x,2019,45.21
ago,sex_t,eco_isic4_a,2019,42.55
ago,sex_t,eco_isic4_a,2020,49.15
ago,sex_t,eco_isic4_a,2021,51.19
ago,sex_t,eco_isic4_a,2022,49.8
ago,sex_t,eco_isic4_a,2023,46.5
ago,sex_t,eco_isic4_a,2024,49.45
ago,sex_t,eco_isic4_b,2019,56.19
ago,sex_t,eco_isic4_b,2020,58.58
ago,sex_t,eco_isic4_b,2021,58.12
ago,sex_t,eco_isic4_b,2022,56.62
ago,sex_t,eco_isic4_b,2023,54.44
ago,sex_t,eco_isic4_b,2024,59.69
ago,sex_t,eco_isic4_c,2019,49.56
ago,sex_t,eco_isic4_c,2020,47.85
ago,sex_t,eco_isic4_c,2021,51.04
ago,sex_t,eco_isic4_c,2022,50.42
ago,sex_t,eco_isic4_c,2023,48.91
ago,sex_t,eco_isic4_c,2024,52.51
ago,sex_t,eco_isic4_d,2019,46.21
ago,sex_t,eco_isic4_d,2020,42.99
ago,sex_t,eco_isic4_d,2021,47.52
ago,sex_t,eco_isic4_d,2022,50.74
ago,sex_t,eco_isic4_d,2023,44.83
ago,sex_t,eco_isic4_d,2024,53.58
ago,sex_t,eco_isic4_e,2019,51.77
ago,sex_t,eco_isic4_e,2020,40.04
ago,sex_t,eco_isic4_e,2021,42.07
ago,sex_t,eco_isic4_e,2022,48.42
ago,sex_t,eco_isic4_e,2023,44.57
ago,sex_t,eco_isic4_e,2024,51.19
ago,sex_t,eco_isic4_f,2019,49.14
ago,sex_t,eco_isic4_f,2020,50.25
ago,sex_t,eco_isic4_f,2021,51.14
ago,sex_t,eco_isic4_f,2022,51.65
ago,sex_t,eco_isic4_f,2023,52.95
ago,sex_t,eco_isic4_f,2024,53.4
ago,sex_t,eco_isic4_g,2019,52.95
ago,sex_t,eco_isic4_g,2020,50.72
ago,sex_t,eco_isic4_g,2021,52.39
ago,sex_t,eco_isic4_g,2022,52.73
ago,sex_t,eco_isic4_g,2023,52.66
ago,sex_t,eco_isic4_g,2024,54.37
ago,sex_t,eco_isic4_h,2019,56.08
ago,sex_t,eco_isic4_h,2020,55.47
ago,sex_t,eco_isic4_h,2021,57.9
ago,sex_t,eco_isic4_h,2022,59.1
ago,sex_t,eco_isic4_h,2023,61
ago,sex_t,eco_isic4_h,2024,60.27
ago,sex_t,eco_isic4_i,2019,50.04
ago,sex_t,eco_isic4_i,2020,49.54
ago,sex_t,eco_isic4_i,2021,52.47
ago,sex_t,eco_isic4_i,2022,54.31
ago,sex_t,eco_isic4_i,2023,56.37
ago,sex_t,eco_isic4_i,2024,56.31
ago,sex_t,eco_isic4_j,2019,44.22
ago,sex_t,eco_isic4_j,2020,43.32
ago,sex_t,eco_isic4_j,2021,47.15
ago,sex_t,eco_isic4_j,2022,47.19
ago,sex_t,eco_isic4_j,2023,50.4
ago,sex_t,eco_isic4_j,2024,50.29
ago,sex_t,eco_isic4_k,2019,45.92
ago,sex_t,eco_isic4_k,2020,40.24
ago,sex_t,eco_isic4_k,2021,40.95
ago,sex_t,eco_isic4_k,2022,42.62
ago,sex_t,eco_isic4_k,2023,43.78
ago,sex_t,eco_isic4_k,2024,43.48
ago,sex_t,eco_isic4_l,2019,53.46
ago,sex_t,eco_isic4_l,2020,45.95
ago,sex_t,eco_isic4_l,2021,42.51
ago,sex_t,eco_isic4_l,2022,45.05
ago,sex_t,eco_isic4_l,2024,45.01
ago,sex_t,eco_isic4_m,2019,44.36
ago,sex_t,eco_isic4_m,2020,37.81
ago,sex_t,eco_isic4_m,2021,39.94
ago,sex_t,eco_isic4_m,2022,44.73
ago,sex_t,eco_isic4_m,2023,51.67
ago,sex_t,eco_isic4_m,2024,41.89
ago,sex_t,eco_isic4_n,2019,57.42
ago,sex_t,eco_isic4_n,2020,55.28
ago,sex_t,eco_isic4_n,2021,59.77
ago,sex_t,eco_isic4_n,2022,60.57
ago,sex_t,eco_isic4_n,2023,55.9
ago,sex_t,eco_isic4_n,2024,57.78
ago,sex_t,eco_isic4_o,2019,47.16
ago,sex_t,eco_isic4_o,2020,47.12
ago,sex_t,eco_isic4_o,2021,46.03
ago,sex_t,eco_isic4_o,2022,46.71
ago,sex_t,eco_isic4_o,2023,46.45
ago,sex_t,eco_isic4_o,2024,48.72
ago,sex_t,eco_isic4_p,2019,29.17
ago,sex_t,eco_isic4_p,2020,27.19
ago,sex_t,eco_isic4_p,2021,28.47
ago,sex_t,eco_isic4_p,2022,29.96
ago,sex_t,eco_isic4_p,2023,30.32
ago,sex_t,eco_isic4_p,2024,30.75
ago,sex_t,eco_isic4_q,2019,44.6
ago,sex_t,eco_isic4_q,2020,45.48
ago,sex_t,eco_isic4_q,2021,46.83
ago,sex_t,eco_isic4_q,2022,49.79
ago,sex_t,eco_isic4_q,2023,50.9
ago,sex_t,eco_isic4_q,2024,51.02
ago,sex_t,eco_isic4_r,2019,38.71
ago,sex_t,eco_isic4_r,2020,35.7
ago,sex_t,eco_isic4_r,2021,42.36
ago,sex_t,eco_isic4_r,2022,49.65
ago,sex_t,eco_isic4_r,2023,51.3
ago,sex_t,eco_isic4_r,2024,49.62
ago,sex_t,eco_isic4_s,2019,48.37
ago,sex_t,eco_isic4_s,2020,48.08
ago,sex_t,eco_isic4_s,2021,49.62
ago,sex_t,eco_isic4_s,2022,47.78
ago,sex_t,eco_isic4_s,2023,59.79
ago,sex_t,eco_isic4_s,2024,52.24
ago,sex_t,eco_isic4_t,2019,43.45
ago,sex_t,eco_isic4_t,2020,41.67
ago,sex_t,eco_isic4_t,2021,44.98
ago,sex_t,eco_isic4_t,2022,45.77
ago,sex_t,eco_isic4_t,2023,45.96
ago,sex_t,eco_isic4_t,2024,46.38
ago,sex_t,eco_isic4_total,2019,46.77
ago,sex_t,eco_isic4_total,2020,46.91
ago,sex_t,eco_isic4_total,2021,47.71
ago,sex_t,eco_isic4_total,2022,48.57
ago,sex_t,eco_isic4_total,2023,48.3
ago,sex_t,eco_isic4_total,2024,50.22
ago,sex_t,eco_isic4_u,2019,50.29
ago,sex_t,eco_isic4_u,2021,43.02
ago,sex_t,eco_isic4_u,2022,42.05
ago,sex_t,eco_isic4_u,2024,51.26
ago,sex_t,eco_isic4_x,2019,45.21
ago,sex_t,eco_sector_agr,2019,42.55
ago,sex_t,eco_sector_agr,2020,49.15
ago,sex_t,eco_sector_agr,2021,51.19
ago,sex_t,eco_sector_agr,2022,49.8
ago,sex_t,eco_sector_agr,2023,46.5
ago,sex_t,eco_sector_agr,2024,49.45
ago,sex_t,eco_sector_ind,2019,50.32
ago,sex_t,eco_sector_ind,2020,50.05
ago,sex_t,eco_sector_ind,2021,51.53
ago,sex_t,eco_sector_ind,2022,51.92
ago,sex_t,eco_sector_ind,2023,50.93
ago,sex_t,eco_sector_ind,2024,54.24
ago,sex_t,eco_sector_nag,2019,46.97
ago,sex_t,eco_sector_nag,2020,46.82
ago,sex_t,eco_sector_nag,2021,47.57
ago,sex_t,eco_sector_nag,2022,48.52
ago,sex_t,eco_sector_nag,2023,48.37
ago,sex_t,eco_sector_nag,2024,50.26
ago,sex_t,eco_sector_ser,2019,46.46
ago,sex_t,eco_sector_ser,2020,46.32
ago,sex_t,eco_sector_ser,2021,46.95
ago,sex_t,eco_sector_ser,2022,47.96
ago,sex_t,eco_sector_ser,2023,47.93
ago,sex_t,eco_sector_ser,2024,49.53
ago,sex_t,eco_sector_total,2019,46.77
ago,sex_t,eco_sector_total,2020,46.91
ago,sex_t,eco_sector_total,2021,47.71
ago,sex_t,eco_sector_total,2022,48.57
ago,sex_t,eco_sector_total,2023,48.3
ago,sex_t,eco_sector_total,2024,50.22
ago,sex_t,eco_sector_x,2019,45.21
