ref_area,sex,classif1,classif2,time,emp_pifl_sex_age_edu_nb
lbn,sex_f,age_10yrbands_total,edu_aggregate_adv,2019,22.466
lbn,sex_f,age_10yrbands_total,edu_aggregate_bas,2019,72.193
lbn,sex_f,age_10yrbands_total,edu_aggregate_int,2019,19.445
lbn,sex_f,age_10yrbands_total,edu_aggregate_ltb,2019,73.919
lbn,sex_f,age_10yrbands_total,edu_aggregate_total,2019,190.546
lbn,sex_f,age_10yrbands_total,edu_aggregate_x,2019,2.522
lbn,sex_f,age_10yrbands_total,edu_isced11_1,2019,37.915
lbn,sex_f,age_10yrbands_total,edu_isced11_2,2019,34.278
lbn,sex_f,age_10yrbands_total,edu_isced11_3,2019,16.121
lbn,sex_f,age_10yrbands_total,edu_isced11_4,2019,3.324
lbn,sex_f,age_10yrbands_total,edu_isced11_5,2019,4.063
lbn,sex_f,age_10yrbands_total,edu_isced11_6,2019,9.056
lbn,sex_f,age_10yrbands_total,edu_isced11_7,2019,8.216
lbn,sex_f,age_10yrbands_total,edu_isced11_8,2019,1.131
lbn,sex_f,age_10yrbands_total,edu_isced11_9,2019,2.522
lbn,sex_f,age_10yrbands_total,edu_isced11_total,2019,190.546
lbn,sex_f,age_10yrbands_total,edu_isced11_x,2019,73.907
lbn,sex_f,age_10yrbands_y15_24,edu_aggregate_adv,2019,5.357
lbn,sex_f,age_10yrbands_y15_24,edu_aggregate_bas,2019,18.969
lbn,sex_f,age_10yrbands_y15_24,edu_aggregate_int,2019,4.512
lbn,sex_f,age_10yrbands_y15_24,edu_aggregate_ltb,2019,32.767
lbn,sex_f,age_10yrbands_y15_24,edu_aggregate_total,2019,62.923
lbn,sex_f,age_10yrbands_y15_24,edu_aggregate_x,2019,1.317
lbn,sex_f,age_10yrbands_y15_24,edu_isced11_1,2019,11.131
lbn,sex_f,age_10yrbands_y15_24,edu_isced11_2,2019,7.838
lbn,sex_f,age_10yrbands_y15_24,edu_isced11_3,2019,3.508
lbn,sex_f,age_10yrbands_y15_24,edu_isced11_4,2019,1.004
lbn,sex_f,age_10yrbands_y15_24,edu_isced11_5,2019,2.14
lbn,sex_f,age_10yrbands_y15_24,edu_isced11_6,2019,1.947
lbn,sex_f,age_10yrbands_y15_24,edu_isced11_7,2019,1.238
lbn,sex_f,age_10yrbands_y15_24,edu_isced11_9,2019,1.317
lbn,sex_f,age_10yrbands_y15_24,edu_isced11_total,2019,62.923
lbn,sex_f,age_10yrbands_y15_24,edu_isced11_x,2019,32.767
lbn,sex_f,age_10yrbands_y25_34,edu_aggregate_adv,2019,7.55
lbn,sex_f,age_10yrbands_y25_34,edu_aggregate_bas,2019,21.838
lbn,sex_f,age_10yrbands_y25_34,edu_aggregate_int,2019,4.789
lbn,sex_f,age_10yrbands_y25_34,edu_aggregate_ltb,2019,26.294
lbn,sex_f,age_10yrbands_y25_34,edu_aggregate_total,2019,61.3
lbn,sex_f,age_10yrbands_y25_34,edu_aggregate_x,2019,0.83
lbn,sex_f,age_10yrbands_y25_34,edu_isced11_1,2019,12.405
lbn,sex_f,age_10yrbands_y25_34,edu_isced11_2,2019,9.432
lbn,sex_f,age_10yrbands_y25_34,edu_isced11_3,2019,3.594
lbn,sex_f,age_10yrbands_y25_34,edu_isced11_4,2019,1.195
lbn,sex_f,age_10yrbands_y25_34,edu_isced11_5,2019,0.499
lbn,sex_f,age_10yrbands_y25_34,edu_isced11_6,2019,3.129
lbn,sex_f,age_10yrbands_y25_34,edu_isced11_7,2019,3.414
lbn,sex_f,age_10yrbands_y25_34,edu_isced11_8,2019,0.507
lbn,sex_f,age_10yrbands_y25_34,edu_isced11_9,2019,0.83
lbn,sex_f,age_10yrbands_y25_34,edu_isced11_total,2019,61.3
lbn,sex_f,age_10yrbands_y25_34,edu_isced11_x,2019,26.294
lbn,sex_f,age_10yrbands_y35_44,edu_aggregate_adv,2019,4.78
lbn,sex_f,age_10yrbands_y35_44,edu_aggregate_bas,2019,12.533
lbn,sex_f,age_10yrbands_y35_44,edu_aggregate_int,2019,3.464
lbn,sex_f,age_10yrbands_y35_44,edu_aggregate_ltb,2019,5.714
lbn,sex_f,age_10yrbands_y35_44,edu_aggregate_total,2019,26.73
lbn,sex_f,age_10yrbands_y35_44,edu_aggregate_x,2019,0.239
lbn,sex_f,age_10yrbands_y35_44,edu_isced11_1,2019,5.237
lbn,sex_f,age_10yrbands_y35_44,edu_isced11_2,2019,7.296
lbn,sex_f,age_10yrbands_y35_44,edu_isced11_3,2019,2.766
lbn,sex_f,age_10yrbands_y35_44,edu_isced11_4,2019,0.698
lbn,sex_f,age_10yrbands_y35_44,edu_isced11_5,2019,0.618
lbn,sex_f,age_10yrbands_y35_44,edu_isced11_6,2019,2.301
lbn,sex_f,age_10yrbands_y35_44,edu_isced11_7,2019,1.618
lbn,sex_f,age_10yrbands_y35_44,edu_isced11_8,2019,0.244
lbn,sex_f,age_10yrbands_y35_44,edu_isced11_9,2019,0.239
lbn,sex_f,age_10yrbands_y35_44,edu_isced11_total,2019,26.73
lbn,sex_f,age_10yrbands_y35_44,edu_isced11_x,2019,5.714
lbn,sex_f,age_10yrbands_y45_54,edu_aggregate_adv,2019,3.164
lbn,sex_f,age_10yrbands_y45_54,edu_aggregate_bas,2019,9.467
lbn,sex_f,age_10yrbands_y45_54,edu_aggregate_int,2019,4.507
lbn,sex_f,age_10yrbands_y45_54,edu_aggregate_ltb,2019,3.214
lbn,sex_f,age_10yrbands_y45_54,edu_aggregate_total,2019,20.427
lbn,sex_f,age_10yrbands_y45_54,edu_isced11_1,2019,4.542
lbn,sex_f,age_10yrbands_y45_54,edu_isced11_2,2019,4.924
lbn,sex_f,age_10yrbands_y45_54,edu_isced11_3,2019,4.232
lbn,sex_f,age_10yrbands_y45_54,edu_isced11_4,2019,0.274
lbn,sex_f,age_10yrbands_y45_54,edu_isced11_5,2019,0.496
lbn,sex_f,age_10yrbands_y45_54,edu_isced11_6,2019,0.98
lbn,sex_f,age_10yrbands_y45_54,edu_isced11_7,2019,1.553
lbn,sex_f,age_10yrbands_y45_54,edu_isced11_8,2019,0.135
lbn,sex_f,age_10yrbands_y45_54,edu_isced11_total,2019,20.427
lbn,sex_f,age_10yrbands_y45_54,edu_isced11_x,2019,3.203
lbn,sex_f,age_10yrbands_y55_64,edu_aggregate_adv,2019,1.448
lbn,sex_f,age_10yrbands_y55_64,edu_aggregate_bas,2019,6.366
lbn,sex_f,age_10yrbands_y55_64,edu_aggregate_int,2019,1.745
lbn,sex_f,age_10yrbands_y55_64,edu_aggregate_ltb,2019,3.643
lbn,sex_f,age_10yrbands_y55_64,edu_aggregate_total,2019,13.262
lbn,sex_f,age_10yrbands_y55_64,edu_isced11_1,2019,3.324
lbn,sex_f,age_10yrbands_y55_64,edu_isced11_2,2019,3.042
lbn,sex_f,age_10yrbands_y55_64,edu_isced11_3,2019,1.6
lbn,sex_f,age_10yrbands_y55_64,edu_isced11_4,2019,0.145
lbn,sex_f,age_10yrbands_y55_64,edu_isced11_5,2019,0.274
lbn,sex_f,age_10yrbands_y55_64,edu_isced11_6,2019,0.569
lbn,sex_f,age_10yrbands_y55_64,edu_isced11_7,2019,0.393
lbn,sex_f,age_10yrbands_y55_64,edu_isced11_8,2019,0.212
lbn,sex_f,age_10yrbands_y55_64,edu_isced11_total,2019,13.262
lbn,sex_f,age_10yrbands_y55_64,edu_isced11_x,2019,3.643
lbn,sex_f,age_10yrbands_yge65,edu_aggregate_bas,2019,3.021
lbn,sex_f,age_10yrbands_yge65,edu_aggregate_int,2019,0.428
lbn,sex_f,age_10yrbands_yge65,edu_aggregate_ltb,2019,2.287
lbn,sex_f,age_10yrbands_yge65,edu_aggregate_total,2019,5.903
lbn,sex_f,age_10yrbands_yge65,edu_isced11_1,2019,1.275
lbn,sex_f,age_10yrbands_yge65,edu_isced11_2,2019,1.746
lbn,sex_f,age_10yrbands_yge65,edu_isced11_3,2019,0.421
lbn,sex_f,age_10yrbands_yge65,edu_isced11_total,2019,5.903
lbn,sex_f,age_10yrbands_yge65,edu_isced11_x,2019,2.287
lbn,sex_f,age_aggregate_total,edu_aggregate_adv,2019,22.466
lbn,sex_f,age_aggregate_total,edu_aggregate_bas,2019,72.193
lbn,sex_f,age_aggregate_total,edu_aggregate_int,2019,19.445
lbn,sex_f,age_aggregate_total,edu_aggregate_ltb,2019,73.919
lbn,sex_f,age_aggregate_total,edu_aggregate_total,2019,190.546
lbn,sex_f,age_aggregate_total,edu_aggregate_x,2019,2.522
lbn,sex_f,age_aggregate_total,edu_isced11_1,2019,37.915
lbn,sex_f,age_aggregate_total,edu_isced11_2,2019,34.278
lbn,sex_f,age_aggregate_total,edu_isced11_3,2019,16.121
lbn,sex_f,age_aggregate_total,edu_isced11_4,2019,3.324
lbn,sex_f,age_aggregate_total,edu_isced11_5,2019,4.063
lbn,sex_f,age_aggregate_total,edu_isced11_6,2019,9.056
lbn,sex_f,age_aggregate_total,edu_isced11_7,2019,8.216
lbn,sex_f,age_aggregate_total,edu_isced11_8,2019,1.131
lbn,sex_f,age_aggregate_total,edu_isced11_9,2019,2.522
lbn,sex_f,age_aggregate_total,edu_isced11_total,2019,190.546
lbn,sex_f,age_aggregate_total,edu_isced11_x,2019,73.907
lbn,sex_f,age_aggregate_y15_24,edu_aggregate_adv,2019,5.357
lbn,sex_f,age_aggregate_y15_24,edu_aggregate_bas,2019,18.969
lbn,sex_f,age_aggregate_y15_24,edu_aggregate_int,2019,4.512
lbn,sex_f,age_aggregate_y15_24,edu_aggregate_ltb,2019,32.767
lbn,sex_f,age_aggregate_y15_24,edu_aggregate_total,2019,62.923
lbn,sex_f,age_aggregate_y15_24,edu_aggregate_x,2019,1.317
lbn,sex_f,age_aggregate_y15_24,edu_isced11_1,2019,11.131
lbn,sex_f,age_aggregate_y15_24,edu_isced11_2,2019,7.838
lbn,sex_f,age_aggregate_y15_24,edu_isced11_3,2019,3.508
lbn,sex_f,age_aggregate_y15_24,edu_isced11_4,2019,1.004
lbn,sex_f,age_aggregate_y15_24,edu_isced11_5,2019,2.14
lbn,sex_f,age_aggregate_y15_24,edu_isced11_6,2019,1.947
lbn,sex_f,age_aggregate_y15_24,edu_isced11_7,2019,1.238
lbn,sex_f,age_aggregate_y15_24,edu_isced11_9,2019,1.317
lbn,sex_f,age_aggregate_y15_24,edu_isced11_total,2019,62.923
lbn,sex_f,age_aggregate_y15_24,edu_isced11_x,2019,32.767
lbn,sex_f,age_aggregate_y25_54,edu_aggregate_adv,2019,15.494
lbn,sex_f,age_aggregate_y25_54,edu_aggregate_bas,2019,43.837
lbn,sex_f,age_aggregate_y25_54,edu_aggregate_int,2019,12.761
lbn,sex_f,age_aggregate_y25_54,edu_aggregate_ltb,2019,35.221
lbn,sex_f,age_aggregate_y25_54,edu_aggregate_total,2019,108.458
lbn,sex_f,age_aggregate_y25_54,edu_aggregate_x,2019,1.145
lbn,sex_f,age_aggregate_y25_54,edu_isced11_1,2019,22.184
lbn,sex_f,age_aggregate_y25_54,edu_isced11_2,2019,21.653
lbn,sex_f,age_aggregate_y25_54,edu_isced11_3,2019,10.593
lbn,sex_f,age_aggregate_y25_54,edu_isced11_4,2019,2.168
lbn,sex_f,age_aggregate_y25_54,edu_isced11_5,2019,1.613
lbn,sex_f,age_aggregate_y25_54,edu_isced11_6,2019,6.41
lbn,sex_f,age_aggregate_y25_54,edu_isced11_7,2019,6.585
lbn,sex_f,age_aggregate_y25_54,edu_isced11_8,2019,0.886
lbn,sex_f,age_aggregate_y25_54,edu_isced11_9,2019,1.145
lbn,sex_f,age_aggregate_y25_54,edu_isced11_total,2019,108.458
lbn,sex_f,age_aggregate_y25_54,edu_isced11_x,2019,35.21
lbn,sex_f,age_aggregate_y55_64,edu_aggregate_adv,2019,1.448
lbn,sex_f,age_aggregate_y55_64,edu_aggregate_bas,2019,6.366
lbn,sex_f,age_aggregate_y55_64,edu_aggregate_int,2019,1.745
lbn,sex_f,age_aggregate_y55_64,edu_aggregate_ltb,2019,3.643
lbn,sex_f,age_aggregate_y55_64,edu_aggregate_total,2019,13.262
lbn,sex_f,age_aggregate_y55_64,edu_isced11_1,2019,3.324
lbn,sex_f,age_aggregate_y55_64,edu_isced11_2,2019,3.042
lbn,sex_f,age_aggregate_y55_64,edu_isced11_3,2019,1.6
lbn,sex_f,age_aggregate_y55_64,edu_isced11_4,2019,0.145
lbn,sex_f,age_aggregate_y55_64,edu_isced11_5,2019,0.274
lbn,sex_f,age_aggregate_y55_64,edu_isced11_6,2019,0.569
lbn,sex_f,age_aggregate_y55_64,edu_isced11_7,2019,0.393
lbn,sex_f,age_aggregate_y55_64,edu_isced11_8,2019,0.212
lbn,sex_f,age_aggregate_y55_64,edu_isced11_total,2019,13.262
lbn,sex_f,age_aggregate_y55_64,edu_isced11_x,2019,3.643
lbn,sex_f,age_aggregate_yge65,edu_aggregate_bas,2019,3.021
lbn,sex_f,age_aggregate_yge65,edu_aggregate_int,2019,0.428
lbn,sex_f,age_aggregate_yge65,edu_aggregate_ltb,2019,2.287
lbn,sex_f,age_aggregate_yge65,edu_aggregate_total,2019,5.903
lbn,sex_f,age_aggregate_yge65,edu_isced11_1,2019,1.275
lbn,sex_f,age_aggregate_yge65,edu_isced11_2,2019,1.746
lbn,sex_f,age_aggregate_yge65,edu_isced11_3,2019,0.421
lbn,sex_f,age_aggregate_yge65,edu_isced11_total,2019,5.903
lbn,sex_f,age_aggregate_yge65,edu_isced11_x,2019,2.287
lbn,sex_f,age_ythadult_y15_24,edu_aggregate_adv,2019,5.357
lbn,sex_f,age_ythadult_y15_24,edu_aggregate_bas,2019,18.969
lbn,sex_f,age_ythadult_y15_24,edu_aggregate_int,2019,4.512
lbn,sex_f,age_ythadult_y15_24,edu_aggregate_ltb,2019,32.767
lbn,sex_f,age_ythadult_y15_24,edu_aggregate_total,2019,62.923
lbn,sex_f,age_ythadult_y15_24,edu_aggregate_x,2019,1.317
lbn,sex_f,age_ythadult_y15_24,edu_isced11_1,2019,11.131
lbn,sex_f,age_ythadult_y15_24,edu_isced11_2,2019,7.838
lbn,sex_f,age_ythadult_y15_24,edu_isced11_3,2019,3.508
lbn,sex_f,age_ythadult_y15_24,edu_isced11_4,2019,1.004
lbn,sex_f,age_ythadult_y15_24,edu_isced11_5,2019,2.14
lbn,sex_f,age_ythadult_y15_24,edu_isced11_6,2019,1.947
lbn,sex_f,age_ythadult_y15_24,edu_isced11_7,2019,1.238
lbn,sex_f,age_ythadult_y15_24,edu_isced11_9,2019,1.317
lbn,sex_f,age_ythadult_y15_24,edu_isced11_total,2019,62.923
lbn,sex_f,age_ythadult_y15_24,edu_isced11_x,2019,32.767
lbn,sex_f,age_ythadult_y15_64,edu_aggregate_adv,2019,22.299
lbn,sex_f,age_ythadult_y15_64,edu_aggregate_bas,2019,69.172
lbn,sex_f,age_ythadult_y15_64,edu_aggregate_int,2019,19.018
lbn,sex_f,age_ythadult_y15_64,edu_aggregate_ltb,2019,71.632
lbn,sex_f,age_ythadult_y15_64,edu_aggregate_total,2019,184.643
lbn,sex_f,age_ythadult_y15_64,edu_aggregate_x,2019,2.522
lbn,sex_f,age_ythadult_y15_64,edu_isced11_1,2019,36.639
lbn,sex_f,age_ythadult_y15_64,edu_isced11_2,2019,32.533
lbn,sex_f,age_ythadult_y15_64,edu_isced11_3,2019,15.7
lbn,sex_f,age_ythadult_y15_64,edu_isced11_4,2019,3.317
lbn,sex_f,age_ythadult_y15_64,edu_isced11_5,2019,4.026
lbn,sex_f,age_ythadult_y15_64,edu_isced11_6,2019,8.926
lbn,sex_f,age_ythadult_y15_64,edu_isced11_7,2019,8.216
lbn,sex_f,age_ythadult_y15_64,edu_isced11_8,2019,1.131
lbn,sex_f,age_ythadult_y15_64,edu_isced11_9,2019,2.522
lbn,sex_f,age_ythadult_y15_64,edu_isced11_total,2019,184.643
lbn,sex_f,age_ythadult_y15_64,edu_isced11_x,2019,71.62
lbn,sex_f,age_ythadult_yge15,edu_aggregate_adv,2019,22.466
lbn,sex_f,age_ythadult_yge15,edu_aggregate_bas,2019,72.193
lbn,sex_f,age_ythadult_yge15,edu_aggregate_int,2019,19.445
lbn,sex_f,age_ythadult_yge15,edu_aggregate_ltb,2019,73.919
lbn,sex_f,age_ythadult_yge15,edu_aggregate_total,2019,190.546
lbn,sex_f,age_ythadult_yge15,edu_aggregate_x,2019,2.522
lbn,sex_f,age_ythadult_yge15,edu_isced11_1,2019,37.915
lbn,sex_f,age_ythadult_yge15,edu_isced11_2,2019,34.278
lbn,sex_f,age_ythadult_yge15,edu_isced11_3,2019,16.121
lbn,sex_f,age_ythadult_yge15,edu_isced11_4,2019,3.324
lbn,sex_f,age_ythadult_yge15,edu_isced11_5,2019,4.063
lbn,sex_f,age_ythadult_yge15,edu_isced11_6,2019,9.056
lbn,sex_f,age_ythadult_yge15,edu_isced11_7,2019,8.216
lbn,sex_f,age_ythadult_yge15,edu_isced11_8,2019,1.131
lbn,sex_f,age_ythadult_yge15,edu_isced11_9,2019,2.522
lbn,sex_f,age_ythadult_yge15,edu_isced11_total,2019,190.546
lbn,sex_f,age_ythadult_yge15,edu_isced11_x,2019,73.907
lbn,sex_f,age_ythadult_yge25,edu_aggregate_adv,2019,17.109
lbn,sex_f,age_ythadult_yge25,edu_aggregate_bas,2019,53.224
lbn,sex_f,age_ythadult_yge25,edu_aggregate_int,2019,14.933
lbn,sex_f,age_ythadult_yge25,edu_aggregate_ltb,2019,41.151
lbn,sex_f,age_ythadult_yge25,edu_aggregate_total,2019,127.623
lbn,sex_f,age_ythadult_yge25,edu_aggregate_x,2019,1.206
lbn,sex_f,age_ythadult_yge25,edu_isced11_1,2019,26.784
lbn,sex_f,age_ythadult_yge25,edu_isced11_2,2019,26.44
lbn,sex_f,age_ythadult_yge25,edu_isced11_3,2019,12.613
lbn,sex_f,age_ythadult_yge25,edu_isced11_4,2019,2.32
lbn,sex_f,age_ythadult_yge25,edu_isced11_5,2019,1.923
lbn,sex_f,age_ythadult_yge25,edu_isced11_6,2019,7.109
lbn,sex_f,age_ythadult_yge25,edu_isced11_7,2019,6.978
lbn,sex_f,age_ythadult_yge25,edu_isced11_8,2019,1.098
lbn,sex_f,age_ythadult_yge25,edu_isced11_9,2019,1.206
lbn,sex_f,age_ythadult_yge25,edu_isced11_total,2019,127.623
lbn,sex_f,age_ythadult_yge25,edu_isced11_x,2019,41.14
lbn,sex_m,age_10yrbands_total,edu_aggregate_adv,2019,51.141
lbn,sex_m,age_10yrbands_total,edu_aggregate_bas,2019,303.581
lbn,sex_m,age_10yrbands_total,edu_aggregate_int,2019,69.866
lbn,sex_m,age_10yrbands_total,edu_aggregate_ltb,2019,50.479
lbn,sex_m,age_10yrbands_total,edu_aggregate_total,2019,475.492
lbn,sex_m,age_10yrbands_total,edu_aggregate_x,2019,0.424
lbn,sex_m,age_10yrbands_total,edu_isced11_0,2019,0.238
lbn,sex_m,age_10yrbands_total,edu_isced11_1,2019,160.086
lbn,sex_m,age_10yrbands_total,edu_isced11_2,2019,143.495
lbn,sex_m,age_10yrbands_total,edu_isced11_3,2019,50.664
lbn,sex_m,age_10yrbands_total,edu_isced11_4,2019,19.203
lbn,sex_m,age_10yrbands_total,edu_isced11_5,2019,12.451
lbn,sex_m,age_10yrbands_total,edu_isced11_6,2019,18.402
lbn,sex_m,age_10yrbands_total,edu_isced11_7,2019,17.077
lbn,sex_m,age_10yrbands_total,edu_isced11_8,2019,3.212
lbn,sex_m,age_10yrbands_total,edu_isced11_9,2019,0.424
lbn,sex_m,age_10yrbands_total,edu_isced11_total,2019,475.492
lbn,sex_m,age_10yrbands_total,edu_isced11_x,2019,50.241
lbn,sex_m,age_10yrbands_y15_24,edu_aggregate_adv,2019,5.832
lbn,sex_m,age_10yrbands_y15_24,edu_aggregate_bas,2019,51.362
lbn,sex_m,age_10yrbands_y15_24,edu_aggregate_int,2019,10.744
lbn,sex_m,age_10yrbands_y15_24,edu_aggregate_ltb,2019,4.528
lbn,sex_m,age_10yrbands_y15_24,edu_aggregate_total,2019,72.553
lbn,sex_m,age_10yrbands_y15_24,edu_isced11_1,2019,25.84
lbn,sex_m,age_10yrbands_y15_24,edu_isced11_2,2019,25.522
lbn,sex_m,age_10yrbands_y15_24,edu_isced11_3,2019,7.277
lbn,sex_m,age_10yrbands_y15_24,edu_isced11_4,2019,3.467
lbn,sex_m,age_10yrbands_y15_24,edu_isced11_5,2019,3.133
lbn,sex_m,age_10yrbands_y15_24,edu_isced11_6,2019,1.725
lbn,sex_m,age_10yrbands_y15_24,edu_isced11_7,2019,0.912
lbn,sex_m,age_10yrbands_y15_24,edu_isced11_total,2019,72.553
lbn,sex_m,age_10yrbands_y15_24,edu_isced11_x,2019,4.528
lbn,sex_m,age_10yrbands_y25_34,edu_aggregate_adv,2019,17.204
lbn,sex_m,age_10yrbands_y25_34,edu_aggregate_bas,2019,63.147
lbn,sex_m,age_10yrbands_y25_34,edu_aggregate_int,2019,16.421
lbn,sex_m,age_10yrbands_y25_34,edu_aggregate_ltb,2019,10.494
lbn,sex_m,age_10yrbands_y25_34,edu_aggregate_total,2019,107.317
lbn,sex_m,age_10yrbands_y25_34,edu_isced11_1,2019,31.33
lbn,sex_m,age_10yrbands_y25_34,edu_isced11_2,2019,31.818
lbn,sex_m,age_10yrbands_y25_34,edu_isced11_3,2019,10.92
lbn,sex_m,age_10yrbands_y25_34,edu_isced11_4,2019,5.501
lbn,sex_m,age_10yrbands_y25_34,edu_isced11_5,2019,3.248
lbn,sex_m,age_10yrbands_y25_34,edu_isced11_6,2019,7.031
lbn,sex_m,age_10yrbands_y25_34,edu_isced11_7,2019,6.287
lbn,sex_m,age_10yrbands_y25_34,edu_isced11_8,2019,0.639
lbn,sex_m,age_10yrbands_y25_34,edu_isced11_total,2019,107.317
lbn,sex_m,age_10yrbands_y25_34,edu_isced11_x,2019,10.426
lbn,sex_m,age_10yrbands_y35_44,edu_aggregate_adv,2019,7.87
lbn,sex_m,age_10yrbands_y35_44,edu_aggregate_bas,2019,71.482
lbn,sex_m,age_10yrbands_y35_44,edu_aggregate_int,2019,12.134
lbn,sex_m,age_10yrbands_y35_44,edu_aggregate_ltb,2019,10.361
lbn,sex_m,age_10yrbands_y35_44,edu_aggregate_total,2019,101.98
lbn,sex_m,age_10yrbands_y35_44,edu_isced11_1,2019,37.382
lbn,sex_m,age_10yrbands_y35_44,edu_isced11_2,2019,34.1
lbn,sex_m,age_10yrbands_y35_44,edu_isced11_3,2019,8.213
lbn,sex_m,age_10yrbands_y35_44,edu_isced11_4,2019,3.921
lbn,sex_m,age_10yrbands_y35_44,edu_isced11_5,2019,1.148
lbn,sex_m,age_10yrbands_y35_44,edu_isced11_6,2019,2.891
lbn,sex_m,age_10yrbands_y35_44,edu_isced11_7,2019,3.296
lbn,sex_m,age_10yrbands_y35_44,edu_isced11_8,2019,0.534
lbn,sex_m,age_10yrbands_y35_44,edu_isced11_total,2019,101.98
lbn,sex_m,age_10yrbands_y35_44,edu_isced11_x,2019,10.316
lbn,sex_m,age_10yrbands_y45_54,edu_aggregate_adv,2019,9.384
lbn,sex_m,age_10yrbands_y45_54,edu_aggregate_bas,2019,59.595
lbn,sex_m,age_10yrbands_y45_54,edu_aggregate_int,2019,15.848
lbn,sex_m,age_10yrbands_y45_54,edu_aggregate_ltb,2019,10.091
lbn,sex_m,age_10yrbands_y45_54,edu_aggregate_total,2019,94.986
lbn,sex_m,age_10yrbands_y45_54,edu_isced11_1,2019,30.833
lbn,sex_m,age_10yrbands_y45_54,edu_isced11_2,2019,28.762
lbn,sex_m,age_10yrbands_y45_54,edu_isced11_3,2019,12.856
lbn,sex_m,age_10yrbands_y45_54,edu_isced11_4,2019,2.993
lbn,sex_m,age_10yrbands_y45_54,edu_isced11_5,2019,2.772
lbn,sex_m,age_10yrbands_y45_54,edu_isced11_6,2019,3.503
lbn,sex_m,age_10yrbands_y45_54,edu_isced11_7,2019,2.617
lbn,sex_m,age_10yrbands_y45_54,edu_isced11_8,2019,0.492
lbn,sex_m,age_10yrbands_y45_54,edu_isced11_total,2019,94.986
lbn,sex_m,age_10yrbands_y45_54,edu_isced11_x,2019,10.043
lbn,sex_m,age_10yrbands_y55_64,edu_aggregate_adv,2019,6.95
lbn,sex_m,age_10yrbands_y55_64,edu_aggregate_bas,2019,39.375
lbn,sex_m,age_10yrbands_y55_64,edu_aggregate_int,2019,10.095
lbn,sex_m,age_10yrbands_y55_64,edu_aggregate_ltb,2019,6.987
lbn,sex_m,age_10yrbands_y55_64,edu_aggregate_total,2019,63.492
lbn,sex_m,age_10yrbands_y55_64,edu_isced11_1,2019,22.64
lbn,sex_m,age_10yrbands_y55_64,edu_isced11_2,2019,16.734
lbn,sex_m,age_10yrbands_y55_64,edu_isced11_3,2019,7.822
lbn,sex_m,age_10yrbands_y55_64,edu_isced11_4,2019,2.272
lbn,sex_m,age_10yrbands_y55_64,edu_isced11_5,2019,1.655
lbn,sex_m,age_10yrbands_y55_64,edu_isced11_6,2019,2.302
lbn,sex_m,age_10yrbands_y55_64,edu_isced11_7,2019,2.152
lbn,sex_m,age_10yrbands_y55_64,edu_isced11_8,2019,0.841
lbn,sex_m,age_10yrbands_y55_64,edu_isced11_total,2019,63.492
lbn,sex_m,age_10yrbands_y55_64,edu_isced11_x,2019,6.931
lbn,sex_m,age_10yrbands_yge65,edu_aggregate_adv,2019,3.902
lbn,sex_m,age_10yrbands_yge65,edu_aggregate_bas,2019,18.62
lbn,sex_m,age_10yrbands_yge65,edu_aggregate_int,2019,4.624
lbn,sex_m,age_10yrbands_yge65,edu_aggregate_ltb,2019,8.018
lbn,sex_m,age_10yrbands_yge65,edu_aggregate_total,2019,35.164
lbn,sex_m,age_10yrbands_yge65,edu_isced11_1,2019,12.062
lbn,sex_m,age_10yrbands_yge65,edu_isced11_2,2019,6.558
lbn,sex_m,age_10yrbands_yge65,edu_isced11_3,2019,3.576
lbn,sex_m,age_10yrbands_yge65,edu_isced11_4,2019,1.048
lbn,sex_m,age_10yrbands_yge65,edu_isced11_5,2019,0.495
lbn,sex_m,age_10yrbands_yge65,edu_isced11_6,2019,0.95
lbn,sex_m,age_10yrbands_yge65,edu_isced11_7,2019,1.813
lbn,sex_m,age_10yrbands_yge65,edu_isced11_8,2019,0.644
lbn,sex_m,age_10yrbands_yge65,edu_isced11_total,2019,35.164
lbn,sex_m,age_10yrbands_yge65,edu_isced11_x,2019,7.996
lbn,sex_m,age_aggregate_total,edu_aggregate_adv,2019,51.141
lbn,sex_m,age_aggregate_total,edu_aggregate_bas,2019,303.581
lbn,sex_m,age_aggregate_total,edu_aggregate_int,2019,69.866
lbn,sex_m,age_aggregate_total,edu_aggregate_ltb,2019,50.479
lbn,sex_m,age_aggregate_total,edu_aggregate_total,2019,475.492
lbn,sex_m,age_aggregate_total,edu_aggregate_x,2019,0.424
lbn,sex_m,age_aggregate_total,edu_isced11_0,2019,0.238
lbn,sex_m,age_aggregate_total,edu_isced11_1,2019,160.086
lbn,sex_m,age_aggregate_total,edu_isced11_2,2019,143.495
lbn,sex_m,age_aggregate_total,edu_isced11_3,2019,50.664
lbn,sex_m,age_aggregate_total,edu_isced11_4,2019,19.203
lbn,sex_m,age_aggregate_total,edu_isced11_5,2019,12.451
lbn,sex_m,age_aggregate_total,edu_isced11_6,2019,18.402
lbn,sex_m,age_aggregate_total,edu_isced11_7,2019,17.077
lbn,sex_m,age_aggregate_total,edu_isced11_8,2019,3.212
lbn,sex_m,age_aggregate_total,edu_isced11_9,2019,0.424
lbn,sex_m,age_aggregate_total,edu_isced11_total,2019,475.492
lbn,sex_m,age_aggregate_total,edu_isced11_x,2019,50.241
lbn,sex_m,age_aggregate_y15_24,edu_aggregate_adv,2019,5.832
lbn,sex_m,age_aggregate_y15_24,edu_aggregate_bas,2019,51.362
lbn,sex_m,age_aggregate_y15_24,edu_aggregate_int,2019,10.744
lbn,sex_m,age_aggregate_y15_24,edu_aggregate_ltb,2019,4.528
lbn,sex_m,age_aggregate_y15_24,edu_aggregate_total,2019,72.553
lbn,sex_m,age_aggregate_y15_24,edu_isced11_1,2019,25.84
lbn,sex_m,age_aggregate_y15_24,edu_isced11_2,2019,25.522
lbn,sex_m,age_aggregate_y15_24,edu_isced11_3,2019,7.277
lbn,sex_m,age_aggregate_y15_24,edu_isced11_4,2019,3.467
lbn,sex_m,age_aggregate_y15_24,edu_isced11_5,2019,3.133
lbn,sex_m,age_aggregate_y15_24,edu_isced11_6,2019,1.725
lbn,sex_m,age_aggregate_y15_24,edu_isced11_7,2019,0.912
lbn,sex_m,age_aggregate_y15_24,edu_isced11_total,2019,72.553
lbn,sex_m,age_aggregate_y15_24,edu_isced11_x,2019,4.528
lbn,sex_m,age_aggregate_y25_54,edu_aggregate_adv,2019,34.458
lbn,sex_m,age_aggregate_y25_54,edu_aggregate_bas,2019,194.224
lbn,sex_m,age_aggregate_y25_54,edu_aggregate_int,2019,44.404
lbn,sex_m,age_aggregate_y25_54,edu_aggregate_ltb,2019,30.946
lbn,sex_m,age_aggregate_y25_54,edu_aggregate_total,2019,304.283
lbn,sex_m,age_aggregate_y25_54,edu_aggregate_x,2019,0.25
lbn,sex_m,age_aggregate_y25_54,edu_isced11_0,2019,0.161
lbn,sex_m,age_aggregate_y25_54,edu_isced11_1,2019,99.544
lbn,sex_m,age_aggregate_y25_54,edu_isced11_2,2019,94.68
lbn,sex_m,age_aggregate_y25_54,edu_isced11_3,2019,31.989
lbn,sex_m,age_aggregate_y25_54,edu_isced11_4,2019,12.415
lbn,sex_m,age_aggregate_y25_54,edu_isced11_5,2019,7.168
lbn,sex_m,age_aggregate_y25_54,edu_isced11_6,2019,13.425
lbn,sex_m,age_aggregate_y25_54,edu_isced11_7,2019,12.2
lbn,sex_m,age_aggregate_y25_54,edu_isced11_8,2019,1.665
lbn,sex_m,age_aggregate_y25_54,edu_isced11_9,2019,0.25
lbn,sex_m,age_aggregate_y25_54,edu_isced11_total,2019,304.283
lbn,sex_m,age_aggregate_y25_54,edu_isced11_x,2019,30.785
lbn,sex_m,age_aggregate_y55_64,edu_aggregate_adv,2019,6.95
lbn,sex_m,age_aggregate_y55_64,edu_aggregate_bas,2019,39.375
lbn,sex_m,age_aggregate_y55_64,edu_aggregate_int,2019,10.095
lbn,sex_m,age_aggregate_y55_64,edu_aggregate_ltb,2019,6.987
lbn,sex_m,age_aggregate_y55_64,edu_aggregate_total,2019,63.492
lbn,sex_m,age_aggregate_y55_64,edu_isced11_1,2019,22.64
lbn,sex_m,age_aggregate_y55_64,edu_isced11_2,2019,16.734
lbn,sex_m,age_aggregate_y55_64,edu_isced11_3,2019,7.822
lbn,sex_m,age_aggregate_y55_64,edu_isced11_4,2019,2.272
lbn,sex_m,age_aggregate_y55_64,edu_isced11_5,2019,1.655
lbn,sex_m,age_aggregate_y55_64,edu_isced11_6,2019,2.302
lbn,sex_m,age_aggregate_y55_64,edu_isced11_7,2019,2.152
lbn,sex_m,age_aggregate_y55_64,edu_isced11_8,2019,0.841
lbn,sex_m,age_aggregate_y55_64,edu_isced11_total,2019,63.492
lbn,sex_m,age_aggregate_y55_64,edu_isced11_x,2019,6.931
lbn,sex_m,age_aggregate_yge65,edu_aggregate_adv,2019,3.902
lbn,sex_m,age_aggregate_yge65,edu_aggregate_bas,2019,18.62
lbn,sex_m,age_aggregate_yge65,edu_aggregate_int,2019,4.624
lbn,sex_m,age_aggregate_yge65,edu_aggregate_ltb,2019,8.018
lbn,sex_m,age_aggregate_yge65,edu_aggregate_total,2019,35.164
lbn,sex_m,age_aggregate_yge65,edu_isced11_1,2019,12.062
lbn,sex_m,age_aggregate_yge65,edu_isced11_2,2019,6.558
lbn,sex_m,age_aggregate_yge65,edu_isced11_3,2019,3.576
lbn,sex_m,age_aggregate_yge65,edu_isced11_4,2019,1.048
lbn,sex_m,age_aggregate_yge65,edu_isced11_5,2019,0.495
lbn,sex_m,age_aggregate_yge65,edu_isced11_6,2019,0.95
lbn,sex_m,age_aggregate_yge65,edu_isced11_7,2019,1.813
lbn,sex_m,age_aggregate_yge65,edu_isced11_8,2019,0.644
lbn,sex_m,age_aggregate_yge65,edu_isced11_total,2019,35.164
lbn,sex_m,age_aggregate_yge65,edu_isced11_x,2019,7.996
lbn,sex_m,age_ythadult_y15_24,edu_aggregate_adv,2019,5.832
lbn,sex_m,age_ythadult_y15_24,edu_aggregate_bas,2019,51.362
lbn,sex_m,age_ythadult_y15_24,edu_aggregate_int,2019,10.744
lbn,sex_m,age_ythadult_y15_24,edu_aggregate_ltb,2019,4.528
lbn,sex_m,age_ythadult_y15_24,edu_aggregate_total,2019,72.553
lbn,sex_m,age_ythadult_y15_24,edu_isced11_1,2019,25.84
lbn,sex_m,age_ythadult_y15_24,edu_isced11_2,2019,25.522
lbn,sex_m,age_ythadult_y15_24,edu_isced11_3,2019,7.277
lbn,sex_m,age_ythadult_y15_24,edu_isced11_4,2019,3.467
lbn,sex_m,age_ythadult_y15_24,edu_isced11_5,2019,3.133
lbn,sex_m,age_ythadult_y15_24,edu_isced11_6,2019,1.725
lbn,sex_m,age_ythadult_y15_24,edu_isced11_7,2019,0.912
lbn,sex_m,age_ythadult_y15_24,edu_isced11_total,2019,72.553
lbn,sex_m,age_ythadult_y15_24,edu_isced11_x,2019,4.528
lbn,sex_m,age_ythadult_y15_64,edu_aggregate_adv,2019,47.24
lbn,sex_m,age_ythadult_y15_64,edu_aggregate_bas,2019,284.961
lbn,sex_m,age_ythadult_y15_64,edu_aggregate_int,2019,65.242
lbn,sex_m,age_ythadult_y15_64,edu_aggregate_ltb,2019,42.461
lbn,sex_m,age_ythadult_y15_64,edu_aggregate_total,2019,440.328
lbn,sex_m,age_ythadult_y15_64,edu_aggregate_x,2019,0.424
lbn,sex_m,age_ythadult_y15_64,edu_isced11_1,2019,148.024
lbn,sex_m,age_ythadult_y15_64,edu_isced11_2,2019,136.937
lbn,sex_m,age_ythadult_y15_64,edu_isced11_3,2019,47.088
lbn,sex_m,age_ythadult_y15_64,edu_isced11_4,2019,18.154
lbn,sex_m,age_ythadult_y15_64,edu_isced11_5,2019,11.956
lbn,sex_m,age_ythadult_y15_64,edu_isced11_6,2019,17.452
lbn,sex_m,age_ythadult_y15_64,edu_isced11_7,2019,15.264
lbn,sex_m,age_ythadult_y15_64,edu_isced11_8,2019,2.568
lbn,sex_m,age_ythadult_y15_64,edu_isced11_9,2019,0.424
lbn,sex_m,age_ythadult_y15_64,edu_isced11_total,2019,440.328
lbn,sex_m,age_ythadult_y15_64,edu_isced11_x,2019,42.245
lbn,sex_m,age_ythadult_yge15,edu_aggregate_adv,2019,51.141
lbn,sex_m,age_ythadult_yge15,edu_aggregate_bas,2019,303.581
lbn,sex_m,age_ythadult_yge15,edu_aggregate_int,2019,69.866
lbn,sex_m,age_ythadult_yge15,edu_aggregate_ltb,2019,50.479
lbn,sex_m,age_ythadult_yge15,edu_aggregate_total,2019,475.492
lbn,sex_m,age_ythadult_yge15,edu_aggregate_x,2019,0.424
lbn,sex_m,age_ythadult_yge15,edu_isced11_0,2019,0.238
lbn,sex_m,age_ythadult_yge15,edu_isced11_1,2019,160.086
lbn,sex_m,age_ythadult_yge15,edu_isced11_2,2019,143.495
lbn,sex_m,age_ythadult_yge15,edu_isced11_3,2019,50.664
lbn,sex_m,age_ythadult_yge15,edu_isced11_4,2019,19.203
lbn,sex_m,age_ythadult_yge15,edu_isced11_5,2019,12.451
lbn,sex_m,age_ythadult_yge15,edu_isced11_6,2019,18.402
lbn,sex_m,age_ythadult_yge15,edu_isced11_7,2019,17.077
lbn,sex_m,age_ythadult_yge15,edu_isced11_8,2019,3.212
lbn,sex_m,age_ythadult_yge15,edu_isced11_9,2019,0.424
lbn,sex_m,age_ythadult_yge15,edu_isced11_total,2019,475.492
lbn,sex_m,age_ythadult_yge15,edu_isced11_x,2019,50.241
lbn,sex_m,age_ythadult_yge25,edu_aggregate_adv,2019,45.31
lbn,sex_m,age_ythadult_yge25,edu_aggregate_bas,2019,252.22
lbn,sex_m,age_ythadult_yge25,edu_aggregate_int,2019,59.122
lbn,sex_m,age_ythadult_yge25,edu_aggregate_ltb,2019,45.951
lbn,sex_m,age_ythadult_yge25,edu_aggregate_total,2019,402.939
lbn,sex_m,age_ythadult_yge25,edu_aggregate_x,2019,0.336
lbn,sex_m,age_ythadult_yge25,edu_isced11_0,2019,0.238
lbn,sex_m,age_ythadult_yge25,edu_isced11_1,2019,134.247
lbn,sex_m,age_ythadult_yge25,edu_isced11_2,2019,117.973
lbn,sex_m,age_ythadult_yge25,edu_isced11_3,2019,43.387
lbn,sex_m,age_ythadult_yge25,edu_isced11_4,2019,15.736
lbn,sex_m,age_ythadult_yge25,edu_isced11_5,2019,9.318
lbn,sex_m,age_ythadult_yge25,edu_isced11_6,2019,16.677
lbn,sex_m,age_ythadult_yge25,edu_isced11_7,2019,16.165
lbn,sex_m,age_ythadult_yge25,edu_isced11_8,2019,3.15
lbn,sex_m,age_ythadult_yge25,edu_isced11_9,2019,0.336
lbn,sex_m,age_ythadult_yge25,edu_isced11_total,2019,402.939
lbn,sex_m,age_ythadult_yge25,edu_isced11_x,2019,45.713
lbn,sex_t,age_10yrbands_total,edu_aggregate_adv,2019,73.608
lbn,sex_t,age_10yrbands_total,edu_aggregate_bas,2019,375.775
lbn,sex_t,age_10yrbands_total,edu_aggregate_int,2019,89.311
lbn,sex_t,age_10yrbands_total,edu_aggregate_ltb,2019,124.398
lbn,sex_t,age_10yrbands_total,edu_aggregate_total,2019,666.038
lbn,sex_t,age_10yrbands_total,edu_aggregate_x,2019,2.946
lbn,sex_t,age_10yrbands_total,edu_isced11_0,2019,0.25
lbn,sex_t,age_10yrbands_total,edu_isced11_1,2019,198.001
lbn,sex_t,age_10yrbands_total,edu_isced11_2,2019,177.774
lbn,sex_t,age_10yrbands_total,edu_isced11_3,2019,66.784
lbn,sex_t,age_10yrbands_total,edu_isced11_4,2019,22.527
lbn,sex_t,age_10yrbands_total,edu_isced11_5,2019,16.514
lbn,sex_t,age_10yrbands_total,edu_isced11_6,2019,27.458
lbn,sex_t,age_10yrbands_total,edu_isced11_7,2019,25.293
lbn,sex_t,age_10yrbands_total,edu_isced11_8,2019,4.343
lbn,sex_t,age_10yrbands_total,edu_isced11_9,2019,2.946
lbn,sex_t,age_10yrbands_total,edu_isced11_total,2019,666.038
lbn,sex_t,age_10yrbands_total,edu_isced11_x,2019,124.148
lbn,sex_t,age_10yrbands_y15_24,edu_aggregate_adv,2019,11.189
lbn,sex_t,age_10yrbands_y15_24,edu_aggregate_bas,2019,70.331
lbn,sex_t,age_10yrbands_y15_24,edu_aggregate_int,2019,15.256
lbn,sex_t,age_10yrbands_y15_24,edu_aggregate_ltb,2019,37.295
lbn,sex_t,age_10yrbands_y15_24,edu_aggregate_total,2019,135.476
lbn,sex_t,age_10yrbands_y15_24,edu_aggregate_x,2019,1.404
lbn,sex_t,age_10yrbands_y15_24,edu_isced11_1,2019,36.971
lbn,sex_t,age_10yrbands_y15_24,edu_isced11_2,2019,33.361
lbn,sex_t,age_10yrbands_y15_24,edu_isced11_3,2019,10.785
lbn,sex_t,age_10yrbands_y15_24,edu_isced11_4,2019,4.471
lbn,sex_t,age_10yrbands_y15_24,edu_isced11_5,2019,5.273
lbn,sex_t,age_10yrbands_y15_24,edu_isced11_6,2019,3.672
lbn,sex_t,age_10yrbands_y15_24,edu_isced11_7,2019,2.15
lbn,sex_t,age_10yrbands_y15_24,edu_isced11_9,2019,1.404
lbn,sex_t,age_10yrbands_y15_24,edu_isced11_total,2019,135.476
lbn,sex_t,age_10yrbands_y15_24,edu_isced11_x,2019,37.295
lbn,sex_t,age_10yrbands_y25_34,edu_aggregate_adv,2019,24.754
lbn,sex_t,age_10yrbands_y25_34,edu_aggregate_bas,2019,84.985
lbn,sex_t,age_10yrbands_y25_34,edu_aggregate_int,2019,21.21
lbn,sex_t,age_10yrbands_y25_34,edu_aggregate_ltb,2019,36.788
lbn,sex_t,age_10yrbands_y25_34,edu_aggregate_total,2019,168.617
lbn,sex_t,age_10yrbands_y25_34,edu_aggregate_x,2019,0.881
lbn,sex_t,age_10yrbands_y25_34,edu_isced11_1,2019,43.735
lbn,sex_t,age_10yrbands_y25_34,edu_isced11_2,2019,41.25
lbn,sex_t,age_10yrbands_y25_34,edu_isced11_3,2019,14.514
lbn,sex_t,age_10yrbands_y25_34,edu_isced11_4,2019,6.697
lbn,sex_t,age_10yrbands_y25_34,edu_isced11_5,2019,3.746
lbn,sex_t,age_10yrbands_y25_34,edu_isced11_6,2019,10.16
lbn,sex_t,age_10yrbands_y25_34,edu_isced11_7,2019,9.701
lbn,sex_t,age_10yrbands_y25_34,edu_isced11_8,2019,1.146
lbn,sex_t,age_10yrbands_y25_34,edu_isced11_9,2019,0.881
lbn,sex_t,age_10yrbands_y25_34,edu_isced11_total,2019,168.617
lbn,sex_t,age_10yrbands_y25_34,edu_isced11_x,2019,36.72
lbn,sex_t,age_10yrbands_y35_44,edu_aggregate_adv,2019,12.65
lbn,sex_t,age_10yrbands_y35_44,edu_aggregate_bas,2019,84.014
lbn,sex_t,age_10yrbands_y35_44,edu_aggregate_int,2019,15.598
lbn,sex_t,age_10yrbands_y35_44,edu_aggregate_ltb,2019,16.075
lbn,sex_t,age_10yrbands_y35_44,edu_aggregate_total,2019,128.71
lbn,sex_t,age_10yrbands_y35_44,edu_aggregate_x,2019,0.372
lbn,sex_t,age_10yrbands_y35_44,edu_isced11_1,2019,42.618
lbn,sex_t,age_10yrbands_y35_44,edu_isced11_2,2019,41.396
lbn,sex_t,age_10yrbands_y35_44,edu_isced11_3,2019,10.979
lbn,sex_t,age_10yrbands_y35_44,edu_isced11_4,2019,4.619
lbn,sex_t,age_10yrbands_y35_44,edu_isced11_5,2019,1.766
lbn,sex_t,age_10yrbands_y35_44,edu_isced11_6,2019,5.192
lbn,sex_t,age_10yrbands_y35_44,edu_isced11_7,2019,4.914
lbn,sex_t,age_10yrbands_y35_44,edu_isced11_8,2019,0.778
lbn,sex_t,age_10yrbands_y35_44,edu_isced11_9,2019,0.372
lbn,sex_t,age_10yrbands_y35_44,edu_isced11_total,2019,128.71
lbn,sex_t,age_10yrbands_y35_44,edu_isced11_x,2019,16.03
lbn,sex_t,age_10yrbands_y45_54,edu_aggregate_adv,2019,12.548
lbn,sex_t,age_10yrbands_y45_54,edu_aggregate_bas,2019,69.062
lbn,sex_t,age_10yrbands_y45_54,edu_aggregate_int,2019,20.355
lbn,sex_t,age_10yrbands_y45_54,edu_aggregate_ltb,2019,13.305
lbn,sex_t,age_10yrbands_y45_54,edu_aggregate_total,2019,115.413
lbn,sex_t,age_10yrbands_y45_54,edu_aggregate_x,2019,0.143
lbn,sex_t,age_10yrbands_y45_54,edu_isced11_1,2019,35.375
lbn,sex_t,age_10yrbands_y45_54,edu_isced11_2,2019,33.687
lbn,sex_t,age_10yrbands_y45_54,edu_isced11_3,2019,17.088
lbn,sex_t,age_10yrbands_y45_54,edu_isced11_4,2019,3.267
lbn,sex_t,age_10yrbands_y45_54,edu_isced11_5,2019,3.268
lbn,sex_t,age_10yrbands_y45_54,edu_isced11_6,2019,4.482
lbn,sex_t,age_10yrbands_y45_54,edu_isced11_7,2019,4.17
lbn,sex_t,age_10yrbands_y45_54,edu_isced11_8,2019,0.627
lbn,sex_t,age_10yrbands_y45_54,edu_isced11_9,2019,0.143
lbn,sex_t,age_10yrbands_y45_54,edu_isced11_total,2019,115.413
lbn,sex_t,age_10yrbands_y45_54,edu_isced11_x,2019,13.245
lbn,sex_t,age_10yrbands_y55_64,edu_aggregate_adv,2019,8.398
lbn,sex_t,age_10yrbands_y55_64,edu_aggregate_bas,2019,45.741
lbn,sex_t,age_10yrbands_y55_64,edu_aggregate_int,2019,11.839
lbn,sex_t,age_10yrbands_y55_64,edu_aggregate_ltb,2019,10.629
lbn,sex_t,age_10yrbands_y55_64,edu_aggregate_total,2019,76.754
lbn,sex_t,age_10yrbands_y55_64,edu_aggregate_x,2019,0.146
lbn,sex_t,age_10yrbands_y55_64,edu_isced11_1,2019,25.965
lbn,sex_t,age_10yrbands_y55_64,edu_isced11_2,2019,19.776
lbn,sex_t,age_10yrbands_y55_64,edu_isced11_3,2019,9.422
lbn,sex_t,age_10yrbands_y55_64,edu_isced11_4,2019,2.417
lbn,sex_t,age_10yrbands_y55_64,edu_isced11_5,2019,1.929
lbn,sex_t,age_10yrbands_y55_64,edu_isced11_6,2019,2.872
lbn,sex_t,age_10yrbands_y55_64,edu_isced11_7,2019,2.545
lbn,sex_t,age_10yrbands_y55_64,edu_isced11_8,2019,1.054
lbn,sex_t,age_10yrbands_y55_64,edu_isced11_9,2019,0.146
lbn,sex_t,age_10yrbands_y55_64,edu_isced11_total,2019,76.754
lbn,sex_t,age_10yrbands_y55_64,edu_isced11_x,2019,10.574
lbn,sex_t,age_10yrbands_yge65,edu_aggregate_adv,2019,4.069
lbn,sex_t,age_10yrbands_yge65,edu_aggregate_bas,2019,21.641
lbn,sex_t,age_10yrbands_yge65,edu_aggregate_int,2019,5.052
lbn,sex_t,age_10yrbands_yge65,edu_aggregate_ltb,2019,10.306
lbn,sex_t,age_10yrbands_yge65,edu_aggregate_total,2019,41.067
lbn,sex_t,age_10yrbands_yge65,edu_isced11_1,2019,13.337
lbn,sex_t,age_10yrbands_yge65,edu_isced11_2,2019,8.304
lbn,sex_t,age_10yrbands_yge65,edu_isced11_3,2019,3.996
lbn,sex_t,age_10yrbands_yge65,edu_isced11_4,2019,1.055
lbn,sex_t,age_10yrbands_yge65,edu_isced11_5,2019,0.532
lbn,sex_t,age_10yrbands_yge65,edu_isced11_6,2019,1.081
lbn,sex_t,age_10yrbands_yge65,edu_isced11_7,2019,1.813
lbn,sex_t,age_10yrbands_yge65,edu_isced11_8,2019,0.644
lbn,sex_t,age_10yrbands_yge65,edu_isced11_total,2019,41.067
lbn,sex_t,age_10yrbands_yge65,edu_isced11_x,2019,10.283
lbn,sex_t,age_aggregate_total,edu_aggregate_adv,2019,73.608
lbn,sex_t,age_aggregate_total,edu_aggregate_bas,2019,375.775
lbn,sex_t,age_aggregate_total,edu_aggregate_int,2019,89.311
lbn,sex_t,age_aggregate_total,edu_aggregate_ltb,2019,124.398
lbn,sex_t,age_aggregate_total,edu_aggregate_total,2019,666.038
lbn,sex_t,age_aggregate_total,edu_aggregate_x,2019,2.946
lbn,sex_t,age_aggregate_total,edu_isced11_0,2019,0.25
lbn,sex_t,age_aggregate_total,edu_isced11_1,2019,198.001
lbn,sex_t,age_aggregate_total,edu_isced11_2,2019,177.774
lbn,sex_t,age_aggregate_total,edu_isced11_3,2019,66.784
lbn,sex_t,age_aggregate_total,edu_isced11_4,2019,22.527
lbn,sex_t,age_aggregate_total,edu_isced11_5,2019,16.514
lbn,sex_t,age_aggregate_total,edu_isced11_6,2019,27.458
lbn,sex_t,age_aggregate_total,edu_isced11_7,2019,25.293
lbn,sex_t,age_aggregate_total,edu_isced11_8,2019,4.343
lbn,sex_t,age_aggregate_total,edu_isced11_9,2019,2.946
lbn,sex_t,age_aggregate_total,edu_isced11_total,2019,666.038
lbn,sex_t,age_aggregate_total,edu_isced11_x,2019,124.148
lbn,sex_t,age_aggregate_y15_24,edu_aggregate_adv,2019,11.189
lbn,sex_t,age_aggregate_y15_24,edu_aggregate_bas,2019,70.331
lbn,sex_t,age_aggregate_y15_24,edu_aggregate_int,2019,15.256
lbn,sex_t,age_aggregate_y15_24,edu_aggregate_ltb,2019,37.295
lbn,sex_t,age_aggregate_y15_24,edu_aggregate_total,2019,135.476
lbn,sex_t,age_aggregate_y15_24,edu_aggregate_x,2019,1.404
lbn,sex_t,age_aggregate_y15_24,edu_isced11_1,2019,36.971
lbn,sex_t,age_aggregate_y15_24,edu_isced11_2,2019,33.361
lbn,sex_t,age_aggregate_y15_24,edu_isced11_3,2019,10.785
lbn,sex_t,age_aggregate_y15_24,edu_isced11_4,2019,4.471
lbn,sex_t,age_aggregate_y15_24,edu_isced11_5,2019,5.273
lbn,sex_t,age_aggregate_y15_24,edu_isced11_6,2019,3.672
lbn,sex_t,age_aggregate_y15_24,edu_isced11_7,2019,2.15
lbn,sex_t,age_aggregate_y15_24,edu_isced11_9,2019,1.404
lbn,sex_t,age_aggregate_y15_24,edu_isced11_total,2019,135.476
lbn,sex_t,age_aggregate_y15_24,edu_isced11_x,2019,37.295
lbn,sex_t,age_aggregate_y25_54,edu_aggregate_adv,2019,49.952
lbn,sex_t,age_aggregate_y25_54,edu_aggregate_bas,2019,238.061
lbn,sex_t,age_aggregate_y25_54,edu_aggregate_int,2019,57.164
lbn,sex_t,age_aggregate_y25_54,edu_aggregate_ltb,2019,66.168
lbn,sex_t,age_aggregate_y25_54,edu_aggregate_total,2019,412.741
lbn,sex_t,age_aggregate_y25_54,edu_aggregate_x,2019,1.396
lbn,sex_t,age_aggregate_y25_54,edu_isced11_0,2019,0.173
lbn,sex_t,age_aggregate_y25_54,edu_isced11_1,2019,121.728
lbn,sex_t,age_aggregate_y25_54,edu_isced11_2,2019,116.333
lbn,sex_t,age_aggregate_y25_54,edu_isced11_3,2019,42.581
lbn,sex_t,age_aggregate_y25_54,edu_isced11_4,2019,14.583
lbn,sex_t,age_aggregate_y25_54,edu_isced11_5,2019,8.781
lbn,sex_t,age_aggregate_y25_54,edu_isced11_6,2019,19.834
lbn,sex_t,age_aggregate_y25_54,edu_isced11_7,2019,18.786
lbn,sex_t,age_aggregate_y25_54,edu_isced11_8,2019,2.551
lbn,sex_t,age_aggregate_y25_54,edu_isced11_9,2019,1.396
lbn,sex_t,age_aggregate_y25_54,edu_isced11_total,2019,412.741
lbn,sex_t,age_aggregate_y25_54,edu_isced11_x,2019,65.995
lbn,sex_t,age_aggregate_y55_64,edu_aggregate_adv,2019,8.398
lbn,sex_t,age_aggregate_y55_64,edu_aggregate_bas,2019,45.741
lbn,sex_t,age_aggregate_y55_64,edu_aggregate_int,2019,11.839
lbn,sex_t,age_aggregate_y55_64,edu_aggregate_ltb,2019,10.629
lbn,sex_t,age_aggregate_y55_64,edu_aggregate_total,2019,76.754
lbn,sex_t,age_aggregate_y55_64,edu_aggregate_x,2019,0.146
lbn,sex_t,age_aggregate_y55_64,edu_isced11_1,2019,25.965
lbn,sex_t,age_aggregate_y55_64,edu_isced11_2,2019,19.776
lbn,sex_t,age_aggregate_y55_64,edu_isced11_3,2019,9.422
lbn,sex_t,age_aggregate_y55_64,edu_isced11_4,2019,2.417
lbn,sex_t,age_aggregate_y55_64,edu_isced11_5,2019,1.929
lbn,sex_t,age_aggregate_y55_64,edu_isced11_6,2019,2.872
lbn,sex_t,age_aggregate_y55_64,edu_isced11_7,2019,2.545
lbn,sex_t,age_aggregate_y55_64,edu_isced11_8,2019,1.054
lbn,sex_t,age_aggregate_y55_64,edu_isced11_9,2019,0.146
lbn,sex_t,age_aggregate_y55_64,edu_isced11_total,2019,76.754
lbn,sex_t,age_aggregate_y55_64,edu_isced11_x,2019,10.574
lbn,sex_t,age_aggregate_yge65,edu_aggregate_adv,2019,4.069
lbn,sex_t,age_aggregate_yge65,edu_aggregate_bas,2019,21.641
lbn,sex_t,age_aggregate_yge65,edu_aggregate_int,2019,5.052
lbn,sex_t,age_aggregate_yge65,edu_aggregate_ltb,2019,10.306
lbn,sex_t,age_aggregate_yge65,edu_aggregate_total,2019,41.067
lbn,sex_t,age_aggregate_yge65,edu_isced11_1,2019,13.337
lbn,sex_t,age_aggregate_yge65,edu_isced11_2,2019,8.304
lbn,sex_t,age_aggregate_yge65,edu_isced11_3,2019,3.996
lbn,sex_t,age_aggregate_yge65,edu_isced11_4,2019,1.055
lbn,sex_t,age_aggregate_yge65,edu_isced11_5,2019,0.532
lbn,sex_t,age_aggregate_yge65,edu_isced11_6,2019,1.081
lbn,sex_t,age_aggregate_yge65,edu_isced11_7,2019,1.813
lbn,sex_t,age_aggregate_yge65,edu_isced11_8,2019,0.644
lbn,sex_t,age_aggregate_yge65,edu_isced11_total,2019,41.067
lbn,sex_t,age_aggregate_yge65,edu_isced11_x,2019,10.283
lbn,sex_t,age_ythadult_y15_24,edu_aggregate_adv,2019,11.189
lbn,sex_t,age_ythadult_y15_24,edu_aggregate_bas,2019,70.331
lbn,sex_t,age_ythadult_y15_24,edu_aggregate_int,2019,15.256
lbn,sex_t,age_ythadult_y15_24,edu_aggregate_ltb,2019,37.295
lbn,sex_t,age_ythadult_y15_24,edu_aggregate_total,2019,135.476
lbn,sex_t,age_ythadult_y15_24,edu_aggregate_x,2019,1.404
lbn,sex_t,age_ythadult_y15_24,edu_isced11_1,2019,36.971
lbn,sex_t,age_ythadult_y15_24,edu_isced11_2,2019,33.361
lbn,sex_t,age_ythadult_y15_24,edu_isced11_3,2019,10.785
lbn,sex_t,age_ythadult_y15_24,edu_isced11_4,2019,4.471
lbn,sex_t,age_ythadult_y15_24,edu_isced11_5,2019,5.273
lbn,sex_t,age_ythadult_y15_24,edu_isced11_6,2019,3.672
lbn,sex_t,age_ythadult_y15_24,edu_isced11_7,2019,2.15
lbn,sex_t,age_ythadult_y15_24,edu_isced11_9,2019,1.404
lbn,sex_t,age_ythadult_y15_24,edu_isced11_total,2019,135.476
lbn,sex_t,age_ythadult_y15_24,edu_isced11_x,2019,37.295
lbn,sex_t,age_ythadult_y15_64,edu_aggregate_adv,2019,69.539
lbn,sex_t,age_ythadult_y15_64,edu_aggregate_bas,2019,354.133
lbn,sex_t,age_ythadult_y15_64,edu_aggregate_int,2019,84.26
lbn,sex_t,age_ythadult_y15_64,edu_aggregate_ltb,2019,114.092
lbn,sex_t,age_ythadult_y15_64,edu_aggregate_total,2019,624.971
lbn,sex_t,age_ythadult_y15_64,edu_aggregate_x,2019,2.946
lbn,sex_t,age_ythadult_y15_64,edu_isced11_1,2019,184.664
lbn,sex_t,age_ythadult_y15_64,edu_isced11_2,2019,169.47
lbn,sex_t,age_ythadult_y15_64,edu_isced11_3,2019,62.788
lbn,sex_t,age_ythadult_y15_64,edu_isced11_4,2019,21.472
lbn,sex_t,age_ythadult_y15_64,edu_isced11_5,2019,15.982
lbn,sex_t,age_ythadult_y15_64,edu_isced11_6,2019,26.378
lbn,sex_t,age_ythadult_y15_64,edu_isced11_7,2019,23.48
lbn,sex_t,age_ythadult_y15_64,edu_isced11_8,2019,3.699
lbn,sex_t,age_ythadult_y15_64,edu_isced11_9,2019,2.946
lbn,sex_t,age_ythadult_y15_64,edu_isced11_total,2019,624.971
lbn,sex_t,age_ythadult_y15_64,edu_isced11_x,2019,113.865
lbn,sex_t,age_ythadult_yge15,edu_aggregate_adv,2019,73.608
lbn,sex_t,age_ythadult_yge15,edu_aggregate_bas,2019,375.775
lbn,sex_t,age_ythadult_yge15,edu_aggregate_int,2019,89.311
lbn,sex_t,age_ythadult_yge15,edu_aggregate_ltb,2019,124.398
lbn,sex_t,age_ythadult_yge15,edu_aggregate_total,2019,666.038
lbn,sex_t,age_ythadult_yge15,edu_aggregate_x,2019,2.946
lbn,sex_t,age_ythadult_yge15,edu_isced11_0,2019,0.25
lbn,sex_t,age_ythadult_yge15,edu_isced11_1,2019,198.001
lbn,sex_t,age_ythadult_yge15,edu_isced11_2,2019,177.774
lbn,sex_t,age_ythadult_yge15,edu_isced11_3,2019,66.784
lbn,sex_t,age_ythadult_yge15,edu_isced11_4,2019,22.527
lbn,sex_t,age_ythadult_yge15,edu_isced11_5,2019,16.514
lbn,sex_t,age_ythadult_yge15,edu_isced11_6,2019,27.458
lbn,sex_t,age_ythadult_yge15,edu_isced11_7,2019,25.293
lbn,sex_t,age_ythadult_yge15,edu_isced11_8,2019,4.343
lbn,sex_t,age_ythadult_yge15,edu_isced11_9,2019,2.946
lbn,sex_t,age_ythadult_yge15,edu_isced11_total,2019,666.038
lbn,sex_t,age_ythadult_yge15,edu_isced11_x,2019,124.148
lbn,sex_t,age_ythadult_yge25,edu_aggregate_adv,2019,62.419
lbn,sex_t,age_ythadult_yge25,edu_aggregate_bas,2019,305.443
lbn,sex_t,age_ythadult_yge25,edu_aggregate_int,2019,74.055
lbn,sex_t,age_ythadult_yge25,edu_aggregate_ltb,2019,87.103
lbn,sex_t,age_ythadult_yge25,edu_aggregate_total,2019,530.562
lbn,sex_t,age_ythadult_yge25,edu_aggregate_x,2019,1.542
lbn,sex_t,age_ythadult_yge25,edu_isced11_0,2019,0.25
lbn,sex_t,age_ythadult_yge25,edu_isced11_1,2019,161.03
lbn,sex_t,age_ythadult_yge25,edu_isced11_2,2019,144.413
lbn,sex_t,age_ythadult_yge25,edu_isced11_3,2019,56
lbn,sex_t,age_ythadult_yge25,edu_isced11_4,2019,18.055
lbn,sex_t,age_ythadult_yge25,edu_isced11_5,2019,11.241
lbn,sex_t,age_ythadult_yge25,edu_isced11_6,2019,23.787
lbn,sex_t,age_ythadult_yge25,edu_isced11_7,2019,23.143
lbn,sex_t,age_ythadult_yge25,edu_isced11_8,2019,4.248
lbn,sex_t,age_ythadult_yge25,edu_isced11_9,2019,1.542
lbn,sex_t,age_ythadult_yge25,edu_isced11_total,2019,530.562
lbn,sex_t,age_ythadult_yge25,edu_isced11_x,2019,86.853
