ref_area,sex,classif1,classif2,time,how_xees_sex_eco_mts_nb
sen,sex_f,eco_aggregate_agr,mts_aggregate_1,2015,47.65
sen,sex_f,eco_aggregate_agr,mts_aggregate_1,2016,47.07
sen,sex_f,eco_aggregate_agr,mts_aggregate_1,2019,50.15
sen,sex_f,eco_aggregate_agr,mts_aggregate_1,2022,38.95
sen,sex_f,eco_aggregate_agr,mts_aggregate_1,2023,45.79
sen,sex_f,eco_aggregate_agr,mts_aggregate_1,2024,39.71
sen,sex_f,eco_aggregate_agr,mts_aggregate_2,2015,48.15
sen,sex_f,eco_aggregate_agr,mts_aggregate_2,2016,41.54
sen,sex_f,eco_aggregate_agr,mts_aggregate_2,2019,37.96
sen,sex_f,eco_aggregate_agr,mts_aggregate_2,2022,37.16
sen,sex_f,eco_aggregate_agr,mts_aggregate_2,2023,41.47
sen,sex_f,eco_aggregate_agr,mts_aggregate_2,2024,37.04
sen,sex_f,eco_aggregate_agr,mts_aggregate_total,2015,48.05
sen,sex_f,eco_aggregate_agr,mts_aggregate_total,2016,42.5
sen,sex_f,eco_aggregate_agr,mts_aggregate_total,2019,40.16
sen,sex_f,eco_aggregate_agr,mts_aggregate_total,2022,37.56
sen,sex_f,eco_aggregate_agr,mts_aggregate_total,2023,42.79
sen,sex_f,eco_aggregate_agr,mts_aggregate_total,2024,37.95
sen,sex_f,eco_aggregate_agr,mts_details_mrd,2015,48.15
sen,sex_f,eco_aggregate_agr,mts_details_mrd,2016,42.08
sen,sex_f,eco_aggregate_agr,mts_details_mrd,2019,37.96
sen,sex_f,eco_aggregate_agr,mts_details_mrd,2022,37.16
sen,sex_f,eco_aggregate_agr,mts_details_mrd,2023,41.47
sen,sex_f,eco_aggregate_agr,mts_details_mrd,2024,37.04
sen,sex_f,eco_aggregate_agr,mts_details_sep,2024,32.33
sen,sex_f,eco_aggregate_agr,mts_details_sgle,2015,45.99
sen,sex_f,eco_aggregate_agr,mts_details_sgle,2016,46.81
sen,sex_f,eco_aggregate_agr,mts_details_sgle,2019,45.87
sen,sex_f,eco_aggregate_agr,mts_details_sgle,2022,40.23
sen,sex_f,eco_aggregate_agr,mts_details_sgle,2023,46.97
sen,sex_f,eco_aggregate_agr,mts_details_sgle,2024,43.81
sen,sex_f,eco_aggregate_agr,mts_details_total,2015,48.05
sen,sex_f,eco_aggregate_agr,mts_details_total,2016,42.5
sen,sex_f,eco_aggregate_agr,mts_details_total,2019,40.16
sen,sex_f,eco_aggregate_agr,mts_details_total,2022,37.56
sen,sex_f,eco_aggregate_agr,mts_details_total,2023,42.79
sen,sex_f,eco_aggregate_agr,mts_details_total,2024,37.95
sen,sex_f,eco_aggregate_agr,mts_details_wid,2016,47.28
sen,sex_f,eco_aggregate_agr,mts_details_wid,2019,59.09
sen,sex_f,eco_aggregate_agr,mts_details_wid,2022,31.67
sen,sex_f,eco_aggregate_agr,mts_details_wid,2024,32.97
sen,sex_f,eco_aggregate_con,mts_aggregate_1,2016,47.19
sen,sex_f,eco_aggregate_con,mts_aggregate_1,2019,44.15
sen,sex_f,eco_aggregate_con,mts_aggregate_1,2022,44.45
sen,sex_f,eco_aggregate_con,mts_aggregate_1,2023,40.17
sen,sex_f,eco_aggregate_con,mts_aggregate_1,2024,56.8
sen,sex_f,eco_aggregate_con,mts_aggregate_2,2015,40.51
sen,sex_f,eco_aggregate_con,mts_aggregate_2,2016,43.84
sen,sex_f,eco_aggregate_con,mts_aggregate_2,2022,47.3
sen,sex_f,eco_aggregate_con,mts_aggregate_2,2023,44.46
sen,sex_f,eco_aggregate_con,mts_aggregate_total,2015,42.24
sen,sex_f,eco_aggregate_con,mts_aggregate_total,2016,45.38
sen,sex_f,eco_aggregate_con,mts_aggregate_total,2019,49.75
sen,sex_f,eco_aggregate_con,mts_aggregate_total,2022,45.45
sen,sex_f,eco_aggregate_con,mts_aggregate_total,2023,41.35
sen,sex_f,eco_aggregate_con,mts_aggregate_total,2024,51.89
sen,sex_f,eco_aggregate_con,mts_details_mrd,2015,40.51
sen,sex_f,eco_aggregate_con,mts_details_mrd,2016,43.84
sen,sex_f,eco_aggregate_con,mts_details_mrd,2022,47.3
sen,sex_f,eco_aggregate_con,mts_details_mrd,2023,44.46
sen,sex_f,eco_aggregate_con,mts_details_sgle,2016,47.19
sen,sex_f,eco_aggregate_con,mts_details_sgle,2022,46.14
sen,sex_f,eco_aggregate_con,mts_details_sgle,2023,40.05
sen,sex_f,eco_aggregate_con,mts_details_sgle,2024,56.84
sen,sex_f,eco_aggregate_con,mts_details_total,2015,42.24
sen,sex_f,eco_aggregate_con,mts_details_total,2016,45.38
sen,sex_f,eco_aggregate_con,mts_details_total,2019,49.75
sen,sex_f,eco_aggregate_con,mts_details_total,2022,45.45
sen,sex_f,eco_aggregate_con,mts_details_total,2023,41.35
sen,sex_f,eco_aggregate_con,mts_details_total,2024,51.89
sen,sex_f,eco_aggregate_man,mts_aggregate_1,2015,54.78
sen,sex_f,eco_aggregate_man,mts_aggregate_1,2016,43.52
sen,sex_f,eco_aggregate_man,mts_aggregate_1,2019,45.35
sen,sex_f,eco_aggregate_man,mts_aggregate_1,2022,43.33
sen,sex_f,eco_aggregate_man,mts_aggregate_1,2023,43.56
sen,sex_f,eco_aggregate_man,mts_aggregate_1,2024,38.79
sen,sex_f,eco_aggregate_man,mts_aggregate_2,2015,34.89
sen,sex_f,eco_aggregate_man,mts_aggregate_2,2016,41.36
sen,sex_f,eco_aggregate_man,mts_aggregate_2,2019,41.31
sen,sex_f,eco_aggregate_man,mts_aggregate_2,2022,35.42
sen,sex_f,eco_aggregate_man,mts_aggregate_2,2023,39.58
sen,sex_f,eco_aggregate_man,mts_aggregate_2,2024,41.77
sen,sex_f,eco_aggregate_man,mts_aggregate_total,2015,46.15
sen,sex_f,eco_aggregate_man,mts_aggregate_total,2016,42.99
sen,sex_f,eco_aggregate_man,mts_aggregate_total,2019,44.44
sen,sex_f,eco_aggregate_man,mts_aggregate_total,2022,41.01
sen,sex_f,eco_aggregate_man,mts_aggregate_total,2023,42.44
sen,sex_f,eco_aggregate_man,mts_aggregate_total,2024,39.49
sen,sex_f,eco_aggregate_man,mts_details_mrd,2015,34.89
sen,sex_f,eco_aggregate_man,mts_details_mrd,2016,41.36
sen,sex_f,eco_aggregate_man,mts_details_mrd,2019,41.31
sen,sex_f,eco_aggregate_man,mts_details_mrd,2022,35.42
sen,sex_f,eco_aggregate_man,mts_details_mrd,2023,39.58
sen,sex_f,eco_aggregate_man,mts_details_mrd,2024,41.77
sen,sex_f,eco_aggregate_man,mts_details_sep,2019,42.99
sen,sex_f,eco_aggregate_man,mts_details_sep,2024,33.26
sen,sex_f,eco_aggregate_man,mts_details_sgle,2015,54.78
sen,sex_f,eco_aggregate_man,mts_details_sgle,2016,43.35
sen,sex_f,eco_aggregate_man,mts_details_sgle,2019,45.02
sen,sex_f,eco_aggregate_man,mts_details_sgle,2022,43.19
sen,sex_f,eco_aggregate_man,mts_details_sgle,2023,43.31
sen,sex_f,eco_aggregate_man,mts_details_sgle,2024,38.41
sen,sex_f,eco_aggregate_man,mts_details_total,2015,46.15
sen,sex_f,eco_aggregate_man,mts_details_total,2016,42.99
sen,sex_f,eco_aggregate_man,mts_details_total,2019,44.44
sen,sex_f,eco_aggregate_man,mts_details_total,2022,41.01
sen,sex_f,eco_aggregate_man,mts_details_total,2023,42.44
sen,sex_f,eco_aggregate_man,mts_details_total,2024,39.49
sen,sex_f,eco_aggregate_man,mts_details_wid,2019,54.24
sen,sex_f,eco_aggregate_man,mts_details_wid,2022,49.9
sen,sex_f,eco_aggregate_mel,mts_aggregate_1,2016,43.59
sen,sex_f,eco_aggregate_mel,mts_aggregate_1,2019,39.47
sen,sex_f,eco_aggregate_mel,mts_aggregate_1,2022,36.24
sen,sex_f,eco_aggregate_mel,mts_aggregate_1,2023,40
sen,sex_f,eco_aggregate_mel,mts_aggregate_1,2024,46.78
sen,sex_f,eco_aggregate_mel,mts_aggregate_2,2015,48.76
sen,sex_f,eco_aggregate_mel,mts_aggregate_2,2016,51.86
sen,sex_f,eco_aggregate_mel,mts_aggregate_2,2019,48.93
sen,sex_f,eco_aggregate_mel,mts_aggregate_2,2022,41.87
sen,sex_f,eco_aggregate_mel,mts_aggregate_2,2023,43.24
sen,sex_f,eco_aggregate_mel,mts_aggregate_2,2024,46.9
sen,sex_f,eco_aggregate_mel,mts_aggregate_total,2015,48.76
sen,sex_f,eco_aggregate_mel,mts_aggregate_total,2016,48.21
sen,sex_f,eco_aggregate_mel,mts_aggregate_total,2019,44.3
sen,sex_f,eco_aggregate_mel,mts_aggregate_total,2022,39.48
sen,sex_f,eco_aggregate_mel,mts_aggregate_total,2023,41.87
sen,sex_f,eco_aggregate_mel,mts_aggregate_total,2024,46.84
sen,sex_f,eco_aggregate_mel,mts_details_mrd,2015,48.76
sen,sex_f,eco_aggregate_mel,mts_details_mrd,2016,51.86
sen,sex_f,eco_aggregate_mel,mts_details_mrd,2019,48.93
sen,sex_f,eco_aggregate_mel,mts_details_mrd,2022,41.87
sen,sex_f,eco_aggregate_mel,mts_details_mrd,2023,43.24
sen,sex_f,eco_aggregate_mel,mts_details_mrd,2024,46.9
sen,sex_f,eco_aggregate_mel,mts_details_sgle,2016,47.68
sen,sex_f,eco_aggregate_mel,mts_details_sgle,2019,39.21
sen,sex_f,eco_aggregate_mel,mts_details_sgle,2022,37.98
sen,sex_f,eco_aggregate_mel,mts_details_sgle,2023,40.29
sen,sex_f,eco_aggregate_mel,mts_details_sgle,2024,55.02
sen,sex_f,eco_aggregate_mel,mts_details_total,2015,48.76
sen,sex_f,eco_aggregate_mel,mts_details_total,2016,48.21
sen,sex_f,eco_aggregate_mel,mts_details_total,2019,44.3
sen,sex_f,eco_aggregate_mel,mts_details_total,2022,39.48
sen,sex_f,eco_aggregate_mel,mts_details_total,2023,41.87
sen,sex_f,eco_aggregate_mel,mts_details_total,2024,46.84
sen,sex_f,eco_aggregate_mkt,mts_aggregate_1,2015,50.39
sen,sex_f,eco_aggregate_mkt,mts_aggregate_1,2016,51.12
sen,sex_f,eco_aggregate_mkt,mts_aggregate_1,2019,48.54
sen,sex_f,eco_aggregate_mkt,mts_aggregate_1,2022,49.99
sen,sex_f,eco_aggregate_mkt,mts_aggregate_1,2023,50.43
sen,sex_f,eco_aggregate_mkt,mts_aggregate_1,2024,48.45
sen,sex_f,eco_aggregate_mkt,mts_aggregate_2,2015,45.31
sen,sex_f,eco_aggregate_mkt,mts_aggregate_2,2016,46.58
sen,sex_f,eco_aggregate_mkt,mts_aggregate_2,2019,44.58
sen,sex_f,eco_aggregate_mkt,mts_aggregate_2,2022,43.97
sen,sex_f,eco_aggregate_mkt,mts_aggregate_2,2023,43.43
sen,sex_f,eco_aggregate_mkt,mts_aggregate_2,2024,45.71
sen,sex_f,eco_aggregate_mkt,mts_aggregate_total,2015,47.89
sen,sex_f,eco_aggregate_mkt,mts_aggregate_total,2016,49.11
sen,sex_f,eco_aggregate_mkt,mts_aggregate_total,2019,46.54
sen,sex_f,eco_aggregate_mkt,mts_aggregate_total,2022,47.06
sen,sex_f,eco_aggregate_mkt,mts_aggregate_total,2023,47.02
sen,sex_f,eco_aggregate_mkt,mts_aggregate_total,2024,47.19
sen,sex_f,eco_aggregate_mkt,mts_details_mrd,2015,45.31
sen,sex_f,eco_aggregate_mkt,mts_details_mrd,2016,46.58
sen,sex_f,eco_aggregate_mkt,mts_details_mrd,2019,44.5
sen,sex_f,eco_aggregate_mkt,mts_details_mrd,2022,43.97
sen,sex_f,eco_aggregate_mkt,mts_details_mrd,2023,43.43
sen,sex_f,eco_aggregate_mkt,mts_details_mrd,2024,45.45
sen,sex_f,eco_aggregate_mkt,mts_details_sep,2015,45.11
sen,sex_f,eco_aggregate_mkt,mts_details_sep,2016,45.08
sen,sex_f,eco_aggregate_mkt,mts_details_sep,2019,49.19
sen,sex_f,eco_aggregate_mkt,mts_details_sep,2022,47.25
sen,sex_f,eco_aggregate_mkt,mts_details_sep,2023,49.86
sen,sex_f,eco_aggregate_mkt,mts_details_sep,2024,44.49
sen,sex_f,eco_aggregate_mkt,mts_details_sgle,2015,51.85
sen,sex_f,eco_aggregate_mkt,mts_details_sgle,2016,52.33
sen,sex_f,eco_aggregate_mkt,mts_details_sgle,2019,48.15
sen,sex_f,eco_aggregate_mkt,mts_details_sgle,2022,50.58
sen,sex_f,eco_aggregate_mkt,mts_details_sgle,2023,51.07
sen,sex_f,eco_aggregate_mkt,mts_details_sgle,2024,49.46
sen,sex_f,eco_aggregate_mkt,mts_details_total,2015,47.89
sen,sex_f,eco_aggregate_mkt,mts_details_total,2016,49.11
sen,sex_f,eco_aggregate_mkt,mts_details_total,2019,46.54
sen,sex_f,eco_aggregate_mkt,mts_details_total,2022,47.06
sen,sex_f,eco_aggregate_mkt,mts_details_total,2023,47.02
sen,sex_f,eco_aggregate_mkt,mts_details_total,2024,47.19
sen,sex_f,eco_aggregate_mkt,mts_details_wid,2015,43.72
sen,sex_f,eco_aggregate_mkt,mts_details_wid,2016,48.68
sen,sex_f,eco_aggregate_mkt,mts_details_wid,2019,51.73
sen,sex_f,eco_aggregate_mkt,mts_details_wid,2022,48.04
sen,sex_f,eco_aggregate_mkt,mts_details_wid,2023,44.18
sen,sex_f,eco_aggregate_pub,mts_aggregate_1,2015,55.64
sen,sex_f,eco_aggregate_pub,mts_aggregate_1,2016,51.62
sen,sex_f,eco_aggregate_pub,mts_aggregate_1,2019,48.37
sen,sex_f,eco_aggregate_pub,mts_aggregate_1,2022,49.6
sen,sex_f,eco_aggregate_pub,mts_aggregate_1,2023,50.8
sen,sex_f,eco_aggregate_pub,mts_aggregate_1,2024,48.33
sen,sex_f,eco_aggregate_pub,mts_aggregate_2,2015,45.79
sen,sex_f,eco_aggregate_pub,mts_aggregate_2,2016,42.6
sen,sex_f,eco_aggregate_pub,mts_aggregate_2,2019,41.27
sen,sex_f,eco_aggregate_pub,mts_aggregate_2,2022,40.88
sen,sex_f,eco_aggregate_pub,mts_aggregate_2,2023,38.72
sen,sex_f,eco_aggregate_pub,mts_aggregate_2,2024,42.32
sen,sex_f,eco_aggregate_pub,mts_aggregate_total,2015,51.07
sen,sex_f,eco_aggregate_pub,mts_aggregate_total,2016,47.66
sen,sex_f,eco_aggregate_pub,mts_aggregate_total,2019,45.19
sen,sex_f,eco_aggregate_pub,mts_aggregate_total,2022,45.54
sen,sex_f,eco_aggregate_pub,mts_aggregate_total,2023,44.92
sen,sex_f,eco_aggregate_pub,mts_aggregate_total,2024,45.14
sen,sex_f,eco_aggregate_pub,mts_aggregate_x,2019,50.67
sen,sex_f,eco_aggregate_pub,mts_details_mrd,2015,45.79
sen,sex_f,eco_aggregate_pub,mts_details_mrd,2016,42.59
sen,sex_f,eco_aggregate_pub,mts_details_mrd,2019,41.28
sen,sex_f,eco_aggregate_pub,mts_details_mrd,2022,40.89
sen,sex_f,eco_aggregate_pub,mts_details_mrd,2023,38.72
sen,sex_f,eco_aggregate_pub,mts_details_mrd,2024,42.32
sen,sex_f,eco_aggregate_pub,mts_details_sep,2015,50.38
sen,sex_f,eco_aggregate_pub,mts_details_sep,2016,45.32
sen,sex_f,eco_aggregate_pub,mts_details_sep,2019,45.59
sen,sex_f,eco_aggregate_pub,mts_details_sep,2022,44.86
sen,sex_f,eco_aggregate_pub,mts_details_sep,2023,46.85
sen,sex_f,eco_aggregate_pub,mts_details_sep,2024,41.21
sen,sex_f,eco_aggregate_pub,mts_details_sgle,2015,56.41
sen,sex_f,eco_aggregate_pub,mts_details_sgle,2016,53.32
sen,sex_f,eco_aggregate_pub,mts_details_sgle,2019,49.64
sen,sex_f,eco_aggregate_pub,mts_details_sgle,2022,51.16
sen,sex_f,eco_aggregate_pub,mts_details_sgle,2023,52.14
sen,sex_f,eco_aggregate_pub,mts_details_sgle,2024,50.57
sen,sex_f,eco_aggregate_pub,mts_details_total,2015,51.07
sen,sex_f,eco_aggregate_pub,mts_details_total,2016,47.66
sen,sex_f,eco_aggregate_pub,mts_details_total,2019,45.19
sen,sex_f,eco_aggregate_pub,mts_details_total,2022,45.54
sen,sex_f,eco_aggregate_pub,mts_details_total,2023,44.92
sen,sex_f,eco_aggregate_pub,mts_details_total,2024,45.14
sen,sex_f,eco_aggregate_pub,mts_details_wid,2015,54.54
sen,sex_f,eco_aggregate_pub,mts_details_wid,2016,39.64
sen,sex_f,eco_aggregate_pub,mts_details_wid,2019,35.72
sen,sex_f,eco_aggregate_pub,mts_details_wid,2022,37.09
sen,sex_f,eco_aggregate_pub,mts_details_wid,2023,39.2
sen,sex_f,eco_aggregate_pub,mts_details_wid,2024,43.28
sen,sex_f,eco_aggregate_pub,mts_details_x,2019,50.67
sen,sex_f,eco_aggregate_total,mts_aggregate_1,2015,54.4
sen,sex_f,eco_aggregate_total,mts_aggregate_1,2016,50.45
sen,sex_f,eco_aggregate_total,mts_aggregate_1,2019,47.83
sen,sex_f,eco_aggregate_total,mts_aggregate_1,2022,48.44
sen,sex_f,eco_aggregate_total,mts_aggregate_1,2023,49.36
sen,sex_f,eco_aggregate_total,mts_aggregate_1,2024,46.52
sen,sex_f,eco_aggregate_total,mts_aggregate_2,2015,45.66
sen,sex_f,eco_aggregate_total,mts_aggregate_2,2016,43.23
sen,sex_f,eco_aggregate_total,mts_aggregate_2,2019,41.79
sen,sex_f,eco_aggregate_total,mts_aggregate_2,2022,40.91
sen,sex_f,eco_aggregate_total,mts_aggregate_2,2023,39.84
sen,sex_f,eco_aggregate_total,mts_aggregate_2,2024,42.19
sen,sex_f,eco_aggregate_total,mts_aggregate_total,2015,50.1
sen,sex_f,eco_aggregate_total,mts_aggregate_total,2016,47.19
sen,sex_f,eco_aggregate_total,mts_aggregate_total,2019,45.15
sen,sex_f,eco_aggregate_total,mts_aggregate_total,2022,44.93
sen,sex_f,eco_aggregate_total,mts_aggregate_total,2023,44.85
sen,sex_f,eco_aggregate_total,mts_aggregate_total,2024,44.33
sen,sex_f,eco_aggregate_total,mts_aggregate_x,2019,45.08
sen,sex_f,eco_aggregate_total,mts_details_mrd,2015,45.67
sen,sex_f,eco_aggregate_total,mts_details_mrd,2016,43.29
sen,sex_f,eco_aggregate_total,mts_details_mrd,2019,41.77
sen,sex_f,eco_aggregate_total,mts_details_mrd,2022,40.92
sen,sex_f,eco_aggregate_total,mts_details_mrd,2023,39.84
sen,sex_f,eco_aggregate_total,mts_details_mrd,2024,42.13
sen,sex_f,eco_aggregate_total,mts_details_sep,2015,48.72
sen,sex_f,eco_aggregate_total,mts_details_sep,2016,45.49
sen,sex_f,eco_aggregate_total,mts_details_sep,2019,46.25
sen,sex_f,eco_aggregate_total,mts_details_sep,2022,45.01
sen,sex_f,eco_aggregate_total,mts_details_sep,2023,47.52
sen,sex_f,eco_aggregate_total,mts_details_sep,2024,40.44
sen,sex_f,eco_aggregate_total,mts_details_sgle,2015,55.31
sen,sex_f,eco_aggregate_total,mts_details_sgle,2016,51.72
sen,sex_f,eco_aggregate_total,mts_details_sgle,2019,48.39
sen,sex_f,eco_aggregate_total,mts_details_sgle,2022,49.44
sen,sex_f,eco_aggregate_total,mts_details_sgle,2023,50.14
sen,sex_f,eco_aggregate_total,mts_details_sgle,2024,48.19
sen,sex_f,eco_aggregate_total,mts_details_total,2015,50.1
sen,sex_f,eco_aggregate_total,mts_details_total,2016,47.19
sen,sex_f,eco_aggregate_total,mts_details_total,2019,45.15
sen,sex_f,eco_aggregate_total,mts_details_total,2022,44.93
sen,sex_f,eco_aggregate_total,mts_details_total,2023,44.85
sen,sex_f,eco_aggregate_total,mts_details_total,2024,44.33
sen,sex_f,eco_aggregate_total,mts_details_wid,2015,54.21
sen,sex_f,eco_aggregate_total,mts_details_wid,2016,42.04
sen,sex_f,eco_aggregate_total,mts_details_wid,2019,43.51
sen,sex_f,eco_aggregate_total,mts_details_wid,2022,39.12
sen,sex_f,eco_aggregate_total,mts_details_wid,2023,40.46
sen,sex_f,eco_aggregate_total,mts_details_wid,2024,42.56
sen,sex_f,eco_aggregate_total,mts_details_x,2019,45.08
sen,sex_f,eco_sector_agr,mts_aggregate_1,2015,47.65
sen,sex_f,eco_sector_agr,mts_aggregate_1,2016,47.07
sen,sex_f,eco_sector_agr,mts_aggregate_1,2019,50.15
sen,sex_f,eco_sector_agr,mts_aggregate_1,2022,38.95
sen,sex_f,eco_sector_agr,mts_aggregate_1,2023,45.79
sen,sex_f,eco_sector_agr,mts_aggregate_1,2024,39.71
sen,sex_f,eco_sector_agr,mts_aggregate_2,2015,48.15
sen,sex_f,eco_sector_agr,mts_aggregate_2,2016,41.54
sen,sex_f,eco_sector_agr,mts_aggregate_2,2019,37.96
sen,sex_f,eco_sector_agr,mts_aggregate_2,2022,37.16
sen,sex_f,eco_sector_agr,mts_aggregate_2,2023,41.47
sen,sex_f,eco_sector_agr,mts_aggregate_2,2024,37.04
sen,sex_f,eco_sector_agr,mts_aggregate_total,2015,48.05
sen,sex_f,eco_sector_agr,mts_aggregate_total,2016,42.5
sen,sex_f,eco_sector_agr,mts_aggregate_total,2019,40.16
sen,sex_f,eco_sector_agr,mts_aggregate_total,2022,37.56
sen,sex_f,eco_sector_agr,mts_aggregate_total,2023,42.79
sen,sex_f,eco_sector_agr,mts_aggregate_total,2024,37.95
sen,sex_f,eco_sector_agr,mts_details_mrd,2015,48.15
sen,sex_f,eco_sector_agr,mts_details_mrd,2016,42.08
sen,sex_f,eco_sector_agr,mts_details_mrd,2019,37.96
sen,sex_f,eco_sector_agr,mts_details_mrd,2022,37.16
sen,sex_f,eco_sector_agr,mts_details_mrd,2023,41.47
sen,sex_f,eco_sector_agr,mts_details_mrd,2024,37.04
sen,sex_f,eco_sector_agr,mts_details_sep,2024,32.33
sen,sex_f,eco_sector_agr,mts_details_sgle,2015,45.99
sen,sex_f,eco_sector_agr,mts_details_sgle,2016,46.81
sen,sex_f,eco_sector_agr,mts_details_sgle,2019,45.87
sen,sex_f,eco_sector_agr,mts_details_sgle,2022,40.23
sen,sex_f,eco_sector_agr,mts_details_sgle,2023,46.97
sen,sex_f,eco_sector_agr,mts_details_sgle,2024,43.81
sen,sex_f,eco_sector_agr,mts_details_total,2015,48.05
sen,sex_f,eco_sector_agr,mts_details_total,2016,42.5
sen,sex_f,eco_sector_agr,mts_details_total,2019,40.16
sen,sex_f,eco_sector_agr,mts_details_total,2022,37.56
sen,sex_f,eco_sector_agr,mts_details_total,2023,42.79
sen,sex_f,eco_sector_agr,mts_details_total,2024,37.95
sen,sex_f,eco_sector_agr,mts_details_wid,2016,47.28
sen,sex_f,eco_sector_agr,mts_details_wid,2019,59.09
sen,sex_f,eco_sector_agr,mts_details_wid,2022,31.67
sen,sex_f,eco_sector_agr,mts_details_wid,2024,32.97
sen,sex_f,eco_sector_ind,mts_aggregate_1,2015,53.06
sen,sex_f,eco_sector_ind,mts_aggregate_1,2016,43.72
sen,sex_f,eco_sector_ind,mts_aggregate_1,2019,45.05
sen,sex_f,eco_sector_ind,mts_aggregate_1,2022,43.07
sen,sex_f,eco_sector_ind,mts_aggregate_1,2023,43.09
sen,sex_f,eco_sector_ind,mts_aggregate_1,2024,39.91
sen,sex_f,eco_sector_ind,mts_aggregate_2,2015,40.33
sen,sex_f,eco_sector_ind,mts_aggregate_2,2016,43.61
sen,sex_f,eco_sector_ind,mts_aggregate_2,2019,43.25
sen,sex_f,eco_sector_ind,mts_aggregate_2,2022,37.66
sen,sex_f,eco_sector_ind,mts_aggregate_2,2023,40.44
sen,sex_f,eco_sector_ind,mts_aggregate_2,2024,42.31
sen,sex_f,eco_sector_ind,mts_aggregate_total,2015,45.63
sen,sex_f,eco_sector_ind,mts_aggregate_total,2016,43.69
sen,sex_f,eco_sector_ind,mts_aggregate_total,2019,44.62
sen,sex_f,eco_sector_ind,mts_aggregate_total,2022,41.32
sen,sex_f,eco_sector_ind,mts_aggregate_total,2023,42.3
sen,sex_f,eco_sector_ind,mts_aggregate_total,2024,40.51
sen,sex_f,eco_sector_ind,mts_details_mrd,2015,40.33
sen,sex_f,eco_sector_ind,mts_details_mrd,2016,43.61
sen,sex_f,eco_sector_ind,mts_details_mrd,2019,43.25
sen,sex_f,eco_sector_ind,mts_details_mrd,2022,37.66
sen,sex_f,eco_sector_ind,mts_details_mrd,2023,40.44
sen,sex_f,eco_sector_ind,mts_details_mrd,2024,42.31
sen,sex_f,eco_sector_ind,mts_details_sep,2019,41.99
sen,sex_f,eco_sector_ind,mts_details_sep,2023,48.54
sen,sex_f,eco_sector_ind,mts_details_sep,2024,32.84
sen,sex_f,eco_sector_ind,mts_details_sgle,2015,52.63
sen,sex_f,eco_sector_ind,mts_details_sgle,2016,43.8
sen,sex_f,eco_sector_ind,mts_details_sgle,2019,44.82
sen,sex_f,eco_sector_ind,mts_details_sgle,2022,43.15
sen,sex_f,eco_sector_ind,mts_details_sgle,2023,42.86
sen,sex_f,eco_sector_ind,mts_details_sgle,2024,39.86
sen,sex_f,eco_sector_ind,mts_details_total,2015,45.63
sen,sex_f,eco_sector_ind,mts_details_total,2016,43.69
sen,sex_f,eco_sector_ind,mts_details_total,2019,44.62
sen,sex_f,eco_sector_ind,mts_details_total,2022,41.32
sen,sex_f,eco_sector_ind,mts_details_total,2023,42.3
sen,sex_f,eco_sector_ind,mts_details_total,2024,40.51
sen,sex_f,eco_sector_ind,mts_details_wid,2019,53.77
sen,sex_f,eco_sector_ind,mts_details_wid,2022,49.9
sen,sex_f,eco_sector_nag,mts_aggregate_1,2015,54.55
sen,sex_f,eco_sector_nag,mts_aggregate_1,2016,50.52
sen,sex_f,eco_sector_nag,mts_aggregate_1,2019,47.79
sen,sex_f,eco_sector_nag,mts_aggregate_1,2022,48.61
sen,sex_f,eco_sector_nag,mts_aggregate_1,2023,49.46
sen,sex_f,eco_sector_nag,mts_aggregate_1,2024,47.03
sen,sex_f,eco_sector_nag,mts_aggregate_2,2015,45.42
sen,sex_f,eco_sector_nag,mts_aggregate_2,2016,43.45
sen,sex_f,eco_sector_nag,mts_aggregate_2,2019,42.12
sen,sex_f,eco_sector_nag,mts_aggregate_2,2022,41.21
sen,sex_f,eco_sector_nag,mts_aggregate_2,2023,39.72
sen,sex_f,eco_sector_nag,mts_aggregate_2,2024,42.98
sen,sex_f,eco_sector_nag,mts_aggregate_total,2015,50.22
sen,sex_f,eco_sector_nag,mts_aggregate_total,2016,47.52
sen,sex_f,eco_sector_nag,mts_aggregate_total,2019,45.37
sen,sex_f,eco_sector_nag,mts_aggregate_total,2022,45.28
sen,sex_f,eco_sector_nag,mts_aggregate_total,2023,44.95
sen,sex_f,eco_sector_nag,mts_aggregate_total,2024,45.06
sen,sex_f,eco_sector_nag,mts_aggregate_x,2019,45.08
sen,sex_f,eco_sector_nag,mts_details_mrd,2015,45.43
sen,sex_f,eco_sector_nag,mts_details_mrd,2016,43.45
sen,sex_f,eco_sector_nag,mts_details_mrd,2019,42.11
sen,sex_f,eco_sector_nag,mts_details_mrd,2022,41.22
sen,sex_f,eco_sector_nag,mts_details_mrd,2023,39.72
sen,sex_f,eco_sector_nag,mts_details_mrd,2024,42.93
sen,sex_f,eco_sector_nag,mts_details_sep,2015,48.83
sen,sex_f,eco_sector_nag,mts_details_sep,2016,45.49
sen,sex_f,eco_sector_nag,mts_details_sep,2019,46.25
sen,sex_f,eco_sector_nag,mts_details_sep,2022,45.03
sen,sex_f,eco_sector_nag,mts_details_sep,2023,47.55
sen,sex_f,eco_sector_nag,mts_details_sep,2024,41.36
sen,sex_f,eco_sector_nag,mts_details_sgle,2015,55.46
sen,sex_f,eco_sector_nag,mts_details_sgle,2016,51.78
sen,sex_f,eco_sector_nag,mts_details_sgle,2019,48.42
sen,sex_f,eco_sector_nag,mts_details_sgle,2022,49.57
sen,sex_f,eco_sector_nag,mts_details_sgle,2023,50.22
sen,sex_f,eco_sector_nag,mts_details_sgle,2024,48.46
sen,sex_f,eco_sector_nag,mts_details_total,2015,50.22
sen,sex_f,eco_sector_nag,mts_details_total,2016,47.52
sen,sex_f,eco_sector_nag,mts_details_total,2019,45.37
sen,sex_f,eco_sector_nag,mts_details_total,2022,45.28
sen,sex_f,eco_sector_nag,mts_details_total,2023,44.95
sen,sex_f,eco_sector_nag,mts_details_total,2024,45.06
sen,sex_f,eco_sector_nag,mts_details_wid,2015,53.57
sen,sex_f,eco_sector_nag,mts_details_wid,2016,40.67
sen,sex_f,eco_sector_nag,mts_details_wid,2019,42
sen,sex_f,eco_sector_nag,mts_details_wid,2022,40.06
sen,sex_f,eco_sector_nag,mts_details_wid,2023,40.54
sen,sex_f,eco_sector_nag,mts_details_wid,2024,44.02
sen,sex_f,eco_sector_nag,mts_details_x,2019,45.08
sen,sex_f,eco_sector_ser,mts_aggregate_1,2015,54.6
sen,sex_f,eco_sector_ser,mts_aggregate_1,2016,51.51
sen,sex_f,eco_sector_ser,mts_aggregate_1,2019,48.41
sen,sex_f,eco_sector_ser,mts_aggregate_1,2022,49.68
sen,sex_f,eco_sector_ser,mts_aggregate_1,2023,50.73
sen,sex_f,eco_sector_ser,mts_aggregate_1,2024,48.36
sen,sex_f,eco_sector_ser,mts_aggregate_2,2015,45.68
sen,sex_f,eco_sector_ser,mts_aggregate_2,2016,43.44
sen,sex_f,eco_sector_ser,mts_aggregate_2,2019,42.01
sen,sex_f,eco_sector_ser,mts_aggregate_2,2022,41.58
sen,sex_f,eco_sector_ser,mts_aggregate_2,2023,39.65
sen,sex_f,eco_sector_ser,mts_aggregate_2,2024,43.02
sen,sex_f,eco_sector_ser,mts_aggregate_total,2015,50.41
sen,sex_f,eco_sector_ser,mts_aggregate_total,2016,47.96
sen,sex_f,eco_sector_ser,mts_aggregate_total,2019,45.5
sen,sex_f,eco_sector_ser,mts_aggregate_total,2022,45.87
sen,sex_f,eco_sector_ser,mts_aggregate_total,2023,45.33
sen,sex_f,eco_sector_ser,mts_aggregate_total,2024,45.61
sen,sex_f,eco_sector_ser,mts_aggregate_x,2019,44.57
sen,sex_f,eco_sector_ser,mts_details_mrd,2015,45.69
sen,sex_f,eco_sector_ser,mts_details_mrd,2016,43.44
sen,sex_f,eco_sector_ser,mts_details_mrd,2019,42
sen,sex_f,eco_sector_ser,mts_details_mrd,2022,41.59
sen,sex_f,eco_sector_ser,mts_details_mrd,2023,39.65
sen,sex_f,eco_sector_ser,mts_details_mrd,2024,42.96
sen,sex_f,eco_sector_ser,mts_details_sep,2015,48.84
sen,sex_f,eco_sector_ser,mts_details_sep,2016,45.26
sen,sex_f,eco_sector_ser,mts_details_sep,2019,46.68
sen,sex_f,eco_sector_ser,mts_details_sep,2022,45.33
sen,sex_f,eco_sector_ser,mts_details_sep,2023,47.49
sen,sex_f,eco_sector_ser,mts_details_sep,2024,42.02
sen,sex_f,eco_sector_ser,mts_details_sgle,2015,55.56
sen,sex_f,eco_sector_ser,mts_details_sgle,2016,53.11
sen,sex_f,eco_sector_ser,mts_details_sgle,2019,49.33
sen,sex_f,eco_sector_ser,mts_details_sgle,2022,51.04
sen,sex_f,eco_sector_ser,mts_details_sgle,2023,51.94
sen,sex_f,eco_sector_ser,mts_details_sgle,2024,50.27
sen,sex_f,eco_sector_ser,mts_details_total,2015,50.41
sen,sex_f,eco_sector_ser,mts_details_total,2016,47.96
sen,sex_f,eco_sector_ser,mts_details_total,2019,45.5
sen,sex_f,eco_sector_ser,mts_details_total,2022,45.87
sen,sex_f,eco_sector_ser,mts_details_total,2023,45.33
sen,sex_f,eco_sector_ser,mts_details_total,2024,45.61
sen,sex_f,eco_sector_ser,mts_details_wid,2015,53
sen,sex_f,eco_sector_ser,mts_details_wid,2016,41.45
sen,sex_f,eco_sector_ser,mts_details_wid,2019,39.23
sen,sex_f,eco_sector_ser,mts_details_wid,2022,39.2
sen,sex_f,eco_sector_ser,mts_details_wid,2023,40.4
sen,sex_f,eco_sector_ser,mts_details_wid,2024,42.99
sen,sex_f,eco_sector_ser,mts_details_x,2019,44.57
sen,sex_f,eco_sector_total,mts_aggregate_1,2015,54.4
sen,sex_f,eco_sector_total,mts_aggregate_1,2016,50.45
sen,sex_f,eco_sector_total,mts_aggregate_1,2019,47.83
sen,sex_f,eco_sector_total,mts_aggregate_1,2022,48.44
sen,sex_f,eco_sector_total,mts_aggregate_1,2023,49.36
sen,sex_f,eco_sector_total,mts_aggregate_1,2024,46.52
sen,sex_f,eco_sector_total,mts_aggregate_2,2015,45.66
sen,sex_f,eco_sector_total,mts_aggregate_2,2016,43.23
sen,sex_f,eco_sector_total,mts_aggregate_2,2019,41.79
sen,sex_f,eco_sector_total,mts_aggregate_2,2022,40.91
sen,sex_f,eco_sector_total,mts_aggregate_2,2023,39.84
sen,sex_f,eco_sector_total,mts_aggregate_2,2024,42.19
sen,sex_f,eco_sector_total,mts_aggregate_total,2015,50.1
sen,sex_f,eco_sector_total,mts_aggregate_total,2016,47.19
sen,sex_f,eco_sector_total,mts_aggregate_total,2019,45.15
sen,sex_f,eco_sector_total,mts_aggregate_total,2022,44.93
sen,sex_f,eco_sector_total,mts_aggregate_total,2023,44.85
sen,sex_f,eco_sector_total,mts_aggregate_total,2024,44.33
sen,sex_f,eco_sector_total,mts_aggregate_x,2019,45.08
sen,sex_f,eco_sector_total,mts_details_mrd,2015,45.67
sen,sex_f,eco_sector_total,mts_details_mrd,2016,43.29
sen,sex_f,eco_sector_total,mts_details_mrd,2019,41.77
sen,sex_f,eco_sector_total,mts_details_mrd,2022,40.92
sen,sex_f,eco_sector_total,mts_details_mrd,2023,39.84
sen,sex_f,eco_sector_total,mts_details_mrd,2024,42.13
sen,sex_f,eco_sector_total,mts_details_sep,2015,48.72
sen,sex_f,eco_sector_total,mts_details_sep,2016,45.49
sen,sex_f,eco_sector_total,mts_details_sep,2019,46.25
sen,sex_f,eco_sector_total,mts_details_sep,2022,45.01
sen,sex_f,eco_sector_total,mts_details_sep,2023,47.52
sen,sex_f,eco_sector_total,mts_details_sep,2024,40.44
sen,sex_f,eco_sector_total,mts_details_sgle,2015,55.31
sen,sex_f,eco_sector_total,mts_details_sgle,2016,51.72
sen,sex_f,eco_sector_total,mts_details_sgle,2019,48.39
sen,sex_f,eco_sector_total,mts_details_sgle,2022,49.44
sen,sex_f,eco_sector_total,mts_details_sgle,2023,50.14
sen,sex_f,eco_sector_total,mts_details_sgle,2024,48.19
sen,sex_f,eco_sector_total,mts_details_total,2015,50.1
sen,sex_f,eco_sector_total,mts_details_total,2016,47.19
sen,sex_f,eco_sector_total,mts_details_total,2019,45.15
sen,sex_f,eco_sector_total,mts_details_total,2022,44.93
sen,sex_f,eco_sector_total,mts_details_total,2023,44.85
sen,sex_f,eco_sector_total,mts_details_total,2024,44.33
sen,sex_f,eco_sector_total,mts_details_wid,2015,54.21
sen,sex_f,eco_sector_total,mts_details_wid,2016,42.04
sen,sex_f,eco_sector_total,mts_details_wid,2019,43.51
sen,sex_f,eco_sector_total,mts_details_wid,2022,39.12
sen,sex_f,eco_sector_total,mts_details_wid,2023,40.46
sen,sex_f,eco_sector_total,mts_details_wid,2024,42.56
sen,sex_f,eco_sector_total,mts_details_x,2019,45.08
sen,sex_m,eco_aggregate_agr,mts_aggregate_1,2015,55.02
sen,sex_m,eco_aggregate_agr,mts_aggregate_1,2016,54.31
sen,sex_m,eco_aggregate_agr,mts_aggregate_1,2019,55.72
sen,sex_m,eco_aggregate_agr,mts_aggregate_1,2022,55.21
sen,sex_m,eco_aggregate_agr,mts_aggregate_1,2023,52.47
sen,sex_m,eco_aggregate_agr,mts_aggregate_1,2024,55.77
sen,sex_m,eco_aggregate_agr,mts_aggregate_2,2015,53.64
sen,sex_m,eco_aggregate_agr,mts_aggregate_2,2016,58.41
sen,sex_m,eco_aggregate_agr,mts_aggregate_2,2019,51.43
sen,sex_m,eco_aggregate_agr,mts_aggregate_2,2022,54.73
sen,sex_m,eco_aggregate_agr,mts_aggregate_2,2023,51.56
sen,sex_m,eco_aggregate_agr,mts_aggregate_2,2024,57.33
sen,sex_m,eco_aggregate_agr,mts_aggregate_total,2015,54.11
sen,sex_m,eco_aggregate_agr,mts_aggregate_total,2016,56.78
sen,sex_m,eco_aggregate_agr,mts_aggregate_total,2019,53.34
sen,sex_m,eco_aggregate_agr,mts_aggregate_total,2022,54.96
sen,sex_m,eco_aggregate_agr,mts_aggregate_total,2023,52.03
sen,sex_m,eco_aggregate_agr,mts_aggregate_total,2024,56.6
sen,sex_m,eco_aggregate_agr,mts_details_mrd,2015,53.75
sen,sex_m,eco_aggregate_agr,mts_details_mrd,2016,58.91
sen,sex_m,eco_aggregate_agr,mts_details_mrd,2019,51.43
sen,sex_m,eco_aggregate_agr,mts_details_mrd,2022,54.73
sen,sex_m,eco_aggregate_agr,mts_details_mrd,2023,51.56
sen,sex_m,eco_aggregate_agr,mts_details_mrd,2024,57.33
sen,sex_m,eco_aggregate_agr,mts_details_sep,2015,53.53
sen,sex_m,eco_aggregate_agr,mts_details_sep,2016,43.76
sen,sex_m,eco_aggregate_agr,mts_details_sep,2019,49.75
sen,sex_m,eco_aggregate_agr,mts_details_sep,2024,37.49
sen,sex_m,eco_aggregate_agr,mts_details_sgle,2015,55.14
sen,sex_m,eco_aggregate_agr,mts_details_sgle,2016,54.75
sen,sex_m,eco_aggregate_agr,mts_details_sgle,2019,55.83
sen,sex_m,eco_aggregate_agr,mts_details_sgle,2022,54.88
sen,sex_m,eco_aggregate_agr,mts_details_sgle,2023,53.02
sen,sex_m,eco_aggregate_agr,mts_details_sgle,2024,56.24
sen,sex_m,eco_aggregate_agr,mts_details_total,2015,54.11
sen,sex_m,eco_aggregate_agr,mts_details_total,2016,56.78
sen,sex_m,eco_aggregate_agr,mts_details_total,2019,53.34
sen,sex_m,eco_aggregate_agr,mts_details_total,2022,54.96
sen,sex_m,eco_aggregate_agr,mts_details_total,2023,52.03
sen,sex_m,eco_aggregate_agr,mts_details_total,2024,56.6
sen,sex_m,eco_aggregate_con,mts_aggregate_1,2015,53.46
sen,sex_m,eco_aggregate_con,mts_aggregate_1,2016,52.01
sen,sex_m,eco_aggregate_con,mts_aggregate_1,2019,45.78
sen,sex_m,eco_aggregate_con,mts_aggregate_1,2022,44.72
sen,sex_m,eco_aggregate_con,mts_aggregate_1,2023,45.15
sen,sex_m,eco_aggregate_con,mts_aggregate_1,2024,47.47
sen,sex_m,eco_aggregate_con,mts_aggregate_2,2015,51.59
sen,sex_m,eco_aggregate_con,mts_aggregate_2,2016,51.12
sen,sex_m,eco_aggregate_con,mts_aggregate_2,2019,47.27
sen,sex_m,eco_aggregate_con,mts_aggregate_2,2022,44.81
sen,sex_m,eco_aggregate_con,mts_aggregate_2,2023,45.63
sen,sex_m,eco_aggregate_con,mts_aggregate_2,2024,48.65
sen,sex_m,eco_aggregate_con,mts_aggregate_total,2015,52.59
sen,sex_m,eco_aggregate_con,mts_aggregate_total,2016,51.61
sen,sex_m,eco_aggregate_con,mts_aggregate_total,2019,46.39
sen,sex_m,eco_aggregate_con,mts_aggregate_total,2022,44.75
sen,sex_m,eco_aggregate_con,mts_aggregate_total,2023,45.32
sen,sex_m,eco_aggregate_con,mts_aggregate_total,2024,47.95
sen,sex_m,eco_aggregate_con,mts_details_mrd,2015,51.59
sen,sex_m,eco_aggregate_con,mts_details_mrd,2016,51.12
sen,sex_m,eco_aggregate_con,mts_details_mrd,2019,47.27
sen,sex_m,eco_aggregate_con,mts_details_mrd,2022,44.81
sen,sex_m,eco_aggregate_con,mts_details_mrd,2023,45.63
sen,sex_m,eco_aggregate_con,mts_details_mrd,2024,48.65
sen,sex_m,eco_aggregate_con,mts_details_sep,2015,55.34
sen,sex_m,eco_aggregate_con,mts_details_sep,2019,48.66
sen,sex_m,eco_aggregate_con,mts_details_sep,2022,40.76
sen,sex_m,eco_aggregate_con,mts_details_sep,2023,53.44
sen,sex_m,eco_aggregate_con,mts_details_sep,2024,49.51
sen,sex_m,eco_aggregate_con,mts_details_sgle,2015,53.57
sen,sex_m,eco_aggregate_con,mts_details_sgle,2016,52.04
sen,sex_m,eco_aggregate_con,mts_details_sgle,2019,45.7
sen,sex_m,eco_aggregate_con,mts_details_sgle,2022,44.89
sen,sex_m,eco_aggregate_con,mts_details_sgle,2023,45.07
sen,sex_m,eco_aggregate_con,mts_details_sgle,2024,47.38
sen,sex_m,eco_aggregate_con,mts_details_total,2015,52.59
sen,sex_m,eco_aggregate_con,mts_details_total,2016,51.61
sen,sex_m,eco_aggregate_con,mts_details_total,2019,46.39
sen,sex_m,eco_aggregate_con,mts_details_total,2022,44.75
sen,sex_m,eco_aggregate_con,mts_details_total,2023,45.32
sen,sex_m,eco_aggregate_con,mts_details_total,2024,47.95
sen,sex_m,eco_aggregate_man,mts_aggregate_1,2015,53.28
sen,sex_m,eco_aggregate_man,mts_aggregate_1,2016,56.89
sen,sex_m,eco_aggregate_man,mts_aggregate_1,2019,52.4
sen,sex_m,eco_aggregate_man,mts_aggregate_1,2022,51.09
sen,sex_m,eco_aggregate_man,mts_aggregate_1,2023,50.27
sen,sex_m,eco_aggregate_man,mts_aggregate_1,2024,52.22
sen,sex_m,eco_aggregate_man,mts_aggregate_2,2015,50.35
sen,sex_m,eco_aggregate_man,mts_aggregate_2,2016,52.15
sen,sex_m,eco_aggregate_man,mts_aggregate_2,2019,51.29
sen,sex_m,eco_aggregate_man,mts_aggregate_2,2022,48.78
sen,sex_m,eco_aggregate_man,mts_aggregate_2,2023,48.93
sen,sex_m,eco_aggregate_man,mts_aggregate_2,2024,49.91
sen,sex_m,eco_aggregate_man,mts_aggregate_total,2015,52.01
sen,sex_m,eco_aggregate_man,mts_aggregate_total,2016,55.71
sen,sex_m,eco_aggregate_man,mts_aggregate_total,2019,52.27
sen,sex_m,eco_aggregate_man,mts_aggregate_total,2022,50.56
sen,sex_m,eco_aggregate_man,mts_aggregate_total,2023,49.96
sen,sex_m,eco_aggregate_man,mts_aggregate_total,2024,51.61
sen,sex_m,eco_aggregate_man,mts_aggregate_x,2019,59.61
sen,sex_m,eco_aggregate_man,mts_details_mrd,2015,50.35
sen,sex_m,eco_aggregate_man,mts_details_mrd,2016,52.15
sen,sex_m,eco_aggregate_man,mts_details_mrd,2019,51.29
sen,sex_m,eco_aggregate_man,mts_details_mrd,2022,48.78
sen,sex_m,eco_aggregate_man,mts_details_mrd,2023,48.93
sen,sex_m,eco_aggregate_man,mts_details_mrd,2024,49.91
sen,sex_m,eco_aggregate_man,mts_details_sep,2019,62.01
sen,sex_m,eco_aggregate_man,mts_details_sep,2022,45.82
sen,sex_m,eco_aggregate_man,mts_details_sep,2024,54.77
sen,sex_m,eco_aggregate_man,mts_details_sgle,2015,53.25
sen,sex_m,eco_aggregate_man,mts_details_sgle,2016,56.82
sen,sex_m,eco_aggregate_man,mts_details_sgle,2019,52.31
sen,sex_m,eco_aggregate_man,mts_details_sgle,2022,51.19
sen,sex_m,eco_aggregate_man,mts_details_sgle,2023,50.25
sen,sex_m,eco_aggregate_man,mts_details_sgle,2024,52.19
sen,sex_m,eco_aggregate_man,mts_details_total,2015,52.01
sen,sex_m,eco_aggregate_man,mts_details_total,2016,55.71
sen,sex_m,eco_aggregate_man,mts_details_total,2019,52.27
sen,sex_m,eco_aggregate_man,mts_details_total,2022,50.56
sen,sex_m,eco_aggregate_man,mts_details_total,2023,49.96
sen,sex_m,eco_aggregate_man,mts_details_total,2024,51.61
sen,sex_m,eco_aggregate_man,mts_details_x,2019,59.61
sen,sex_m,eco_aggregate_mel,mts_aggregate_1,2015,57.82
sen,sex_m,eco_aggregate_mel,mts_aggregate_1,2016,48.48
sen,sex_m,eco_aggregate_mel,mts_aggregate_1,2019,49.69
sen,sex_m,eco_aggregate_mel,mts_aggregate_1,2022,46.46
sen,sex_m,eco_aggregate_mel,mts_aggregate_1,2023,43.69
sen,sex_m,eco_aggregate_mel,mts_aggregate_1,2024,47.28
sen,sex_m,eco_aggregate_mel,mts_aggregate_2,2015,50.39
sen,sex_m,eco_aggregate_mel,mts_aggregate_2,2016,51.5
sen,sex_m,eco_aggregate_mel,mts_aggregate_2,2019,45.9
sen,sex_m,eco_aggregate_mel,mts_aggregate_2,2022,46.75
sen,sex_m,eco_aggregate_mel,mts_aggregate_2,2023,53.24
sen,sex_m,eco_aggregate_mel,mts_aggregate_2,2024,50.11
sen,sex_m,eco_aggregate_mel,mts_aggregate_total,2015,51.71
sen,sex_m,eco_aggregate_mel,mts_aggregate_total,2016,50.52
sen,sex_m,eco_aggregate_mel,mts_aggregate_total,2019,47.3
sen,sex_m,eco_aggregate_mel,mts_aggregate_total,2022,46.65
sen,sex_m,eco_aggregate_mel,mts_aggregate_total,2023,49.31
sen,sex_m,eco_aggregate_mel,mts_aggregate_total,2024,49
sen,sex_m,eco_aggregate_mel,mts_details_mrd,2015,50.39
sen,sex_m,eco_aggregate_mel,mts_details_mrd,2016,51.5
sen,sex_m,eco_aggregate_mel,mts_details_mrd,2019,45.9
sen,sex_m,eco_aggregate_mel,mts_details_mrd,2022,46.75
sen,sex_m,eco_aggregate_mel,mts_details_mrd,2023,53.24
sen,sex_m,eco_aggregate_mel,mts_details_mrd,2024,50.11
sen,sex_m,eco_aggregate_mel,mts_details_sgle,2015,57.82
sen,sex_m,eco_aggregate_mel,mts_details_sgle,2016,48.48
sen,sex_m,eco_aggregate_mel,mts_details_sgle,2019,49.64
sen,sex_m,eco_aggregate_mel,mts_details_sgle,2022,46.57
sen,sex_m,eco_aggregate_mel,mts_details_sgle,2023,43.69
sen,sex_m,eco_aggregate_mel,mts_details_sgle,2024,46.39
sen,sex_m,eco_aggregate_mel,mts_details_total,2015,51.71
sen,sex_m,eco_aggregate_mel,mts_details_total,2016,50.52
sen,sex_m,eco_aggregate_mel,mts_details_total,2019,47.3
sen,sex_m,eco_aggregate_mel,mts_details_total,2022,46.65
sen,sex_m,eco_aggregate_mel,mts_details_total,2023,49.31
sen,sex_m,eco_aggregate_mel,mts_details_total,2024,49
sen,sex_m,eco_aggregate_mkt,mts_aggregate_1,2015,62.48
sen,sex_m,eco_aggregate_mkt,mts_aggregate_1,2016,63.66
sen,sex_m,eco_aggregate_mkt,mts_aggregate_1,2019,56.53
sen,sex_m,eco_aggregate_mkt,mts_aggregate_1,2022,53.13
sen,sex_m,eco_aggregate_mkt,mts_aggregate_1,2023,53.38
sen,sex_m,eco_aggregate_mkt,mts_aggregate_1,2024,60.07
sen,sex_m,eco_aggregate_mkt,mts_aggregate_2,2015,55.03
sen,sex_m,eco_aggregate_mkt,mts_aggregate_2,2016,59.8
sen,sex_m,eco_aggregate_mkt,mts_aggregate_2,2019,59.31
sen,sex_m,eco_aggregate_mkt,mts_aggregate_2,2022,54.77
sen,sex_m,eco_aggregate_mkt,mts_aggregate_2,2023,53.94
sen,sex_m,eco_aggregate_mkt,mts_aggregate_2,2024,57.18
sen,sex_m,eco_aggregate_mkt,mts_aggregate_total,2015,57.8
sen,sex_m,eco_aggregate_mkt,mts_aggregate_total,2016,61.81
sen,sex_m,eco_aggregate_mkt,mts_aggregate_total,2019,57.83
sen,sex_m,eco_aggregate_mkt,mts_aggregate_total,2022,53.87
sen,sex_m,eco_aggregate_mkt,mts_aggregate_total,2023,53.66
sen,sex_m,eco_aggregate_mkt,mts_aggregate_total,2024,58.68
sen,sex_m,eco_aggregate_mkt,mts_aggregate_x,2019,54.45
sen,sex_m,eco_aggregate_mkt,mts_details_mrd,2015,55.02
sen,sex_m,eco_aggregate_mkt,mts_details_mrd,2016,59.9
sen,sex_m,eco_aggregate_mkt,mts_details_mrd,2019,59.34
sen,sex_m,eco_aggregate_mkt,mts_details_mrd,2022,54.77
sen,sex_m,eco_aggregate_mkt,mts_details_mrd,2023,53.9
sen,sex_m,eco_aggregate_mkt,mts_details_mrd,2024,57.18
sen,sex_m,eco_aggregate_mkt,mts_details_sep,2015,60.42
sen,sex_m,eco_aggregate_mkt,mts_details_sep,2016,65.73
sen,sex_m,eco_aggregate_mkt,mts_details_sep,2019,47.83
sen,sex_m,eco_aggregate_mkt,mts_details_sep,2022,45.95
sen,sex_m,eco_aggregate_mkt,mts_details_sep,2023,43.33
sen,sex_m,eco_aggregate_mkt,mts_details_sep,2024,44.47
sen,sex_m,eco_aggregate_mkt,mts_details_sgle,2015,62.6
sen,sex_m,eco_aggregate_mkt,mts_details_sgle,2016,63.68
sen,sex_m,eco_aggregate_mkt,mts_details_sgle,2019,56.68
sen,sex_m,eco_aggregate_mkt,mts_details_sgle,2022,53.33
sen,sex_m,eco_aggregate_mkt,mts_details_sgle,2023,53.72
sen,sex_m,eco_aggregate_mkt,mts_details_sgle,2024,60.77
sen,sex_m,eco_aggregate_mkt,mts_details_total,2015,57.8
sen,sex_m,eco_aggregate_mkt,mts_details_total,2016,61.81
sen,sex_m,eco_aggregate_mkt,mts_details_total,2019,57.83
sen,sex_m,eco_aggregate_mkt,mts_details_total,2022,53.87
sen,sex_m,eco_aggregate_mkt,mts_details_total,2023,53.66
sen,sex_m,eco_aggregate_mkt,mts_details_total,2024,58.68
sen,sex_m,eco_aggregate_mkt,mts_details_x,2019,54.45
sen,sex_m,eco_aggregate_pub,mts_aggregate_1,2015,54.04
sen,sex_m,eco_aggregate_pub,mts_aggregate_1,2016,53.49
sen,sex_m,eco_aggregate_pub,mts_aggregate_1,2019,51.91
sen,sex_m,eco_aggregate_pub,mts_aggregate_1,2022,54.78
sen,sex_m,eco_aggregate_pub,mts_aggregate_1,2023,50.16
sen,sex_m,eco_aggregate_pub,mts_aggregate_1,2024,51.16
sen,sex_m,eco_aggregate_pub,mts_aggregate_2,2015,49.02
sen,sex_m,eco_aggregate_pub,mts_aggregate_2,2016,48.47
sen,sex_m,eco_aggregate_pub,mts_aggregate_2,2019,51.39
sen,sex_m,eco_aggregate_pub,mts_aggregate_2,2022,50.42
sen,sex_m,eco_aggregate_pub,mts_aggregate_2,2023,47.66
sen,sex_m,eco_aggregate_pub,mts_aggregate_2,2024,49.37
sen,sex_m,eco_aggregate_pub,mts_aggregate_total,2015,50.65
sen,sex_m,eco_aggregate_pub,mts_aggregate_total,2016,50.3
sen,sex_m,eco_aggregate_pub,mts_aggregate_total,2019,51.6
sen,sex_m,eco_aggregate_pub,mts_aggregate_total,2022,52.14
sen,sex_m,eco_aggregate_pub,mts_aggregate_total,2023,48.68
sen,sex_m,eco_aggregate_pub,mts_aggregate_total,2024,49.96
sen,sex_m,eco_aggregate_pub,mts_details_mrd,2015,48.89
sen,sex_m,eco_aggregate_pub,mts_details_mrd,2016,48.45
sen,sex_m,eco_aggregate_pub,mts_details_mrd,2019,51.39
sen,sex_m,eco_aggregate_pub,mts_details_mrd,2022,50.42
sen,sex_m,eco_aggregate_pub,mts_details_mrd,2023,47.66
sen,sex_m,eco_aggregate_pub,mts_details_mrd,2024,49.38
sen,sex_m,eco_aggregate_pub,mts_details_sep,2015,61.28
sen,sex_m,eco_aggregate_pub,mts_details_sep,2016,49.46
sen,sex_m,eco_aggregate_pub,mts_details_sep,2019,51.27
sen,sex_m,eco_aggregate_pub,mts_details_sep,2022,57.24
sen,sex_m,eco_aggregate_pub,mts_details_sep,2023,57.36
sen,sex_m,eco_aggregate_pub,mts_details_sep,2024,49.47
sen,sex_m,eco_aggregate_pub,mts_details_sgle,2015,53.77
sen,sex_m,eco_aggregate_pub,mts_details_sgle,2016,53.71
sen,sex_m,eco_aggregate_pub,mts_details_sgle,2019,51.95
sen,sex_m,eco_aggregate_pub,mts_details_sgle,2022,54.54
sen,sex_m,eco_aggregate_pub,mts_details_sgle,2023,49.82
sen,sex_m,eco_aggregate_pub,mts_details_sgle,2024,50.98
sen,sex_m,eco_aggregate_pub,mts_details_total,2015,50.65
sen,sex_m,eco_aggregate_pub,mts_details_total,2016,50.3
sen,sex_m,eco_aggregate_pub,mts_details_total,2019,51.6
sen,sex_m,eco_aggregate_pub,mts_details_total,2022,52.14
sen,sex_m,eco_aggregate_pub,mts_details_total,2023,48.68
sen,sex_m,eco_aggregate_pub,mts_details_total,2024,49.96
sen,sex_m,eco_aggregate_pub,mts_details_wid,2023,39.36
sen,sex_m,eco_aggregate_pub,mts_details_wid,2024,72.24
sen,sex_m,eco_aggregate_total,mts_aggregate_1,2015,56.41
sen,sex_m,eco_aggregate_total,mts_aggregate_1,2016,57.05
sen,sex_m,eco_aggregate_total,mts_aggregate_1,2019,52.52
sen,sex_m,eco_aggregate_total,mts_aggregate_1,2022,51.31
sen,sex_m,eco_aggregate_total,mts_aggregate_1,2023,50
sen,sex_m,eco_aggregate_total,mts_aggregate_1,2024,53.69
sen,sex_m,eco_aggregate_total,mts_aggregate_2,2015,51.93
sen,sex_m,eco_aggregate_total,mts_aggregate_2,2016,53.3
sen,sex_m,eco_aggregate_total,mts_aggregate_2,2019,52.86
sen,sex_m,eco_aggregate_total,mts_aggregate_2,2022,50.99
sen,sex_m,eco_aggregate_total,mts_aggregate_2,2023,49.81
sen,sex_m,eco_aggregate_total,mts_aggregate_2,2024,52.46
sen,sex_m,eco_aggregate_total,mts_aggregate_total,2015,53.68
sen,sex_m,eco_aggregate_total,mts_aggregate_total,2016,55.14
sen,sex_m,eco_aggregate_total,mts_aggregate_total,2019,52.7
sen,sex_m,eco_aggregate_total,mts_aggregate_total,2022,51.16
sen,sex_m,eco_aggregate_total,mts_aggregate_total,2023,49.92
sen,sex_m,eco_aggregate_total,mts_aggregate_total,2024,53.08
sen,sex_m,eco_aggregate_total,mts_aggregate_x,2019,56.41
sen,sex_m,eco_aggregate_total,mts_details_mrd,2015,51.9
sen,sex_m,eco_aggregate_total,mts_details_mrd,2016,53.36
sen,sex_m,eco_aggregate_total,mts_details_mrd,2019,52.86
sen,sex_m,eco_aggregate_total,mts_details_mrd,2022,50.99
sen,sex_m,eco_aggregate_total,mts_details_mrd,2023,49.79
sen,sex_m,eco_aggregate_total,mts_details_mrd,2024,52.46
sen,sex_m,eco_aggregate_total,mts_details_sep,2015,58.64
sen,sex_m,eco_aggregate_total,mts_details_sep,2016,54.52
sen,sex_m,eco_aggregate_total,mts_details_sep,2019,51.85
sen,sex_m,eco_aggregate_total,mts_details_sep,2022,51.13
sen,sex_m,eco_aggregate_total,mts_details_sep,2023,50.67
sen,sex_m,eco_aggregate_total,mts_details_sep,2024,47.95
sen,sex_m,eco_aggregate_total,mts_details_sgle,2015,56.38
sen,sex_m,eco_aggregate_total,mts_details_sgle,2016,57.14
sen,sex_m,eco_aggregate_total,mts_details_sgle,2019,52.55
sen,sex_m,eco_aggregate_total,mts_details_sgle,2022,51.31
sen,sex_m,eco_aggregate_total,mts_details_sgle,2023,49.99
sen,sex_m,eco_aggregate_total,mts_details_sgle,2024,53.88
sen,sex_m,eco_aggregate_total,mts_details_total,2015,53.68
sen,sex_m,eco_aggregate_total,mts_details_total,2016,55.14
sen,sex_m,eco_aggregate_total,mts_details_total,2019,52.7
sen,sex_m,eco_aggregate_total,mts_details_total,2022,51.16
sen,sex_m,eco_aggregate_total,mts_details_total,2023,49.92
sen,sex_m,eco_aggregate_total,mts_details_total,2024,53.08
sen,sex_m,eco_aggregate_total,mts_details_union,2016,33.59
sen,sex_m,eco_aggregate_total,mts_details_wid,2015,44.94
sen,sex_m,eco_aggregate_total,mts_details_wid,2016,48.7
sen,sex_m,eco_aggregate_total,mts_details_wid,2019,45.98
sen,sex_m,eco_aggregate_total,mts_details_wid,2022,50.26
sen,sex_m,eco_aggregate_total,mts_details_wid,2023,44.9
sen,sex_m,eco_aggregate_total,mts_details_wid,2024,56.67
sen,sex_m,eco_aggregate_total,mts_details_x,2019,56.41
sen,sex_m,eco_sector_agr,mts_aggregate_1,2015,55.02
sen,sex_m,eco_sector_agr,mts_aggregate_1,2016,54.31
sen,sex_m,eco_sector_agr,mts_aggregate_1,2019,55.72
sen,sex_m,eco_sector_agr,mts_aggregate_1,2022,55.21
sen,sex_m,eco_sector_agr,mts_aggregate_1,2023,52.47
sen,sex_m,eco_sector_agr,mts_aggregate_1,2024,55.77
sen,sex_m,eco_sector_agr,mts_aggregate_2,2015,53.64
sen,sex_m,eco_sector_agr,mts_aggregate_2,2016,58.41
sen,sex_m,eco_sector_agr,mts_aggregate_2,2019,51.43
sen,sex_m,eco_sector_agr,mts_aggregate_2,2022,54.73
sen,sex_m,eco_sector_agr,mts_aggregate_2,2023,51.56
sen,sex_m,eco_sector_agr,mts_aggregate_2,2024,57.33
sen,sex_m,eco_sector_agr,mts_aggregate_total,2015,54.11
sen,sex_m,eco_sector_agr,mts_aggregate_total,2016,56.78
sen,sex_m,eco_sector_agr,mts_aggregate_total,2019,53.34
sen,sex_m,eco_sector_agr,mts_aggregate_total,2022,54.96
sen,sex_m,eco_sector_agr,mts_aggregate_total,2023,52.03
sen,sex_m,eco_sector_agr,mts_aggregate_total,2024,56.6
sen,sex_m,eco_sector_agr,mts_details_mrd,2015,53.75
sen,sex_m,eco_sector_agr,mts_details_mrd,2016,58.91
sen,sex_m,eco_sector_agr,mts_details_mrd,2019,51.43
sen,sex_m,eco_sector_agr,mts_details_mrd,2022,54.73
sen,sex_m,eco_sector_agr,mts_details_mrd,2023,51.56
sen,sex_m,eco_sector_agr,mts_details_mrd,2024,57.33
sen,sex_m,eco_sector_agr,mts_details_sep,2015,53.53
sen,sex_m,eco_sector_agr,mts_details_sep,2016,43.76
sen,sex_m,eco_sector_agr,mts_details_sep,2019,49.75
sen,sex_m,eco_sector_agr,mts_details_sep,2024,37.49
sen,sex_m,eco_sector_agr,mts_details_sgle,2015,55.14
sen,sex_m,eco_sector_agr,mts_details_sgle,2016,54.75
sen,sex_m,eco_sector_agr,mts_details_sgle,2019,55.83
sen,sex_m,eco_sector_agr,mts_details_sgle,2022,54.88
sen,sex_m,eco_sector_agr,mts_details_sgle,2023,53.02
sen,sex_m,eco_sector_agr,mts_details_sgle,2024,56.24
sen,sex_m,eco_sector_agr,mts_details_total,2015,54.11
sen,sex_m,eco_sector_agr,mts_details_total,2016,56.78
sen,sex_m,eco_sector_agr,mts_details_total,2019,53.34
sen,sex_m,eco_sector_agr,mts_details_total,2022,54.96
sen,sex_m,eco_sector_agr,mts_details_total,2023,52.03
sen,sex_m,eco_sector_agr,mts_details_total,2024,56.6
sen,sex_m,eco_sector_ind,mts_aggregate_1,2015,53.59
sen,sex_m,eco_sector_ind,mts_aggregate_1,2016,54.53
sen,sex_m,eco_sector_ind,mts_aggregate_1,2019,49.79
sen,sex_m,eco_sector_ind,mts_aggregate_1,2022,47.77
sen,sex_m,eco_sector_ind,mts_aggregate_1,2023,47.75
sen,sex_m,eco_sector_ind,mts_aggregate_1,2024,49.85
sen,sex_m,eco_sector_ind,mts_aggregate_2,2015,51.04
sen,sex_m,eco_sector_ind,mts_aggregate_2,2016,51.49
sen,sex_m,eco_sector_ind,mts_aggregate_2,2019,48.5
sen,sex_m,eco_sector_ind,mts_aggregate_2,2022,46.23
sen,sex_m,eco_sector_ind,mts_aggregate_2,2023,47.7
sen,sex_m,eco_sector_ind,mts_aggregate_2,2024,49.25
sen,sex_m,eco_sector_ind,mts_aggregate_total,2015,52.32
sen,sex_m,eco_sector_ind,mts_aggregate_total,2016,53.37
sen,sex_m,eco_sector_ind,mts_aggregate_total,2019,49.45
sen,sex_m,eco_sector_ind,mts_aggregate_total,2022,47.27
sen,sex_m,eco_sector_ind,mts_aggregate_total,2023,47.74
sen,sex_m,eco_sector_ind,mts_aggregate_total,2024,49.63
sen,sex_m,eco_sector_ind,mts_aggregate_x,2019,57.98
sen,sex_m,eco_sector_ind,mts_details_mrd,2015,51.04
sen,sex_m,eco_sector_ind,mts_details_mrd,2016,51.49
sen,sex_m,eco_sector_ind,mts_details_mrd,2019,48.5
sen,sex_m,eco_sector_ind,mts_details_mrd,2022,46.23
sen,sex_m,eco_sector_ind,mts_details_mrd,2023,47.7
sen,sex_m,eco_sector_ind,mts_details_mrd,2024,49.25
sen,sex_m,eco_sector_ind,mts_details_sep,2015,55.52
sen,sex_m,eco_sector_ind,mts_details_sep,2016,57.55
sen,sex_m,eco_sector_ind,mts_details_sep,2019,55.67
sen,sex_m,eco_sector_ind,mts_details_sep,2022,43
sen,sex_m,eco_sector_ind,mts_details_sep,2023,53.37
sen,sex_m,eco_sector_ind,mts_details_sep,2024,52.5
sen,sex_m,eco_sector_ind,mts_details_sgle,2015,53.66
sen,sex_m,eco_sector_ind,mts_details_sgle,2016,54.52
sen,sex_m,eco_sector_ind,mts_details_sgle,2019,49.72
sen,sex_m,eco_sector_ind,mts_details_sgle,2022,47.92
sen,sex_m,eco_sector_ind,mts_details_sgle,2023,47.7
sen,sex_m,eco_sector_ind,mts_details_sgle,2024,49.79
sen,sex_m,eco_sector_ind,mts_details_total,2015,52.32
sen,sex_m,eco_sector_ind,mts_details_total,2016,53.37
sen,sex_m,eco_sector_ind,mts_details_total,2019,49.45
sen,sex_m,eco_sector_ind,mts_details_total,2022,47.27
sen,sex_m,eco_sector_ind,mts_details_total,2023,47.74
sen,sex_m,eco_sector_ind,mts_details_total,2024,49.63
sen,sex_m,eco_sector_ind,mts_details_x,2019,57.98
sen,sex_m,eco_sector_nag,mts_aggregate_1,2015,56.57
sen,sex_m,eco_sector_nag,mts_aggregate_1,2016,57.28
sen,sex_m,eco_sector_nag,mts_aggregate_1,2019,52.32
sen,sex_m,eco_sector_nag,mts_aggregate_1,2022,51.13
sen,sex_m,eco_sector_nag,mts_aggregate_1,2023,49.85
sen,sex_m,eco_sector_nag,mts_aggregate_1,2024,53.45
sen,sex_m,eco_sector_nag,mts_aggregate_2,2015,51.7
sen,sex_m,eco_sector_nag,mts_aggregate_2,2016,52.66
sen,sex_m,eco_sector_nag,mts_aggregate_2,2019,52.97
sen,sex_m,eco_sector_nag,mts_aggregate_2,2022,50.75
sen,sex_m,eco_sector_nag,mts_aggregate_2,2023,49.69
sen,sex_m,eco_sector_nag,mts_aggregate_2,2024,51.78
sen,sex_m,eco_sector_nag,mts_aggregate_total,2015,53.63
sen,sex_m,eco_sector_nag,mts_aggregate_total,2016,54.97
sen,sex_m,eco_sector_nag,mts_aggregate_total,2019,52.66
sen,sex_m,eco_sector_nag,mts_aggregate_total,2022,50.96
sen,sex_m,eco_sector_nag,mts_aggregate_total,2023,49.78
sen,sex_m,eco_sector_nag,mts_aggregate_total,2024,52.63
sen,sex_m,eco_sector_nag,mts_aggregate_x,2019,57.46
sen,sex_m,eco_sector_nag,mts_details_mrd,2015,51.65
sen,sex_m,eco_sector_nag,mts_details_mrd,2016,52.67
sen,sex_m,eco_sector_nag,mts_details_mrd,2019,52.98
sen,sex_m,eco_sector_nag,mts_details_mrd,2022,50.75
sen,sex_m,eco_sector_nag,mts_details_mrd,2023,49.67
sen,sex_m,eco_sector_nag,mts_details_mrd,2024,51.79
sen,sex_m,eco_sector_nag,mts_details_sep,2015,59.96
sen,sex_m,eco_sector_nag,mts_details_sep,2016,57.06
sen,sex_m,eco_sector_nag,mts_details_sep,2019,52.08
sen,sex_m,eco_sector_nag,mts_details_sep,2022,50.72
sen,sex_m,eco_sector_nag,mts_details_sep,2023,51.43
sen,sex_m,eco_sector_nag,mts_details_sep,2024,48.83
sen,sex_m,eco_sector_nag,mts_details_sgle,2015,56.51
sen,sex_m,eco_sector_nag,mts_details_sgle,2016,57.33
sen,sex_m,eco_sector_nag,mts_details_sgle,2019,52.35
sen,sex_m,eco_sector_nag,mts_details_sgle,2022,51.15
sen,sex_m,eco_sector_nag,mts_details_sgle,2023,49.81
sen,sex_m,eco_sector_nag,mts_details_sgle,2024,53.6
sen,sex_m,eco_sector_nag,mts_details_total,2015,53.63
sen,sex_m,eco_sector_nag,mts_details_total,2016,54.97
sen,sex_m,eco_sector_nag,mts_details_total,2019,52.66
sen,sex_m,eco_sector_nag,mts_details_total,2022,50.96
sen,sex_m,eco_sector_nag,mts_details_total,2023,49.78
sen,sex_m,eco_sector_nag,mts_details_total,2024,52.63
sen,sex_m,eco_sector_nag,mts_details_wid,2015,44.94
sen,sex_m,eco_sector_nag,mts_details_wid,2016,47.24
sen,sex_m,eco_sector_nag,mts_details_wid,2019,39.53
sen,sex_m,eco_sector_nag,mts_details_wid,2022,48.72
sen,sex_m,eco_sector_nag,mts_details_wid,2023,48.59
sen,sex_m,eco_sector_nag,mts_details_wid,2024,56.52
sen,sex_m,eco_sector_nag,mts_details_x,2019,57.46
sen,sex_m,eco_sector_ser,mts_aggregate_1,2015,58.53
sen,sex_m,eco_sector_ser,mts_aggregate_1,2016,59.23
sen,sex_m,eco_sector_ser,mts_aggregate_1,2019,54.64
sen,sex_m,eco_sector_ser,mts_aggregate_1,2022,53.8
sen,sex_m,eco_sector_ser,mts_aggregate_1,2023,51.89
sen,sex_m,eco_sector_ser,mts_aggregate_1,2024,56.82
sen,sex_m,eco_sector_ser,mts_aggregate_2,2015,51.93
sen,sex_m,eco_sector_ser,mts_aggregate_2,2016,53.05
sen,sex_m,eco_sector_ser,mts_aggregate_2,2019,54.99
sen,sex_m,eco_sector_ser,mts_aggregate_2,2022,52.32
sen,sex_m,eco_sector_ser,mts_aggregate_2,2023,50.44
sen,sex_m,eco_sector_ser,mts_aggregate_2,2024,52.79
sen,sex_m,eco_sector_ser,mts_aggregate_total,2015,54.23
sen,sex_m,eco_sector_ser,mts_aggregate_total,2016,55.77
sen,sex_m,eco_sector_ser,mts_aggregate_total,2019,54.82
sen,sex_m,eco_sector_ser,mts_aggregate_total,2022,53.03
sen,sex_m,eco_sector_ser,mts_aggregate_total,2023,51.1
sen,sex_m,eco_sector_ser,mts_aggregate_total,2024,54.51
sen,sex_m,eco_sector_ser,mts_aggregate_x,2019,53.48
sen,sex_m,eco_sector_ser,mts_details_mrd,2015,51.86
sen,sex_m,eco_sector_ser,mts_details_mrd,2016,53.07
sen,sex_m,eco_sector_ser,mts_details_mrd,2019,54.99
sen,sex_m,eco_sector_ser,mts_details_mrd,2022,52.32
sen,sex_m,eco_sector_ser,mts_details_mrd,2023,50.41
sen,sex_m,eco_sector_ser,mts_details_mrd,2024,52.79
sen,sex_m,eco_sector_ser,mts_details_sep,2015,60.78
sen,sex_m,eco_sector_ser,mts_details_sep,2016,56.96
sen,sex_m,eco_sector_ser,mts_details_sep,2019,50.65
sen,sex_m,eco_sector_ser,mts_details_sep,2022,53.14
sen,sex_m,eco_sector_ser,mts_details_sep,2023,51.01
sen,sex_m,eco_sector_ser,mts_details_sep,2024,46.7
sen,sex_m,eco_sector_ser,mts_details_sgle,2015,58.45
sen,sex_m,eco_sector_ser,mts_details_sgle,2016,59.36
sen,sex_m,eco_sector_ser,mts_details_sgle,2019,54.79
sen,sex_m,eco_sector_ser,mts_details_sgle,2022,53.8
sen,sex_m,eco_sector_ser,mts_details_sgle,2023,51.93
sen,sex_m,eco_sector_ser,mts_details_sgle,2024,57.25
sen,sex_m,eco_sector_ser,mts_details_total,2015,54.23
sen,sex_m,eco_sector_ser,mts_details_total,2016,55.77
sen,sex_m,eco_sector_ser,mts_details_total,2019,54.82
sen,sex_m,eco_sector_ser,mts_details_total,2022,53.03
sen,sex_m,eco_sector_ser,mts_details_total,2023,51.1
sen,sex_m,eco_sector_ser,mts_details_total,2024,54.51
sen,sex_m,eco_sector_ser,mts_details_wid,2016,47.13
sen,sex_m,eco_sector_ser,mts_details_wid,2019,29.69
sen,sex_m,eco_sector_ser,mts_details_wid,2022,67.15
sen,sex_m,eco_sector_ser,mts_details_wid,2023,50.12
sen,sex_m,eco_sector_ser,mts_details_wid,2024,61.58
sen,sex_m,eco_sector_ser,mts_details_x,2019,53.48
sen,sex_m,eco_sector_total,mts_aggregate_1,2015,56.41
sen,sex_m,eco_sector_total,mts_aggregate_1,2016,57.05
sen,sex_m,eco_sector_total,mts_aggregate_1,2019,52.52
sen,sex_m,eco_sector_total,mts_aggregate_1,2022,51.31
sen,sex_m,eco_sector_total,mts_aggregate_1,2023,50
sen,sex_m,eco_sector_total,mts_aggregate_1,2024,53.69
sen,sex_m,eco_sector_total,mts_aggregate_2,2015,51.93
sen,sex_m,eco_sector_total,mts_aggregate_2,2016,53.3
sen,sex_m,eco_sector_total,mts_aggregate_2,2019,52.86
sen,sex_m,eco_sector_total,mts_aggregate_2,2022,50.99
sen,sex_m,eco_sector_total,mts_aggregate_2,2023,49.81
sen,sex_m,eco_sector_total,mts_aggregate_2,2024,52.46
sen,sex_m,eco_sector_total,mts_aggregate_total,2015,53.68
sen,sex_m,eco_sector_total,mts_aggregate_total,2016,55.14
sen,sex_m,eco_sector_total,mts_aggregate_total,2019,52.7
sen,sex_m,eco_sector_total,mts_aggregate_total,2022,51.16
sen,sex_m,eco_sector_total,mts_aggregate_total,2023,49.92
sen,sex_m,eco_sector_total,mts_aggregate_total,2024,53.08
sen,sex_m,eco_sector_total,mts_aggregate_x,2019,56.41
sen,sex_m,eco_sector_total,mts_details_mrd,2015,51.9
sen,sex_m,eco_sector_total,mts_details_mrd,2016,53.36
sen,sex_m,eco_sector_total,mts_details_mrd,2019,52.86
sen,sex_m,eco_sector_total,mts_details_mrd,2022,50.99
sen,sex_m,eco_sector_total,mts_details_mrd,2023,49.79
sen,sex_m,eco_sector_total,mts_details_mrd,2024,52.46
sen,sex_m,eco_sector_total,mts_details_sep,2015,58.64
sen,sex_m,eco_sector_total,mts_details_sep,2016,54.52
sen,sex_m,eco_sector_total,mts_details_sep,2019,51.85
sen,sex_m,eco_sector_total,mts_details_sep,2022,51.13
sen,sex_m,eco_sector_total,mts_details_sep,2023,50.67
sen,sex_m,eco_sector_total,mts_details_sep,2024,47.95
sen,sex_m,eco_sector_total,mts_details_sgle,2015,56.38
sen,sex_m,eco_sector_total,mts_details_sgle,2016,57.14
sen,sex_m,eco_sector_total,mts_details_sgle,2019,52.55
sen,sex_m,eco_sector_total,mts_details_sgle,2022,51.31
sen,sex_m,eco_sector_total,mts_details_sgle,2023,49.99
sen,sex_m,eco_sector_total,mts_details_sgle,2024,53.88
sen,sex_m,eco_sector_total,mts_details_total,2015,53.68
sen,sex_m,eco_sector_total,mts_details_total,2016,55.14
sen,sex_m,eco_sector_total,mts_details_total,2019,52.7
sen,sex_m,eco_sector_total,mts_details_total,2022,51.16
sen,sex_m,eco_sector_total,mts_details_total,2023,49.92
sen,sex_m,eco_sector_total,mts_details_total,2024,53.08
sen,sex_m,eco_sector_total,mts_details_union,2016,33.59
sen,sex_m,eco_sector_total,mts_details_wid,2015,44.94
sen,sex_m,eco_sector_total,mts_details_wid,2016,48.7
sen,sex_m,eco_sector_total,mts_details_wid,2019,45.98
sen,sex_m,eco_sector_total,mts_details_wid,2022,50.26
sen,sex_m,eco_sector_total,mts_details_wid,2023,44.9
sen,sex_m,eco_sector_total,mts_details_wid,2024,56.67
sen,sex_m,eco_sector_total,mts_details_x,2019,56.41
sen,sex_t,eco_aggregate_agr,mts_aggregate_1,2015,54.17
sen,sex_t,eco_aggregate_agr,mts_aggregate_1,2016,53.61
sen,sex_t,eco_aggregate_agr,mts_aggregate_1,2019,55.3
sen,sex_t,eco_aggregate_agr,mts_aggregate_1,2022,53.12
sen,sex_t,eco_aggregate_agr,mts_aggregate_1,2023,51.52
sen,sex_t,eco_aggregate_agr,mts_aggregate_1,2024,52.85
sen,sex_t,eco_aggregate_agr,mts_aggregate_2,2015,52.46
sen,sex_t,eco_aggregate_agr,mts_aggregate_2,2016,54.19
sen,sex_t,eco_aggregate_agr,mts_aggregate_2,2019,48.15
sen,sex_t,eco_aggregate_agr,mts_aggregate_2,2022,49.34
sen,sex_t,eco_aggregate_agr,mts_aggregate_2,2023,48.64
sen,sex_t,eco_aggregate_agr,mts_aggregate_2,2024,51.73
sen,sex_t,eco_aggregate_agr,mts_aggregate_total,2015,53
sen,sex_t,eco_aggregate_agr,mts_aggregate_total,2016,53.98
sen,sex_t,eco_aggregate_agr,mts_aggregate_total,2019,51.06
sen,sex_t,eco_aggregate_agr,mts_aggregate_total,2022,50.88
sen,sex_t,eco_aggregate_agr,mts_aggregate_total,2023,50
sen,sex_t,eco_aggregate_agr,mts_aggregate_total,2024,52.22
sen,sex_t,eco_aggregate_agr,mts_details_mrd,2015,52.55
sen,sex_t,eco_aggregate_agr,mts_details_mrd,2016,54.73
sen,sex_t,eco_aggregate_agr,mts_details_mrd,2019,48.15
sen,sex_t,eco_aggregate_agr,mts_details_mrd,2022,49.34
sen,sex_t,eco_aggregate_agr,mts_details_mrd,2023,48.64
sen,sex_t,eco_aggregate_agr,mts_details_mrd,2024,51.73
sen,sex_t,eco_aggregate_agr,mts_details_sep,2015,51.14
sen,sex_t,eco_aggregate_agr,mts_details_sep,2016,43.76
sen,sex_t,eco_aggregate_agr,mts_details_sep,2019,49.52
sen,sex_t,eco_aggregate_agr,mts_details_sep,2022,56.09
sen,sex_t,eco_aggregate_agr,mts_details_sep,2023,42.46
sen,sex_t,eco_aggregate_agr,mts_details_sep,2024,33.98
sen,sex_t,eco_aggregate_agr,mts_details_sgle,2015,54.42
sen,sex_t,eco_aggregate_agr,mts_details_sgle,2016,54.36
sen,sex_t,eco_aggregate_agr,mts_details_sgle,2019,55.3
sen,sex_t,eco_aggregate_agr,mts_details_sgle,2022,53.58
sen,sex_t,eco_aggregate_agr,mts_details_sgle,2023,52.3
sen,sex_t,eco_aggregate_agr,mts_details_sgle,2024,54.63
sen,sex_t,eco_aggregate_agr,mts_details_total,2015,53
sen,sex_t,eco_aggregate_agr,mts_details_total,2016,53.98
sen,sex_t,eco_aggregate_agr,mts_details_total,2019,51.06
sen,sex_t,eco_aggregate_agr,mts_details_total,2022,50.88
sen,sex_t,eco_aggregate_agr,mts_details_total,2023,50
sen,sex_t,eco_aggregate_agr,mts_details_total,2024,52.22
sen,sex_t,eco_aggregate_agr,mts_details_union,2016,15.88
sen,sex_t,eco_aggregate_agr,mts_details_wid,2016,48.63
sen,sex_t,eco_aggregate_agr,mts_details_wid,2019,60.81
sen,sex_t,eco_aggregate_agr,mts_details_wid,2022,36.23
sen,sex_t,eco_aggregate_agr,mts_details_wid,2023,38.15
sen,sex_t,eco_aggregate_agr,mts_details_wid,2024,43.39
sen,sex_t,eco_aggregate_con,mts_aggregate_1,2015,53.35
sen,sex_t,eco_aggregate_con,mts_aggregate_1,2016,51.93
sen,sex_t,eco_aggregate_con,mts_aggregate_1,2019,45.77
sen,sex_t,eco_aggregate_con,mts_aggregate_1,2022,44.71
sen,sex_t,eco_aggregate_con,mts_aggregate_1,2023,45.02
sen,sex_t,eco_aggregate_con,mts_aggregate_1,2024,47.57
sen,sex_t,eco_aggregate_con,mts_aggregate_2,2015,51.2
sen,sex_t,eco_aggregate_con,mts_aggregate_2,2016,50.95
sen,sex_t,eco_aggregate_con,mts_aggregate_2,2019,47.39
sen,sex_t,eco_aggregate_con,mts_aggregate_2,2022,44.87
sen,sex_t,eco_aggregate_con,mts_aggregate_2,2023,45.61
sen,sex_t,eco_aggregate_con,mts_aggregate_2,2024,48.6
sen,sex_t,eco_aggregate_con,mts_aggregate_total,2015,52.33
sen,sex_t,eco_aggregate_con,mts_aggregate_total,2016,51.48
sen,sex_t,eco_aggregate_con,mts_aggregate_total,2019,46.42
sen,sex_t,eco_aggregate_con,mts_aggregate_total,2022,44.77
sen,sex_t,eco_aggregate_con,mts_aggregate_total,2023,45.23
sen,sex_t,eco_aggregate_con,mts_aggregate_total,2024,47.99
sen,sex_t,eco_aggregate_con,mts_details_mrd,2015,51.2
sen,sex_t,eco_aggregate_con,mts_details_mrd,2016,50.95
sen,sex_t,eco_aggregate_con,mts_details_mrd,2019,47.39
sen,sex_t,eco_aggregate_con,mts_details_mrd,2022,44.87
sen,sex_t,eco_aggregate_con,mts_details_mrd,2023,45.61
sen,sex_t,eco_aggregate_con,mts_details_mrd,2024,48.6
sen,sex_t,eco_aggregate_con,mts_details_sep,2015,54.84
sen,sex_t,eco_aggregate_con,mts_details_sep,2019,46.19
sen,sex_t,eco_aggregate_con,mts_details_sep,2022,40.57
sen,sex_t,eco_aggregate_con,mts_details_sep,2023,53.65
sen,sex_t,eco_aggregate_con,mts_details_sep,2024,49.58
sen,sex_t,eco_aggregate_con,mts_details_sgle,2015,53.42
sen,sex_t,eco_aggregate_con,mts_details_sgle,2016,51.96
sen,sex_t,eco_aggregate_con,mts_details_sgle,2019,45.72
sen,sex_t,eco_aggregate_con,mts_details_sgle,2022,44.91
sen,sex_t,eco_aggregate_con,mts_details_sgle,2023,44.93
sen,sex_t,eco_aggregate_con,mts_details_sgle,2024,47.48
sen,sex_t,eco_aggregate_con,mts_details_total,2015,52.33
sen,sex_t,eco_aggregate_con,mts_details_total,2016,51.48
sen,sex_t,eco_aggregate_con,mts_details_total,2019,46.42
sen,sex_t,eco_aggregate_con,mts_details_total,2022,44.77
sen,sex_t,eco_aggregate_con,mts_details_total,2023,45.23
sen,sex_t,eco_aggregate_con,mts_details_total,2024,47.99
sen,sex_t,eco_aggregate_man,mts_aggregate_1,2015,53.45
sen,sex_t,eco_aggregate_man,mts_aggregate_1,2016,54.59
sen,sex_t,eco_aggregate_man,mts_aggregate_1,2019,51.13
sen,sex_t,eco_aggregate_man,mts_aggregate_1,2022,49.62
sen,sex_t,eco_aggregate_man,mts_aggregate_1,2023,49.13
sen,sex_t,eco_aggregate_man,mts_aggregate_1,2024,49.95
sen,sex_t,eco_aggregate_man,mts_aggregate_2,2015,48.59
sen,sex_t,eco_aggregate_man,mts_aggregate_2,2016,50.31
sen,sex_t,eco_aggregate_man,mts_aggregate_2,2019,49.7
sen,sex_t,eco_aggregate_man,mts_aggregate_2,2022,45.48
sen,sex_t,eco_aggregate_man,mts_aggregate_2,2023,46.96
sen,sex_t,eco_aggregate_man,mts_aggregate_2,2024,48.7
sen,sex_t,eco_aggregate_man,mts_aggregate_total,2015,51.34
sen,sex_t,eco_aggregate_man,mts_aggregate_total,2016,53.53
sen,sex_t,eco_aggregate_man,mts_aggregate_total,2019,50.91
sen,sex_t,eco_aggregate_man,mts_aggregate_total,2022,48.62
sen,sex_t,eco_aggregate_man,mts_aggregate_total,2023,48.61
sen,sex_t,eco_aggregate_man,mts_aggregate_total,2024,49.63
sen,sex_t,eco_aggregate_man,mts_aggregate_x,2019,58.24
sen,sex_t,eco_aggregate_man,mts_details_mrd,2015,48.59
sen,sex_t,eco_aggregate_man,mts_details_mrd,2016,50.31
sen,sex_t,eco_aggregate_man,mts_details_mrd,2019,49.7
sen,sex_t,eco_aggregate_man,mts_details_mrd,2022,45.48
sen,sex_t,eco_aggregate_man,mts_details_mrd,2023,46.96
sen,sex_t,eco_aggregate_man,mts_details_mrd,2024,48.7
sen,sex_t,eco_aggregate_man,mts_details_sep,2019,51.02
sen,sex_t,eco_aggregate_man,mts_details_sep,2022,45.74
sen,sex_t,eco_aggregate_man,mts_details_sep,2023,50.84
sen,sex_t,eco_aggregate_man,mts_details_sep,2024,44.57
sen,sex_t,eco_aggregate_man,mts_details_sgle,2015,53.43
sen,sex_t,eco_aggregate_man,mts_details_sgle,2016,54.61
sen,sex_t,eco_aggregate_man,mts_details_sgle,2019,51.11
sen,sex_t,eco_aggregate_man,mts_details_sgle,2022,49.68
sen,sex_t,eco_aggregate_man,mts_details_sgle,2023,49.1
sen,sex_t,eco_aggregate_man,mts_details_sgle,2024,50.09
sen,sex_t,eco_aggregate_man,mts_details_total,2015,51.34
sen,sex_t,eco_aggregate_man,mts_details_total,2016,53.53
sen,sex_t,eco_aggregate_man,mts_details_total,2019,50.91
sen,sex_t,eco_aggregate_man,mts_details_total,2022,48.62
sen,sex_t,eco_aggregate_man,mts_details_total,2023,48.61
sen,sex_t,eco_aggregate_man,mts_details_total,2024,49.63
sen,sex_t,eco_aggregate_man,mts_details_wid,2019,53.13
sen,sex_t,eco_aggregate_man,mts_details_wid,2022,49.9
sen,sex_t,eco_aggregate_man,mts_details_x,2019,58.24
sen,sex_t,eco_aggregate_mel,mts_aggregate_1,2015,57.82
sen,sex_t,eco_aggregate_mel,mts_aggregate_1,2016,47.76
sen,sex_t,eco_aggregate_mel,mts_aggregate_1,2019,48.61
sen,sex_t,eco_aggregate_mel,mts_aggregate_1,2022,44.86
sen,sex_t,eco_aggregate_mel,mts_aggregate_1,2023,43.3
sen,sex_t,eco_aggregate_mel,mts_aggregate_1,2024,47.24
sen,sex_t,eco_aggregate_mel,mts_aggregate_2,2015,50.24
sen,sex_t,eco_aggregate_mel,mts_aggregate_2,2016,51.53
sen,sex_t,eco_aggregate_mel,mts_aggregate_2,2019,46.07
sen,sex_t,eco_aggregate_mel,mts_aggregate_2,2022,46.19
sen,sex_t,eco_aggregate_mel,mts_aggregate_2,2023,52.24
sen,sex_t,eco_aggregate_mel,mts_aggregate_2,2024,49.95
sen,sex_t,eco_aggregate_mel,mts_aggregate_total,2015,51.49
sen,sex_t,eco_aggregate_mel,mts_aggregate_total,2016,50.26
sen,sex_t,eco_aggregate_mel,mts_aggregate_total,2019,47.09
sen,sex_t,eco_aggregate_mel,mts_aggregate_total,2022,45.72
sen,sex_t,eco_aggregate_mel,mts_aggregate_total,2023,48.55
sen,sex_t,eco_aggregate_mel,mts_aggregate_total,2024,48.86
sen,sex_t,eco_aggregate_mel,mts_details_mrd,2015,50.24
sen,sex_t,eco_aggregate_mel,mts_details_mrd,2016,51.53
sen,sex_t,eco_aggregate_mel,mts_details_mrd,2019,46.07
sen,sex_t,eco_aggregate_mel,mts_details_mrd,2022,46.19
sen,sex_t,eco_aggregate_mel,mts_details_mrd,2023,52.24
sen,sex_t,eco_aggregate_mel,mts_details_mrd,2024,49.95
sen,sex_t,eco_aggregate_mel,mts_details_sgle,2015,57.82
sen,sex_t,eco_aggregate_mel,mts_details_sgle,2016,48.38
sen,sex_t,eco_aggregate_mel,mts_details_sgle,2019,48.67
sen,sex_t,eco_aggregate_mel,mts_details_sgle,2022,45.3
sen,sex_t,eco_aggregate_mel,mts_details_sgle,2023,43.35
sen,sex_t,eco_aggregate_mel,mts_details_sgle,2024,46.98
sen,sex_t,eco_aggregate_mel,mts_details_total,2015,51.49
sen,sex_t,eco_aggregate_mel,mts_details_total,2016,50.26
sen,sex_t,eco_aggregate_mel,mts_details_total,2019,47.09
sen,sex_t,eco_aggregate_mel,mts_details_total,2022,45.72
sen,sex_t,eco_aggregate_mel,mts_details_total,2023,48.55
sen,sex_t,eco_aggregate_mel,mts_details_total,2024,48.86
sen,sex_t,eco_aggregate_mkt,mts_aggregate_1,2015,59.07
sen,sex_t,eco_aggregate_mkt,mts_aggregate_1,2016,61.3
sen,sex_t,eco_aggregate_mkt,mts_aggregate_1,2019,55.13
sen,sex_t,eco_aggregate_mkt,mts_aggregate_1,2022,52.64
sen,sex_t,eco_aggregate_mkt,mts_aggregate_1,2023,52.84
sen,sex_t,eco_aggregate_mkt,mts_aggregate_1,2024,57.9
sen,sex_t,eco_aggregate_mkt,mts_aggregate_2,2015,53.25
sen,sex_t,eco_aggregate_mkt,mts_aggregate_2,2016,57.58
sen,sex_t,eco_aggregate_mkt,mts_aggregate_2,2019,56.87
sen,sex_t,eco_aggregate_mkt,mts_aggregate_2,2022,52.82
sen,sex_t,eco_aggregate_mkt,mts_aggregate_2,2023,52.08
sen,sex_t,eco_aggregate_mkt,mts_aggregate_2,2024,55.17
sen,sex_t,eco_aggregate_mkt,mts_aggregate_total,2015,55.59
sen,sex_t,eco_aggregate_mkt,mts_aggregate_total,2016,59.55
sen,sex_t,eco_aggregate_mkt,mts_aggregate_total,2019,55.86
sen,sex_t,eco_aggregate_mkt,mts_aggregate_total,2022,52.72
sen,sex_t,eco_aggregate_mkt,mts_aggregate_total,2023,52.47
sen,sex_t,eco_aggregate_mkt,mts_aggregate_total,2024,56.6
sen,sex_t,eco_aggregate_mkt,mts_aggregate_x,2019,42.17
sen,sex_t,eco_aggregate_mkt,mts_details_mrd,2015,53.23
sen,sex_t,eco_aggregate_mkt,mts_details_mrd,2016,57.65
sen,sex_t,eco_aggregate_mkt,mts_details_mrd,2019,56.89
sen,sex_t,eco_aggregate_mkt,mts_details_mrd,2022,52.82
sen,sex_t,eco_aggregate_mkt,mts_details_mrd,2023,52.04
sen,sex_t,eco_aggregate_mkt,mts_details_mrd,2024,55.15
sen,sex_t,eco_aggregate_mkt,mts_details_sep,2015,51.14
sen,sex_t,eco_aggregate_mkt,mts_details_sep,2016,52.29
sen,sex_t,eco_aggregate_mkt,mts_details_sep,2019,48.99
sen,sex_t,eco_aggregate_mkt,mts_details_sep,2022,46.58
sen,sex_t,eco_aggregate_mkt,mts_details_sep,2023,46.33
sen,sex_t,eco_aggregate_mkt,mts_details_sep,2024,44.48
sen,sex_t,eco_aggregate_mkt,mts_details_sgle,2015,59.96
sen,sex_t,eco_aggregate_mkt,mts_details_sgle,2016,61.84
sen,sex_t,eco_aggregate_mkt,mts_details_sgle,2019,55.52
sen,sex_t,eco_aggregate_mkt,mts_details_sgle,2022,52.95
sen,sex_t,eco_aggregate_mkt,mts_details_sgle,2023,53.31
sen,sex_t,eco_aggregate_mkt,mts_details_sgle,2024,58.92
sen,sex_t,eco_aggregate_mkt,mts_details_total,2015,55.59
sen,sex_t,eco_aggregate_mkt,mts_details_total,2016,59.55
sen,sex_t,eco_aggregate_mkt,mts_details_total,2019,55.86
sen,sex_t,eco_aggregate_mkt,mts_details_total,2022,52.72
sen,sex_t,eco_aggregate_mkt,mts_details_total,2023,52.47
sen,sex_t,eco_aggregate_mkt,mts_details_total,2024,56.6
sen,sex_t,eco_aggregate_mkt,mts_details_wid,2015,47.29
sen,sex_t,eco_aggregate_mkt,mts_details_wid,2016,51.05
sen,sex_t,eco_aggregate_mkt,mts_details_wid,2019,46.68
sen,sex_t,eco_aggregate_mkt,mts_details_wid,2022,53.37
sen,sex_t,eco_aggregate_mkt,mts_details_wid,2023,46.5
sen,sex_t,eco_aggregate_mkt,mts_details_wid,2024,44.52
sen,sex_t,eco_aggregate_mkt,mts_details_x,2019,42.17
sen,sex_t,eco_aggregate_pub,mts_aggregate_1,2015,55.07
sen,sex_t,eco_aggregate_pub,mts_aggregate_1,2016,52.49
sen,sex_t,eco_aggregate_pub,mts_aggregate_1,2019,50.1
sen,sex_t,eco_aggregate_pub,mts_aggregate_1,2022,52.15
sen,sex_t,eco_aggregate_pub,mts_aggregate_1,2023,50.49
sen,sex_t,eco_aggregate_pub,mts_aggregate_1,2024,49.64
sen,sex_t,eco_aggregate_pub,mts_aggregate_2,2015,47.62
sen,sex_t,eco_aggregate_pub,mts_aggregate_2,2016,46.49
sen,sex_t,eco_aggregate_pub,mts_aggregate_2,2019,47.73
sen,sex_t,eco_aggregate_pub,mts_aggregate_2,2022,46.89
sen,sex_t,eco_aggregate_pub,mts_aggregate_2,2023,44
sen,sex_t,eco_aggregate_pub,mts_aggregate_2,2024,46.64
sen,sex_t,eco_aggregate_pub,mts_aggregate_total,2015,50.87
sen,sex_t,eco_aggregate_pub,mts_aggregate_total,2016,49.18
sen,sex_t,eco_aggregate_pub,mts_aggregate_total,2019,48.83
sen,sex_t,eco_aggregate_pub,mts_aggregate_total,2022,49.29
sen,sex_t,eco_aggregate_pub,mts_aggregate_total,2023,46.97
sen,sex_t,eco_aggregate_pub,mts_aggregate_total,2024,47.81
sen,sex_t,eco_aggregate_pub,mts_aggregate_x,2019,50.84
sen,sex_t,eco_aggregate_pub,mts_details_mrd,2015,47.55
sen,sex_t,eco_aggregate_pub,mts_details_mrd,2016,46.48
sen,sex_t,eco_aggregate_pub,mts_details_mrd,2019,47.73
sen,sex_t,eco_aggregate_pub,mts_details_mrd,2022,46.89
sen,sex_t,eco_aggregate_pub,mts_details_mrd,2023,44
sen,sex_t,eco_aggregate_pub,mts_details_mrd,2024,46.64
sen,sex_t,eco_aggregate_pub,mts_details_sep,2015,52.14
sen,sex_t,eco_aggregate_pub,mts_details_sep,2016,45.94
sen,sex_t,eco_aggregate_pub,mts_details_sep,2019,47
sen,sex_t,eco_aggregate_pub,mts_details_sep,2022,48.75
sen,sex_t,eco_aggregate_pub,mts_details_sep,2023,49.78
sen,sex_t,eco_aggregate_pub,mts_details_sep,2024,42.91
sen,sex_t,eco_aggregate_pub,mts_details_sgle,2015,55.39
sen,sex_t,eco_aggregate_pub,mts_details_sgle,2016,53.52
sen,sex_t,eco_aggregate_pub,mts_details_sgle,2019,50.87
sen,sex_t,eco_aggregate_pub,mts_details_sgle,2022,52.94
sen,sex_t,eco_aggregate_pub,mts_details_sgle,2023,50.93
sen,sex_t,eco_aggregate_pub,mts_details_sgle,2024,50.78
sen,sex_t,eco_aggregate_pub,mts_details_total,2015,50.87
sen,sex_t,eco_aggregate_pub,mts_details_total,2016,49.18
sen,sex_t,eco_aggregate_pub,mts_details_total,2019,48.83
sen,sex_t,eco_aggregate_pub,mts_details_total,2022,49.29
sen,sex_t,eco_aggregate_pub,mts_details_total,2023,46.97
sen,sex_t,eco_aggregate_pub,mts_details_total,2024,47.81
sen,sex_t,eco_aggregate_pub,mts_details_wid,2015,53.82
sen,sex_t,eco_aggregate_pub,mts_details_wid,2016,39.39
sen,sex_t,eco_aggregate_pub,mts_details_wid,2019,35.65
sen,sex_t,eco_aggregate_pub,mts_details_wid,2022,39.26
sen,sex_t,eco_aggregate_pub,mts_details_wid,2023,39.21
sen,sex_t,eco_aggregate_pub,mts_details_wid,2024,46.92
sen,sex_t,eco_aggregate_pub,mts_details_x,2019,50.84
sen,sex_t,eco_aggregate_total,mts_aggregate_1,2015,55.66
sen,sex_t,eco_aggregate_total,mts_aggregate_1,2016,55.18
sen,sex_t,eco_aggregate_total,mts_aggregate_1,2019,51.33
sen,sex_t,eco_aggregate_total,mts_aggregate_1,2022,50.57
sen,sex_t,eco_aggregate_total,mts_aggregate_1,2023,49.83
sen,sex_t,eco_aggregate_total,mts_aggregate_1,2024,51.9
sen,sex_t,eco_aggregate_total,mts_aggregate_2,2015,50.23
sen,sex_t,eco_aggregate_total,mts_aggregate_2,2016,50.9
sen,sex_t,eco_aggregate_total,mts_aggregate_2,2019,50.27
sen,sex_t,eco_aggregate_total,mts_aggregate_2,2022,48.35
sen,sex_t,eco_aggregate_total,mts_aggregate_2,2023,47.05
sen,sex_t,eco_aggregate_total,mts_aggregate_2,2024,49.82
sen,sex_t,eco_aggregate_total,mts_aggregate_total,2015,52.55
sen,sex_t,eco_aggregate_total,mts_aggregate_total,2016,53.06
sen,sex_t,eco_aggregate_total,mts_aggregate_total,2019,50.85
sen,sex_t,eco_aggregate_total,mts_aggregate_total,2022,49.55
sen,sex_t,eco_aggregate_total,mts_aggregate_total,2023,48.55
sen,sex_t,eco_aggregate_total,mts_aggregate_total,2024,50.86
sen,sex_t,eco_aggregate_total,mts_aggregate_x,2019,52.28
sen,sex_t,eco_aggregate_total,mts_details_mrd,2015,50.2
sen,sex_t,eco_aggregate_total,mts_details_mrd,2016,50.96
sen,sex_t,eco_aggregate_total,mts_details_mrd,2019,50.28
sen,sex_t,eco_aggregate_total,mts_details_mrd,2022,48.35
sen,sex_t,eco_aggregate_total,mts_details_mrd,2023,47.03
sen,sex_t,eco_aggregate_total,mts_details_mrd,2024,49.81
sen,sex_t,eco_aggregate_total,mts_details_sep,2015,51.84
sen,sex_t,eco_aggregate_total,mts_details_sep,2016,47.94
sen,sex_t,eco_aggregate_total,mts_details_sep,2019,47.83
sen,sex_t,eco_aggregate_total,mts_details_sep,2022,47.59
sen,sex_t,eco_aggregate_total,mts_details_sep,2023,48.79
sen,sex_t,eco_aggregate_total,mts_details_sep,2024,43.31
sen,sex_t,eco_aggregate_total,mts_details_sgle,2015,56.01
sen,sex_t,eco_aggregate_total,mts_details_sgle,2016,55.78
sen,sex_t,eco_aggregate_total,mts_details_sgle,2019,51.64
sen,sex_t,eco_aggregate_total,mts_details_sgle,2022,50.89
sen,sex_t,eco_aggregate_total,mts_details_sgle,2023,50.03
sen,sex_t,eco_aggregate_total,mts_details_sgle,2024,52.68
sen,sex_t,eco_aggregate_total,mts_details_total,2015,52.55
sen,sex_t,eco_aggregate_total,mts_details_total,2016,53.06
sen,sex_t,eco_aggregate_total,mts_details_total,2019,50.85
sen,sex_t,eco_aggregate_total,mts_details_total,2022,49.55
sen,sex_t,eco_aggregate_total,mts_details_total,2023,48.55
sen,sex_t,eco_aggregate_total,mts_details_total,2024,50.86
sen,sex_t,eco_aggregate_total,mts_details_union,2016,31.87
sen,sex_t,eco_aggregate_total,mts_details_union,2019,48.62
sen,sex_t,eco_aggregate_total,mts_details_wid,2015,52.35
sen,sex_t,eco_aggregate_total,mts_details_wid,2016,43.19
sen,sex_t,eco_aggregate_total,mts_details_wid,2019,43.79
sen,sex_t,eco_aggregate_total,mts_details_wid,2022,41.06
sen,sex_t,eco_aggregate_total,mts_details_wid,2023,40.91
sen,sex_t,eco_aggregate_total,mts_details_wid,2024,46.34
sen,sex_t,eco_aggregate_total,mts_details_x,2019,52.28
sen,sex_t,eco_sector_agr,mts_aggregate_1,2015,54.17
sen,sex_t,eco_sector_agr,mts_aggregate_1,2016,53.61
sen,sex_t,eco_sector_agr,mts_aggregate_1,2019,55.3
sen,sex_t,eco_sector_agr,mts_aggregate_1,2022,53.12
sen,sex_t,eco_sector_agr,mts_aggregate_1,2023,51.52
sen,sex_t,eco_sector_agr,mts_aggregate_1,2024,52.85
sen,sex_t,eco_sector_agr,mts_aggregate_2,2015,52.46
sen,sex_t,eco_sector_agr,mts_aggregate_2,2016,54.19
sen,sex_t,eco_sector_agr,mts_aggregate_2,2019,48.15
sen,sex_t,eco_sector_agr,mts_aggregate_2,2022,49.34
sen,sex_t,eco_sector_agr,mts_aggregate_2,2023,48.64
sen,sex_t,eco_sector_agr,mts_aggregate_2,2024,51.73
sen,sex_t,eco_sector_agr,mts_aggregate_total,2015,53
sen,sex_t,eco_sector_agr,mts_aggregate_total,2016,53.98
sen,sex_t,eco_sector_agr,mts_aggregate_total,2019,51.06
sen,sex_t,eco_sector_agr,mts_aggregate_total,2022,50.88
sen,sex_t,eco_sector_agr,mts_aggregate_total,2023,50
sen,sex_t,eco_sector_agr,mts_aggregate_total,2024,52.22
sen,sex_t,eco_sector_agr,mts_details_mrd,2015,52.55
sen,sex_t,eco_sector_agr,mts_details_mrd,2016,54.73
sen,sex_t,eco_sector_agr,mts_details_mrd,2019,48.15
sen,sex_t,eco_sector_agr,mts_details_mrd,2022,49.34
sen,sex_t,eco_sector_agr,mts_details_mrd,2023,48.64
sen,sex_t,eco_sector_agr,mts_details_mrd,2024,51.73
sen,sex_t,eco_sector_agr,mts_details_sep,2015,51.14
sen,sex_t,eco_sector_agr,mts_details_sep,2016,43.76
sen,sex_t,eco_sector_agr,mts_details_sep,2019,49.52
sen,sex_t,eco_sector_agr,mts_details_sep,2022,56.09
sen,sex_t,eco_sector_agr,mts_details_sep,2023,42.46
sen,sex_t,eco_sector_agr,mts_details_sep,2024,33.98
sen,sex_t,eco_sector_agr,mts_details_sgle,2015,54.42
sen,sex_t,eco_sector_agr,mts_details_sgle,2016,54.36
sen,sex_t,eco_sector_agr,mts_details_sgle,2019,55.3
sen,sex_t,eco_sector_agr,mts_details_sgle,2022,53.58
sen,sex_t,eco_sector_agr,mts_details_sgle,2023,52.3
sen,sex_t,eco_sector_agr,mts_details_sgle,2024,54.63
sen,sex_t,eco_sector_agr,mts_details_total,2015,53
sen,sex_t,eco_sector_agr,mts_details_total,2016,53.98
sen,sex_t,eco_sector_agr,mts_details_total,2019,51.06
sen,sex_t,eco_sector_agr,mts_details_total,2022,50.88
sen,sex_t,eco_sector_agr,mts_details_total,2023,50
sen,sex_t,eco_sector_agr,mts_details_total,2024,52.22
sen,sex_t,eco_sector_agr,mts_details_union,2016,15.88
sen,sex_t,eco_sector_agr,mts_details_wid,2016,48.63
sen,sex_t,eco_sector_agr,mts_details_wid,2019,60.81
sen,sex_t,eco_sector_agr,mts_details_wid,2022,36.23
sen,sex_t,eco_sector_agr,mts_details_wid,2023,38.15
sen,sex_t,eco_sector_agr,mts_details_wid,2024,43.39
sen,sex_t,eco_sector_ind,mts_aggregate_1,2015,53.57
sen,sex_t,eco_sector_ind,mts_aggregate_1,2016,53.29
sen,sex_t,eco_sector_ind,mts_aggregate_1,2019,49.22
sen,sex_t,eco_sector_ind,mts_aggregate_1,2022,47.23
sen,sex_t,eco_sector_ind,mts_aggregate_1,2023,47.24
sen,sex_t,eco_sector_ind,mts_aggregate_1,2024,48.85
sen,sex_t,eco_sector_ind,mts_aggregate_2,2015,50.33
sen,sex_t,eco_sector_ind,mts_aggregate_2,2016,50.83
sen,sex_t,eco_sector_ind,mts_aggregate_2,2019,48.09
sen,sex_t,eco_sector_ind,mts_aggregate_2,2022,45.26
sen,sex_t,eco_sector_ind,mts_aggregate_2,2023,46.95
sen,sex_t,eco_sector_ind,mts_aggregate_2,2024,48.81
sen,sex_t,eco_sector_ind,mts_aggregate_total,2015,51.93
sen,sex_t,eco_sector_ind,mts_aggregate_total,2016,52.38
sen,sex_t,eco_sector_ind,mts_aggregate_total,2019,48.94
sen,sex_t,eco_sector_ind,mts_aggregate_total,2022,46.59
sen,sex_t,eco_sector_ind,mts_aggregate_total,2023,47.15
sen,sex_t,eco_sector_ind,mts_aggregate_total,2024,48.84
sen,sex_t,eco_sector_ind,mts_aggregate_x,2019,57.05
sen,sex_t,eco_sector_ind,mts_details_mrd,2015,50.33
sen,sex_t,eco_sector_ind,mts_details_mrd,2016,50.83
sen,sex_t,eco_sector_ind,mts_details_mrd,2019,48.09
sen,sex_t,eco_sector_ind,mts_details_mrd,2022,45.26
sen,sex_t,eco_sector_ind,mts_details_mrd,2023,46.95
sen,sex_t,eco_sector_ind,mts_details_mrd,2024,48.81
sen,sex_t,eco_sector_ind,mts_details_sep,2015,55.14
sen,sex_t,eco_sector_ind,mts_details_sep,2016,55.43
sen,sex_t,eco_sector_ind,mts_details_sep,2019,49.15
sen,sex_t,eco_sector_ind,mts_details_sep,2022,42.08
sen,sex_t,eco_sector_ind,mts_details_sep,2023,51.82
sen,sex_t,eco_sector_ind,mts_details_sep,2024,47.83
sen,sex_t,eco_sector_ind,mts_details_sgle,2015,53.61
sen,sex_t,eco_sector_ind,mts_details_sgle,2016,53.36
sen,sex_t,eco_sector_ind,mts_details_sgle,2019,49.19
sen,sex_t,eco_sector_ind,mts_details_sgle,2022,47.39
sen,sex_t,eco_sector_ind,mts_details_sgle,2023,47.18
sen,sex_t,eco_sector_ind,mts_details_sgle,2024,48.89
sen,sex_t,eco_sector_ind,mts_details_total,2015,51.93
sen,sex_t,eco_sector_ind,mts_details_total,2016,52.38
sen,sex_t,eco_sector_ind,mts_details_total,2019,48.94
sen,sex_t,eco_sector_ind,mts_details_total,2022,46.59
sen,sex_t,eco_sector_ind,mts_details_total,2023,47.15
sen,sex_t,eco_sector_ind,mts_details_total,2024,48.84
sen,sex_t,eco_sector_ind,mts_details_wid,2019,53.45
sen,sex_t,eco_sector_ind,mts_details_wid,2022,38.18
sen,sex_t,eco_sector_ind,mts_details_wid,2023,45.54
sen,sex_t,eco_sector_ind,mts_details_wid,2024,48.35
sen,sex_t,eco_sector_ind,mts_details_x,2019,57.05
sen,sex_t,eco_sector_nag,mts_aggregate_1,2015,55.77
sen,sex_t,eco_sector_nag,mts_aggregate_1,2016,55.28
sen,sex_t,eco_sector_nag,mts_aggregate_1,2019,51.13
sen,sex_t,eco_sector_nag,mts_aggregate_1,2022,50.48
sen,sex_t,eco_sector_nag,mts_aggregate_1,2023,49.74
sen,sex_t,eco_sector_nag,mts_aggregate_1,2024,51.8
sen,sex_t,eco_sector_nag,mts_aggregate_2,2015,49.94
sen,sex_t,eco_sector_nag,mts_aggregate_2,2016,50.48
sen,sex_t,eco_sector_nag,mts_aggregate_2,2019,50.45
sen,sex_t,eco_sector_nag,mts_aggregate_2,2022,48.28
sen,sex_t,eco_sector_nag,mts_aggregate_2,2023,46.93
sen,sex_t,eco_sector_nag,mts_aggregate_2,2024,49.55
sen,sex_t,eco_sector_nag,mts_aggregate_total,2015,52.5
sen,sex_t,eco_sector_nag,mts_aggregate_total,2016,52.98
sen,sex_t,eco_sector_nag,mts_aggregate_total,2019,50.84
sen,sex_t,eco_sector_nag,mts_aggregate_total,2022,49.48
sen,sex_t,eco_sector_nag,mts_aggregate_total,2023,48.46
sen,sex_t,eco_sector_nag,mts_aggregate_total,2024,50.69
sen,sex_t,eco_sector_nag,mts_aggregate_x,2019,52.77
sen,sex_t,eco_sector_nag,mts_details_mrd,2015,49.91
sen,sex_t,eco_sector_nag,mts_details_mrd,2016,50.49
sen,sex_t,eco_sector_nag,mts_details_mrd,2019,50.45
sen,sex_t,eco_sector_nag,mts_details_mrd,2022,48.29
sen,sex_t,eco_sector_nag,mts_details_mrd,2023,46.91
sen,sex_t,eco_sector_nag,mts_details_mrd,2024,49.54
sen,sex_t,eco_sector_nag,mts_details_sep,2015,51.92
sen,sex_t,eco_sector_nag,mts_details_sep,2016,48.17
sen,sex_t,eco_sector_nag,mts_details_sep,2019,47.78
sen,sex_t,eco_sector_nag,mts_details_sep,2022,47.42
sen,sex_t,eco_sector_nag,mts_details_sep,2023,49.06
sen,sex_t,eco_sector_nag,mts_details_sep,2024,44.26
sen,sex_t,eco_sector_nag,mts_details_sgle,2015,56.13
sen,sex_t,eco_sector_nag,mts_details_sgle,2016,55.87
sen,sex_t,eco_sector_nag,mts_details_sgle,2019,51.46
sen,sex_t,eco_sector_nag,mts_details_sgle,2022,50.79
sen,sex_t,eco_sector_nag,mts_details_sgle,2023,49.91
sen,sex_t,eco_sector_nag,mts_details_sgle,2024,52.47
sen,sex_t,eco_sector_nag,mts_details_total,2015,52.5
sen,sex_t,eco_sector_nag,mts_details_total,2016,52.98
sen,sex_t,eco_sector_nag,mts_details_total,2019,50.84
sen,sex_t,eco_sector_nag,mts_details_total,2022,49.48
sen,sex_t,eco_sector_nag,mts_details_total,2023,48.46
sen,sex_t,eco_sector_nag,mts_details_total,2024,50.69
sen,sex_t,eco_sector_nag,mts_details_union,2016,46.52
sen,sex_t,eco_sector_nag,mts_details_union,2019,48.62
sen,sex_t,eco_sector_nag,mts_details_wid,2015,51.74
sen,sex_t,eco_sector_nag,mts_details_wid,2016,41.93
sen,sex_t,eco_sector_nag,mts_details_wid,2019,41.77
sen,sex_t,eco_sector_nag,mts_details_wid,2022,41.63
sen,sex_t,eco_sector_nag,mts_details_wid,2023,41.21
sen,sex_t,eco_sector_nag,mts_details_wid,2024,46.95
sen,sex_t,eco_sector_nag,mts_details_x,2019,52.77
sen,sex_t,eco_sector_ser,mts_aggregate_1,2015,56.52
sen,sex_t,eco_sector_ser,mts_aggregate_1,2016,56.26
sen,sex_t,eco_sector_ser,mts_aggregate_1,2019,52.42
sen,sex_t,eco_sector_ser,mts_aggregate_1,2022,52.38
sen,sex_t,eco_sector_ser,mts_aggregate_1,2023,51.45
sen,sex_t,eco_sector_ser,mts_aggregate_1,2024,53.76
sen,sex_t,eco_sector_ser,mts_aggregate_2,2015,49.84
sen,sex_t,eco_sector_ser,mts_aggregate_2,2016,50.38
sen,sex_t,eco_sector_ser,mts_aggregate_2,2019,51.28
sen,sex_t,eco_sector_ser,mts_aggregate_2,2022,49.11
sen,sex_t,eco_sector_ser,mts_aggregate_2,2023,46.93
sen,sex_t,eco_sector_ser,mts_aggregate_2,2024,49.76
sen,sex_t,eco_sector_ser,mts_aggregate_total,2015,52.67
sen,sex_t,eco_sector_ser,mts_aggregate_total,2016,53.2
sen,sex_t,eco_sector_ser,mts_aggregate_total,2019,51.81
sen,sex_t,eco_sector_ser,mts_aggregate_total,2022,50.72
sen,sex_t,eco_sector_ser,mts_aggregate_total,2023,49.08
sen,sex_t,eco_sector_ser,mts_aggregate_total,2024,51.55
sen,sex_t,eco_sector_ser,mts_aggregate_x,2019,46.19
sen,sex_t,eco_sector_ser,mts_details_mrd,2015,49.8
sen,sex_t,eco_sector_ser,mts_details_mrd,2016,50.39
sen,sex_t,eco_sector_ser,mts_details_mrd,2019,51.28
sen,sex_t,eco_sector_ser,mts_details_mrd,2022,49.12
sen,sex_t,eco_sector_ser,mts_details_mrd,2023,46.9
sen,sex_t,eco_sector_ser,mts_details_mrd,2024,49.75
sen,sex_t,eco_sector_ser,mts_details_sep,2015,51.77
sen,sex_t,eco_sector_ser,mts_details_sep,2016,47.66
sen,sex_t,eco_sector_ser,mts_details_sep,2019,47.55
sen,sex_t,eco_sector_ser,mts_details_sep,2022,48.19
sen,sex_t,eco_sector_ser,mts_details_sep,2023,48.75
sen,sex_t,eco_sector_ser,mts_details_sep,2024,43.44
sen,sex_t,eco_sector_ser,mts_details_sgle,2015,57.06
sen,sex_t,eco_sector_ser,mts_details_sgle,2016,57.21
sen,sex_t,eco_sector_ser,mts_details_sgle,2019,53.1
sen,sex_t,eco_sector_ser,mts_details_sgle,2022,52.95
sen,sex_t,eco_sector_ser,mts_details_sgle,2023,51.93
sen,sex_t,eco_sector_ser,mts_details_sgle,2024,55.07
sen,sex_t,eco_sector_ser,mts_details_total,2015,52.67
sen,sex_t,eco_sector_ser,mts_details_total,2016,53.2
sen,sex_t,eco_sector_ser,mts_details_total,2019,51.81
sen,sex_t,eco_sector_ser,mts_details_total,2022,50.72
sen,sex_t,eco_sector_ser,mts_details_total,2023,49.08
sen,sex_t,eco_sector_ser,mts_details_total,2024,51.55
sen,sex_t,eco_sector_ser,mts_details_union,2016,46.52
sen,sex_t,eco_sector_ser,mts_details_wid,2015,52.67
sen,sex_t,eco_sector_ser,mts_details_wid,2016,42.51
sen,sex_t,eco_sector_ser,mts_details_wid,2019,38.6
sen,sex_t,eco_sector_ser,mts_details_wid,2022,42.25
sen,sex_t,eco_sector_ser,mts_details_wid,2023,41.07
sen,sex_t,eco_sector_ser,mts_details_wid,2024,46.59
sen,sex_t,eco_sector_ser,mts_details_x,2019,46.19
sen,sex_t,eco_sector_total,mts_aggregate_1,2015,55.66
sen,sex_t,eco_sector_total,mts_aggregate_1,2016,55.18
sen,sex_t,eco_sector_total,mts_aggregate_1,2019,51.33
sen,sex_t,eco_sector_total,mts_aggregate_1,2022,50.57
sen,sex_t,eco_sector_total,mts_aggregate_1,2023,49.83
sen,sex_t,eco_sector_total,mts_aggregate_1,2024,51.9
sen,sex_t,eco_sector_total,mts_aggregate_2,2015,50.23
sen,sex_t,eco_sector_total,mts_aggregate_2,2016,50.9
sen,sex_t,eco_sector_total,mts_aggregate_2,2019,50.27
sen,sex_t,eco_sector_total,mts_aggregate_2,2022,48.35
sen,sex_t,eco_sector_total,mts_aggregate_2,2023,47.05
sen,sex_t,eco_sector_total,mts_aggregate_2,2024,49.82
sen,sex_t,eco_sector_total,mts_aggregate_total,2015,52.55
sen,sex_t,eco_sector_total,mts_aggregate_total,2016,53.06
sen,sex_t,eco_sector_total,mts_aggregate_total,2019,50.85
sen,sex_t,eco_sector_total,mts_aggregate_total,2022,49.55
sen,sex_t,eco_sector_total,mts_aggregate_total,2023,48.55
sen,sex_t,eco_sector_total,mts_aggregate_total,2024,50.86
sen,sex_t,eco_sector_total,mts_aggregate_x,2019,52.28
sen,sex_t,eco_sector_total,mts_details_mrd,2015,50.2
sen,sex_t,eco_sector_total,mts_details_mrd,2016,50.96
sen,sex_t,eco_sector_total,mts_details_mrd,2019,50.28
sen,sex_t,eco_sector_total,mts_details_mrd,2022,48.35
sen,sex_t,eco_sector_total,mts_details_mrd,2023,47.03
sen,sex_t,eco_sector_total,mts_details_mrd,2024,49.81
sen,sex_t,eco_sector_total,mts_details_sep,2015,51.84
sen,sex_t,eco_sector_total,mts_details_sep,2016,47.94
sen,sex_t,eco_sector_total,mts_details_sep,2019,47.83
sen,sex_t,eco_sector_total,mts_details_sep,2022,47.59
sen,sex_t,eco_sector_total,mts_details_sep,2023,48.79
sen,sex_t,eco_sector_total,mts_details_sep,2024,43.31
sen,sex_t,eco_sector_total,mts_details_sgle,2015,56.01
sen,sex_t,eco_sector_total,mts_details_sgle,2016,55.78
sen,sex_t,eco_sector_total,mts_details_sgle,2019,51.64
sen,sex_t,eco_sector_total,mts_details_sgle,2022,50.89
sen,sex_t,eco_sector_total,mts_details_sgle,2023,50.03
sen,sex_t,eco_sector_total,mts_details_sgle,2024,52.68
sen,sex_t,eco_sector_total,mts_details_total,2015,52.55
sen,sex_t,eco_sector_total,mts_details_total,2016,53.06
sen,sex_t,eco_sector_total,mts_details_total,2019,50.85
sen,sex_t,eco_sector_total,mts_details_total,2022,49.55
sen,sex_t,eco_sector_total,mts_details_total,2023,48.55
sen,sex_t,eco_sector_total,mts_details_total,2024,50.86
sen,sex_t,eco_sector_total,mts_details_union,2016,31.87
sen,sex_t,eco_sector_total,mts_details_union,2019,48.62
sen,sex_t,eco_sector_total,mts_details_wid,2015,52.35
sen,sex_t,eco_sector_total,mts_details_wid,2016,43.19
sen,sex_t,eco_sector_total,mts_details_wid,2019,43.79
sen,sex_t,eco_sector_total,mts_details_wid,2022,41.06
sen,sex_t,eco_sector_total,mts_details_wid,2023,40.91
sen,sex_t,eco_sector_total,mts_details_wid,2024,46.34
sen,sex_t,eco_sector_total,mts_details_x,2019,52.28
