ref_area,sex,classif1,classif2,time,emp_nifl_sex_age_ocu_rt
dji,sex_f,age_10yrbands_total,ocu_skill_l1,2017,61.257
dji,sex_f,age_10yrbands_total,ocu_skill_l2,2017,75.03
dji,sex_f,age_10yrbands_total,ocu_skill_l3_4,2017,26.789
dji,sex_f,age_10yrbands_total,ocu_skill_total,2017,61.147
dji,sex_f,age_10yrbands_total,ocu_skill_x,2017,48.663
dji,sex_f,age_10yrbands_y15_24,ocu_skill_l1,2017,80.53
dji,sex_f,age_10yrbands_y15_24,ocu_skill_l2,2017,74.162
dji,sex_f,age_10yrbands_y15_24,ocu_skill_l3_4,2017,35.154
dji,sex_f,age_10yrbands_y15_24,ocu_skill_total,2017,65.248
dji,sex_f,age_10yrbands_y15_24,ocu_skill_x,2017,77.484
dji,sex_f,age_10yrbands_y25_34,ocu_skill_l1,2017,90.07
dji,sex_f,age_10yrbands_y25_34,ocu_skill_l2,2017,64.266
dji,sex_f,age_10yrbands_y25_34,ocu_skill_l3_4,2017,24.72
dji,sex_f,age_10yrbands_y25_34,ocu_skill_total,2017,50.039
dji,sex_f,age_10yrbands_y25_34,ocu_skill_x,2017,33.079
dji,sex_f,age_10yrbands_y35_44,ocu_skill_l1,2017,38.892
dji,sex_f,age_10yrbands_y35_44,ocu_skill_l2,2017,74.6
dji,sex_f,age_10yrbands_y35_44,ocu_skill_l3_4,2017,26.809
dji,sex_f,age_10yrbands_y35_44,ocu_skill_total,2017,58.773
dji,sex_f,age_10yrbands_y35_44,ocu_skill_x,2017,54.95
dji,sex_f,age_10yrbands_y45_54,ocu_skill_l1,2017,50.824
dji,sex_f,age_10yrbands_y45_54,ocu_skill_l2,2017,80.706
dji,sex_f,age_10yrbands_y45_54,ocu_skill_total,2017,71.708
dji,sex_f,age_10yrbands_y55_64,ocu_skill_l2,2017,86.453
dji,sex_f,age_10yrbands_y55_64,ocu_skill_total,2017,78.248
dji,sex_f,age_10yrbands_yge65,ocu_skill_l2,2017,86.369
dji,sex_f,age_10yrbands_yge65,ocu_skill_total,2017,82.762
dji,sex_f,age_aggregate_total,ocu_isco08_1,2017,32.042
dji,sex_f,age_aggregate_total,ocu_isco08_2,2017,24.042
dji,sex_f,age_aggregate_total,ocu_isco08_3,2017,28.467
dji,sex_f,age_aggregate_total,ocu_isco08_4,2017,17.488
dji,sex_f,age_aggregate_total,ocu_isco08_5,2017,85.626
dji,sex_f,age_aggregate_total,ocu_isco08_6,2017,73.174
dji,sex_f,age_aggregate_total,ocu_isco08_7,2017,56.283
dji,sex_f,age_aggregate_total,ocu_isco08_9,2017,61.257
dji,sex_f,age_aggregate_total,ocu_isco08_total,2017,61.147
dji,sex_f,age_aggregate_total,ocu_isco08_x,2017,62.629
dji,sex_f,age_aggregate_total,ocu_skill_l1,2017,61.257
dji,sex_f,age_aggregate_total,ocu_skill_l2,2017,75.03
dji,sex_f,age_aggregate_total,ocu_skill_l3_4,2017,26.789
dji,sex_f,age_aggregate_total,ocu_skill_total,2017,61.147
dji,sex_f,age_aggregate_total,ocu_skill_x,2017,48.663
dji,sex_f,age_aggregate_y15_24,ocu_isco08_3,2017,48.067
dji,sex_f,age_aggregate_y15_24,ocu_isco08_5,2017,91.238
dji,sex_f,age_aggregate_y15_24,ocu_isco08_9,2017,80.53
dji,sex_f,age_aggregate_y15_24,ocu_isco08_total,2017,65.248
dji,sex_f,age_aggregate_y15_24,ocu_isco08_x,2017,100
dji,sex_f,age_aggregate_y15_24,ocu_skill_l1,2017,80.53
dji,sex_f,age_aggregate_y15_24,ocu_skill_l2,2017,74.162
dji,sex_f,age_aggregate_y15_24,ocu_skill_l3_4,2017,35.154
dji,sex_f,age_aggregate_y15_24,ocu_skill_total,2017,65.248
dji,sex_f,age_aggregate_y15_24,ocu_skill_x,2017,77.484
dji,sex_f,age_aggregate_y25_54,ocu_isco08_1,2017,32.53
dji,sex_f,age_aggregate_y25_54,ocu_isco08_2,2017,23.499
dji,sex_f,age_aggregate_y25_54,ocu_isco08_3,2017,26.397
dji,sex_f,age_aggregate_y25_54,ocu_isco08_4,2017,18.843
dji,sex_f,age_aggregate_y25_54,ocu_isco08_5,2017,85.139
dji,sex_f,age_aggregate_y25_54,ocu_isco08_6,2017,62.573
dji,sex_f,age_aggregate_y25_54,ocu_isco08_7,2017,46.251
dji,sex_f,age_aggregate_y25_54,ocu_isco08_9,2017,57.198
dji,sex_f,age_aggregate_y25_54,ocu_isco08_total,2017,58.322
dji,sex_f,age_aggregate_y25_54,ocu_isco08_x,2017,55.083
dji,sex_f,age_aggregate_y25_54,ocu_skill_l1,2017,57.198
dji,sex_f,age_aggregate_y25_54,ocu_skill_l2,2017,73.161
dji,sex_f,age_aggregate_y25_54,ocu_skill_l3_4,2017,25.532
dji,sex_f,age_aggregate_y25_54,ocu_skill_total,2017,58.322
dji,sex_f,age_aggregate_y25_54,ocu_skill_x,2017,44.373
dji,sex_f,age_aggregate_y55_64,ocu_isco08_5,2017,86.336
dji,sex_f,age_aggregate_y55_64,ocu_isco08_total,2017,78.248
dji,sex_f,age_aggregate_y55_64,ocu_skill_l2,2017,86.453
dji,sex_f,age_aggregate_y55_64,ocu_skill_total,2017,78.248
dji,sex_f,age_aggregate_yge65,ocu_isco08_5,2017,86.369
dji,sex_f,age_aggregate_yge65,ocu_isco08_total,2017,82.762
dji,sex_f,age_aggregate_yge65,ocu_skill_l2,2017,86.369
dji,sex_f,age_aggregate_yge65,ocu_skill_total,2017,82.762
dji,sex_f,age_ythadult_y15_24,ocu_isco08_3,2017,48.067
dji,sex_f,age_ythadult_y15_24,ocu_isco08_5,2017,91.238
dji,sex_f,age_ythadult_y15_24,ocu_isco08_9,2017,80.53
dji,sex_f,age_ythadult_y15_24,ocu_isco08_total,2017,65.248
dji,sex_f,age_ythadult_y15_24,ocu_isco08_x,2017,100
dji,sex_f,age_ythadult_y15_24,ocu_skill_l1,2017,80.53
dji,sex_f,age_ythadult_y15_24,ocu_skill_l2,2017,74.162
dji,sex_f,age_ythadult_y15_24,ocu_skill_l3_4,2017,35.154
dji,sex_f,age_ythadult_y15_24,ocu_skill_total,2017,65.248
dji,sex_f,age_ythadult_y15_24,ocu_skill_x,2017,77.484
dji,sex_f,age_ythadult_yge15,ocu_isco08_1,2017,32.042
dji,sex_f,age_ythadult_yge15,ocu_isco08_2,2017,24.042
dji,sex_f,age_ythadult_yge15,ocu_isco08_3,2017,28.467
dji,sex_f,age_ythadult_yge15,ocu_isco08_4,2017,17.488
dji,sex_f,age_ythadult_yge15,ocu_isco08_5,2017,85.626
dji,sex_f,age_ythadult_yge15,ocu_isco08_6,2017,73.174
dji,sex_f,age_ythadult_yge15,ocu_isco08_7,2017,56.283
dji,sex_f,age_ythadult_yge15,ocu_isco08_9,2017,61.257
dji,sex_f,age_ythadult_yge15,ocu_isco08_total,2017,61.147
dji,sex_f,age_ythadult_yge15,ocu_isco08_x,2017,62.629
dji,sex_f,age_ythadult_yge15,ocu_skill_l1,2017,61.257
dji,sex_f,age_ythadult_yge15,ocu_skill_l2,2017,75.03
dji,sex_f,age_ythadult_yge15,ocu_skill_l3_4,2017,26.789
dji,sex_f,age_ythadult_yge15,ocu_skill_total,2017,61.147
dji,sex_f,age_ythadult_yge15,ocu_skill_x,2017,48.663
dji,sex_f,age_ythadult_yge25,ocu_isco08_1,2017,34.838
dji,sex_f,age_ythadult_yge25,ocu_isco08_2,2017,24.006
dji,sex_f,age_ythadult_yge25,ocu_isco08_3,2017,26.055
dji,sex_f,age_ythadult_yge25,ocu_isco08_4,2017,18.843
dji,sex_f,age_ythadult_yge25,ocu_isco08_5,2017,85.348
dji,sex_f,age_ythadult_yge25,ocu_isco08_6,2017,66.738
dji,sex_f,age_ythadult_yge25,ocu_isco08_7,2017,46.251
dji,sex_f,age_ythadult_yge25,ocu_isco08_9,2017,58.365
dji,sex_f,age_ythadult_yge25,ocu_isco08_total,2017,60.805
dji,sex_f,age_ythadult_yge25,ocu_isco08_x,2017,57.978
dji,sex_f,age_ythadult_yge25,ocu_skill_l1,2017,58.365
dji,sex_f,age_ythadult_yge25,ocu_skill_l2,2017,75.084
dji,sex_f,age_ythadult_yge25,ocu_skill_l3_4,2017,25.931
dji,sex_f,age_ythadult_yge25,ocu_skill_total,2017,60.805
dji,sex_f,age_ythadult_yge25,ocu_skill_x,2017,45.458
dji,sex_m,age_10yrbands_total,ocu_skill_l1,2017,51.378
dji,sex_m,age_10yrbands_total,ocu_skill_l2,2017,64.275
dji,sex_m,age_10yrbands_total,ocu_skill_l3_4,2017,19.466
dji,sex_m,age_10yrbands_total,ocu_skill_total,2017,43.099
dji,sex_m,age_10yrbands_total,ocu_skill_x,2017,25.913
dji,sex_m,age_10yrbands_y15_24,ocu_skill_l1,2017,61.905
dji,sex_m,age_10yrbands_y15_24,ocu_skill_l2,2017,62.828
dji,sex_m,age_10yrbands_y15_24,ocu_skill_l3_4,2017,25.845
dji,sex_m,age_10yrbands_y15_24,ocu_skill_total,2017,48.566
dji,sex_m,age_10yrbands_y15_24,ocu_skill_x,2017,39.611
dji,sex_m,age_10yrbands_y25_34,ocu_skill_l1,2017,42.033
dji,sex_m,age_10yrbands_y25_34,ocu_skill_l2,2017,61.436
dji,sex_m,age_10yrbands_y25_34,ocu_skill_l3_4,2017,15.38
dji,sex_m,age_10yrbands_y25_34,ocu_skill_total,2017,37.081
dji,sex_m,age_10yrbands_y25_34,ocu_skill_x,2017,24.885
dji,sex_m,age_10yrbands_y35_44,ocu_skill_l1,2017,60.353
dji,sex_m,age_10yrbands_y35_44,ocu_skill_l2,2017,71.618
dji,sex_m,age_10yrbands_y35_44,ocu_skill_l3_4,2017,20.124
dji,sex_m,age_10yrbands_y35_44,ocu_skill_total,2017,46.816
dji,sex_m,age_10yrbands_y35_44,ocu_skill_x,2017,20.212
dji,sex_m,age_10yrbands_y45_54,ocu_skill_l1,2017,44.66
dji,sex_m,age_10yrbands_y45_54,ocu_skill_l2,2017,60.873
dji,sex_m,age_10yrbands_y45_54,ocu_skill_l3_4,2017,29.006
dji,sex_m,age_10yrbands_y45_54,ocu_skill_total,2017,44.73
dji,sex_m,age_10yrbands_y45_54,ocu_skill_x,2017,25.258
dji,sex_m,age_10yrbands_y55_64,ocu_skill_l1,2017,47.539
dji,sex_m,age_10yrbands_y55_64,ocu_skill_l2,2017,54.173
dji,sex_m,age_10yrbands_y55_64,ocu_skill_l3_4,2017,10.57
dji,sex_m,age_10yrbands_y55_64,ocu_skill_total,2017,38.06
dji,sex_m,age_10yrbands_y55_64,ocu_skill_x,2017,32.374
dji,sex_m,age_10yrbands_yge65,ocu_skill_l1,2017,49.973
dji,sex_m,age_10yrbands_yge65,ocu_skill_l2,2017,68.957
dji,sex_m,age_10yrbands_yge65,ocu_skill_total,2017,48.139
dji,sex_m,age_aggregate_total,ocu_isco08_0,2017,18.365
dji,sex_m,age_aggregate_total,ocu_isco08_1,2017,17.079
dji,sex_m,age_aggregate_total,ocu_isco08_2,2017,13.943
dji,sex_m,age_aggregate_total,ocu_isco08_3,2017,25.625
dji,sex_m,age_aggregate_total,ocu_isco08_4,2017,56.941
dji,sex_m,age_aggregate_total,ocu_isco08_5,2017,68.859
dji,sex_m,age_aggregate_total,ocu_isco08_6,2017,95.065
dji,sex_m,age_aggregate_total,ocu_isco08_7,2017,60.997
dji,sex_m,age_aggregate_total,ocu_isco08_8,2017,58.339
dji,sex_m,age_aggregate_total,ocu_isco08_9,2017,51.378
dji,sex_m,age_aggregate_total,ocu_isco08_total,2017,43.099
dji,sex_m,age_aggregate_total,ocu_isco08_x,2017,54.57
dji,sex_m,age_aggregate_total,ocu_skill_l1,2017,51.378
dji,sex_m,age_aggregate_total,ocu_skill_l2,2017,64.275
dji,sex_m,age_aggregate_total,ocu_skill_l3_4,2017,19.466
dji,sex_m,age_aggregate_total,ocu_skill_total,2017,43.099
dji,sex_m,age_aggregate_total,ocu_skill_x,2017,25.913
dji,sex_m,age_aggregate_y15_24,ocu_isco08_0,2017,18.727
dji,sex_m,age_aggregate_y15_24,ocu_isco08_4,2017,40.073
dji,sex_m,age_aggregate_y15_24,ocu_isco08_5,2017,100
dji,sex_m,age_aggregate_y15_24,ocu_isco08_6,2017,80.296
dji,sex_m,age_aggregate_y15_24,ocu_isco08_7,2017,65.646
dji,sex_m,age_aggregate_y15_24,ocu_isco08_9,2017,61.905
dji,sex_m,age_aggregate_y15_24,ocu_isco08_total,2017,48.566
dji,sex_m,age_aggregate_y15_24,ocu_isco08_x,2017,92.435
dji,sex_m,age_aggregate_y15_24,ocu_skill_l1,2017,61.905
dji,sex_m,age_aggregate_y15_24,ocu_skill_l2,2017,62.828
dji,sex_m,age_aggregate_y15_24,ocu_skill_l3_4,2017,25.845
dji,sex_m,age_aggregate_y15_24,ocu_skill_total,2017,48.566
dji,sex_m,age_aggregate_y15_24,ocu_skill_x,2017,39.611
dji,sex_m,age_aggregate_y25_54,ocu_isco08_0,2017,18.752
dji,sex_m,age_aggregate_y25_54,ocu_isco08_1,2017,18.74
dji,sex_m,age_aggregate_y25_54,ocu_isco08_2,2017,14.254
dji,sex_m,age_aggregate_y25_54,ocu_isco08_3,2017,26.324
dji,sex_m,age_aggregate_y25_54,ocu_isco08_4,2017,58.27
dji,sex_m,age_aggregate_y25_54,ocu_isco08_5,2017,69.988
dji,sex_m,age_aggregate_y25_54,ocu_isco08_6,2017,96.921
dji,sex_m,age_aggregate_y25_54,ocu_isco08_7,2017,62.354
dji,sex_m,age_aggregate_y25_54,ocu_isco08_8,2017,58.229
dji,sex_m,age_aggregate_y25_54,ocu_isco08_9,2017,51.129
dji,sex_m,age_aggregate_y25_54,ocu_isco08_total,2017,43.234
dji,sex_m,age_aggregate_y25_54,ocu_isco08_x,2017,43.11
dji,sex_m,age_aggregate_y25_54,ocu_skill_l1,2017,51.129
dji,sex_m,age_aggregate_y25_54,ocu_skill_l2,2017,65.5
dji,sex_m,age_aggregate_y25_54,ocu_skill_l3_4,2017,20.138
dji,sex_m,age_aggregate_y25_54,ocu_skill_total,2017,43.234
dji,sex_m,age_aggregate_y25_54,ocu_skill_x,2017,23.331
dji,sex_m,age_aggregate_y55_64,ocu_isco08_4,2017,49.61
dji,sex_m,age_aggregate_y55_64,ocu_isco08_5,2017,55.674
dji,sex_m,age_aggregate_y55_64,ocu_isco08_6,2017,90.433
dji,sex_m,age_aggregate_y55_64,ocu_isco08_7,2017,52.626
dji,sex_m,age_aggregate_y55_64,ocu_isco08_9,2017,47.539
dji,sex_m,age_aggregate_y55_64,ocu_isco08_total,2017,38.06
dji,sex_m,age_aggregate_y55_64,ocu_isco08_x,2017,86.354
dji,sex_m,age_aggregate_y55_64,ocu_skill_l1,2017,47.539
dji,sex_m,age_aggregate_y55_64,ocu_skill_l2,2017,54.173
dji,sex_m,age_aggregate_y55_64,ocu_skill_l3_4,2017,10.57
dji,sex_m,age_aggregate_y55_64,ocu_skill_total,2017,38.06
dji,sex_m,age_aggregate_y55_64,ocu_skill_x,2017,32.374
dji,sex_m,age_aggregate_yge65,ocu_isco08_5,2017,67.061
dji,sex_m,age_aggregate_yge65,ocu_isco08_9,2017,49.973
dji,sex_m,age_aggregate_yge65,ocu_isco08_total,2017,48.139
dji,sex_m,age_aggregate_yge65,ocu_skill_l1,2017,49.973
dji,sex_m,age_aggregate_yge65,ocu_skill_l2,2017,68.957
dji,sex_m,age_aggregate_yge65,ocu_skill_total,2017,48.139
dji,sex_m,age_ythadult_y15_24,ocu_isco08_0,2017,18.727
dji,sex_m,age_ythadult_y15_24,ocu_isco08_4,2017,40.073
dji,sex_m,age_ythadult_y15_24,ocu_isco08_5,2017,100
dji,sex_m,age_ythadult_y15_24,ocu_isco08_6,2017,80.296
dji,sex_m,age_ythadult_y15_24,ocu_isco08_7,2017,65.646
dji,sex_m,age_ythadult_y15_24,ocu_isco08_9,2017,61.905
dji,sex_m,age_ythadult_y15_24,ocu_isco08_total,2017,48.566
dji,sex_m,age_ythadult_y15_24,ocu_isco08_x,2017,92.435
dji,sex_m,age_ythadult_y15_24,ocu_skill_l1,2017,61.905
dji,sex_m,age_ythadult_y15_24,ocu_skill_l2,2017,62.828
dji,sex_m,age_ythadult_y15_24,ocu_skill_l3_4,2017,25.845
dji,sex_m,age_ythadult_y15_24,ocu_skill_total,2017,48.566
dji,sex_m,age_ythadult_y15_24,ocu_skill_x,2017,39.611
dji,sex_m,age_ythadult_yge15,ocu_isco08_0,2017,18.365
dji,sex_m,age_ythadult_yge15,ocu_isco08_1,2017,17.079
dji,sex_m,age_ythadult_yge15,ocu_isco08_2,2017,13.943
dji,sex_m,age_ythadult_yge15,ocu_isco08_3,2017,25.625
dji,sex_m,age_ythadult_yge15,ocu_isco08_4,2017,56.941
dji,sex_m,age_ythadult_yge15,ocu_isco08_5,2017,68.859
dji,sex_m,age_ythadult_yge15,ocu_isco08_6,2017,95.065
dji,sex_m,age_ythadult_yge15,ocu_isco08_7,2017,60.997
dji,sex_m,age_ythadult_yge15,ocu_isco08_8,2017,58.339
dji,sex_m,age_ythadult_yge15,ocu_isco08_9,2017,51.378
dji,sex_m,age_ythadult_yge15,ocu_isco08_total,2017,43.099
dji,sex_m,age_ythadult_yge15,ocu_isco08_x,2017,54.57
dji,sex_m,age_ythadult_yge15,ocu_skill_l1,2017,51.378
dji,sex_m,age_ythadult_yge15,ocu_skill_l2,2017,64.275
dji,sex_m,age_ythadult_yge15,ocu_skill_l3_4,2017,19.466
dji,sex_m,age_ythadult_yge15,ocu_skill_total,2017,43.099
dji,sex_m,age_ythadult_yge15,ocu_skill_x,2017,25.913
dji,sex_m,age_ythadult_yge25,ocu_isco08_0,2017,18.344
dji,sex_m,age_ythadult_yge25,ocu_isco08_1,2017,16.574
dji,sex_m,age_ythadult_yge25,ocu_isco08_2,2017,14.153
dji,sex_m,age_ythadult_yge25,ocu_isco08_3,2017,25.127
dji,sex_m,age_ythadult_yge25,ocu_isco08_4,2017,57.845
dji,sex_m,age_ythadult_yge25,ocu_isco08_5,2017,68.27
dji,sex_m,age_ythadult_yge25,ocu_isco08_6,2017,96.172
dji,sex_m,age_ythadult_yge25,ocu_isco08_7,2017,60.71
dji,sex_m,age_ythadult_yge25,ocu_isco08_8,2017,57.78
dji,sex_m,age_ythadult_yge25,ocu_isco08_9,2017,50.8
dji,sex_m,age_ythadult_yge25,ocu_isco08_total,2017,42.856
dji,sex_m,age_ythadult_yge25,ocu_isco08_x,2017,51.25
dji,sex_m,age_ythadult_yge25,ocu_skill_l1,2017,50.8
dji,sex_m,age_ythadult_yge25,ocu_skill_l2,2017,64.336
dji,sex_m,age_ythadult_yge25,ocu_skill_l3_4,2017,19.244
dji,sex_m,age_ythadult_yge25,ocu_skill_total,2017,42.856
dji,sex_m,age_ythadult_yge25,ocu_skill_x,2017,25.049
dji,sex_t,age_10yrbands_total,ocu_skill_l1,2017,54.265
dji,sex_t,age_10yrbands_total,ocu_skill_l2,2017,67.664
dji,sex_t,age_10yrbands_total,ocu_skill_l3_4,2017,20.882
dji,sex_t,age_10yrbands_total,ocu_skill_total,2017,47.616
dji,sex_t,age_10yrbands_total,ocu_skill_x,2017,28.384
dji,sex_t,age_10yrbands_y15_24,ocu_skill_l1,2017,71.374
dji,sex_t,age_10yrbands_y15_24,ocu_skill_l2,2017,67.323
dji,sex_t,age_10yrbands_y15_24,ocu_skill_l3_4,2017,29.555
dji,sex_t,age_10yrbands_y15_24,ocu_skill_total,2017,54.844
dji,sex_t,age_10yrbands_y15_24,ocu_skill_x,2017,46.069
dji,sex_t,age_10yrbands_y25_34,ocu_skill_l1,2017,64.165
dji,sex_t,age_10yrbands_y25_34,ocu_skill_l2,2017,62.342
dji,sex_t,age_10yrbands_y25_34,ocu_skill_l3_4,2017,17.912
dji,sex_t,age_10yrbands_y25_34,ocu_skill_total,2017,40.806
dji,sex_t,age_10yrbands_y25_34,ocu_skill_x,2017,26.208
dji,sex_t,age_10yrbands_y35_44,ocu_skill_l1,2017,54.312
dji,sex_t,age_10yrbands_y35_44,ocu_skill_l2,2017,72.489
dji,sex_t,age_10yrbands_y35_44,ocu_skill_l3_4,2017,21.218
dji,sex_t,age_10yrbands_y35_44,ocu_skill_total,2017,49.607
dji,sex_t,age_10yrbands_y35_44,ocu_skill_x,2017,24.76
dji,sex_t,age_10yrbands_y45_54,ocu_skill_l1,2017,45.591
dji,sex_t,age_10yrbands_y45_54,ocu_skill_l2,2017,67.033
dji,sex_t,age_10yrbands_y45_54,ocu_skill_l3_4,2017,28.676
dji,sex_t,age_10yrbands_y45_54,ocu_skill_total,2017,50.219
dji,sex_t,age_10yrbands_y45_54,ocu_skill_x,2017,25.862
dji,sex_t,age_10yrbands_y55_64,ocu_skill_l1,2017,54.017
dji,sex_t,age_10yrbands_y55_64,ocu_skill_l2,2017,64.02
dji,sex_t,age_10yrbands_y55_64,ocu_skill_l3_4,2017,12.725
dji,sex_t,age_10yrbands_y55_64,ocu_skill_total,2017,47.658
dji,sex_t,age_10yrbands_y55_64,ocu_skill_x,2017,35.11
dji,sex_t,age_10yrbands_yge65,ocu_skill_l1,2017,53.334
dji,sex_t,age_10yrbands_yge65,ocu_skill_l2,2017,78.146
dji,sex_t,age_10yrbands_yge65,ocu_skill_total,2017,57.836
dji,sex_t,age_aggregate_total,ocu_isco08_0,2017,18.26
dji,sex_t,age_aggregate_total,ocu_isco08_1,2017,18.921
dji,sex_t,age_aggregate_total,ocu_isco08_2,2017,16.051
dji,sex_t,age_aggregate_total,ocu_isco08_3,2017,26.199
dji,sex_t,age_aggregate_total,ocu_isco08_4,2017,50.319
dji,sex_t,age_aggregate_total,ocu_isco08_5,2017,77.403
dji,sex_t,age_aggregate_total,ocu_isco08_6,2017,93.411
dji,sex_t,age_aggregate_total,ocu_isco08_7,2017,60.733
dji,sex_t,age_aggregate_total,ocu_isco08_8,2017,57.404
dji,sex_t,age_aggregate_total,ocu_isco08_9,2017,54.265
dji,sex_t,age_aggregate_total,ocu_isco08_total,2017,47.616
dji,sex_t,age_aggregate_total,ocu_isco08_x,2017,56.911
dji,sex_t,age_aggregate_total,ocu_skill_l1,2017,54.265
dji,sex_t,age_aggregate_total,ocu_skill_l2,2017,67.664
dji,sex_t,age_aggregate_total,ocu_skill_l3_4,2017,20.882
dji,sex_t,age_aggregate_total,ocu_skill_total,2017,47.616
dji,sex_t,age_aggregate_total,ocu_skill_x,2017,28.384
dji,sex_t,age_aggregate_y15_24,ocu_isco08_0,2017,17.591
dji,sex_t,age_aggregate_y15_24,ocu_isco08_3,2017,42.825
dji,sex_t,age_aggregate_y15_24,ocu_isco08_4,2017,30.656
dji,sex_t,age_aggregate_y15_24,ocu_isco08_5,2017,93.644
dji,sex_t,age_aggregate_y15_24,ocu_isco08_6,2017,83.937
dji,sex_t,age_aggregate_y15_24,ocu_isco08_7,2017,71.133
dji,sex_t,age_aggregate_y15_24,ocu_isco08_9,2017,71.374
dji,sex_t,age_aggregate_y15_24,ocu_isco08_total,2017,54.844
dji,sex_t,age_aggregate_y15_24,ocu_isco08_x,2017,95.157
dji,sex_t,age_aggregate_y15_24,ocu_skill_l1,2017,71.374
dji,sex_t,age_aggregate_y15_24,ocu_skill_l2,2017,67.323
dji,sex_t,age_aggregate_y15_24,ocu_skill_l3_4,2017,29.555
dji,sex_t,age_aggregate_y15_24,ocu_skill_total,2017,54.844
dji,sex_t,age_aggregate_y15_24,ocu_skill_x,2017,46.069
dji,sex_t,age_aggregate_y25_54,ocu_isco08_0,2017,18.773
dji,sex_t,age_aggregate_y25_54,ocu_isco08_1,2017,20.543
dji,sex_t,age_aggregate_y25_54,ocu_isco08_2,2017,16.206
dji,sex_t,age_aggregate_y25_54,ocu_isco08_3,2017,26.339
dji,sex_t,age_aggregate_y25_54,ocu_isco08_4,2017,51.166
dji,sex_t,age_aggregate_y25_54,ocu_isco08_5,2017,77.446
dji,sex_t,age_aggregate_y25_54,ocu_isco08_6,2017,94.663
dji,sex_t,age_aggregate_y25_54,ocu_isco08_7,2017,61.462
dji,sex_t,age_aggregate_y25_54,ocu_isco08_8,2017,57.276
dji,sex_t,age_aggregate_y25_54,ocu_isco08_9,2017,52.728
dji,sex_t,age_aggregate_y25_54,ocu_isco08_total,2017,46.9
dji,sex_t,age_aggregate_y25_54,ocu_isco08_x,2017,46.791
dji,sex_t,age_aggregate_y25_54,ocu_skill_l1,2017,52.728
dji,sex_t,age_aggregate_y25_54,ocu_skill_l2,2017,67.844
dji,sex_t,age_aggregate_y25_54,ocu_skill_l3_4,2017,21.206
dji,sex_t,age_aggregate_y25_54,ocu_skill_total,2017,46.9
dji,sex_t,age_aggregate_y25_54,ocu_skill_x,2017,25.57
dji,sex_t,age_aggregate_y55_64,ocu_isco08_2,2017,17.725
dji,sex_t,age_aggregate_y55_64,ocu_isco08_4,2017,49.61
dji,sex_t,age_aggregate_y55_64,ocu_isco08_5,2017,71.73
dji,sex_t,age_aggregate_y55_64,ocu_isco08_6,2017,91.321
dji,sex_t,age_aggregate_y55_64,ocu_isco08_7,2017,52.626
dji,sex_t,age_aggregate_y55_64,ocu_isco08_9,2017,54.017
dji,sex_t,age_aggregate_y55_64,ocu_isco08_total,2017,47.658
dji,sex_t,age_aggregate_y55_64,ocu_isco08_x,2017,89.292
dji,sex_t,age_aggregate_y55_64,ocu_skill_l1,2017,54.017
dji,sex_t,age_aggregate_y55_64,ocu_skill_l2,2017,64.02
dji,sex_t,age_aggregate_y55_64,ocu_skill_l3_4,2017,12.725
dji,sex_t,age_aggregate_y55_64,ocu_skill_total,2017,47.658
dji,sex_t,age_aggregate_y55_64,ocu_skill_x,2017,35.11
dji,sex_t,age_aggregate_yge65,ocu_isco08_5,2017,79.8
dji,sex_t,age_aggregate_yge65,ocu_isco08_9,2017,53.334
dji,sex_t,age_aggregate_yge65,ocu_isco08_total,2017,57.836
dji,sex_t,age_aggregate_yge65,ocu_skill_l1,2017,53.334
dji,sex_t,age_aggregate_yge65,ocu_skill_l2,2017,78.146
dji,sex_t,age_aggregate_yge65,ocu_skill_total,2017,57.836
dji,sex_t,age_ythadult_y15_24,ocu_isco08_0,2017,17.591
dji,sex_t,age_ythadult_y15_24,ocu_isco08_3,2017,42.825
dji,sex_t,age_ythadult_y15_24,ocu_isco08_4,2017,30.656
dji,sex_t,age_ythadult_y15_24,ocu_isco08_5,2017,93.644
dji,sex_t,age_ythadult_y15_24,ocu_isco08_6,2017,83.937
dji,sex_t,age_ythadult_y15_24,ocu_isco08_7,2017,71.133
dji,sex_t,age_ythadult_y15_24,ocu_isco08_9,2017,71.374
dji,sex_t,age_ythadult_y15_24,ocu_isco08_total,2017,54.844
dji,sex_t,age_ythadult_y15_24,ocu_isco08_x,2017,95.157
dji,sex_t,age_ythadult_y15_24,ocu_skill_l1,2017,71.374
dji,sex_t,age_ythadult_y15_24,ocu_skill_l2,2017,67.323
dji,sex_t,age_ythadult_y15_24,ocu_skill_l3_4,2017,29.555
dji,sex_t,age_ythadult_y15_24,ocu_skill_total,2017,54.844
dji,sex_t,age_ythadult_y15_24,ocu_skill_x,2017,46.069
dji,sex_t,age_ythadult_yge15,ocu_isco08_0,2017,18.26
dji,sex_t,age_ythadult_yge15,ocu_isco08_1,2017,18.921
dji,sex_t,age_ythadult_yge15,ocu_isco08_2,2017,16.051
dji,sex_t,age_ythadult_yge15,ocu_isco08_3,2017,26.199
dji,sex_t,age_ythadult_yge15,ocu_isco08_4,2017,50.319
dji,sex_t,age_ythadult_yge15,ocu_isco08_5,2017,77.403
dji,sex_t,age_ythadult_yge15,ocu_isco08_6,2017,93.411
dji,sex_t,age_ythadult_yge15,ocu_isco08_7,2017,60.733
dji,sex_t,age_ythadult_yge15,ocu_isco08_8,2017,57.404
dji,sex_t,age_ythadult_yge15,ocu_isco08_9,2017,54.265
dji,sex_t,age_ythadult_yge15,ocu_isco08_total,2017,47.616
dji,sex_t,age_ythadult_yge15,ocu_isco08_x,2017,56.911
dji,sex_t,age_ythadult_yge15,ocu_skill_l1,2017,54.265
dji,sex_t,age_ythadult_yge15,ocu_skill_l2,2017,67.664
dji,sex_t,age_ythadult_yge15,ocu_skill_l3_4,2017,20.882
dji,sex_t,age_ythadult_yge15,ocu_skill_total,2017,47.616
dji,sex_t,age_ythadult_yge15,ocu_skill_x,2017,28.384
dji,sex_t,age_ythadult_yge25,ocu_isco08_0,2017,18.299
dji,sex_t,age_ythadult_yge25,ocu_isco08_1,2017,18.734
dji,sex_t,age_ythadult_yge25,ocu_isco08_2,2017,16.126
dji,sex_t,age_ythadult_yge25,ocu_isco08_3,2017,25.303
dji,sex_t,age_ythadult_yge25,ocu_isco08_4,2017,51.504
dji,sex_t,age_ythadult_yge25,ocu_isco08_5,2017,76.847
dji,sex_t,age_ythadult_yge25,ocu_isco08_6,2017,94.225
dji,sex_t,age_ythadult_yge25,ocu_isco08_7,2017,60.006
dji,sex_t,age_ythadult_yge25,ocu_isco08_8,2017,56.841
dji,sex_t,age_ythadult_yge25,ocu_isco08_9,2017,52.878
dji,sex_t,age_ythadult_yge25,ocu_isco08_total,2017,47.226
dji,sex_t,age_ythadult_yge25,ocu_isco08_x,2017,53.158
dji,sex_t,age_ythadult_yge25,ocu_skill_l1,2017,52.878
dji,sex_t,age_ythadult_yge25,ocu_skill_l2,2017,67.68
dji,sex_t,age_ythadult_yge25,ocu_skill_l3_4,2017,20.472
dji,sex_t,age_ythadult_yge25,ocu_skill_total,2017,47.226
dji,sex_t,age_ythadult_yge25,ocu_skill_x,2017,27.18
