ref_area,sex,classif1,time,emp_2emp_sex_ocu_nb
sdn,sex_f,ocu_details_1,1991,16.158
sdn,sex_f,ocu_details_1,1992,18.242
sdn,sex_f,ocu_details_1,1993,23.157
sdn,sex_f,ocu_details_1,1994,28.13
sdn,sex_f,ocu_details_1,1995,28.88
sdn,sex_f,ocu_details_1,1996,24.965
sdn,sex_f,ocu_details_1,1997,25.034
sdn,sex_f,ocu_details_1,1998,25.602
sdn,sex_f,ocu_details_1,1999,26.285
sdn,sex_f,ocu_details_1,2000,27.09
sdn,sex_f,ocu_details_1,2001,24.627
sdn,sex_f,ocu_details_1,2002,20.536
sdn,sex_f,ocu_details_1,2003,21.795
sdn,sex_f,ocu_details_1,2004,23.035
sdn,sex_f,ocu_details_1,2005,22.38
sdn,sex_f,ocu_details_1,2006,25.599
sdn,sex_f,ocu_details_1,2007,13.472
sdn,sex_f,ocu_details_1,2008,19.082
sdn,sex_f,ocu_details_1,2009,25.811
sdn,sex_f,ocu_details_1,2010,25.353
sdn,sex_f,ocu_details_1,2011,29.899
sdn,sex_f,ocu_details_1,2012,31.119
sdn,sex_f,ocu_details_1,2013,31.471
sdn,sex_f,ocu_details_1,2014,33.321
sdn,sex_f,ocu_details_1,2015,35.168
sdn,sex_f,ocu_details_1,2016,42.063
sdn,sex_f,ocu_details_1,2017,44.732
sdn,sex_f,ocu_details_1,2018,41.076
sdn,sex_f,ocu_details_1,2019,39.621
sdn,sex_f,ocu_details_1,2020,33.046
sdn,sex_f,ocu_details_1,2021,33.131
sdn,sex_f,ocu_details_1,2022,34.931
sdn,sex_f,ocu_details_2,1991,64.441
sdn,sex_f,ocu_details_2,1992,70.393
sdn,sex_f,ocu_details_2,1993,77.555
sdn,sex_f,ocu_details_2,1994,85.984
sdn,sex_f,ocu_details_2,1995,94.586
sdn,sex_f,ocu_details_2,1996,103.447
sdn,sex_f,ocu_details_2,1997,109.397
sdn,sex_f,ocu_details_2,1998,116.549
sdn,sex_f,ocu_details_2,1999,123.931
sdn,sex_f,ocu_details_2,2000,131.665
sdn,sex_f,ocu_details_2,2001,138.935
sdn,sex_f,ocu_details_2,2002,146.196
sdn,sex_f,ocu_details_2,2003,154.065
sdn,sex_f,ocu_details_2,2004,162.711
sdn,sex_f,ocu_details_2,2005,170.521
sdn,sex_f,ocu_details_2,2006,179.677
sdn,sex_f,ocu_details_2,2007,186.621
sdn,sex_f,ocu_details_2,2008,197.332
sdn,sex_f,ocu_details_2,2009,219.649
sdn,sex_f,ocu_details_2,2010,227.262
sdn,sex_f,ocu_details_2,2011,235.525
sdn,sex_f,ocu_details_2,2012,239.523
sdn,sex_f,ocu_details_2,2013,247.24
sdn,sex_f,ocu_details_2,2014,255.156
sdn,sex_f,ocu_details_2,2015,265.955
sdn,sex_f,ocu_details_2,2016,277.121
sdn,sex_f,ocu_details_2,2017,288.193
sdn,sex_f,ocu_details_2,2018,300.474
sdn,sex_f,ocu_details_2,2019,304.799
sdn,sex_f,ocu_details_2,2020,319.278
sdn,sex_f,ocu_details_2,2021,323.742
sdn,sex_f,ocu_details_2,2022,340.516
sdn,sex_f,ocu_details_3,1991,30.457
sdn,sex_f,ocu_details_3,1992,32.176
sdn,sex_f,ocu_details_3,1993,33.819
sdn,sex_f,ocu_details_3,1994,35.55
sdn,sex_f,ocu_details_3,1995,37.506
sdn,sex_f,ocu_details_3,1996,39.527
sdn,sex_f,ocu_details_3,1997,39.694
sdn,sex_f,ocu_details_3,1998,39.878
sdn,sex_f,ocu_details_3,1999,39.952
sdn,sex_f,ocu_details_3,2000,40.307
sdn,sex_f,ocu_details_3,2001,40.476
sdn,sex_f,ocu_details_3,2002,40.731
sdn,sex_f,ocu_details_3,2003,40.998
sdn,sex_f,ocu_details_3,2004,41.549
sdn,sex_f,ocu_details_3,2005,41.67
sdn,sex_f,ocu_details_3,2006,42.204
sdn,sex_f,ocu_details_3,2007,43.152
sdn,sex_f,ocu_details_3,2008,43.864
sdn,sex_f,ocu_details_3,2009,47.291
sdn,sex_f,ocu_details_3,2010,47.873
sdn,sex_f,ocu_details_3,2011,48.396
sdn,sex_f,ocu_details_3,2012,47.888
sdn,sex_f,ocu_details_3,2013,48.532
sdn,sex_f,ocu_details_3,2014,49.327
sdn,sex_f,ocu_details_3,2015,50.885
sdn,sex_f,ocu_details_3,2016,52.371
sdn,sex_f,ocu_details_3,2017,54.451
sdn,sex_f,ocu_details_3,2018,57.297
sdn,sex_f,ocu_details_3,2019,58.546
sdn,sex_f,ocu_details_3,2020,46.163
sdn,sex_f,ocu_details_3,2021,43.596
sdn,sex_f,ocu_details_3,2022,45.44
sdn,sex_f,ocu_details_4,1991,1.571
sdn,sex_f,ocu_details_4,1992,1.667
sdn,sex_f,ocu_details_4,1993,4.158
sdn,sex_f,ocu_details_4,1994,7.659
sdn,sex_f,ocu_details_4,1995,7.517
sdn,sex_f,ocu_details_4,1996,5.148
sdn,sex_f,ocu_details_4,1997,3.726
sdn,sex_f,ocu_details_4,1998,4.276
sdn,sex_f,ocu_details_4,1999,5.407
sdn,sex_f,ocu_details_4,2000,4.995
sdn,sex_f,ocu_details_4,2001,4.209
sdn,sex_f,ocu_details_4,2002,2.711
sdn,sex_f,ocu_details_4,2003,2.895
sdn,sex_f,ocu_details_4,2004,3.004
sdn,sex_f,ocu_details_4,2005,3.953
sdn,sex_f,ocu_details_4,2006,5.365
sdn,sex_f,ocu_details_4,2007,2.374
sdn,sex_f,ocu_details_4,2008,3.988
sdn,sex_f,ocu_details_4,2009,8.62
sdn,sex_f,ocu_details_4,2010,10.189
sdn,sex_f,ocu_details_4,2011,13.302
sdn,sex_f,ocu_details_4,2012,16.552
sdn,sex_f,ocu_details_4,2013,17.711
sdn,sex_f,ocu_details_4,2014,19.043
sdn,sex_f,ocu_details_4,2015,20.859
sdn,sex_f,ocu_details_4,2016,24.665
sdn,sex_f,ocu_details_4,2017,26.551
sdn,sex_f,ocu_details_4,2018,26.849
sdn,sex_f,ocu_details_4,2019,27.797
sdn,sex_f,ocu_details_4,2020,23.139
sdn,sex_f,ocu_details_4,2021,14.838
sdn,sex_f,ocu_details_4,2022,16.451
sdn,sex_f,ocu_details_5,1991,144.001
sdn,sex_f,ocu_details_5,1992,155.563
sdn,sex_f,ocu_details_5,1993,169.067
sdn,sex_f,ocu_details_5,1994,182.732
sdn,sex_f,ocu_details_5,1995,197.112
sdn,sex_f,ocu_details_5,1996,211.5
sdn,sex_f,ocu_details_5,1997,221.114
sdn,sex_f,ocu_details_5,1998,227.759
sdn,sex_f,ocu_details_5,1999,234.023
sdn,sex_f,ocu_details_5,2000,241.14
sdn,sex_f,ocu_details_5,2001,247.846
sdn,sex_f,ocu_details_5,2002,253.877
sdn,sex_f,ocu_details_5,2003,260.913
sdn,sex_f,ocu_details_5,2004,268.437
sdn,sex_f,ocu_details_5,2005,275.669
sdn,sex_f,ocu_details_5,2006,284.801
sdn,sex_f,ocu_details_5,2007,288.27
sdn,sex_f,ocu_details_5,2008,298.43
sdn,sex_f,ocu_details_5,2009,319.511
sdn,sex_f,ocu_details_5,2010,325.928
sdn,sex_f,ocu_details_5,2011,335.921
sdn,sex_f,ocu_details_5,2012,325.627
sdn,sex_f,ocu_details_5,2013,325.844
sdn,sex_f,ocu_details_5,2014,327.52
sdn,sex_f,ocu_details_5,2015,331.013
sdn,sex_f,ocu_details_5,2016,336.284
sdn,sex_f,ocu_details_5,2017,335.362
sdn,sex_f,ocu_details_5,2018,331.736
sdn,sex_f,ocu_details_5,2019,320.7
sdn,sex_f,ocu_details_5,2020,264.85
sdn,sex_f,ocu_details_5,2021,217.233
sdn,sex_f,ocu_details_5,2022,217.783
sdn,sex_f,ocu_details_7,1991,17.029
sdn,sex_f,ocu_details_7,1992,18.744
sdn,sex_f,ocu_details_7,1993,20.444
sdn,sex_f,ocu_details_7,1994,21.632
sdn,sex_f,ocu_details_7,1995,23.162
sdn,sex_f,ocu_details_7,1996,24.791
sdn,sex_f,ocu_details_7,1997,26.2
sdn,sex_f,ocu_details_7,1998,26.157
sdn,sex_f,ocu_details_7,1999,26.017
sdn,sex_f,ocu_details_7,2000,25.882
sdn,sex_f,ocu_details_7,2001,26.227
sdn,sex_f,ocu_details_7,2002,26.498
sdn,sex_f,ocu_details_7,2003,26.513
sdn,sex_f,ocu_details_7,2004,26.458
sdn,sex_f,ocu_details_7,2005,27.085
sdn,sex_f,ocu_details_7,2006,27.562
sdn,sex_f,ocu_details_7,2007,27.899
sdn,sex_f,ocu_details_7,2008,28.591
sdn,sex_f,ocu_details_7,2009,29.62
sdn,sex_f,ocu_details_7,2010,30.498
sdn,sex_f,ocu_details_7,2011,32.466
sdn,sex_f,ocu_details_7,2012,30.402
sdn,sex_f,ocu_details_7,2013,30.204
sdn,sex_f,ocu_details_7,2014,30.539
sdn,sex_f,ocu_details_7,2015,30.832
sdn,sex_f,ocu_details_7,2016,31.486
sdn,sex_f,ocu_details_7,2017,31.566
sdn,sex_f,ocu_details_7,2018,31.508
sdn,sex_f,ocu_details_7,2019,30.83
sdn,sex_f,ocu_details_7,2020,25.665
sdn,sex_f,ocu_details_7,2021,24.835
sdn,sex_f,ocu_details_7,2022,24.829
sdn,sex_f,ocu_details_8,1991,19.206
sdn,sex_f,ocu_details_8,1992,22.208
sdn,sex_f,ocu_details_8,1993,24.974
sdn,sex_f,ocu_details_8,1994,25.799
sdn,sex_f,ocu_details_8,1995,29.117
sdn,sex_f,ocu_details_8,1996,32.224
sdn,sex_f,ocu_details_8,1997,39.887
sdn,sex_f,ocu_details_8,1998,41.274
sdn,sex_f,ocu_details_8,1999,41.749
sdn,sex_f,ocu_details_8,2000,43.971
sdn,sex_f,ocu_details_8,2001,46.317
sdn,sex_f,ocu_details_8,2002,48.23
sdn,sex_f,ocu_details_8,2003,50.654
sdn,sex_f,ocu_details_8,2004,52.113
sdn,sex_f,ocu_details_8,2005,53.955
sdn,sex_f,ocu_details_8,2006,56.784
sdn,sex_f,ocu_details_8,2007,57.708
sdn,sex_f,ocu_details_8,2008,58.969
sdn,sex_f,ocu_details_8,2009,57.38
sdn,sex_f,ocu_details_8,2010,57.931
sdn,sex_f,ocu_details_8,2011,61.728
sdn,sex_f,ocu_details_8,2012,53.637
sdn,sex_f,ocu_details_8,2013,51.558
sdn,sex_f,ocu_details_8,2014,52.384
sdn,sex_f,ocu_details_8,2015,51.414
sdn,sex_f,ocu_details_8,2016,50.98
sdn,sex_f,ocu_details_8,2017,48.698
sdn,sex_f,ocu_details_8,2018,43.399
sdn,sex_f,ocu_details_8,2019,38.72
sdn,sex_f,ocu_details_8,2020,28.091
sdn,sex_f,ocu_details_8,2021,23.453
sdn,sex_f,ocu_details_8,2022,22.132
sdn,sex_f,ocu_details_96,1991,844.9
sdn,sex_f,ocu_details_96,1992,884.285
sdn,sex_f,ocu_details_96,1993,927.076
sdn,sex_f,ocu_details_96,1994,971.217
sdn,sex_f,ocu_details_96,1995,1027.596
sdn,sex_f,ocu_details_96,1996,1091.774
sdn,sex_f,ocu_details_96,1997,1096.457
sdn,sex_f,ocu_details_96,1998,1105.771
sdn,sex_f,ocu_details_96,1999,1115.005
sdn,sex_f,ocu_details_96,2000,1118.074
sdn,sex_f,ocu_details_96,2001,1132.692
sdn,sex_f,ocu_details_96,2002,1151.27
sdn,sex_f,ocu_details_96,2003,1155.733
sdn,sex_f,ocu_details_96,2004,1159.552
sdn,sex_f,ocu_details_96,2005,1169.348
sdn,sex_f,ocu_details_96,2006,1171.485
sdn,sex_f,ocu_details_96,2007,1205.05
sdn,sex_f,ocu_details_96,2008,1209.415
sdn,sex_f,ocu_details_96,2009,1276.97
sdn,sex_f,ocu_details_96,2010,1288.774
sdn,sex_f,ocu_details_96,2011,1266.505
sdn,sex_f,ocu_details_96,2012,1248.465
sdn,sex_f,ocu_details_96,2013,1226.995
sdn,sex_f,ocu_details_96,2014,1219.048
sdn,sex_f,ocu_details_96,2015,1220.726
sdn,sex_f,ocu_details_96,2016,1192.382
sdn,sex_f,ocu_details_96,2017,1183.875
sdn,sex_f,ocu_details_96,2018,1178.672
sdn,sex_f,ocu_details_96,2019,1157.092
sdn,sex_f,ocu_details_96,2020,1129.623
sdn,sex_f,ocu_details_96,2021,1150.282
sdn,sex_f,ocu_details_96,2022,1151.478
sdn,sex_f,ocu_details_total,1991,1137.761
sdn,sex_f,ocu_details_total,1992,1203.279
sdn,sex_f,ocu_details_total,1993,1280.25
sdn,sex_f,ocu_details_total,1994,1358.701
sdn,sex_f,ocu_details_total,1995,1445.476
sdn,sex_f,ocu_details_total,1996,1533.375
sdn,sex_f,ocu_details_total,1997,1561.508
sdn,sex_f,ocu_details_total,1998,1587.267
sdn,sex_f,ocu_details_total,1999,1612.368
sdn,sex_f,ocu_details_total,2000,1633.125
sdn,sex_f,ocu_details_total,2001,1661.329
sdn,sex_f,ocu_details_total,2002,1690.049
sdn,sex_f,ocu_details_total,2003,1713.565
sdn,sex_f,ocu_details_total,2004,1736.861
sdn,sex_f,ocu_details_total,2005,1764.58
sdn,sex_f,ocu_details_total,2006,1793.477
sdn,sex_f,ocu_details_total,2007,1824.546
sdn,sex_f,ocu_details_total,2008,1859.671
sdn,sex_f,ocu_details_total,2009,1984.852
sdn,sex_f,ocu_details_total,2010,2013.807
sdn,sex_f,ocu_details_total,2011,2023.744
sdn,sex_f,ocu_details_total,2012,1993.212
sdn,sex_f,ocu_details_total,2013,1979.557
sdn,sex_f,ocu_details_total,2014,1986.336
sdn,sex_f,ocu_details_total,2015,2006.853
sdn,sex_f,ocu_details_total,2016,2007.352
sdn,sex_f,ocu_details_total,2017,2013.429
sdn,sex_f,ocu_details_total,2018,2011.011
sdn,sex_f,ocu_details_total,2019,1978.104
sdn,sex_f,ocu_details_total,2020,1869.855
sdn,sex_f,ocu_details_total,2021,1831.11
sdn,sex_f,ocu_details_total,2022,1853.559
sdn,sex_m,ocu_details_1,1991,73.367
sdn,sex_m,ocu_details_1,1992,77.862
sdn,sex_m,ocu_details_1,1993,92.783
sdn,sex_m,ocu_details_1,1994,106.293
sdn,sex_m,ocu_details_1,1995,102.993
sdn,sex_m,ocu_details_1,1996,84.746
sdn,sex_m,ocu_details_1,1997,83.956
sdn,sex_m,ocu_details_1,1998,84.96
sdn,sex_m,ocu_details_1,1999,86.512
sdn,sex_m,ocu_details_1,2000,87.527
sdn,sex_m,ocu_details_1,2001,79.16
sdn,sex_m,ocu_details_1,2002,65.696
sdn,sex_m,ocu_details_1,2003,68.479
sdn,sex_m,ocu_details_1,2004,70.808
sdn,sex_m,ocu_details_1,2005,68.454
sdn,sex_m,ocu_details_1,2006,76.89
sdn,sex_m,ocu_details_1,2007,40.344
sdn,sex_m,ocu_details_1,2008,56.303
sdn,sex_m,ocu_details_1,2009,74.279
sdn,sex_m,ocu_details_1,2010,70.917
sdn,sex_m,ocu_details_1,2011,81.131
sdn,sex_m,ocu_details_1,2012,86.014
sdn,sex_m,ocu_details_1,2013,87.632
sdn,sex_m,ocu_details_1,2014,93.096
sdn,sex_m,ocu_details_1,2015,98.356
sdn,sex_m,ocu_details_1,2016,118.306
sdn,sex_m,ocu_details_1,2017,126.467
sdn,sex_m,ocu_details_1,2018,117.817
sdn,sex_m,ocu_details_1,2019,116.965
sdn,sex_m,ocu_details_1,2020,97.103
sdn,sex_m,ocu_details_1,2021,100.543
sdn,sex_m,ocu_details_1,2022,108.915
sdn,sex_m,ocu_details_2,1991,86.175
sdn,sex_m,ocu_details_2,1992,88.121
sdn,sex_m,ocu_details_2,1993,90.507
sdn,sex_m,ocu_details_2,1994,94.172
sdn,sex_m,ocu_details_2,1995,97.784
sdn,sex_m,ocu_details_2,1996,101.846
sdn,sex_m,ocu_details_2,1997,106.134
sdn,sex_m,ocu_details_2,1998,111.884
sdn,sex_m,ocu_details_2,1999,117.801
sdn,sex_m,ocu_details_2,2000,123.565
sdn,sex_m,ocu_details_2,2001,129.341
sdn,sex_m,ocu_details_2,2002,135.222
sdn,sex_m,ocu_details_2,2003,140.498
sdn,sex_m,ocu_details_2,2004,146.04
sdn,sex_m,ocu_details_2,2005,151.232
sdn,sex_m,ocu_details_2,2006,156.496
sdn,sex_m,ocu_details_2,2007,162.484
sdn,sex_m,ocu_details_2,2008,168.285
sdn,sex_m,ocu_details_2,2009,182.966
sdn,sex_m,ocu_details_2,2010,182.843
sdn,sex_m,ocu_details_2,2011,181.878
sdn,sex_m,ocu_details_2,2012,188.847
sdn,sex_m,ocu_details_2,2013,196.417
sdn,sex_m,ocu_details_2,2014,202.998
sdn,sex_m,ocu_details_2,2015,211.504
sdn,sex_m,ocu_details_2,2016,220.667
sdn,sex_m,ocu_details_2,2017,230.742
sdn,sex_m,ocu_details_2,2018,244.013
sdn,sex_m,ocu_details_2,2019,254.676
sdn,sex_m,ocu_details_2,2020,278.78
sdn,sex_m,ocu_details_2,2021,300.62
sdn,sex_m,ocu_details_2,2022,325.303
sdn,sex_m,ocu_details_3,1991,70.321
sdn,sex_m,ocu_details_3,1992,70.744
sdn,sex_m,ocu_details_3,1993,71.24
sdn,sex_m,ocu_details_3,1994,72.186
sdn,sex_m,ocu_details_3,1995,72.587
sdn,sex_m,ocu_details_3,1996,72.184
sdn,sex_m,ocu_details_3,1997,71.964
sdn,sex_m,ocu_details_3,1998,72.485
sdn,sex_m,ocu_details_3,1999,72.825
sdn,sex_m,ocu_details_3,2000,73.813
sdn,sex_m,ocu_details_3,2001,73.666
sdn,sex_m,ocu_details_3,2002,73.522
sdn,sex_m,ocu_details_3,2003,74.282
sdn,sex_m,ocu_details_3,2004,75.525
sdn,sex_m,ocu_details_3,2005,75.339
sdn,sex_m,ocu_details_3,2006,76.625
sdn,sex_m,ocu_details_3,2007,76.993
sdn,sex_m,ocu_details_3,2008,78.854
sdn,sex_m,ocu_details_3,2009,85.89
sdn,sex_m,ocu_details_3,2010,84.956
sdn,sex_m,ocu_details_3,2011,84.021
sdn,sex_m,ocu_details_3,2012,86.855
sdn,sex_m,ocu_details_3,2013,90.471
sdn,sex_m,ocu_details_3,2014,94.274
sdn,sex_m,ocu_details_3,2015,99.789
sdn,sex_m,ocu_details_3,2016,106.664
sdn,sex_m,ocu_details_3,2017,115.315
sdn,sex_m,ocu_details_3,2018,125.906
sdn,sex_m,ocu_details_3,2019,135.99
sdn,sex_m,ocu_details_3,2020,120.776
sdn,sex_m,ocu_details_3,2021,124.339
sdn,sex_m,ocu_details_3,2022,137.179
sdn,sex_m,ocu_details_4,1991,3.287
sdn,sex_m,ocu_details_4,1992,3.304
sdn,sex_m,ocu_details_4,1993,7.728
sdn,sex_m,ocu_details_4,1994,13.575
sdn,sex_m,ocu_details_4,1995,12.9
sdn,sex_m,ocu_details_4,1996,8.737
sdn,sex_m,ocu_details_4,1997,6.271
sdn,sex_m,ocu_details_4,1998,7.286
sdn,sex_m,ocu_details_4,1999,9.344
sdn,sex_m,ocu_details_4,2000,8.7
sdn,sex_m,ocu_details_4,2001,7.476
sdn,sex_m,ocu_details_4,2002,4.941
sdn,sex_m,ocu_details_4,2003,5.294
sdn,sex_m,ocu_details_4,2004,5.515
sdn,sex_m,ocu_details_4,2005,7.331
sdn,sex_m,ocu_details_4,2006,9.903
sdn,sex_m,ocu_details_4,2007,4.611
sdn,sex_m,ocu_details_4,2008,7.677
sdn,sex_m,ocu_details_4,2009,16.649
sdn,sex_m,ocu_details_4,2010,19.499
sdn,sex_m,ocu_details_4,2011,24.604
sdn,sex_m,ocu_details_4,2012,32.32
sdn,sex_m,ocu_details_4,2013,35.785
sdn,sex_m,ocu_details_4,2014,39.352
sdn,sex_m,ocu_details_4,2015,44.336
sdn,sex_m,ocu_details_4,2016,53.423
sdn,sex_m,ocu_details_4,2017,59.746
sdn,sex_m,ocu_details_4,2018,64.455
sdn,sex_m,ocu_details_4,2019,71.446
sdn,sex_m,ocu_details_4,2020,65.878
sdn,sex_m,ocu_details_4,2021,42.352
sdn,sex_m,ocu_details_4,2022,49.835
sdn,sex_m,ocu_details_5,1991,676.096
sdn,sex_m,ocu_details_5,1992,690.851
sdn,sex_m,ocu_details_5,1993,710.664
sdn,sex_m,ocu_details_5,1994,739.294
sdn,sex_m,ocu_details_5,1995,765.025
sdn,sex_m,ocu_details_5,1996,791.584
sdn,sex_m,ocu_details_5,1997,811.566
sdn,sex_m,ocu_details_5,1998,842.731
sdn,sex_m,ocu_details_5,1999,875.288
sdn,sex_m,ocu_details_5,2000,905.632
sdn,sex_m,ocu_details_5,2001,936
sdn,sex_m,ocu_details_5,2002,966.428
sdn,sex_m,ocu_details_5,2003,994.264
sdn,sex_m,ocu_details_5,2004,1024.782
sdn,sex_m,ocu_details_5,2005,1054.171
sdn,sex_m,ocu_details_5,2006,1085.733
sdn,sex_m,ocu_details_5,2007,1114.984
sdn,sex_m,ocu_details_5,2008,1155.183
sdn,sex_m,ocu_details_5,2009,1260.545
sdn,sex_m,ocu_details_5,2010,1267.628
sdn,sex_m,ocu_details_5,2011,1272.018
sdn,sex_m,ocu_details_5,2012,1306.125
sdn,sex_m,ocu_details_5,2013,1347.975
sdn,sex_m,ocu_details_5,2014,1386.883
sdn,sex_m,ocu_details_5,2015,1441.902
sdn,sex_m,ocu_details_5,2016,1501.344
sdn,sex_m,ocu_details_5,2017,1567.306
sdn,sex_m,ocu_details_5,2018,1651.207
sdn,sex_m,ocu_details_5,2019,1706.369
sdn,sex_m,ocu_details_5,2020,1752.687
sdn,sex_m,ocu_details_5,2021,1832.823
sdn,sex_m,ocu_details_5,2022,1954.648
sdn,sex_m,ocu_details_7,1991,448.913
sdn,sex_m,ocu_details_7,1992,467.037
sdn,sex_m,ocu_details_7,1993,483.072
sdn,sex_m,ocu_details_7,1994,492.741
sdn,sex_m,ocu_details_7,1995,514.371
sdn,sex_m,ocu_details_7,1996,536.878
sdn,sex_m,ocu_details_7,1997,577.743
sdn,sex_m,ocu_details_7,1998,594.514
sdn,sex_m,ocu_details_7,1999,607.686
sdn,sex_m,ocu_details_7,2000,628.672
sdn,sex_m,ocu_details_7,2001,649.606
sdn,sex_m,ocu_details_7,2002,668.935
sdn,sex_m,ocu_details_7,2003,688.342
sdn,sex_m,ocu_details_7,2004,706.188
sdn,sex_m,ocu_details_7,2005,724.018
sdn,sex_m,ocu_details_7,2006,746.797
sdn,sex_m,ocu_details_7,2007,763.868
sdn,sex_m,ocu_details_7,2008,782.947
sdn,sex_m,ocu_details_7,2009,819.015
sdn,sex_m,ocu_details_7,2010,817.691
sdn,sex_m,ocu_details_7,2011,833.978
sdn,sex_m,ocu_details_7,2012,809.231
sdn,sex_m,ocu_details_7,2013,819.592
sdn,sex_m,ocu_details_7,2014,838.117
sdn,sex_m,ocu_details_7,2015,854.468
sdn,sex_m,ocu_details_7,2016,879.408
sdn,sex_m,ocu_details_7,2017,893.61
sdn,sex_m,ocu_details_7,2018,899.502
sdn,sex_m,ocu_details_7,2019,890.87
sdn,sex_m,ocu_details_7,2020,858.345
sdn,sex_m,ocu_details_7,2021,860.92
sdn,sex_m,ocu_details_7,2022,891.56
sdn,sex_m,ocu_details_8,1991,89.174
sdn,sex_m,ocu_details_8,1992,97.642
sdn,sex_m,ocu_details_8,1993,104.464
sdn,sex_m,ocu_details_8,1994,108.64
sdn,sex_m,ocu_details_8,1995,118.361
sdn,sex_m,ocu_details_8,1996,128.937
sdn,sex_m,ocu_details_8,1997,148.188
sdn,sex_m,ocu_details_8,1998,157.853
sdn,sex_m,ocu_details_8,1999,166.354
sdn,sex_m,ocu_details_8,2000,178.406
sdn,sex_m,ocu_details_8,2001,190.869
sdn,sex_m,ocu_details_8,2002,203.072
sdn,sex_m,ocu_details_8,2003,214.776
sdn,sex_m,ocu_details_8,2004,226.24
sdn,sex_m,ocu_details_8,2005,238.235
sdn,sex_m,ocu_details_8,2006,251.995
sdn,sex_m,ocu_details_8,2007,265.362
sdn,sex_m,ocu_details_8,2008,278.224
sdn,sex_m,ocu_details_8,2009,296.928
sdn,sex_m,ocu_details_8,2010,302.43
sdn,sex_m,ocu_details_8,2011,316.175
sdn,sex_m,ocu_details_8,2012,311.983
sdn,sex_m,ocu_details_8,2013,324.162
sdn,sex_m,ocu_details_8,2014,339.484
sdn,sex_m,ocu_details_8,2015,354.664
sdn,sex_m,ocu_details_8,2016,375.158
sdn,sex_m,ocu_details_8,2017,391.291
sdn,sex_m,ocu_details_8,2018,405.357
sdn,sex_m,ocu_details_8,2019,410.534
sdn,sex_m,ocu_details_8,2020,399.066
sdn,sex_m,ocu_details_8,2021,389.714
sdn,sex_m,ocu_details_8,2022,412.131
sdn,sex_m,ocu_details_96,1991,2542.636
sdn,sex_m,ocu_details_96,1992,2546.534
sdn,sex_m,ocu_details_96,1993,2555.761
sdn,sex_m,ocu_details_96,1994,2574.943
sdn,sex_m,ocu_details_96,1995,2618.427
sdn,sex_m,ocu_details_96,1996,2670.229
sdn,sex_m,ocu_details_96,1997,2701.461
sdn,sex_m,ocu_details_96,1998,2746.971
sdn,sex_m,ocu_details_96,1999,2792.172
sdn,sex_m,ocu_details_96,2000,2824.696
sdn,sex_m,ocu_details_96,2001,2879.401
sdn,sex_m,ocu_details_96,2002,2942.392
sdn,sex_m,ocu_details_96,2003,2974.905
sdn,sex_m,ocu_details_96,2004,3000.514
sdn,sex_m,ocu_details_96,2005,3038.881
sdn,sex_m,ocu_details_96,2006,3063.685
sdn,sex_m,ocu_details_96,2007,3160.7
sdn,sex_m,ocu_details_96,2008,3191.608
sdn,sex_m,ocu_details_96,2009,3376.739
sdn,sex_m,ocu_details_96,2010,3350.733
sdn,sex_m,ocu_details_96,2011,3243.628
sdn,sex_m,ocu_details_96,2012,3317.612
sdn,sex_m,ocu_details_96,2013,3356.474
sdn,sex_m,ocu_details_96,2014,3423.847
sdn,sex_m,ocu_details_96,2015,3515.702
sdn,sex_m,ocu_details_96,2016,3555.312
sdn,sex_m,ocu_details_96,2017,3656.027
sdn,sex_m,ocu_details_96,2018,3777.979
sdn,sex_m,ocu_details_96,2019,3905.038
sdn,sex_m,ocu_details_96,2020,3991.626
sdn,sex_m,ocu_details_96,2021,4159.02
sdn,sex_m,ocu_details_96,2022,4391.582
sdn,sex_m,ocu_details_total,1991,3989.968
sdn,sex_m,ocu_details_total,1992,4042.096
sdn,sex_m,ocu_details_total,1993,4116.219
sdn,sex_m,ocu_details_total,1994,4201.843
sdn,sex_m,ocu_details_total,1995,4302.448
sdn,sex_m,ocu_details_total,1996,4395.139
sdn,sex_m,ocu_details_total,1997,4507.283
sdn,sex_m,ocu_details_total,1998,4618.684
sdn,sex_m,ocu_details_total,1999,4727.981
sdn,sex_m,ocu_details_total,2000,4831.01
sdn,sex_m,ocu_details_total,2001,4945.52
sdn,sex_m,ocu_details_total,2002,5060.208
sdn,sex_m,ocu_details_total,2003,5160.839
sdn,sex_m,ocu_details_total,2004,5255.611
sdn,sex_m,ocu_details_total,2005,5357.662
sdn,sex_m,ocu_details_total,2006,5468.123
sdn,sex_m,ocu_details_total,2007,5589.347
sdn,sex_m,ocu_details_total,2008,5719.08
sdn,sex_m,ocu_details_total,2009,6113.012
sdn,sex_m,ocu_details_total,2010,6096.696
sdn,sex_m,ocu_details_total,2011,6037.432
sdn,sex_m,ocu_details_total,2012,6138.988
sdn,sex_m,ocu_details_total,2013,6258.509
sdn,sex_m,ocu_details_total,2014,6418.052
sdn,sex_m,ocu_details_total,2015,6620.719
sdn,sex_m,ocu_details_total,2016,6810.283
sdn,sex_m,ocu_details_total,2017,7040.504
sdn,sex_m,ocu_details_total,2018,7286.238
sdn,sex_m,ocu_details_total,2019,7491.889
sdn,sex_m,ocu_details_total,2020,7564.262
sdn,sex_m,ocu_details_total,2021,7810.331
sdn,sex_m,ocu_details_total,2022,8271.152
sdn,sex_t,ocu_details_1,1991,89.524
sdn,sex_t,ocu_details_1,1992,96.104
sdn,sex_t,ocu_details_1,1993,115.941
sdn,sex_t,ocu_details_1,1994,134.423
sdn,sex_t,ocu_details_1,1995,131.873
sdn,sex_t,ocu_details_1,1996,109.711
sdn,sex_t,ocu_details_1,1997,108.99
sdn,sex_t,ocu_details_1,1998,110.562
sdn,sex_t,ocu_details_1,1999,112.797
sdn,sex_t,ocu_details_1,2000,114.617
sdn,sex_t,ocu_details_1,2001,103.787
sdn,sex_t,ocu_details_1,2002,86.232
sdn,sex_t,ocu_details_1,2003,90.274
sdn,sex_t,ocu_details_1,2004,93.843
sdn,sex_t,ocu_details_1,2005,90.835
sdn,sex_t,ocu_details_1,2006,102.489
sdn,sex_t,ocu_details_1,2007,53.817
sdn,sex_t,ocu_details_1,2008,75.385
sdn,sex_t,ocu_details_1,2009,100.09
sdn,sex_t,ocu_details_1,2010,96.27
sdn,sex_t,ocu_details_1,2011,111.031
sdn,sex_t,ocu_details_1,2012,117.133
sdn,sex_t,ocu_details_1,2013,119.104
sdn,sex_t,ocu_details_1,2014,126.417
sdn,sex_t,ocu_details_1,2015,133.524
sdn,sex_t,ocu_details_1,2016,160.369
sdn,sex_t,ocu_details_1,2017,171.199
sdn,sex_t,ocu_details_1,2018,158.894
sdn,sex_t,ocu_details_1,2019,156.586
sdn,sex_t,ocu_details_1,2020,130.149
sdn,sex_t,ocu_details_1,2021,133.674
sdn,sex_t,ocu_details_1,2022,143.846
sdn,sex_t,ocu_details_2,1991,150.615
sdn,sex_t,ocu_details_2,1992,158.514
sdn,sex_t,ocu_details_2,1993,168.061
sdn,sex_t,ocu_details_2,1994,180.156
sdn,sex_t,ocu_details_2,1995,192.371
sdn,sex_t,ocu_details_2,1996,205.292
sdn,sex_t,ocu_details_2,1997,215.531
sdn,sex_t,ocu_details_2,1998,228.433
sdn,sex_t,ocu_details_2,1999,241.732
sdn,sex_t,ocu_details_2,2000,255.23
sdn,sex_t,ocu_details_2,2001,268.276
sdn,sex_t,ocu_details_2,2002,281.418
sdn,sex_t,ocu_details_2,2003,294.563
sdn,sex_t,ocu_details_2,2004,308.751
sdn,sex_t,ocu_details_2,2005,321.754
sdn,sex_t,ocu_details_2,2006,336.173
sdn,sex_t,ocu_details_2,2007,349.106
sdn,sex_t,ocu_details_2,2008,365.617
sdn,sex_t,ocu_details_2,2009,402.615
sdn,sex_t,ocu_details_2,2010,410.104
sdn,sex_t,ocu_details_2,2011,417.403
sdn,sex_t,ocu_details_2,2012,428.37
sdn,sex_t,ocu_details_2,2013,443.657
sdn,sex_t,ocu_details_2,2014,458.154
sdn,sex_t,ocu_details_2,2015,477.459
sdn,sex_t,ocu_details_2,2016,497.787
sdn,sex_t,ocu_details_2,2017,518.935
sdn,sex_t,ocu_details_2,2018,544.487
sdn,sex_t,ocu_details_2,2019,559.475
sdn,sex_t,ocu_details_2,2020,598.058
sdn,sex_t,ocu_details_2,2021,624.362
sdn,sex_t,ocu_details_2,2022,665.818
sdn,sex_t,ocu_details_3,1991,100.778
sdn,sex_t,ocu_details_3,1992,102.921
sdn,sex_t,ocu_details_3,1993,105.059
sdn,sex_t,ocu_details_3,1994,107.736
sdn,sex_t,ocu_details_3,1995,110.093
sdn,sex_t,ocu_details_3,1996,111.711
sdn,sex_t,ocu_details_3,1997,111.658
sdn,sex_t,ocu_details_3,1998,112.363
sdn,sex_t,ocu_details_3,1999,112.777
sdn,sex_t,ocu_details_3,2000,114.12
sdn,sex_t,ocu_details_3,2001,114.142
sdn,sex_t,ocu_details_3,2002,114.253
sdn,sex_t,ocu_details_3,2003,115.28
sdn,sex_t,ocu_details_3,2004,117.074
sdn,sex_t,ocu_details_3,2005,117.009
sdn,sex_t,ocu_details_3,2006,118.829
sdn,sex_t,ocu_details_3,2007,120.145
sdn,sex_t,ocu_details_3,2008,122.718
sdn,sex_t,ocu_details_3,2009,133.181
sdn,sex_t,ocu_details_3,2010,132.829
sdn,sex_t,ocu_details_3,2011,132.417
sdn,sex_t,ocu_details_3,2012,134.743
sdn,sex_t,ocu_details_3,2013,139.004
sdn,sex_t,ocu_details_3,2014,143.601
sdn,sex_t,ocu_details_3,2015,150.674
sdn,sex_t,ocu_details_3,2016,159.035
sdn,sex_t,ocu_details_3,2017,169.766
sdn,sex_t,ocu_details_3,2018,183.204
sdn,sex_t,ocu_details_3,2019,194.536
sdn,sex_t,ocu_details_3,2020,166.94
sdn,sex_t,ocu_details_3,2021,167.934
sdn,sex_t,ocu_details_3,2022,182.619
sdn,sex_t,ocu_details_4,1991,4.858
sdn,sex_t,ocu_details_4,1992,4.971
sdn,sex_t,ocu_details_4,1993,11.887
sdn,sex_t,ocu_details_4,1994,21.234
sdn,sex_t,ocu_details_4,1995,20.417
sdn,sex_t,ocu_details_4,1996,13.885
sdn,sex_t,ocu_details_4,1997,9.996
sdn,sex_t,ocu_details_4,1998,11.562
sdn,sex_t,ocu_details_4,1999,14.751
sdn,sex_t,ocu_details_4,2000,13.694
sdn,sex_t,ocu_details_4,2001,11.685
sdn,sex_t,ocu_details_4,2002,7.652
sdn,sex_t,ocu_details_4,2003,8.188
sdn,sex_t,ocu_details_4,2004,8.52
sdn,sex_t,ocu_details_4,2005,11.283
sdn,sex_t,ocu_details_4,2006,15.268
sdn,sex_t,ocu_details_4,2007,6.985
sdn,sex_t,ocu_details_4,2008,11.665
sdn,sex_t,ocu_details_4,2009,25.27
sdn,sex_t,ocu_details_4,2010,29.688
sdn,sex_t,ocu_details_4,2011,37.906
sdn,sex_t,ocu_details_4,2012,48.872
sdn,sex_t,ocu_details_4,2013,53.496
sdn,sex_t,ocu_details_4,2014,58.395
sdn,sex_t,ocu_details_4,2015,65.194
sdn,sex_t,ocu_details_4,2016,78.088
sdn,sex_t,ocu_details_4,2017,86.297
sdn,sex_t,ocu_details_4,2018,91.303
sdn,sex_t,ocu_details_4,2019,99.244
sdn,sex_t,ocu_details_4,2020,89.017
sdn,sex_t,ocu_details_4,2021,57.191
sdn,sex_t,ocu_details_4,2022,66.286
sdn,sex_t,ocu_details_5,1991,820.097
sdn,sex_t,ocu_details_5,1992,846.414
sdn,sex_t,ocu_details_5,1993,879.73
sdn,sex_t,ocu_details_5,1994,922.026
sdn,sex_t,ocu_details_5,1995,962.137
sdn,sex_t,ocu_details_5,1996,1003.084
sdn,sex_t,ocu_details_5,1997,1032.679
sdn,sex_t,ocu_details_5,1998,1070.489
sdn,sex_t,ocu_details_5,1999,1109.311
sdn,sex_t,ocu_details_5,2000,1146.772
sdn,sex_t,ocu_details_5,2001,1183.846
sdn,sex_t,ocu_details_5,2002,1220.305
sdn,sex_t,ocu_details_5,2003,1255.176
sdn,sex_t,ocu_details_5,2004,1293.219
sdn,sex_t,ocu_details_5,2005,1329.839
sdn,sex_t,ocu_details_5,2006,1370.534
sdn,sex_t,ocu_details_5,2007,1403.255
sdn,sex_t,ocu_details_5,2008,1453.613
sdn,sex_t,ocu_details_5,2009,1580.057
sdn,sex_t,ocu_details_5,2010,1593.556
sdn,sex_t,ocu_details_5,2011,1607.939
sdn,sex_t,ocu_details_5,2012,1631.752
sdn,sex_t,ocu_details_5,2013,1673.819
sdn,sex_t,ocu_details_5,2014,1714.403
sdn,sex_t,ocu_details_5,2015,1772.915
sdn,sex_t,ocu_details_5,2016,1837.628
sdn,sex_t,ocu_details_5,2017,1902.668
sdn,sex_t,ocu_details_5,2018,1982.944
sdn,sex_t,ocu_details_5,2019,2027.069
sdn,sex_t,ocu_details_5,2020,2017.537
sdn,sex_t,ocu_details_5,2021,2050.056
sdn,sex_t,ocu_details_5,2022,2172.431
sdn,sex_t,ocu_details_7,1991,465.942
sdn,sex_t,ocu_details_7,1992,485.781
sdn,sex_t,ocu_details_7,1993,503.516
sdn,sex_t,ocu_details_7,1994,514.373
sdn,sex_t,ocu_details_7,1995,537.533
sdn,sex_t,ocu_details_7,1996,561.669
sdn,sex_t,ocu_details_7,1997,603.943
sdn,sex_t,ocu_details_7,1998,620.672
sdn,sex_t,ocu_details_7,1999,633.702
sdn,sex_t,ocu_details_7,2000,654.554
sdn,sex_t,ocu_details_7,2001,675.833
sdn,sex_t,ocu_details_7,2002,695.433
sdn,sex_t,ocu_details_7,2003,714.855
sdn,sex_t,ocu_details_7,2004,732.646
sdn,sex_t,ocu_details_7,2005,751.102
sdn,sex_t,ocu_details_7,2006,774.359
sdn,sex_t,ocu_details_7,2007,791.767
sdn,sex_t,ocu_details_7,2008,811.538
sdn,sex_t,ocu_details_7,2009,848.635
sdn,sex_t,ocu_details_7,2010,848.189
sdn,sex_t,ocu_details_7,2011,866.444
sdn,sex_t,ocu_details_7,2012,839.633
sdn,sex_t,ocu_details_7,2013,849.797
sdn,sex_t,ocu_details_7,2014,868.656
sdn,sex_t,ocu_details_7,2015,885.3
sdn,sex_t,ocu_details_7,2016,910.895
sdn,sex_t,ocu_details_7,2017,925.176
sdn,sex_t,ocu_details_7,2018,931.01
sdn,sex_t,ocu_details_7,2019,921.7
sdn,sex_t,ocu_details_7,2020,884.01
sdn,sex_t,ocu_details_7,2021,885.756
sdn,sex_t,ocu_details_7,2022,916.389
sdn,sex_t,ocu_details_8,1991,108.38
sdn,sex_t,ocu_details_8,1992,119.85
sdn,sex_t,ocu_details_8,1993,129.438
sdn,sex_t,ocu_details_8,1994,134.438
sdn,sex_t,ocu_details_8,1995,147.477
sdn,sex_t,ocu_details_8,1996,161.16
sdn,sex_t,ocu_details_8,1997,188.075
sdn,sex_t,ocu_details_8,1998,199.127
sdn,sex_t,ocu_details_8,1999,208.103
sdn,sex_t,ocu_details_8,2000,222.377
sdn,sex_t,ocu_details_8,2001,237.186
sdn,sex_t,ocu_details_8,2002,251.302
sdn,sex_t,ocu_details_8,2003,265.43
sdn,sex_t,ocu_details_8,2004,278.353
sdn,sex_t,ocu_details_8,2005,292.191
sdn,sex_t,ocu_details_8,2006,308.779
sdn,sex_t,ocu_details_8,2007,323.07
sdn,sex_t,ocu_details_8,2008,337.193
sdn,sex_t,ocu_details_8,2009,354.308
sdn,sex_t,ocu_details_8,2010,360.361
sdn,sex_t,ocu_details_8,2011,377.903
sdn,sex_t,ocu_details_8,2012,365.62
sdn,sex_t,ocu_details_8,2013,375.719
sdn,sex_t,ocu_details_8,2014,391.868
sdn,sex_t,ocu_details_8,2015,406.078
sdn,sex_t,ocu_details_8,2016,426.139
sdn,sex_t,ocu_details_8,2017,439.989
sdn,sex_t,ocu_details_8,2018,448.756
sdn,sex_t,ocu_details_8,2019,449.254
sdn,sex_t,ocu_details_8,2020,427.156
sdn,sex_t,ocu_details_8,2021,413.167
sdn,sex_t,ocu_details_8,2022,434.262
sdn,sex_t,ocu_details_96,1991,3387.536
sdn,sex_t,ocu_details_96,1992,3430.82
sdn,sex_t,ocu_details_96,1993,3482.837
sdn,sex_t,ocu_details_96,1994,3546.16
sdn,sex_t,ocu_details_96,1995,3646.024
sdn,sex_t,ocu_details_96,1996,3762.003
sdn,sex_t,ocu_details_96,1997,3797.919
sdn,sex_t,ocu_details_96,1998,3852.742
sdn,sex_t,ocu_details_96,1999,3907.177
sdn,sex_t,ocu_details_96,2000,3942.77
sdn,sex_t,ocu_details_96,2001,4012.094
sdn,sex_t,ocu_details_96,2002,4093.663
sdn,sex_t,ocu_details_96,2003,4130.638
sdn,sex_t,ocu_details_96,2004,4160.066
sdn,sex_t,ocu_details_96,2005,4208.229
sdn,sex_t,ocu_details_96,2006,4235.169
sdn,sex_t,ocu_details_96,2007,4365.749
sdn,sex_t,ocu_details_96,2008,4401.023
sdn,sex_t,ocu_details_96,2009,4653.709
sdn,sex_t,ocu_details_96,2010,4639.506
sdn,sex_t,ocu_details_96,2011,4510.133
sdn,sex_t,ocu_details_96,2012,4566.077
sdn,sex_t,ocu_details_96,2013,4583.47
sdn,sex_t,ocu_details_96,2014,4642.895
sdn,sex_t,ocu_details_96,2015,4736.428
sdn,sex_t,ocu_details_96,2016,4747.693
sdn,sex_t,ocu_details_96,2017,4839.902
sdn,sex_t,ocu_details_96,2018,4956.651
sdn,sex_t,ocu_details_96,2019,5062.13
sdn,sex_t,ocu_details_96,2020,5121.249
sdn,sex_t,ocu_details_96,2021,5309.302
sdn,sex_t,ocu_details_96,2022,5543.059
sdn,sex_t,ocu_details_total,1991,5127.729
sdn,sex_t,ocu_details_total,1992,5245.375
sdn,sex_t,ocu_details_total,1993,5396.469
sdn,sex_t,ocu_details_total,1994,5560.545
sdn,sex_t,ocu_details_total,1995,5747.925
sdn,sex_t,ocu_details_total,1996,5928.515
sdn,sex_t,ocu_details_total,1997,6068.791
sdn,sex_t,ocu_details_total,1998,6205.951
sdn,sex_t,ocu_details_total,1999,6340.349
sdn,sex_t,ocu_details_total,2000,6464.134
sdn,sex_t,ocu_details_total,2001,6606.849
sdn,sex_t,ocu_details_total,2002,6750.257
sdn,sex_t,ocu_details_total,2003,6874.404
sdn,sex_t,ocu_details_total,2004,6992.472
sdn,sex_t,ocu_details_total,2005,7122.242
sdn,sex_t,ocu_details_total,2006,7261.6
sdn,sex_t,ocu_details_total,2007,7413.893
sdn,sex_t,ocu_details_total,2008,7578.751
sdn,sex_t,ocu_details_total,2009,8097.864
sdn,sex_t,ocu_details_total,2010,8110.504
sdn,sex_t,ocu_details_total,2011,8061.176
sdn,sex_t,ocu_details_total,2012,8132.2
sdn,sex_t,ocu_details_total,2013,8238.065
sdn,sex_t,ocu_details_total,2014,8404.388
sdn,sex_t,ocu_details_total,2015,8627.572
sdn,sex_t,ocu_details_total,2016,8817.635
sdn,sex_t,ocu_details_total,2017,9053.934
sdn,sex_t,ocu_details_total,2018,9297.249
sdn,sex_t,ocu_details_total,2019,9469.993
sdn,sex_t,ocu_details_total,2020,9434.117
sdn,sex_t,ocu_details_total,2021,9641.441
sdn,sex_t,ocu_details_total,2022,10124.711
